<?xml version="1.0" encoding="UTF-8"?>
<gpx creator="Garmin Connect" version="1.1"
  xsi:schemaLocation="http://www.topografix.com/GPX/1/1 http://www.topografix.com/GPX/11.xsd"
  xmlns:ns3="http://www.garmin.com/xmlschemas/TrackPointExtension/v1"
  xmlns="http://www.topografix.com/GPX/1/1"
  xmlns:xsi="http://www.w3.org/2001/XMLSchema-instance" xmlns:ns2="http://www.garmin.com/xmlschemas/GpxExtensions/v3">
  <metadata>
    <link href="connect.garmin.com">
      <text>Garmin Connect</text>
    </link>
    <time>2026-05-19T04:16:00.000Z</time>
  </metadata>
  <trk>
    <name>Aba Walking</name>
    <type>walking</type>
    <trkseg>
      <trkpt lat="33.1589831225574016571044921875" lon="103.88024725019931793212890625">
        <ele>2490.199951171875</ele>
        <time>2026-05-19T04:16:00.000Z</time>
        <extensions>
          <ns3:TrackPointExtension>
            <ns3:hr>89</ns3:hr>
          </ns3:TrackPointExtension>
        </extensions>
      </trkpt>
      <trkpt lat="33.15895655192434787750244140625" lon="103.880195952951908111572265625">
        <ele>2489.800048828125</ele>
        <time>2026-05-19T04:16:05.000Z</time>
        <extensions>
          <ns3:TrackPointExtension>
            <ns3:hr>90</ns3:hr>
          </ns3:TrackPointExtension>
        </extensions>
      </trkpt>
      <trkpt lat="33.15891950391232967376708984375" lon="103.88014339841902256011962890625">
        <ele>2489.39990234375</ele>
        <time>2026-05-19T04:16:11.000Z</time>
        <extensions>
          <ns3:TrackPointExtension>
            <ns3:hr>93</ns3:hr>
          </ns3:TrackPointExtension>
        </extensions>
      </trkpt>
      <trkpt lat="33.15884725190699100494384765625" lon="103.88005924411118030548095703125">
        <ele>2489</ele>
        <time>2026-05-19T04:16:17.000Z</time>
        <extensions>
          <ns3:TrackPointExtension>
            <ns3:hr>94</ns3:hr>
          </ns3:TrackPointExtension>
        </extensions>
      </trkpt>
      <trkpt lat="33.15880668349564075469970703125" lon="103.88005102984607219696044921875">
        <ele>2489.60009765625</ele>
        <time>2026-05-19T04:16:20.000Z</time>
        <extensions>
          <ns3:TrackPointExtension>
            <ns3:hr>91</ns3:hr>
          </ns3:TrackPointExtension>
        </extensions>
      </trkpt>
      <trkpt lat="33.15876393578946590423583984375" lon="103.8800561428070068359375">
        <ele>2490.39990234375</ele>
        <time>2026-05-19T04:16:23.000Z</time>
        <extensions>
          <ns3:TrackPointExtension>
            <ns3:hr>92</ns3:hr>
          </ns3:TrackPointExtension>
        </extensions>
      </trkpt>
      <trkpt lat="33.15875002183020114898681640625" lon="103.8800626806914806365966796875">
        <ele>2490.800048828125</ele>
        <time>2026-05-19T04:16:24.000Z</time>
        <extensions>
          <ns3:TrackPointExtension>
            <ns3:hr>92</ns3:hr>
          </ns3:TrackPointExtension>
        </extensions>
      </trkpt>
      <trkpt lat="33.15869051031768321990966796875" lon="103.8800274766981601715087890625">
        <ele>2490.800048828125</ele>
        <time>2026-05-19T04:16:31.000Z</time>
        <extensions>
          <ns3:TrackPointExtension>
            <ns3:hr>92</ns3:hr>
          </ns3:TrackPointExtension>
        </extensions>
      </trkpt>
      <trkpt lat="33.15864491276443004608154296875" lon="103.879983723163604736328125">
        <ele>2490.39990234375</ele>
        <time>2026-05-19T04:16:37.000Z</time>
        <extensions>
          <ns3:TrackPointExtension>
            <ns3:hr>92</ns3:hr>
          </ns3:TrackPointExtension>
        </extensions>
      </trkpt>
      <trkpt lat="33.15863401629030704498291015625" lon="103.87997123412787914276123046875">
        <ele>2490.39990234375</ele>
        <time>2026-05-19T04:16:39.000Z</time>
        <extensions>
          <ns3:TrackPointExtension>
            <ns3:hr>88</ns3:hr>
          </ns3:TrackPointExtension>
        </extensions>
      </trkpt>
      <trkpt lat="33.15863183699548244476318359375" lon="103.87996830046176910400390625">
        <ele>2490.199951171875</ele>
        <time>2026-05-19T04:16:40.000Z</time>
        <extensions>
          <ns3:TrackPointExtension>
            <ns3:hr>91</ns3:hr>
          </ns3:TrackPointExtension>
        </extensions>
      </trkpt>
      <trkpt lat="33.1586156599223613739013671875" lon="103.879950530827045440673828125">
        <ele>2490.199951171875</ele>
        <time>2026-05-19T04:16:43.000Z</time>
        <extensions>
          <ns3:TrackPointExtension>
            <ns3:hr>88</ns3:hr>
          </ns3:TrackPointExtension>
        </extensions>
      </trkpt>
      <trkpt lat="33.158591687679290771484375" lon="103.8799238763749599456787109375">
        <ele>2490</ele>
        <time>2026-05-19T04:16:48.000Z</time>
        <extensions>
          <ns3:TrackPointExtension>
            <ns3:hr>84</ns3:hr>
          </ns3:TrackPointExtension>
        </extensions>
      </trkpt>
      <trkpt lat="33.15857618115842342376708984375" lon="103.87992127798497676849365234375">
        <ele>2490</ele>
        <time>2026-05-19T04:16:50.000Z</time>
        <extensions>
          <ns3:TrackPointExtension>
            <ns3:hr>86</ns3:hr>
          </ns3:TrackPointExtension>
        </extensions>
      </trkpt>
      <trkpt lat="33.15855137072503566741943359375" lon="103.87990124523639678955078125">
        <ele>2490</ele>
        <time>2026-05-19T04:16:53.000Z</time>
        <extensions>
          <ns3:TrackPointExtension>
            <ns3:hr>83</ns3:hr>
          </ns3:TrackPointExtension>
        </extensions>
      </trkpt>
      <trkpt lat="33.15852337516844272613525390625" lon="103.87989261187613010406494140625">
        <ele>2490</ele>
        <time>2026-05-19T04:16:56.000Z</time>
        <extensions>
          <ns3:TrackPointExtension>
            <ns3:hr>81</ns3:hr>
          </ns3:TrackPointExtension>
        </extensions>
      </trkpt>
      <trkpt lat="33.158500827848911285400390625" lon="103.879860341548919677734375">
        <ele>2490</ele>
        <time>2026-05-19T04:16:59.000Z</time>
        <extensions>
          <ns3:TrackPointExtension>
            <ns3:hr>80</ns3:hr>
          </ns3:TrackPointExtension>
        </extensions>
      </trkpt>
      <trkpt lat="33.15849219448864459991455078125" lon="103.8798004947602748870849609375">
        <ele>2488.800048828125</ele>
        <time>2026-05-19T04:17:03.000Z</time>
        <extensions>
          <ns3:TrackPointExtension>
            <ns3:hr>79</ns3:hr>
          </ns3:TrackPointExtension>
        </extensions>
      </trkpt>
      <trkpt lat="33.15849848091602325439453125" lon="103.87979202903807163238525390625">
        <ele>2488.39990234375</ele>
        <time>2026-05-19T04:17:06.000Z</time>
        <extensions>
          <ns3:TrackPointExtension>
            <ns3:hr>76</ns3:hr>
          </ns3:TrackPointExtension>
        </extensions>
      </trkpt>
      <trkpt lat="33.1585100479423999786376953125" lon="103.87975104153156280517578125">
        <ele>2487</ele>
        <time>2026-05-19T04:17:10.000Z</time>
        <extensions>
          <ns3:TrackPointExtension>
            <ns3:hr>74</ns3:hr>
          </ns3:TrackPointExtension>
        </extensions>
      </trkpt>
      <trkpt lat="33.15851734019815921783447265625" lon="103.879732601344585418701171875">
        <ele>2486.199951171875</ele>
        <time>2026-05-19T04:17:14.000Z</time>
        <extensions>
          <ns3:TrackPointExtension>
            <ns3:hr>75</ns3:hr>
          </ns3:TrackPointExtension>
        </extensions>
      </trkpt>
      <trkpt lat="33.15849822945892810821533203125" lon="103.87973084114491939544677734375">
        <ele>2486.60009765625</ele>
        <time>2026-05-19T04:17:20.000Z</time>
        <extensions>
          <ns3:TrackPointExtension>
            <ns3:hr>76</ns3:hr>
          </ns3:TrackPointExtension>
        </extensions>
      </trkpt>
      <trkpt lat="33.1584937870502471923828125" lon="103.8797119818627834320068359375">
        <ele>2486.199951171875</ele>
        <time>2026-05-19T04:17:22.000Z</time>
        <extensions>
          <ns3:TrackPointExtension>
            <ns3:hr>73</ns3:hr>
          </ns3:TrackPointExtension>
        </extensions>
      </trkpt>
      <trkpt lat="33.158500157296657562255859375" lon="103.87969479896128177642822265625">
        <ele>2485.60009765625</ele>
        <time>2026-05-19T04:17:25.000Z</time>
        <extensions>
          <ns3:TrackPointExtension>
            <ns3:hr>76</ns3:hr>
          </ns3:TrackPointExtension>
        </extensions>
      </trkpt>
      <trkpt lat="33.15849923528730869293212890625" lon="103.87967032380402088165283203125">
        <ele>2484.800048828125</ele>
        <time>2026-05-19T04:17:27.000Z</time>
        <extensions>
          <ns3:TrackPointExtension>
            <ns3:hr>77</ns3:hr>
          </ns3:TrackPointExtension>
        </extensions>
      </trkpt>
      <trkpt lat="33.158484399318695068359375" lon="103.87958206236362457275390625">
        <ele>2482.800048828125</ele>
        <time>2026-05-19T04:17:36.000Z</time>
        <extensions>
          <ns3:TrackPointExtension>
            <ns3:hr>80</ns3:hr>
          </ns3:TrackPointExtension>
        </extensions>
      </trkpt>
      <trkpt lat="33.15848280675709247589111328125" lon="103.87956035323441028594970703125">
        <ele>2482.199951171875</ele>
        <time>2026-05-19T04:17:40.000Z</time>
        <extensions>
          <ns3:TrackPointExtension>
            <ns3:hr>76</ns3:hr>
          </ns3:TrackPointExtension>
        </extensions>
      </trkpt>
      <trkpt lat="33.15848414786159992218017578125" lon="103.87955498881638050079345703125">
        <ele>2482</ele>
        <time>2026-05-19T04:17:41.000Z</time>
        <extensions>
          <ns3:TrackPointExtension>
            <ns3:hr>80</ns3:hr>
          </ns3:TrackPointExtension>
        </extensions>
      </trkpt>
      <trkpt lat="33.1584792025387287139892578125" lon="103.87952246703207492828369140625">
        <ele>2481</ele>
        <time>2026-05-19T04:17:44.000Z</time>
        <extensions>
          <ns3:TrackPointExtension>
            <ns3:hr>77</ns3:hr>
          </ns3:TrackPointExtension>
        </extensions>
      </trkpt>
      <trkpt lat="33.158475346863269805908203125" lon="103.87950251810252666473388671875">
        <ele>2480.39990234375</ele>
        <time>2026-05-19T04:17:46.000Z</time>
        <extensions>
          <ns3:TrackPointExtension>
            <ns3:hr>78</ns3:hr>
          </ns3:TrackPointExtension>
        </extensions>
      </trkpt>
      <trkpt lat="33.15845363773405551910400390625" lon="103.87940612621605396270751953125">
        <ele>2478</ele>
        <time>2026-05-19T04:17:55.000Z</time>
        <extensions>
          <ns3:TrackPointExtension>
            <ns3:hr>81</ns3:hr>
          </ns3:TrackPointExtension>
        </extensions>
      </trkpt>
      <trkpt lat="33.15845162607729434967041015625" lon="103.8793949782848358154296875">
        <ele>2477.60009765625</ele>
        <time>2026-05-19T04:17:56.000Z</time>
        <extensions>
          <ns3:TrackPointExtension>
            <ns3:hr>80</ns3:hr>
          </ns3:TrackPointExtension>
        </extensions>
      </trkpt>
      <trkpt lat="33.1584574095904827117919921875" lon="103.8793401606380939483642578125">
        <ele>2475.60009765625</ele>
        <time>2026-05-19T04:18:00.000Z</time>
        <extensions>
          <ns3:TrackPointExtension>
            <ns3:hr>81</ns3:hr>
          </ns3:TrackPointExtension>
        </extensions>
      </trkpt>
      <trkpt lat="33.15845799632370471954345703125" lon="103.8793280906975269317626953125">
        <ele>2475.199951171875</ele>
        <time>2026-05-19T04:18:01.000Z</time>
        <extensions>
          <ns3:TrackPointExtension>
            <ns3:hr>84</ns3:hr>
          </ns3:TrackPointExtension>
        </extensions>
      </trkpt>
      <trkpt lat="33.1584604270756244659423828125" lon="103.8793230615556240081787109375">
        <ele>2475</ele>
        <time>2026-05-19T04:18:02.000Z</time>
        <extensions>
          <ns3:TrackPointExtension>
            <ns3:hr>81</ns3:hr>
          </ns3:TrackPointExtension>
        </extensions>
      </trkpt>
      <trkpt lat="33.15844676457345485687255859375" lon="103.87926849536597728729248046875">
        <ele>2473.800048828125</ele>
        <time>2026-05-19T04:18:08.000Z</time>
        <extensions>
          <ns3:TrackPointExtension>
            <ns3:hr>82</ns3:hr>
          </ns3:TrackPointExtension>
        </extensions>
      </trkpt>
      <trkpt lat="33.158431090414524078369140625" lon="103.879163973033428192138671875">
        <ele>2472.60009765625</ele>
        <time>2026-05-19T04:18:18.000Z</time>
        <extensions>
          <ns3:TrackPointExtension>
            <ns3:hr>81</ns3:hr>
          </ns3:TrackPointExtension>
        </extensions>
      </trkpt>
      <trkpt lat="33.15844215452671051025390625" lon="103.8790887035429477691650390625">
        <ele>2470.800048828125</ele>
        <time>2026-05-19T04:18:24.000Z</time>
        <extensions>
          <ns3:TrackPointExtension>
            <ns3:hr>81</ns3:hr>
          </ns3:TrackPointExtension>
        </extensions>
      </trkpt>
      <trkpt lat="33.15843150950968265533447265625" lon="103.87905006296932697296142578125">
        <ele>2470.39990234375</ele>
        <time>2026-05-19T04:18:29.000Z</time>
        <extensions>
          <ns3:TrackPointExtension>
            <ns3:hr>82</ns3:hr>
          </ns3:TrackPointExtension>
        </extensions>
      </trkpt>
      <trkpt lat="33.1584205292165279388427734375" lon="103.878989629447460174560546875">
        <ele>2469.800048828125</ele>
        <time>2026-05-19T04:18:35.000Z</time>
        <extensions>
          <ns3:TrackPointExtension>
            <ns3:hr>79</ns3:hr>
          </ns3:TrackPointExtension>
        </extensions>
      </trkpt>
      <trkpt lat="33.15841742791235446929931640625" lon="103.8789765536785125732421875">
        <ele>2469.800048828125</ele>
        <time>2026-05-19T04:18:41.000Z</time>
        <extensions>
          <ns3:TrackPointExtension>
            <ns3:hr>79</ns3:hr>
          </ns3:TrackPointExtension>
        </extensions>
      </trkpt>
      <trkpt lat="33.15841801464557647705078125" lon="103.87897479347884654998779296875">
        <ele>2469.60009765625</ele>
        <time>2026-05-19T04:18:42.000Z</time>
        <extensions>
          <ns3:TrackPointExtension>
            <ns3:hr>76</ns3:hr>
          </ns3:TrackPointExtension>
        </extensions>
      </trkpt>
      <trkpt lat="33.158421032130718231201171875" lon="103.87896792031824588775634765625">
        <ele>2469.60009765625</ele>
        <time>2026-05-19T04:18:44.000Z</time>
        <extensions>
          <ns3:TrackPointExtension>
            <ns3:hr>79</ns3:hr>
          </ns3:TrackPointExtension>
        </extensions>
      </trkpt>
      <trkpt lat="33.15841759555041790008544921875" lon="103.8789683394134044647216796875">
        <ele>2469.60009765625</ele>
        <time>2026-05-19T04:18:45.000Z</time>
        <extensions>
          <ns3:TrackPointExtension>
            <ns3:hr>75</ns3:hr>
          </ns3:TrackPointExtension>
        </extensions>
      </trkpt>
      <trkpt lat="33.15841265022754669189453125" lon="103.8789673335850238800048828125">
        <ele>2469.800048828125</ele>
        <time>2026-05-19T04:18:46.000Z</time>
        <extensions>
          <ns3:TrackPointExtension>
            <ns3:hr>72</ns3:hr>
          </ns3:TrackPointExtension>
        </extensions>
      </trkpt>
      <trkpt lat="33.1584054417908191680908203125" lon="103.8789686746895313262939453125">
        <ele>2470</ele>
        <time>2026-05-19T04:18:47.000Z</time>
        <extensions>
          <ns3:TrackPointExtension>
            <ns3:hr>70</ns3:hr>
          </ns3:TrackPointExtension>
        </extensions>
      </trkpt>
      <trkpt lat="33.1583444215357303619384765625" lon="103.87892718426883220672607421875">
        <ele>2471.39990234375</ele>
        <time>2026-05-19T04:18:55.000Z</time>
        <extensions>
          <ns3:TrackPointExtension>
            <ns3:hr>69</ns3:hr>
          </ns3:TrackPointExtension>
        </extensions>
      </trkpt>
      <trkpt lat="33.15833025611937046051025390625" lon="103.8789113424718379974365234375">
        <ele>2471.800048828125</ele>
        <time>2026-05-19T04:18:58.000Z</time>
        <extensions>
          <ns3:TrackPointExtension>
            <ns3:hr>74</ns3:hr>
          </ns3:TrackPointExtension>
        </extensions>
      </trkpt>
      <trkpt lat="33.15832455642521381378173828125" lon="103.87890748679637908935546875">
        <ele>2471.800048828125</ele>
        <time>2026-05-19T04:18:59.000Z</time>
        <extensions>
          <ns3:TrackPointExtension>
            <ns3:hr>70</ns3:hr>
          </ns3:TrackPointExtension>
        </extensions>
      </trkpt>
      <trkpt lat="33.1583152525126934051513671875" lon="103.87888896279036998748779296875">
        <ele>2472</ele>
        <time>2026-05-19T04:19:02.000Z</time>
        <extensions>
          <ns3:TrackPointExtension>
            <ns3:hr>71</ns3:hr>
          </ns3:TrackPointExtension>
        </extensions>
      </trkpt>
      <trkpt lat="33.15832355059683322906494140625" lon="103.87888737022876739501953125">
        <ele>2471.800048828125</ele>
        <time>2026-05-19T04:19:09.000Z</time>
        <extensions>
          <ns3:TrackPointExtension>
            <ns3:hr>72</ns3:hr>
          </ns3:TrackPointExtension>
        </extensions>
      </trkpt>
      <trkpt lat="33.1583206169307231903076171875" lon="103.87888359837234020233154296875">
        <ele>2471.800048828125</ele>
        <time>2026-05-19T04:19:17.000Z</time>
        <extensions>
          <ns3:TrackPointExtension>
            <ns3:hr>72</ns3:hr>
          </ns3:TrackPointExtension>
        </extensions>
      </trkpt>
      <trkpt lat="33.15832505933940410614013671875" lon="103.87886113487184047698974609375">
        <ele>2471.60009765625</ele>
        <time>2026-05-19T04:19:23.000Z</time>
        <extensions>
          <ns3:TrackPointExtension>
            <ns3:hr>73</ns3:hr>
          </ns3:TrackPointExtension>
        </extensions>
      </trkpt>
      <trkpt lat="33.15832958556711673736572265625" lon="103.87885518372058868408203125">
        <ele>2471.39990234375</ele>
        <time>2026-05-19T04:19:45.000Z</time>
        <extensions>
          <ns3:TrackPointExtension>
            <ns3:hr>73</ns3:hr>
          </ns3:TrackPointExtension>
        </extensions>
      </trkpt>
      <trkpt lat="33.15832623280584812164306640625" lon="103.87886264361441135406494140625">
        <ele>2471.60009765625</ele>
        <time>2026-05-19T04:19:52.000Z</time>
        <extensions>
          <ns3:TrackPointExtension>
            <ns3:hr>73</ns3:hr>
          </ns3:TrackPointExtension>
        </extensions>
      </trkpt>
      <trkpt lat="33.15831743180751800537109375" lon="103.8788664154708385467529296875">
        <ele>2471.800048828125</ele>
        <time>2026-05-19T04:19:54.000Z</time>
        <extensions>
          <ns3:TrackPointExtension>
            <ns3:hr>76</ns3:hr>
          </ns3:TrackPointExtension>
        </extensions>
      </trkpt>
      <trkpt lat="33.15831181593239307403564453125" lon="103.87886733748018741607666015625">
        <ele>2472</ele>
        <time>2026-05-19T04:19:56.000Z</time>
        <extensions>
          <ns3:TrackPointExtension>
            <ns3:hr>73</ns3:hr>
          </ns3:TrackPointExtension>
        </extensions>
      </trkpt>
      <trkpt lat="33.15831181593239307403564453125" lon="103.87886733748018741607666015625">
        <ele>2472</ele>
        <time>2026-05-19T04:19:58.000Z</time>
        <extensions>
          <ns3:TrackPointExtension>
            <ns3:hr>74</ns3:hr>
          </ns3:TrackPointExtension>
        </extensions>
      </trkpt>
      <trkpt lat="33.15831181593239307403564453125" lon="103.8788633979856967926025390625">
        <ele>2472</ele>
        <time>2026-05-19T04:20:09.000Z</time>
        <extensions>
          <ns3:TrackPointExtension>
            <ns3:hr>78</ns3:hr>
          </ns3:TrackPointExtension>
        </extensions>
      </trkpt>
      <trkpt lat="33.15831181593239307403564453125" lon="103.87886230833828449249267578125">
        <ele>2472</ele>
        <time>2026-05-19T04:20:10.000Z</time>
        <extensions>
          <ns3:TrackPointExtension>
            <ns3:hr>75</ns3:hr>
          </ns3:TrackPointExtension>
        </extensions>
      </trkpt>
      <trkpt lat="33.15831181593239307403564453125" lon="103.8788590393960475921630859375">
        <ele>2472</ele>
        <time>2026-05-19T04:20:17.000Z</time>
        <extensions>
          <ns3:TrackPointExtension>
            <ns3:hr>79</ns3:hr>
          </ns3:TrackPointExtension>
        </extensions>
      </trkpt>
      <trkpt lat="33.158311061561107635498046875" lon="103.8788587041199207305908203125">
        <ele>2472</ele>
        <time>2026-05-19T04:20:23.000Z</time>
        <extensions>
          <ns3:TrackPointExtension>
            <ns3:hr>76</ns3:hr>
          </ns3:TrackPointExtension>
        </extensions>
      </trkpt>
      <trkpt lat="33.15830796025693416595458984375" lon="103.878854848444461822509765625">
        <ele>2472</ele>
        <time>2026-05-19T04:20:30.000Z</time>
        <extensions>
          <ns3:TrackPointExtension>
            <ns3:hr>79</ns3:hr>
          </ns3:TrackPointExtension>
        </extensions>
      </trkpt>
      <trkpt lat="33.158302344381809234619140625" lon="103.87882827781140804290771484375">
        <ele>2472</ele>
        <time>2026-05-19T04:20:32.000Z</time>
        <extensions>
          <ns3:TrackPointExtension>
            <ns3:hr>78</ns3:hr>
          </ns3:TrackPointExtension>
        </extensions>
      </trkpt>
      <trkpt lat="33.15829153172671794891357421875" lon="103.878820650279521942138671875">
        <ele>2472.199951171875</ele>
        <time>2026-05-19T04:20:42.000Z</time>
        <extensions>
          <ns3:TrackPointExtension>
            <ns3:hr>81</ns3:hr>
          </ns3:TrackPointExtension>
        </extensions>
      </trkpt>
      <trkpt lat="33.1582827307283878326416015625" lon="103.8788023777306079864501953125">
        <ele>2472.39990234375</ele>
        <time>2026-05-19T04:20:56.000Z</time>
        <extensions>
          <ns3:TrackPointExtension>
            <ns3:hr>78</ns3:hr>
          </ns3:TrackPointExtension>
        </extensions>
      </trkpt>
      <trkpt lat="33.15826521255075931549072265625" lon="103.87874730862677097320556640625">
        <ele>2472.39990234375</ele>
        <time>2026-05-19T04:20:59.000Z</time>
        <extensions>
          <ns3:TrackPointExtension>
            <ns3:hr>78</ns3:hr>
          </ns3:TrackPointExtension>
        </extensions>
      </trkpt>
      <trkpt lat="33.158230595290660858154296875" lon="103.87861370109021663665771484375">
        <ele>2473</ele>
        <time>2026-05-19T04:21:07.000Z</time>
        <extensions>
          <ns3:TrackPointExtension>
            <ns3:hr>76</ns3:hr>
          </ns3:TrackPointExtension>
        </extensions>
      </trkpt>
      <trkpt lat="33.15824107266962528228759765625" lon="103.878551758825778961181640625">
        <ele>2472.39990234375</ele>
        <time>2026-05-19T04:21:12.000Z</time>
        <extensions>
          <ns3:TrackPointExtension>
            <ns3:hr>79</ns3:hr>
          </ns3:TrackPointExtension>
        </extensions>
      </trkpt>
      <trkpt lat="33.15823654644191265106201171875" lon="103.87851965613663196563720703125">
        <ele>2472.39990234375</ele>
        <time>2026-05-19T04:21:14.000Z</time>
        <extensions>
          <ns3:TrackPointExtension>
            <ns3:hr>79</ns3:hr>
          </ns3:TrackPointExtension>
        </extensions>
      </trkpt>
      <trkpt lat="33.1582609377801418304443359375" lon="103.87844086624681949615478515625">
        <ele>2471.800048828125</ele>
        <time>2026-05-19T04:21:21.000Z</time>
        <extensions>
          <ns3:TrackPointExtension>
            <ns3:hr>82</ns3:hr>
          </ns3:TrackPointExtension>
        </extensions>
      </trkpt>
      <trkpt lat="33.15827091224491596221923828125" lon="103.87842259369790554046630859375">
        <ele>2471.800048828125</ele>
        <time>2026-05-19T04:21:23.000Z</time>
        <extensions>
          <ns3:TrackPointExtension>
            <ns3:hr>82</ns3:hr>
          </ns3:TrackPointExtension>
        </extensions>
      </trkpt>
      <trkpt lat="33.158287592232227325439453125" lon="103.87839610688388347625732421875">
        <ele>2471.39990234375</ele>
        <time>2026-05-19T04:21:30.000Z</time>
        <extensions>
          <ns3:TrackPointExtension>
            <ns3:hr>81</ns3:hr>
          </ns3:TrackPointExtension>
        </extensions>
      </trkpt>
      <trkpt lat="33.15828901715576648712158203125" lon="103.87839384377002716064453125">
        <ele>2471.39990234375</ele>
        <time>2026-05-19T04:21:49.000Z</time>
        <extensions>
          <ns3:TrackPointExtension>
            <ns3:hr>78</ns3:hr>
          </ns3:TrackPointExtension>
        </extensions>
      </trkpt>
      <trkpt lat="33.15828901715576648712158203125" lon="103.87839384377002716064453125">
        <ele>2471.39990234375</ele>
        <time>2026-05-19T04:21:50.000Z</time>
        <extensions>
          <ns3:TrackPointExtension>
            <ns3:hr>81</ns3:hr>
          </ns3:TrackPointExtension>
        </extensions>
      </trkpt>
      <trkpt lat="33.15828851424157619476318359375" lon="103.8783953525125980377197265625">
        <ele>2471.39990234375</ele>
        <time>2026-05-19T04:21:56.000Z</time>
        <extensions>
          <ns3:TrackPointExtension>
            <ns3:hr>84</ns3:hr>
          </ns3:TrackPointExtension>
        </extensions>
      </trkpt>
      <trkpt lat="33.15828801132738590240478515625" lon="103.8783953525125980377197265625">
        <ele>2471.39990234375</ele>
        <time>2026-05-19T04:21:58.000Z</time>
        <extensions>
          <ns3:TrackPointExtension>
            <ns3:hr>81</ns3:hr>
          </ns3:TrackPointExtension>
        </extensions>
      </trkpt>
      <trkpt lat="33.15828750841319561004638671875" lon="103.87839493341743946075439453125">
        <ele>2471.39990234375</ele>
        <time>2026-05-19T04:22:05.000Z</time>
        <extensions>
          <ns3:TrackPointExtension>
            <ns3:hr>84</ns3:hr>
          </ns3:TrackPointExtension>
        </extensions>
      </trkpt>
      <trkpt lat="33.15828667022287845611572265625" lon="103.8783936761319637298583984375">
        <ele>2471.39990234375</ele>
        <time>2026-05-19T04:22:16.000Z</time>
        <extensions>
          <ns3:TrackPointExtension>
            <ns3:hr>81</ns3:hr>
          </ns3:TrackPointExtension>
        </extensions>
      </trkpt>
      <trkpt lat="33.158292286098003387451171875" lon="103.878357298672199249267578125">
        <ele>2471</ele>
        <time>2026-05-19T04:22:32.000Z</time>
        <extensions>
          <ns3:TrackPointExtension>
            <ns3:hr>80</ns3:hr>
          </ns3:TrackPointExtension>
        </extensions>
      </trkpt>
      <trkpt lat="33.15827711485326290130615234375" lon="103.87829552404582500457763671875">
        <ele>2470.39990234375</ele>
        <time>2026-05-19T04:22:36.000Z</time>
        <extensions>
          <ns3:TrackPointExtension>
            <ns3:hr>81</ns3:hr>
          </ns3:TrackPointExtension>
        </extensions>
      </trkpt>
      <trkpt lat="33.15824576653540134429931640625" lon="103.87820784933865070343017578125">
        <ele>2469.39990234375</ele>
        <time>2026-05-19T04:22:44.000Z</time>
        <extensions>
          <ns3:TrackPointExtension>
            <ns3:hr>81</ns3:hr>
          </ns3:TrackPointExtension>
        </extensions>
      </trkpt>
      <trkpt lat="33.1582282483577728271484375" lon="103.8781469129025936126708984375">
        <ele>2469.60009765625</ele>
        <time>2026-05-19T04:22:50.000Z</time>
        <extensions>
          <ns3:TrackPointExtension>
            <ns3:hr>81</ns3:hr>
          </ns3:TrackPointExtension>
        </extensions>
      </trkpt>
      <trkpt lat="33.15822313539683818817138671875" lon="103.87810324318706989288330078125">
        <ele>2469.39990234375</ele>
        <time>2026-05-19T04:22:54.000Z</time>
        <extensions>
          <ns3:TrackPointExtension>
            <ns3:hr>84</ns3:hr>
          </ns3:TrackPointExtension>
        </extensions>
      </trkpt>
      <trkpt lat="33.15823285840451717376708984375" lon="103.8780788518488407135009765625">
        <ele>2468.39990234375</ele>
        <time>2026-05-19T04:22:57.000Z</time>
        <extensions>
          <ns3:TrackPointExtension>
            <ns3:hr>81</ns3:hr>
          </ns3:TrackPointExtension>
        </extensions>
      </trkpt>
      <trkpt lat="33.1582347862422466278076171875" lon="103.878068961203098297119140625">
        <ele>2468.199951171875</ele>
        <time>2026-05-19T04:22:58.000Z</time>
        <extensions>
          <ns3:TrackPointExtension>
            <ns3:hr>84</ns3:hr>
          </ns3:TrackPointExtension>
        </extensions>
      </trkpt>
      <trkpt lat="33.15823285840451717376708984375" lon="103.877995200455188751220703125">
        <ele>2467.60009765625</ele>
        <time>2026-05-19T04:23:04.000Z</time>
        <extensions>
          <ns3:TrackPointExtension>
            <ns3:hr>85</ns3:hr>
          </ns3:TrackPointExtension>
        </extensions>
      </trkpt>
      <trkpt lat="33.1582307629287242889404296875" lon="103.87798036448657512664794921875">
        <ele>2467.60009765625</ele>
        <time>2026-05-19T04:23:05.000Z</time>
        <extensions>
          <ns3:TrackPointExtension>
            <ns3:hr>82</ns3:hr>
          </ns3:TrackPointExtension>
        </extensions>
      </trkpt>
      <trkpt lat="33.158234618604183197021484375" lon="103.8779685460031032562255859375">
        <ele>2467.199951171875</ele>
        <time>2026-05-19T04:23:11.000Z</time>
        <extensions>
          <ns3:TrackPointExtension>
            <ns3:hr>82</ns3:hr>
          </ns3:TrackPointExtension>
        </extensions>
      </trkpt>
      <trkpt lat="33.158237300813198089599609375" lon="103.877961002290248870849609375">
        <ele>2467</ele>
        <time>2026-05-19T04:23:13.000Z</time>
        <extensions>
          <ns3:TrackPointExtension>
            <ns3:hr>86</ns3:hr>
          </ns3:TrackPointExtension>
        </extensions>
      </trkpt>
      <trkpt lat="33.15825733356177806854248046875" lon="103.87788363732397556304931640625">
        <ele>2465.800048828125</ele>
        <time>2026-05-19T04:23:18.000Z</time>
        <extensions>
          <ns3:TrackPointExtension>
            <ns3:hr>89</ns3:hr>
          </ns3:TrackPointExtension>
        </extensions>
      </trkpt>
      <trkpt lat="33.15827677957713603973388671875" lon="103.8778216950595378875732421875">
        <ele>2466</ele>
        <time>2026-05-19T04:23:24.000Z</time>
        <extensions>
          <ns3:TrackPointExtension>
            <ns3:hr>90</ns3:hr>
          </ns3:TrackPointExtension>
        </extensions>
      </trkpt>
      <trkpt lat="33.15826781094074249267578125" lon="103.87780015356838703155517578125">
        <ele>2466</ele>
        <time>2026-05-19T04:23:30.000Z</time>
        <extensions>
          <ns3:TrackPointExtension>
            <ns3:hr>92</ns3:hr>
          </ns3:TrackPointExtension>
        </extensions>
      </trkpt>
      <trkpt lat="33.15828046761453151702880859375" lon="103.87778489850461483001708984375">
        <ele>2466</ele>
        <time>2026-05-19T04:23:38.000Z</time>
        <extensions>
          <ns3:TrackPointExtension>
            <ns3:hr>92</ns3:hr>
          </ns3:TrackPointExtension>
        </extensions>
      </trkpt>
      <trkpt lat="33.15827778540551662445068359375" lon="103.87773226015269756317138671875">
        <ele>2466.199951171875</ele>
        <time>2026-05-19T04:23:44.000Z</time>
        <extensions>
          <ns3:TrackPointExtension>
            <ns3:hr>89</ns3:hr>
          </ns3:TrackPointExtension>
        </extensions>
      </trkpt>
      <trkpt lat="33.1583051942288875579833984375" lon="103.87770141474902629852294921875">
        <ele>2466.199951171875</ele>
        <time>2026-05-19T04:23:50.000Z</time>
        <extensions>
          <ns3:TrackPointExtension>
            <ns3:hr>90</ns3:hr>
          </ns3:TrackPointExtension>
        </extensions>
      </trkpt>
      <trkpt lat="33.158309049904346466064453125" lon="103.87770476751029491424560546875">
        <ele>2466.199951171875</ele>
        <time>2026-05-19T04:23:58.000Z</time>
        <extensions>
          <ns3:TrackPointExtension>
            <ns3:hr>87</ns3:hr>
          </ns3:TrackPointExtension>
        </extensions>
      </trkpt>
      <trkpt lat="33.1583095528185367584228515625" lon="103.87770451605319976806640625">
        <ele>2466.199951171875</ele>
        <time>2026-05-19T04:23:59.000Z</time>
        <extensions>
          <ns3:TrackPointExtension>
            <ns3:hr>87</ns3:hr>
          </ns3:TrackPointExtension>
        </extensions>
      </trkpt>
      <trkpt lat="33.15830762498080730438232421875" lon="103.87770451605319976806640625">
        <ele>2466.199951171875</ele>
        <time>2026-05-19T04:24:11.000Z</time>
        <extensions>
          <ns3:TrackPointExtension>
            <ns3:hr>84</ns3:hr>
          </ns3:TrackPointExtension>
        </extensions>
      </trkpt>
      <trkpt lat="33.1583011709153652191162109375" lon="103.8777016662061214447021484375">
        <ele>2466.199951171875</ele>
        <time>2026-05-19T04:24:14.000Z</time>
        <extensions>
          <ns3:TrackPointExtension>
            <ns3:hr>81</ns3:hr>
          </ns3:TrackPointExtension>
        </extensions>
      </trkpt>
      <trkpt lat="33.1582756899297237396240234375" lon="103.87766654603183269500732421875">
        <ele>2466.60009765625</ele>
        <time>2026-05-19T04:24:16.000Z</time>
        <extensions>
          <ns3:TrackPointExtension>
            <ns3:hr>78</ns3:hr>
          </ns3:TrackPointExtension>
        </extensions>
      </trkpt>
      <trkpt lat="33.15826244652271270751953125" lon="103.87764994986355304718017578125">
        <ele>2466.60009765625</ele>
        <time>2026-05-19T04:24:17.000Z</time>
        <extensions>
          <ns3:TrackPointExtension>
            <ns3:hr>77</ns3:hr>
          </ns3:TrackPointExtension>
        </extensions>
      </trkpt>
      <trkpt lat="33.15824844874441623687744140625" lon="103.87762882746756076812744140625">
        <ele>2466.800048828125</ele>
        <time>2026-05-19T04:24:19.000Z</time>
        <extensions>
          <ns3:TrackPointExtension>
            <ns3:hr>74</ns3:hr>
          </ns3:TrackPointExtension>
        </extensions>
      </trkpt>
      <trkpt lat="33.15822548232972621917724609375" lon="103.8776155002415180206298828125">
        <ele>2467.60009765625</ele>
        <time>2026-05-19T04:24:23.000Z</time>
        <extensions>
          <ns3:TrackPointExtension>
            <ns3:hr>74</ns3:hr>
          </ns3:TrackPointExtension>
        </extensions>
      </trkpt>
      <trkpt lat="33.1582237221300601959228515625" lon="103.87761357240378856658935546875">
        <ele>2467.60009765625</ele>
        <time>2026-05-19T04:24:32.000Z</time>
        <extensions>
          <ns3:TrackPointExtension>
            <ns3:hr>74</ns3:hr>
          </ns3:TrackPointExtension>
        </extensions>
      </trkpt>
      <trkpt lat="33.15822078846395015716552734375" lon="103.87761005200445652008056640625">
        <ele>2467.800048828125</ele>
        <time>2026-05-19T04:24:41.000Z</time>
        <extensions>
          <ns3:TrackPointExtension>
            <ns3:hr>77</ns3:hr>
          </ns3:TrackPointExtension>
        </extensions>
      </trkpt>
      <trkpt lat="33.15820570103824138641357421875" lon="103.87756747193634510040283203125">
        <ele>2468.60009765625</ele>
        <time>2026-05-19T04:24:44.000Z</time>
        <extensions>
          <ns3:TrackPointExtension>
            <ns3:hr>81</ns3:hr>
          </ns3:TrackPointExtension>
        </extensions>
      </trkpt>
      <trkpt lat="33.15819832496345043182373046875" lon="103.87755171395838260650634765625">
        <ele>2469.199951171875</ele>
        <time>2026-05-19T04:24:45.000Z</time>
        <extensions>
          <ns3:TrackPointExtension>
            <ns3:hr>84</ns3:hr>
          </ns3:TrackPointExtension>
        </extensions>
      </trkpt>
      <trkpt lat="33.1581992469727993011474609375" lon="103.87752304784953594207763671875">
        <ele>2469.39990234375</ele>
        <time>2026-05-19T04:24:47.000Z</time>
        <extensions>
          <ns3:TrackPointExtension>
            <ns3:hr>86</ns3:hr>
          </ns3:TrackPointExtension>
        </extensions>
      </trkpt>
      <trkpt lat="33.15821274183690547943115234375" lon="103.877454064786434173583984375">
        <ele>2469.60009765625</ele>
        <time>2026-05-19T04:24:51.000Z</time>
        <extensions>
          <ns3:TrackPointExtension>
            <ns3:hr>86</ns3:hr>
          </ns3:TrackPointExtension>
        </extensions>
      </trkpt>
      <trkpt lat="33.15822028554975986480712890625" lon="103.87743487022817134857177734375">
        <ele>2469.60009765625</ele>
        <time>2026-05-19T04:24:53.000Z</time>
        <extensions>
          <ns3:TrackPointExtension>
            <ns3:hr>86</ns3:hr>
          </ns3:TrackPointExtension>
        </extensions>
      </trkpt>
      <trkpt lat="33.15823487006127834320068359375" lon="103.87741056270897388458251953125">
        <ele>2469.199951171875</ele>
        <time>2026-05-19T04:24:58.000Z</time>
        <extensions>
          <ns3:TrackPointExtension>
            <ns3:hr>86</ns3:hr>
          </ns3:TrackPointExtension>
        </extensions>
      </trkpt>
      <trkpt lat="33.158254735171794891357421875" lon="103.87736429460346698760986328125">
        <ele>2469.39990234375</ele>
        <time>2026-05-19T04:25:03.000Z</time>
        <extensions>
          <ns3:TrackPointExtension>
            <ns3:hr>83</ns3:hr>
          </ns3:TrackPointExtension>
        </extensions>
      </trkpt>
      <trkpt lat="33.158284239470958709716796875" lon="103.8772741891443729400634765625">
        <ele>2470.199951171875</ele>
        <time>2026-05-19T04:25:10.000Z</time>
        <extensions>
          <ns3:TrackPointExtension>
            <ns3:hr>84</ns3:hr>
          </ns3:TrackPointExtension>
        </extensions>
      </trkpt>
      <trkpt lat="33.1582807190716266632080078125" lon="103.87717603705823421478271484375">
        <ele>2471.60009765625</ele>
        <time>2026-05-19T04:25:19.000Z</time>
        <extensions>
          <ns3:TrackPointExtension>
            <ns3:hr>81</ns3:hr>
          </ns3:TrackPointExtension>
        </extensions>
      </trkpt>
      <trkpt lat="33.15826236270368099212646484375" lon="103.8771259970963001251220703125">
        <ele>2472.60009765625</ele>
        <time>2026-05-19T04:25:23.000Z</time>
        <extensions>
          <ns3:TrackPointExtension>
            <ns3:hr>81</ns3:hr>
          </ns3:TrackPointExtension>
        </extensions>
      </trkpt>
      <trkpt lat="33.1582357920706272125244140625" lon="103.87702935375273227691650390625">
        <ele>2474.39990234375</ele>
        <time>2026-05-19T04:25:31.000Z</time>
        <extensions>
          <ns3:TrackPointExtension>
            <ns3:hr>84</ns3:hr>
          </ns3:TrackPointExtension>
        </extensions>
      </trkpt>
      <trkpt lat="33.1582304276525974273681640625" lon="103.87701694853603839874267578125">
        <ele>2474.60009765625</ele>
        <time>2026-05-19T04:25:33.000Z</time>
        <extensions>
          <ns3:TrackPointExtension>
            <ns3:hr>85</ns3:hr>
          </ns3:TrackPointExtension>
        </extensions>
      </trkpt>
      <trkpt lat="33.1581707485020160675048828125" lon="103.876975290477275848388671875">
        <ele>2476.39990234375</ele>
        <time>2026-05-19T04:25:41.000Z</time>
        <extensions>
          <ns3:TrackPointExtension>
            <ns3:hr>87</ns3:hr>
          </ns3:TrackPointExtension>
        </extensions>
      </trkpt>
      <trkpt lat="33.15812925808131694793701171875" lon="103.876899182796478271484375">
        <ele>2478.199951171875</ele>
        <time>2026-05-19T04:25:53.000Z</time>
        <extensions>
          <ns3:TrackPointExtension>
            <ns3:hr>89</ns3:hr>
          </ns3:TrackPointExtension>
        </extensions>
      </trkpt>
      <trkpt lat="33.15813311375677585601806640625" lon="103.87680471874773502349853515625">
        <ele>2480</ele>
        <time>2026-05-19T04:26:03.000Z</time>
        <extensions>
          <ns3:TrackPointExtension>
            <ns3:hr>92</ns3:hr>
          </ns3:TrackPointExtension>
        </extensions>
      </trkpt>
      <trkpt lat="33.1581301800906658172607421875" lon="103.87677135877311229705810546875">
        <ele>2480.60009765625</ele>
        <time>2026-05-19T04:26:10.000Z</time>
        <extensions>
          <ns3:TrackPointExtension>
            <ns3:hr>94</ns3:hr>
          </ns3:TrackPointExtension>
        </extensions>
      </trkpt>
      <trkpt lat="33.158168233931064605712890625" lon="103.876745291054248809814453125">
        <ele>2480</ele>
        <time>2026-05-19T04:26:17.000Z</time>
        <extensions>
          <ns3:TrackPointExtension>
            <ns3:hr>94</ns3:hr>
          </ns3:TrackPointExtension>
        </extensions>
      </trkpt>
      <trkpt lat="33.15818223170936107635498046875" lon="103.87670447118580341339111328125">
        <ele>2479.60009765625</ele>
        <time>2026-05-19T04:26:25.000Z</time>
        <extensions>
          <ns3:TrackPointExtension>
            <ns3:hr>92</ns3:hr>
          </ns3:TrackPointExtension>
        </extensions>
      </trkpt>
      <trkpt lat="33.15819446928799152374267578125" lon="103.87665568850934505462646484375">
        <ele>2480</ele>
        <time>2026-05-19T04:26:29.000Z</time>
        <extensions>
          <ns3:TrackPointExtension>
            <ns3:hr>96</ns3:hr>
          </ns3:TrackPointExtension>
        </extensions>
      </trkpt>
      <trkpt lat="33.158227242529392242431640625" lon="103.87658393941819667816162109375">
        <ele>2480.39990234375</ele>
        <time>2026-05-19T04:26:34.000Z</time>
        <extensions>
          <ns3:TrackPointExtension>
            <ns3:hr>94</ns3:hr>
          </ns3:TrackPointExtension>
        </extensions>
      </trkpt>
      <trkpt lat="33.15827107988297939300537109375" lon="103.8765566982328891754150390625">
        <ele>2480</ele>
        <time>2026-05-19T04:26:41.000Z</time>
        <extensions>
          <ns3:TrackPointExtension>
            <ns3:hr>92</ns3:hr>
          </ns3:TrackPointExtension>
        </extensions>
      </trkpt>
      <trkpt lat="33.158355318009853363037109375" lon="103.87649215757846832275390625">
        <ele>2479.800048828125</ele>
        <time>2026-05-19T04:26:50.000Z</time>
        <extensions>
          <ns3:TrackPointExtension>
            <ns3:hr>94</ns3:hr>
          </ns3:TrackPointExtension>
        </extensions>
      </trkpt>
      <trkpt lat="33.15843452699482440948486328125" lon="103.87640574015676975250244140625">
        <ele>2478.800048828125</ele>
        <time>2026-05-19T04:27:01.000Z</time>
        <extensions>
          <ns3:TrackPointExtension>
            <ns3:hr>94</ns3:hr>
          </ns3:TrackPointExtension>
        </extensions>
      </trkpt>
      <trkpt lat="33.15846025943756103515625" lon="103.87637455947697162628173828125">
        <ele>2478.60009765625</ele>
        <time>2026-05-19T04:27:06.000Z</time>
        <extensions>
          <ns3:TrackPointExtension>
            <ns3:hr>93</ns3:hr>
          </ns3:TrackPointExtension>
        </extensions>
      </trkpt>
      <trkpt lat="33.15849713981151580810546875" lon="103.87631303630769252777099609375">
        <ele>2478.199951171875</ele>
        <time>2026-05-19T04:27:14.000Z</time>
        <extensions>
          <ns3:TrackPointExtension>
            <ns3:hr>92</ns3:hr>
          </ns3:TrackPointExtension>
        </extensions>
      </trkpt>
      <trkpt lat="33.15855757333338260650634765625" lon="103.87630146928131580352783203125">
        <ele>2477</ele>
        <time>2026-05-19T04:27:21.000Z</time>
        <extensions>
          <ns3:TrackPointExtension>
            <ns3:hr>91</ns3:hr>
          </ns3:TrackPointExtension>
        </extensions>
      </trkpt>
      <trkpt lat="33.15866754390299320220947265625" lon="103.8762992061674594879150390625">
        <ele>2474.39990234375</ele>
        <time>2026-05-19T04:27:29.000Z</time>
        <extensions>
          <ns3:TrackPointExtension>
            <ns3:hr>93</ns3:hr>
          </ns3:TrackPointExtension>
        </extensions>
      </trkpt>
      <trkpt lat="33.1586941145360469818115234375" lon="103.876266516745090484619140625">
        <ele>2474</ele>
        <time>2026-05-19T04:27:33.000Z</time>
        <extensions>
          <ns3:TrackPointExtension>
            <ns3:hr>92</ns3:hr>
          </ns3:TrackPointExtension>
        </extensions>
      </trkpt>
      <trkpt lat="33.15869788639247417449951171875" lon="103.87625838629901409149169921875">
        <ele>2474</ele>
        <time>2026-05-19T04:27:35.000Z</time>
        <extensions>
          <ns3:TrackPointExtension>
            <ns3:hr>96</ns3:hr>
          </ns3:TrackPointExtension>
        </extensions>
      </trkpt>
      <trkpt lat="33.158697970211505889892578125" lon="103.87625168077647686004638671875">
        <ele>2474</ele>
        <time>2026-05-19T04:27:38.000Z</time>
        <extensions>
          <ns3:TrackPointExtension>
            <ns3:hr>94</ns3:hr>
          </ns3:TrackPointExtension>
        </extensions>
      </trkpt>
      <trkpt lat="33.1587229482829570770263671875" lon="103.876216895878314971923828125">
        <ele>2473.60009765625</ele>
        <time>2026-05-19T04:27:44.000Z</time>
        <extensions>
          <ns3:TrackPointExtension>
            <ns3:hr>94</ns3:hr>
          </ns3:TrackPointExtension>
        </extensions>
      </trkpt>
      <trkpt lat="33.15871573984622955322265625" lon="103.876209519803524017333984375">
        <ele>2473.800048828125</ele>
        <time>2026-05-19T04:27:46.000Z</time>
        <extensions>
          <ns3:TrackPointExtension>
            <ns3:hr>97</ns3:hr>
          </ns3:TrackPointExtension>
        </extensions>
      </trkpt>
      <trkpt lat="33.1586922705173492431640625" lon="103.87618630193173885345458984375">
        <ele>2475</ele>
        <time>2026-05-19T04:27:51.000Z</time>
        <extensions>
          <ns3:TrackPointExtension>
            <ns3:hr>97</ns3:hr>
          </ns3:TrackPointExtension>
        </extensions>
      </trkpt>
      <trkpt lat="33.15869654528796672821044921875" lon="103.87615579180419445037841796875">
        <ele>2475.800048828125</ele>
        <time>2026-05-19T04:27:54.000Z</time>
        <extensions>
          <ns3:TrackPointExtension>
            <ns3:hr>94</ns3:hr>
          </ns3:TrackPointExtension>
        </extensions>
      </trkpt>
      <trkpt lat="33.15867953002452850341796875" lon="103.8761456497013568878173828125">
        <ele>2476.39990234375</ele>
        <time>2026-05-19T04:27:58.000Z</time>
        <extensions>
          <ns3:TrackPointExtension>
            <ns3:hr>93</ns3:hr>
          </ns3:TrackPointExtension>
        </extensions>
      </trkpt>
      <trkpt lat="33.15867793746292591094970703125" lon="103.8761248625814914703369140625">
        <ele>2477.199951171875</ele>
        <time>2026-05-19T04:28:01.000Z</time>
        <extensions>
          <ns3:TrackPointExtension>
            <ns3:hr>90</ns3:hr>
          </ns3:TrackPointExtension>
        </extensions>
      </trkpt>
      <trkpt lat="33.158676512539386749267578125" lon="103.87611220590770244598388671875">
        <ele>2477.60009765625</ele>
        <time>2026-05-19T04:28:04.000Z</time>
        <extensions>
          <ns3:TrackPointExtension>
            <ns3:hr>89</ns3:hr>
          </ns3:TrackPointExtension>
        </extensions>
      </trkpt>
      <trkpt lat="33.15866184420883655548095703125" lon="103.87611455284059047698974609375">
        <ele>2477.800048828125</ele>
        <time>2026-05-19T04:28:08.000Z</time>
        <extensions>
          <ns3:TrackPointExtension>
            <ns3:hr>88</ns3:hr>
          </ns3:TrackPointExtension>
        </extensions>
      </trkpt>
      <trkpt lat="33.158654384315013885498046875" lon="103.87609275989234447479248046875">
        <ele>2478.60009765625</ele>
        <time>2026-05-19T04:28:10.000Z</time>
        <extensions>
          <ns3:TrackPointExtension>
            <ns3:hr>88</ns3:hr>
          </ns3:TrackPointExtension>
        </extensions>
      </trkpt>
      <trkpt lat="33.15862462855875492095947265625" lon="103.8760651834309101104736328125">
        <ele>2480</ele>
        <time>2026-05-19T04:28:14.000Z</time>
        <extensions>
          <ns3:TrackPointExtension>
            <ns3:hr>88</ns3:hr>
          </ns3:TrackPointExtension>
        </extensions>
      </trkpt>
      <trkpt lat="33.1586144864559173583984375" lon="103.8761101104319095611572265625">
        <ele>2479</ele>
        <time>2026-05-19T04:28:20.000Z</time>
        <extensions>
          <ns3:TrackPointExtension>
            <ns3:hr>88</ns3:hr>
          </ns3:TrackPointExtension>
        </extensions>
      </trkpt>
      <trkpt lat="33.15861356444656848907470703125" lon="103.876099549233913421630859375">
        <ele>2479.199951171875</ele>
        <time>2026-05-19T04:28:24.000Z</time>
        <extensions>
          <ns3:TrackPointExtension>
            <ns3:hr>87</ns3:hr>
          </ns3:TrackPointExtension>
        </extensions>
      </trkpt>
      <trkpt lat="33.1586171686649322509765625" lon="103.87606392614543437957763671875">
        <ele>2480.199951171875</ele>
        <time>2026-05-19T04:28:29.000Z</time>
        <extensions>
          <ns3:TrackPointExtension>
            <ns3:hr>87</ns3:hr>
          </ns3:TrackPointExtension>
        </extensions>
      </trkpt>
      <trkpt lat="33.15861071459949016571044921875" lon="103.876020424067974090576171875">
        <ele>2481.800048828125</ele>
        <time>2026-05-19T04:28:35.000Z</time>
        <extensions>
          <ns3:TrackPointExtension>
            <ns3:hr>87</ns3:hr>
          </ns3:TrackPointExtension>
        </extensions>
      </trkpt>
      <trkpt lat="33.15861113369464874267578125" lon="103.8759974576532840728759765625">
        <ele>2482.800048828125</ele>
        <time>2026-05-19T04:28:38.000Z</time>
        <extensions>
          <ns3:TrackPointExtension>
            <ns3:hr>90</ns3:hr>
          </ns3:TrackPointExtension>
        </extensions>
      </trkpt>
      <trkpt lat="33.15861373208463191986083984375" lon="103.8759966194629669189453125">
        <ele>2482.800048828125</ele>
        <time>2026-05-19T04:28:43.000Z</time>
        <extensions>
          <ns3:TrackPointExtension>
            <ns3:hr>89</ns3:hr>
          </ns3:TrackPointExtension>
        </extensions>
      </trkpt>
      <trkpt lat="33.15862965770065784454345703125" lon="103.876014053821563720703125">
        <ele>2481.800048828125</ele>
        <time>2026-05-19T04:28:54.000Z</time>
        <extensions>
          <ns3:TrackPointExtension>
            <ns3:hr>90</ns3:hr>
          </ns3:TrackPointExtension>
        </extensions>
      </trkpt>
      <trkpt lat="33.15862496383488178253173828125" lon="103.8760215975344181060791015625">
        <ele>2481.60009765625</ele>
        <time>2026-05-19T04:28:58.000Z</time>
        <extensions>
          <ns3:TrackPointExtension>
            <ns3:hr>88</ns3:hr>
          </ns3:TrackPointExtension>
        </extensions>
      </trkpt>
      <trkpt lat="33.158622197806835174560546875" lon="103.875971473753452301025390625">
        <ele>2483.800048828125</ele>
        <time>2026-05-19T04:29:02.000Z</time>
        <extensions>
          <ns3:TrackPointExtension>
            <ns3:hr>86</ns3:hr>
          </ns3:TrackPointExtension>
        </extensions>
      </trkpt>
      <trkpt lat="33.15864323638379573822021484375" lon="103.87594766914844512939453125">
        <ele>2484.60009765625</ele>
        <time>2026-05-19T04:29:05.000Z</time>
        <extensions>
          <ns3:TrackPointExtension>
            <ns3:hr>83</ns3:hr>
          </ns3:TrackPointExtension>
        </extensions>
      </trkpt>
      <trkpt lat="33.1586579047143459320068359375" lon="103.875927217304706573486328125">
        <ele>2485.199951171875</ele>
        <time>2026-05-19T04:29:08.000Z</time>
        <extensions>
          <ns3:TrackPointExtension>
            <ns3:hr>82</ns3:hr>
          </ns3:TrackPointExtension>
        </extensions>
      </trkpt>
      <trkpt lat="33.1586495228111743927001953125" lon="103.8759832084178924560546875">
        <ele>2483</ele>
        <time>2026-05-19T04:29:12.000Z</time>
        <extensions>
          <ns3:TrackPointExtension>
            <ns3:hr>82</ns3:hr>
          </ns3:TrackPointExtension>
        </extensions>
      </trkpt>
      <trkpt lat="33.158650361001491546630859375" lon="103.87599921785295009613037109375">
        <ele>2482.39990234375</ele>
        <time>2026-05-19T04:29:16.000Z</time>
        <extensions>
          <ns3:TrackPointExtension>
            <ns3:hr>82</ns3:hr>
          </ns3:TrackPointExtension>
        </extensions>
      </trkpt>
      <trkpt lat="33.15863435156643390655517578125" lon="103.87602352537214756011962890625">
        <ele>2481.39990234375</ele>
        <time>2026-05-19T04:29:22.000Z</time>
        <extensions>
          <ns3:TrackPointExtension>
            <ns3:hr>83</ns3:hr>
          </ns3:TrackPointExtension>
        </extensions>
      </trkpt>
      <trkpt lat="33.1586351059377193450927734375" lon="103.87600491754710674285888671875">
        <ele>2482.199951171875</ele>
        <time>2026-05-19T04:29:28.000Z</time>
        <extensions>
          <ns3:TrackPointExtension>
            <ns3:hr>83</ns3:hr>
          </ns3:TrackPointExtension>
        </extensions>
      </trkpt>
      <trkpt lat="33.1586750037968158721923828125" lon="103.8760195858776569366455078125">
        <ele>2481.39990234375</ele>
        <time>2026-05-19T04:29:35.000Z</time>
        <extensions>
          <ns3:TrackPointExtension>
            <ns3:hr>84</ns3:hr>
          </ns3:TrackPointExtension>
        </extensions>
      </trkpt>
      <trkpt lat="33.15867911092936992645263671875" lon="103.8760222680866718292236328125">
        <ele>2481.199951171875</ele>
        <time>2026-05-19T04:29:42.000Z</time>
        <extensions>
          <ns3:TrackPointExtension>
            <ns3:hr>87</ns3:hr>
          </ns3:TrackPointExtension>
        </extensions>
      </trkpt>
      <trkpt lat="33.15867818892002105712890625" lon="103.87602704577147960662841796875">
        <ele>2481</ele>
        <time>2026-05-19T04:29:43.000Z</time>
        <extensions>
          <ns3:TrackPointExtension>
            <ns3:hr>87</ns3:hr>
          </ns3:TrackPointExtension>
        </extensions>
      </trkpt>
      <trkpt lat="33.15867684781551361083984375" lon="103.87603609822690486907958984375">
        <ele>2480.60009765625</ele>
        <time>2026-05-19T04:30:02.000Z</time>
        <extensions>
          <ns3:TrackPointExtension>
            <ns3:hr>84</ns3:hr>
          </ns3:TrackPointExtension>
        </extensions>
      </trkpt>
      <trkpt lat="33.158677853643894195556640625" lon="103.87603609822690486907958984375">
        <ele>2480.60009765625</ele>
        <time>2026-05-19T04:30:03.000Z</time>
        <extensions>
          <ns3:TrackPointExtension>
            <ns3:hr>87</ns3:hr>
          </ns3:TrackPointExtension>
        </extensions>
      </trkpt>
      <trkpt lat="33.15867818892002105712890625" lon="103.87603609822690486907958984375">
        <ele>2480.60009765625</ele>
        <time>2026-05-19T04:30:04.000Z</time>
        <extensions>
          <ns3:TrackPointExtension>
            <ns3:hr>85</ns3:hr>
          </ns3:TrackPointExtension>
        </extensions>
      </trkpt>
      <trkpt lat="33.15868615172803401947021484375" lon="103.876048587262630462646484375">
        <ele>2480</ele>
        <time>2026-05-19T04:30:26.000Z</time>
        <extensions>
          <ns3:TrackPointExtension>
            <ns3:hr>88</ns3:hr>
          </ns3:TrackPointExtension>
        </extensions>
      </trkpt>
      <trkpt lat="33.15868916921317577362060546875" lon="103.87604867108166217803955078125">
        <ele>2480</ele>
        <time>2026-05-19T04:30:27.000Z</time>
        <extensions>
          <ns3:TrackPointExtension>
            <ns3:hr>88</ns3:hr>
          </ns3:TrackPointExtension>
        </extensions>
      </trkpt>
      <trkpt lat="33.1586900912225246429443359375" lon="103.8760504312813282012939453125">
        <ele>2479.800048828125</ele>
        <time>2026-05-19T04:30:28.000Z</time>
        <extensions>
          <ns3:TrackPointExtension>
            <ns3:hr>91</ns3:hr>
          </ns3:TrackPointExtension>
        </extensions>
      </trkpt>
      <trkpt lat="33.15869134850800037384033203125" lon="103.87605671770870685577392578125">
        <ele>2479.60009765625</ele>
        <time>2026-05-19T04:30:30.000Z</time>
        <extensions>
          <ns3:TrackPointExtension>
            <ns3:hr>95</ns3:hr>
          </ns3:TrackPointExtension>
        </extensions>
      </trkpt>
      <trkpt lat="33.158706687390804290771484375" lon="103.87605822645127773284912109375">
        <ele>2479.39990234375</ele>
        <time>2026-05-19T04:30:54.000Z</time>
        <extensions>
          <ns3:TrackPointExtension>
            <ns3:hr>94</ns3:hr>
          </ns3:TrackPointExtension>
        </extensions>
      </trkpt>
      <trkpt lat="33.15872034989297389984130859375" lon="103.876088820397853851318359375">
        <ele>2478</ele>
        <time>2026-05-19T04:31:15.000Z</time>
        <extensions>
          <ns3:TrackPointExtension>
            <ns3:hr>97</ns3:hr>
          </ns3:TrackPointExtension>
        </extensions>
      </trkpt>
      <trkpt lat="33.15870610065758228302001953125" lon="103.87619501911103725433349609375">
        <ele>2474.39990234375</ele>
        <time>2026-05-19T04:31:42.000Z</time>
        <extensions>
          <ns3:TrackPointExtension>
            <ns3:hr>100</ns3:hr>
          </ns3:TrackPointExtension>
        </extensions>
      </trkpt>
      <trkpt lat="33.15876309759914875030517578125" lon="103.87624648399651050567626953125">
        <ele>2472.60009765625</ele>
        <time>2026-05-19T04:31:53.000Z</time>
        <extensions>
          <ns3:TrackPointExtension>
            <ns3:hr>101</ns3:hr>
          </ns3:TrackPointExtension>
        </extensions>
      </trkpt>
      <trkpt lat="33.1588198430836200714111328125" lon="103.87629191391170024871826171875">
        <ele>2472.199951171875</ele>
        <time>2026-05-19T04:31:57.000Z</time>
        <extensions>
          <ns3:TrackPointExtension>
            <ns3:hr>98</ns3:hr>
          </ns3:TrackPointExtension>
        </extensions>
      </trkpt>
      <trkpt lat="33.158850185573101043701171875" lon="103.87631789781153202056884765625">
        <ele>2472.60009765625</ele>
        <time>2026-05-19T04:32:00.000Z</time>
        <extensions>
          <ns3:TrackPointExtension>
            <ns3:hr>98</ns3:hr>
          </ns3:TrackPointExtension>
        </extensions>
      </trkpt>
      <trkpt lat="33.1588751636445522308349609375" lon="103.87634597718715667724609375">
        <ele>2473</ele>
        <time>2026-05-19T04:32:06.000Z</time>
        <extensions>
          <ns3:TrackPointExtension>
            <ns3:hr>97</ns3:hr>
          </ns3:TrackPointExtension>
        </extensions>
      </trkpt>
      <trkpt lat="33.158945739269256591796875" lon="103.87638009153306484222412109375">
        <ele>2474.199951171875</ele>
        <time>2026-05-19T04:32:14.000Z</time>
        <extensions>
          <ns3:TrackPointExtension>
            <ns3:hr>97</ns3:hr>
          </ns3:TrackPointExtension>
        </extensions>
      </trkpt>
      <trkpt lat="33.15900851972401142120361328125" lon="103.876427449285984039306640625">
        <ele>2475</ele>
        <time>2026-05-19T04:32:22.000Z</time>
        <extensions>
          <ns3:TrackPointExtension>
            <ns3:hr>97</ns3:hr>
          </ns3:TrackPointExtension>
        </extensions>
      </trkpt>
      <trkpt lat="33.15901086665689945220947265625" lon="103.87641546316444873809814453125">
        <ele>2475.199951171875</ele>
        <time>2026-05-19T04:32:29.000Z</time>
        <extensions>
          <ns3:TrackPointExtension>
            <ns3:hr>97</ns3:hr>
          </ns3:TrackPointExtension>
        </extensions>
      </trkpt>
      <trkpt lat="33.15901187248528003692626953125" lon="103.876416049897670745849609375">
        <ele>2475.199951171875</ele>
        <time>2026-05-19T04:32:36.000Z</time>
        <extensions>
          <ns3:TrackPointExtension>
            <ns3:hr>98</ns3:hr>
          </ns3:TrackPointExtension>
        </extensions>
      </trkpt>
      <trkpt lat="33.15901187248528003692626953125" lon="103.8764158822596073150634765625">
        <ele>2475.199951171875</ele>
        <time>2026-05-19T04:32:48.000Z</time>
        <extensions>
          <ns3:TrackPointExtension>
            <ns3:hr>95</ns3:hr>
          </ns3:TrackPointExtension>
        </extensions>
      </trkpt>
      <trkpt lat="33.15901204012334346771240234375" lon="103.8764115236699581146240234375">
        <ele>2475.199951171875</ele>
        <time>2026-05-19T04:32:57.000Z</time>
        <extensions>
          <ns3:TrackPointExtension>
            <ns3:hr>92</ns3:hr>
          </ns3:TrackPointExtension>
        </extensions>
      </trkpt>
      <trkpt lat="33.15901354886591434478759765625" lon="103.87639903463423252105712890625">
        <ele>2475.199951171875</ele>
        <time>2026-05-19T04:33:00.000Z</time>
        <extensions>
          <ns3:TrackPointExtension>
            <ns3:hr>89</ns3:hr>
          </ns3:TrackPointExtension>
        </extensions>
      </trkpt>
      <trkpt lat="33.15902176313102245330810546875" lon="103.8764044828712940216064453125">
        <ele>2475.39990234375</ele>
        <time>2026-05-19T04:33:24.000Z</time>
        <extensions>
          <ns3:TrackPointExtension>
            <ns3:hr>92</ns3:hr>
          </ns3:TrackPointExtension>
        </extensions>
      </trkpt>
      <trkpt lat="33.15899611450731754302978515625" lon="103.87633734382688999176025390625">
        <ele>2475.199951171875</ele>
        <time>2026-05-19T04:33:48.000Z</time>
        <extensions>
          <ns3:TrackPointExtension>
            <ns3:hr>89</ns3:hr>
          </ns3:TrackPointExtension>
        </extensions>
      </trkpt>
      <trkpt lat="33.1590032391250133514404296875" lon="103.87628965079784393310546875">
        <ele>2475.39990234375</ele>
        <time>2026-05-19T04:33:55.000Z</time>
        <extensions>
          <ns3:TrackPointExtension>
            <ns3:hr>86</ns3:hr>
          </ns3:TrackPointExtension>
        </extensions>
      </trkpt>
      <trkpt lat="33.1590434722602367401123046875" lon="103.87625922448933124542236328125">
        <ele>2476.39990234375</ele>
        <time>2026-05-19T04:33:59.000Z</time>
        <extensions>
          <ns3:TrackPointExtension>
            <ns3:hr>83</ns3:hr>
          </ns3:TrackPointExtension>
        </extensions>
      </trkpt>
      <trkpt lat="33.1590515188872814178466796875" lon="103.87625285424292087554931640625">
        <ele>2476.39990234375</ele>
        <time>2026-05-19T04:34:00.000Z</time>
        <extensions>
          <ns3:TrackPointExtension>
            <ns3:hr>83</ns3:hr>
          </ns3:TrackPointExtension>
        </extensions>
      </trkpt>
      <trkpt lat="33.15910122357308864593505859375" lon="103.876216225326061248779296875">
        <ele>2477.199951171875</ele>
        <time>2026-05-19T04:34:08.000Z</time>
        <extensions>
          <ns3:TrackPointExtension>
            <ns3:hr>84</ns3:hr>
          </ns3:TrackPointExtension>
        </extensions>
      </trkpt>
      <trkpt lat="33.15914489328861236572265625" lon="103.87621412985026836395263671875">
        <ele>2477.800048828125</ele>
        <time>2026-05-19T04:34:14.000Z</time>
        <extensions>
          <ns3:TrackPointExtension>
            <ns3:hr>84</ns3:hr>
          </ns3:TrackPointExtension>
        </extensions>
      </trkpt>
      <trkpt lat="33.1591557897627353668212890625" lon="103.8762133754789829254150390625">
        <ele>2478</ele>
        <time>2026-05-19T04:34:19.000Z</time>
        <extensions>
          <ns3:TrackPointExtension>
            <ns3:hr>87</ns3:hr>
          </ns3:TrackPointExtension>
        </extensions>
      </trkpt>
      <trkpt lat="33.15915553830564022064208984375" lon="103.8762127049267292022705078125">
        <ele>2478</ele>
        <time>2026-05-19T04:34:20.000Z</time>
        <extensions>
          <ns3:TrackPointExtension>
            <ns3:hr>87</ns3:hr>
          </ns3:TrackPointExtension>
        </extensions>
      </trkpt>
      <trkpt lat="33.159157298505306243896484375" lon="103.876211531460285186767578125">
        <ele>2478</ele>
        <time>2026-05-19T04:34:39.000Z</time>
        <extensions>
          <ns3:TrackPointExtension>
            <ns3:hr>88</ns3:hr>
          </ns3:TrackPointExtension>
        </extensions>
      </trkpt>
      <trkpt lat="33.159194849431514739990234375" lon="103.876178003847599029541015625">
        <ele>2479.60009765625</ele>
        <time>2026-05-19T04:35:15.000Z</time>
        <extensions>
          <ns3:TrackPointExtension>
            <ns3:hr>85</ns3:hr>
          </ns3:TrackPointExtension>
        </extensions>
      </trkpt>
      <trkpt lat="33.15919644199311733245849609375" lon="103.87617657892405986785888671875">
        <ele>2479.800048828125</ele>
        <time>2026-05-19T04:35:22.000Z</time>
        <extensions>
          <ns3:TrackPointExtension>
            <ns3:hr>88</ns3:hr>
          </ns3:TrackPointExtension>
        </extensions>
      </trkpt>
      <trkpt lat="33.15919996239244937896728515625" lon="103.87617238797247409820556640625">
        <ele>2480</ele>
        <time>2026-05-19T04:35:23.000Z</time>
        <extensions>
          <ns3:TrackPointExtension>
            <ns3:hr>85</ns3:hr>
          </ns3:TrackPointExtension>
        </extensions>
      </trkpt>
      <trkpt lat="33.15923047251999378204345703125" lon="103.8760812766849994659423828125">
        <ele>2483.39990234375</ele>
        <time>2026-05-19T04:35:28.000Z</time>
        <extensions>
          <ns3:TrackPointExtension>
            <ns3:hr>86</ns3:hr>
          </ns3:TrackPointExtension>
        </extensions>
      </trkpt>
      <trkpt lat="33.15926031209528446197509765625" lon="103.87605655007064342498779296875">
        <ele>2484.199951171875</ele>
        <time>2026-05-19T04:35:35.000Z</time>
        <extensions>
          <ns3:TrackPointExtension>
            <ns3:hr>85</ns3:hr>
          </ns3:TrackPointExtension>
        </extensions>
      </trkpt>
      <trkpt lat="33.15925964154303073883056640625" lon="103.8760529458522796630859375">
        <ele>2484.39990234375</ele>
        <time>2026-05-19T04:35:40.000Z</time>
        <extensions>
          <ns3:TrackPointExtension>
            <ns3:hr>86</ns3:hr>
          </ns3:TrackPointExtension>
        </extensions>
      </trkpt>
      <trkpt lat="33.15927355550229549407958984375" lon="103.8759977929294109344482421875">
        <ele>2486</ele>
        <time>2026-05-19T04:35:49.000Z</time>
        <extensions>
          <ns3:TrackPointExtension>
            <ns3:hr>85</ns3:hr>
          </ns3:TrackPointExtension>
        </extensions>
      </trkpt>
      <trkpt lat="33.1592952646315097808837890625" lon="103.87593685649335384368896484375">
        <ele>2487.800048828125</ele>
        <time>2026-05-19T04:35:57.000Z</time>
        <extensions>
          <ns3:TrackPointExtension>
            <ns3:hr>87</ns3:hr>
          </ns3:TrackPointExtension>
        </extensions>
      </trkpt>
      <trkpt lat="33.15929937176406383514404296875" lon="103.87592193670570850372314453125">
        <ele>2488.60009765625</ele>
        <time>2026-05-19T04:35:58.000Z</time>
        <extensions>
          <ns3:TrackPointExtension>
            <ns3:hr>87</ns3:hr>
          </ns3:TrackPointExtension>
        </extensions>
      </trkpt>
      <trkpt lat="33.159304820001125335693359375" lon="103.87587248347699642181396484375">
        <ele>2491.199951171875</ele>
        <time>2026-05-19T04:36:04.000Z</time>
        <extensions>
          <ns3:TrackPointExtension>
            <ns3:hr>87</ns3:hr>
          </ns3:TrackPointExtension>
        </extensions>
      </trkpt>
      <trkpt lat="33.15937229432165622711181640625" lon="103.8758737407624721527099609375">
        <ele>2490.800048828125</ele>
        <time>2026-05-19T04:36:10.000Z</time>
        <extensions>
          <ns3:TrackPointExtension>
            <ns3:hr>89</ns3:hr>
          </ns3:TrackPointExtension>
        </extensions>
      </trkpt>
      <trkpt lat="33.15941504202783107757568359375" lon="103.87588472105562686920166015625">
        <ele>2490.199951171875</ele>
        <time>2026-05-19T04:36:16.000Z</time>
        <extensions>
          <ns3:TrackPointExtension>
            <ns3:hr>90</ns3:hr>
          </ns3:TrackPointExtension>
        </extensions>
      </trkpt>
      <trkpt lat="33.159487880766391754150390625" lon="103.87587348930537700653076171875">
        <ele>2490.800048828125</ele>
        <time>2026-05-19T04:36:23.000Z</time>
        <extensions>
          <ns3:TrackPointExtension>
            <ns3:hr>90</ns3:hr>
          </ns3:TrackPointExtension>
        </extensions>
      </trkpt>
      <trkpt lat="33.15952803008258342742919921875" lon="103.875865526497364044189453125">
        <ele>2491.199951171875</ele>
        <time>2026-05-19T04:36:29.000Z</time>
        <extensions>
          <ns3:TrackPointExtension>
            <ns3:hr>90</ns3:hr>
          </ns3:TrackPointExtension>
        </extensions>
      </trkpt>
      <trkpt lat="33.1595510803163051605224609375" lon="103.87586510740220546722412109375">
        <ele>2491.199951171875</ele>
        <time>2026-05-19T04:36:36.000Z</time>
        <extensions>
          <ns3:TrackPointExtension>
            <ns3:hr>90</ns3:hr>
          </ns3:TrackPointExtension>
        </extensions>
      </trkpt>
      <trkpt lat="33.15956088714301586151123046875" lon="103.87579721398651599884033203125">
        <ele>2493</ele>
        <time>2026-05-19T04:36:42.000Z</time>
        <extensions>
          <ns3:TrackPointExtension>
            <ns3:hr>90</ns3:hr>
          </ns3:TrackPointExtension>
        </extensions>
      </trkpt>
      <trkpt lat="33.1595934927463531494140625" lon="103.8757614232599735260009765625">
        <ele>2493.60009765625</ele>
        <time>2026-05-19T04:36:48.000Z</time>
        <extensions>
          <ns3:TrackPointExtension>
            <ns3:hr>90</ns3:hr>
          </ns3:TrackPointExtension>
        </extensions>
      </trkpt>
      <trkpt lat="33.1596392579376697540283203125" lon="103.87573787011206150054931640625">
        <ele>2493.800048828125</ele>
        <time>2026-05-19T04:36:55.000Z</time>
        <extensions>
          <ns3:TrackPointExtension>
            <ns3:hr>91</ns3:hr>
          </ns3:TrackPointExtension>
        </extensions>
      </trkpt>
      <trkpt lat="33.15967119298875331878662109375" lon="103.8757128082215785980224609375">
        <ele>2495</ele>
        <time>2026-05-19T04:37:01.000Z</time>
        <extensions>
          <ns3:TrackPointExtension>
            <ns3:hr>93</ns3:hr>
          </ns3:TrackPointExtension>
        </extensions>
      </trkpt>
      <trkpt lat="33.15970589406788349151611328125" lon="103.87571121565997600555419921875">
        <ele>2495</ele>
        <time>2026-05-19T04:37:05.000Z</time>
        <extensions>
          <ns3:TrackPointExtension>
            <ns3:hr>90</ns3:hr>
          </ns3:TrackPointExtension>
        </extensions>
      </trkpt>
      <trkpt lat="33.15971829928457736968994140625" lon="103.8757158257067203521728515625">
        <ele>2494.800048828125</ele>
        <time>2026-05-19T04:37:09.000Z</time>
        <extensions>
          <ns3:TrackPointExtension>
            <ns3:hr>90</ns3:hr>
          </ns3:TrackPointExtension>
        </extensions>
      </trkpt>
      <trkpt lat="33.15978703089058399200439453125" lon="103.875733427703380584716796875">
        <ele>2494.39990234375</ele>
        <time>2026-05-19T04:37:15.000Z</time>
        <extensions>
          <ns3:TrackPointExtension>
            <ns3:hr>90</ns3:hr>
          </ns3:TrackPointExtension>
        </extensions>
      </trkpt>
      <trkpt lat="33.15983531065285205841064453125" lon="103.87576318345963954925537109375">
        <ele>2493.800048828125</ele>
        <time>2026-05-19T04:37:20.000Z</time>
        <extensions>
          <ns3:TrackPointExtension>
            <ns3:hr>89</ns3:hr>
          </ns3:TrackPointExtension>
        </extensions>
      </trkpt>
      <trkpt lat="33.15985961817204952239990234375" lon="103.87578866444528102874755859375">
        <ele>2493.39990234375</ele>
        <time>2026-05-19T04:37:27.000Z</time>
        <extensions>
          <ns3:TrackPointExtension>
            <ns3:hr>90</ns3:hr>
          </ns3:TrackPointExtension>
        </extensions>
      </trkpt>
      <trkpt lat="33.1598595343530178070068359375" lon="103.87581146322190761566162109375">
        <ele>2493</ele>
        <time>2026-05-19T04:37:37.000Z</time>
        <extensions>
          <ns3:TrackPointExtension>
            <ns3:hr>91</ns3:hr>
          </ns3:TrackPointExtension>
        </extensions>
      </trkpt>
      <trkpt lat="33.15987168811261653900146484375" lon="103.8758103735744953155517578125">
        <ele>2493</ele>
        <time>2026-05-19T04:37:55.000Z</time>
        <extensions>
          <ns3:TrackPointExtension>
            <ns3:hr>88</ns3:hr>
          </ns3:TrackPointExtension>
        </extensions>
      </trkpt>
      <trkpt lat="33.15987654961645603179931640625" lon="103.87581028975546360015869140625">
        <ele>2493</ele>
        <time>2026-05-19T04:37:58.000Z</time>
        <extensions>
          <ns3:TrackPointExtension>
            <ns3:hr>85</ns3:hr>
          </ns3:TrackPointExtension>
        </extensions>
      </trkpt>
      <trkpt lat="33.15988208167254924774169921875" lon="103.87581045739352703094482421875">
        <ele>2493</ele>
        <time>2026-05-19T04:38:02.000Z</time>
        <extensions>
          <ns3:TrackPointExtension>
            <ns3:hr>85</ns3:hr>
          </ns3:TrackPointExtension>
        </extensions>
      </trkpt>
      <trkpt lat="33.15988258458673954010009765625" lon="103.87581045739352703094482421875">
        <ele>2493</ele>
        <time>2026-05-19T04:38:05.000Z</time>
        <extensions>
          <ns3:TrackPointExtension>
            <ns3:hr>82</ns3:hr>
          </ns3:TrackPointExtension>
        </extensions>
      </trkpt>
      <trkpt lat="33.1598833389580249786376953125" lon="103.87581045739352703094482421875">
        <ele>2493</ele>
        <time>2026-05-19T04:38:10.000Z</time>
        <extensions>
          <ns3:TrackPointExtension>
            <ns3:hr>77</ns3:hr>
          </ns3:TrackPointExtension>
        </extensions>
      </trkpt>
      <trkpt lat="33.1598858535289764404296875" lon="103.8758113794028759002685546875">
        <ele>2492.800048828125</ele>
        <time>2026-05-19T04:38:16.000Z</time>
        <extensions>
          <ns3:TrackPointExtension>
            <ns3:hr>74</ns3:hr>
          </ns3:TrackPointExtension>
        </extensions>
      </trkpt>
      <trkpt lat="33.1598913855850696563720703125" lon="103.87582202441990375518798828125">
        <ele>2492.800048828125</ele>
        <time>2026-05-19T04:38:23.000Z</time>
        <extensions>
          <ns3:TrackPointExtension>
            <ns3:hr>78</ns3:hr>
          </ns3:TrackPointExtension>
        </extensions>
      </trkpt>
      <trkpt lat="33.159895241260528564453125" lon="103.8758314959704875946044921875">
        <ele>2492.60009765625</ele>
        <time>2026-05-19T04:38:24.000Z</time>
        <extensions>
          <ns3:TrackPointExtension>
            <ns3:hr>75</ns3:hr>
          </ns3:TrackPointExtension>
        </extensions>
      </trkpt>
      <trkpt lat="33.159907646477222442626953125" lon="103.87589662335813045501708984375">
        <ele>2491.60009765625</ele>
        <time>2026-05-19T04:38:50.000Z</time>
        <extensions>
          <ns3:TrackPointExtension>
            <ns3:hr>72</ns3:hr>
          </ns3:TrackPointExtension>
        </extensions>
      </trkpt>
      <trkpt lat="33.15989834256470203399658203125" lon="103.8759280554950237274169921875">
        <ele>2491.199951171875</ele>
        <time>2026-05-19T04:38:52.000Z</time>
        <extensions>
          <ns3:TrackPointExtension>
            <ns3:hr>71</ns3:hr>
          </ns3:TrackPointExtension>
        </extensions>
      </trkpt>
      <trkpt lat="33.1598803214728832244873046875" lon="103.87597717344760894775390625">
        <ele>2489.60009765625</ele>
        <time>2026-05-19T04:38:59.000Z</time>
        <extensions>
          <ns3:TrackPointExtension>
            <ns3:hr>72</ns3:hr>
          </ns3:TrackPointExtension>
        </extensions>
      </trkpt>
      <trkpt lat="33.15987286157906055450439453125" lon="103.87598228640854358673095703125">
        <ele>2489.39990234375</ele>
        <time>2026-05-19T04:39:10.000Z</time>
        <extensions>
          <ns3:TrackPointExtension>
            <ns3:hr>75</ns3:hr>
          </ns3:TrackPointExtension>
        </extensions>
      </trkpt>
      <trkpt lat="33.15986414439976215362548828125" lon="103.8759930990636348724365234375">
        <ele>2489</ele>
        <time>2026-05-19T04:39:16.000Z</time>
        <extensions>
          <ns3:TrackPointExtension>
            <ns3:hr>74</ns3:hr>
          </ns3:TrackPointExtension>
        </extensions>
      </trkpt>
      <trkpt lat="33.15986414439976215362548828125" lon="103.87599267996847629547119140625">
        <ele>2489</ele>
        <time>2026-05-19T04:39:25.000Z</time>
        <extensions>
          <ns3:TrackPointExtension>
            <ns3:hr>77</ns3:hr>
          </ns3:TrackPointExtension>
        </extensions>
      </trkpt>
      <trkpt lat="33.15986573696136474609375" lon="103.87599083594977855682373046875">
        <ele>2489</ele>
        <time>2026-05-19T04:39:32.000Z</time>
        <extensions>
          <ns3:TrackPointExtension>
            <ns3:hr>80</ns3:hr>
          </ns3:TrackPointExtension>
        </extensions>
      </trkpt>
      <trkpt lat="33.15990068949759006500244140625" lon="103.8760065101087093353271484375">
        <ele>2489</ele>
        <time>2026-05-19T04:39:37.000Z</time>
        <extensions>
          <ns3:TrackPointExtension>
            <ns3:hr>83</ns3:hr>
          </ns3:TrackPointExtension>
        </extensions>
      </trkpt>
      <trkpt lat="33.15992751158773899078369140625" lon="103.87600558809936046600341796875">
        <ele>2489</ele>
        <time>2026-05-19T04:39:39.000Z</time>
        <extensions>
          <ns3:TrackPointExtension>
            <ns3:hr>83</ns3:hr>
          </ns3:TrackPointExtension>
        </extensions>
      </trkpt>
      <trkpt lat="33.1600214727222919464111328125" lon="103.8760127127170562744140625">
        <ele>2488.60009765625</ele>
        <time>2026-05-19T04:39:47.000Z</time>
        <extensions>
          <ns3:TrackPointExtension>
            <ns3:hr>83</ns3:hr>
          </ns3:TrackPointExtension>
        </extensions>
      </trkpt>
      <trkpt lat="33.16007335670292377471923828125" lon="103.87603576295077800750732421875">
        <ele>2488</ele>
        <time>2026-05-19T04:39:54.000Z</time>
        <extensions>
          <ns3:TrackPointExtension>
            <ns3:hr>83</ns3:hr>
          </ns3:TrackPointExtension>
        </extensions>
      </trkpt>
      <trkpt lat="33.16011392511427402496337890625" lon="103.8760923407971858978271484375">
        <ele>2486.39990234375</ele>
        <time>2026-05-19T04:40:02.000Z</time>
        <extensions>
          <ns3:TrackPointExtension>
            <ns3:hr>84</ns3:hr>
          </ns3:TrackPointExtension>
        </extensions>
      </trkpt>
      <trkpt lat="33.16012331284582614898681640625" lon="103.8761889003217220306396484375">
        <ele>2483.800048828125</ele>
        <time>2026-05-19T04:40:09.000Z</time>
        <extensions>
          <ns3:TrackPointExtension>
            <ns3:hr>83</ns3:hr>
          </ns3:TrackPointExtension>
        </extensions>
      </trkpt>
      <trkpt lat="33.16014259122312068939208984375" lon="103.87622334994375705718994140625">
        <ele>2482.800048828125</ele>
        <time>2026-05-19T04:40:13.000Z</time>
        <extensions>
          <ns3:TrackPointExtension>
            <ns3:hr>86</ns3:hr>
          </ns3:TrackPointExtension>
        </extensions>
      </trkpt>
      <trkpt lat="33.16014896146953105926513671875" lon="103.8762301392853260040283203125">
        <ele>2482.60009765625</ele>
        <time>2026-05-19T04:40:14.000Z</time>
        <extensions>
          <ns3:TrackPointExtension>
            <ns3:hr>83</ns3:hr>
          </ns3:TrackPointExtension>
        </extensions>
      </trkpt>
      <trkpt lat="33.1601609475910663604736328125" lon="103.8762512616813182830810546875">
        <ele>2482</ele>
        <time>2026-05-19T04:40:16.000Z</time>
        <extensions>
          <ns3:TrackPointExtension>
            <ns3:hr>83</ns3:hr>
          </ns3:TrackPointExtension>
        </extensions>
      </trkpt>
      <trkpt lat="33.16018550656735897064208984375" lon="103.87632560916244983673095703125">
        <ele>2479.800048828125</ele>
        <time>2026-05-19T04:40:23.000Z</time>
        <extensions>
          <ns3:TrackPointExtension>
            <ns3:hr>82</ns3:hr>
          </ns3:TrackPointExtension>
        </extensions>
      </trkpt>
      <trkpt lat="33.1602427549660205841064453125" lon="103.87635511346161365509033203125">
        <ele>2479</ele>
        <time>2026-05-19T04:40:29.000Z</time>
        <extensions>
          <ns3:TrackPointExtension>
            <ns3:hr>79</ns3:hr>
          </ns3:TrackPointExtension>
        </extensions>
      </trkpt>
      <trkpt lat="33.160251639783382415771484375" lon="103.87636751867830753326416015625">
        <ele>2478.60009765625</ele>
        <time>2026-05-19T04:40:30.000Z</time>
        <extensions>
          <ns3:TrackPointExtension>
            <ns3:hr>78</ns3:hr>
          </ns3:TrackPointExtension>
        </extensions>
      </trkpt>
      <trkpt lat="33.16028089262545108795166015625" lon="103.8763991184532642364501953125">
        <ele>2477.800048828125</ele>
        <time>2026-05-19T04:40:32.000Z</time>
        <extensions>
          <ns3:TrackPointExtension>
            <ns3:hr>81</ns3:hr>
          </ns3:TrackPointExtension>
        </extensions>
      </trkpt>
      <trkpt lat="33.16032716073095798492431640625" lon="103.87644865550100803375244140625">
        <ele>2476.199951171875</ele>
        <time>2026-05-19T04:40:37.000Z</time>
        <extensions>
          <ns3:TrackPointExtension>
            <ns3:hr>81</ns3:hr>
          </ns3:TrackPointExtension>
        </extensions>
      </trkpt>
      <trkpt lat="33.16035046242177486419677734375" lon="103.8765048980712890625">
        <ele>2474.800048828125</ele>
        <time>2026-05-19T04:40:43.000Z</time>
        <extensions>
          <ns3:TrackPointExtension>
            <ns3:hr>80</ns3:hr>
          </ns3:TrackPointExtension>
        </extensions>
      </trkpt>
      <trkpt lat="33.16035029478371143341064453125" lon="103.8765201531350612640380859375">
        <ele>2474.60009765625</ele>
        <time>2026-05-19T04:40:44.000Z</time>
        <extensions>
          <ns3:TrackPointExtension>
            <ns3:hr>83</ns3:hr>
          </ns3:TrackPointExtension>
        </extensions>
      </trkpt>
      <trkpt lat="33.16034710966050624847412109375" lon="103.87653733603656291961669921875">
        <ele>2474.39990234375</ele>
        <time>2026-05-19T04:40:45.000Z</time>
        <extensions>
          <ns3:TrackPointExtension>
            <ns3:hr>81</ns3:hr>
          </ns3:TrackPointExtension>
        </extensions>
      </trkpt>
      <trkpt lat="33.16035054624080657958984375" lon="103.8765670917928218841552734375">
        <ele>2474</ele>
        <time>2026-05-19T04:40:47.000Z</time>
        <extensions>
          <ns3:TrackPointExtension>
            <ns3:hr>81</ns3:hr>
          </ns3:TrackPointExtension>
        </extensions>
      </trkpt>
      <trkpt lat="33.1603567488491535186767578125" lon="103.87660749256610870361328125">
        <ele>2473.39990234375</ele>
        <time>2026-05-19T04:40:50.000Z</time>
        <extensions>
          <ns3:TrackPointExtension>
            <ns3:hr>82</ns3:hr>
          </ns3:TrackPointExtension>
        </extensions>
      </trkpt>
      <trkpt lat="33.16035926342010498046875" lon="103.876620568335056304931640625">
        <ele>2473.199951171875</ele>
        <time>2026-05-19T04:40:51.000Z</time>
        <extensions>
          <ns3:TrackPointExtension>
            <ns3:hr>83</ns3:hr>
          </ns3:TrackPointExtension>
        </extensions>
      </trkpt>
      <trkpt lat="33.1603979878127574920654296875" lon="103.876688964664936065673828125">
        <ele>2472.199951171875</ele>
        <time>2026-05-19T04:40:59.000Z</time>
        <extensions>
          <ns3:TrackPointExtension>
            <ns3:hr>84</ns3:hr>
          </ns3:TrackPointExtension>
        </extensions>
      </trkpt>
      <trkpt lat="33.1604544818401336669921875" lon="103.87677487917244434356689453125">
        <ele>2471</ele>
        <time>2026-05-19T04:41:09.000Z</time>
        <extensions>
          <ns3:TrackPointExtension>
            <ns3:hr>84</ns3:hr>
          </ns3:TrackPointExtension>
        </extensions>
      </trkpt>
      <trkpt lat="33.1604905240237712860107421875" lon="103.8768473826348781585693359375">
        <ele>2470</ele>
        <time>2026-05-19T04:41:17.000Z</time>
        <extensions>
          <ns3:TrackPointExtension>
            <ns3:hr>84</ns3:hr>
          </ns3:TrackPointExtension>
        </extensions>
      </trkpt>
      <trkpt lat="33.16048993729054927825927734375" lon="103.87685098685324192047119140625">
        <ele>2470</ele>
        <time>2026-05-19T04:41:18.000Z</time>
        <extensions>
          <ns3:TrackPointExtension>
            <ns3:hr>87</ns3:hr>
          </ns3:TrackPointExtension>
        </extensions>
      </trkpt>
      <trkpt lat="33.16049245186150074005126953125" lon="103.876855261623859405517578125">
        <ele>2470</ele>
        <time>2026-05-19T04:41:22.000Z</time>
        <extensions>
          <ns3:TrackPointExtension>
            <ns3:hr>84</ns3:hr>
          </ns3:TrackPointExtension>
        </extensions>
      </trkpt>
      <trkpt lat="33.16049127839505672454833984375" lon="103.87685819528996944427490234375">
        <ele>2469.800048828125</ele>
        <time>2026-05-19T04:41:25.000Z</time>
        <extensions>
          <ns3:TrackPointExtension>
            <ns3:hr>83</ns3:hr>
          </ns3:TrackPointExtension>
        </extensions>
      </trkpt>
      <trkpt lat="33.1604891829192638397216796875" lon="103.87685903348028659820556640625">
        <ele>2469.800048828125</ele>
        <time>2026-05-19T04:41:52.000Z</time>
        <extensions>
          <ns3:TrackPointExtension>
            <ns3:hr>80</ns3:hr>
          </ns3:TrackPointExtension>
        </extensions>
      </trkpt>
      <trkpt lat="33.160485327243804931640625" lon="103.876859955489635467529296875">
        <ele>2469.800048828125</ele>
        <time>2026-05-19T04:42:26.000Z</time>
        <extensions>
          <ns3:TrackPointExtension>
            <ns3:hr>77</ns3:hr>
          </ns3:TrackPointExtension>
        </extensions>
      </trkpt>
      <trkpt lat="33.16054190509021282196044921875" lon="103.8769047148525714874267578125">
        <ele>2469.39990234375</ele>
        <time>2026-05-19T04:42:37.000Z</time>
        <extensions>
          <ns3:TrackPointExtension>
            <ns3:hr>77</ns3:hr>
          </ns3:TrackPointExtension>
        </extensions>
      </trkpt>
      <trkpt lat="33.160594962537288665771484375" lon="103.8769194670021533966064453125">
        <ele>2469.39990234375</ele>
        <time>2026-05-19T04:42:40.000Z</time>
        <extensions>
          <ns3:TrackPointExtension>
            <ns3:hr>77</ns3:hr>
          </ns3:TrackPointExtension>
        </extensions>
      </trkpt>
      <trkpt lat="33.16064315848052501678466796875" lon="103.876906894147396087646484375">
        <ele>2469.800048828125</ele>
        <time>2026-05-19T04:42:45.000Z</time>
        <extensions>
          <ns3:TrackPointExtension>
            <ns3:hr>77</ns3:hr>
          </ns3:TrackPointExtension>
        </extensions>
      </trkpt>
      <trkpt lat="33.160651624202728271484375" lon="103.87689239345490932464599609375">
        <ele>2470.199951171875</ele>
        <time>2026-05-19T04:42:47.000Z</time>
        <extensions>
          <ns3:TrackPointExtension>
            <ns3:hr>74</ns3:hr>
          </ns3:TrackPointExtension>
        </extensions>
      </trkpt>
      <trkpt lat="33.16065229475498199462890625" lon="103.8768872804939746856689453125">
        <ele>2470.199951171875</ele>
        <time>2026-05-19T04:42:48.000Z</time>
        <extensions>
          <ns3:TrackPointExtension>
            <ns3:hr>77</ns3:hr>
          </ns3:TrackPointExtension>
        </extensions>
      </trkpt>
      <trkpt lat="33.16067031584680080413818359375" lon="103.87687630020081996917724609375">
        <ele>2470.60009765625</ele>
        <time>2026-05-19T04:42:50.000Z</time>
        <extensions>
          <ns3:TrackPointExtension>
            <ns3:hr>78</ns3:hr>
          </ns3:TrackPointExtension>
        </extensions>
      </trkpt>
      <trkpt lat="33.16071574576199054718017578125" lon="103.8768812455236911773681640625">
        <ele>2470.800048828125</ele>
        <time>2026-05-19T04:42:54.000Z</time>
        <extensions>
          <ns3:TrackPointExtension>
            <ns3:hr>77</ns3:hr>
          </ns3:TrackPointExtension>
        </extensions>
      </trkpt>
      <trkpt lat="33.160726390779018402099609375" lon="103.87688619084656238555908203125">
        <ele>2470.800048828125</ele>
        <time>2026-05-19T04:42:55.000Z</time>
        <extensions>
          <ns3:TrackPointExtension>
            <ns3:hr>74</ns3:hr>
          </ns3:TrackPointExtension>
        </extensions>
      </trkpt>
      <trkpt lat="33.16073544323444366455078125" lon="103.87688870541751384735107421875">
        <ele>2470.800048828125</ele>
        <time>2026-05-19T04:42:56.000Z</time>
        <extensions>
          <ns3:TrackPointExtension>
            <ns3:hr>77</ns3:hr>
          </ns3:TrackPointExtension>
        </extensions>
      </trkpt>
      <trkpt lat="33.16074558533728122711181640625" lon="103.87689289636909961700439453125">
        <ele>2470.800048828125</ele>
        <time>2026-05-19T04:42:57.000Z</time>
        <extensions>
          <ns3:TrackPointExtension>
            <ns3:hr>77</ns3:hr>
          </ns3:TrackPointExtension>
        </extensions>
      </trkpt>
      <trkpt lat="33.16083024255931377410888671875" lon="103.87692290358245372772216796875">
        <ele>2471.199951171875</ele>
        <time>2026-05-19T04:43:06.000Z</time>
        <extensions>
          <ns3:TrackPointExtension>
            <ns3:hr>78</ns3:hr>
          </ns3:TrackPointExtension>
        </extensions>
      </trkpt>
      <trkpt lat="33.16085346043109893798828125" lon="103.87691401876509189605712890625">
        <ele>2471.60009765625</ele>
        <time>2026-05-19T04:43:14.000Z</time>
        <extensions>
          <ns3:TrackPointExtension>
            <ns3:hr>79</ns3:hr>
          </ns3:TrackPointExtension>
        </extensions>
      </trkpt>
      <trkpt lat="33.16089645959436893463134765625" lon="103.876941092312335968017578125">
        <ele>2471.60009765625</ele>
        <time>2026-05-19T04:43:23.000Z</time>
        <extensions>
          <ns3:TrackPointExtension>
            <ns3:hr>79</ns3:hr>
          </ns3:TrackPointExtension>
        </extensions>
      </trkpt>
      <trkpt lat="33.16092646680772304534912109375" lon="103.87696900404989719390869140625">
        <ele>2471.39990234375</ele>
        <time>2026-05-19T04:43:27.000Z</time>
        <extensions>
          <ns3:TrackPointExtension>
            <ns3:hr>83</ns3:hr>
          </ns3:TrackPointExtension>
        </extensions>
      </trkpt>
      <trkpt lat="33.1609471701085567474365234375" lon="103.87698300182819366455078125">
        <ele>2471.39990234375</ele>
        <time>2026-05-19T04:43:30.000Z</time>
        <extensions>
          <ns3:TrackPointExtension>
            <ns3:hr>79</ns3:hr>
          </ns3:TrackPointExtension>
        </extensions>
      </trkpt>
      <trkpt lat="33.1609558872878551483154296875" lon="103.8769881986081600189208984375">
        <ele>2471.39990234375</ele>
        <time>2026-05-19T04:43:31.000Z</time>
        <extensions>
          <ns3:TrackPointExtension>
            <ns3:hr>81</ns3:hr>
          </ns3:TrackPointExtension>
        </extensions>
      </trkpt>
      <trkpt lat="33.16102185286581516265869140625" lon="103.8770482130348682403564453125">
        <ele>2471</ele>
        <time>2026-05-19T04:43:39.000Z</time>
        <extensions>
          <ns3:TrackPointExtension>
            <ns3:hr>83</ns3:hr>
          </ns3:TrackPointExtension>
        </extensions>
      </trkpt>
      <trkpt lat="33.1611070968210697174072265625" lon="103.877097330987453460693359375">
        <ele>2472</ele>
        <time>2026-05-19T04:43:49.000Z</time>
        <extensions>
          <ns3:TrackPointExtension>
            <ns3:hr>83</ns3:hr>
          </ns3:TrackPointExtension>
        </extensions>
      </trkpt>
      <trkpt lat="33.16112168133258819580078125" lon="103.87710495851933956146240234375">
        <ele>2472.199951171875</ele>
        <time>2026-05-19T04:43:51.000Z</time>
        <extensions>
          <ns3:TrackPointExtension>
            <ns3:hr>86</ns3:hr>
          </ns3:TrackPointExtension>
        </extensions>
      </trkpt>
      <trkpt lat="33.1611496768891811370849609375" lon="103.8771122507750988006591796875">
        <ele>2472.39990234375</ele>
        <time>2026-05-19T04:43:54.000Z</time>
        <extensions>
          <ns3:TrackPointExtension>
            <ns3:hr>89</ns3:hr>
          </ns3:TrackPointExtension>
        </extensions>
      </trkpt>
      <trkpt lat="33.16116015426814556121826171875" lon="103.87711769901216030120849609375">
        <ele>2472.60009765625</ele>
        <time>2026-05-19T04:43:55.000Z</time>
        <extensions>
          <ns3:TrackPointExtension>
            <ns3:hr>89</ns3:hr>
          </ns3:TrackPointExtension>
        </extensions>
      </trkpt>
      <trkpt lat="33.161214888095855712890625" lon="103.87714753858745098114013671875">
        <ele>2473.199951171875</ele>
        <time>2026-05-19T04:44:00.000Z</time>
        <extensions>
          <ns3:TrackPointExtension>
            <ns3:hr>93</ns3:hr>
          </ns3:TrackPointExtension>
        </extensions>
      </trkpt>
      <trkpt lat="33.161238022148609161376953125" lon="103.87716765515506267547607421875">
        <ele>2473.39990234375</ele>
        <time>2026-05-19T04:44:02.000Z</time>
        <extensions>
          <ns3:TrackPointExtension>
            <ns3:hr>93</ns3:hr>
          </ns3:TrackPointExtension>
        </extensions>
      </trkpt>
      <trkpt lat="33.16124816425144672393798828125" lon="103.87717637233436107635498046875">
        <ele>2473.39990234375</ele>
        <time>2026-05-19T04:44:03.000Z</time>
        <extensions>
          <ns3:TrackPointExtension>
            <ns3:hr>94</ns3:hr>
          </ns3:TrackPointExtension>
        </extensions>
      </trkpt>
      <trkpt lat="33.1612938456237316131591796875" lon="103.87722213752567768096923828125">
        <ele>2473.800048828125</ele>
        <time>2026-05-19T04:44:07.000Z</time>
        <extensions>
          <ns3:TrackPointExtension>
            <ns3:hr>97</ns3:hr>
          </ns3:TrackPointExtension>
        </extensions>
      </trkpt>
      <trkpt lat="33.1613126210868358612060546875" lon="103.87723202817142009735107421875">
        <ele>2474</ele>
        <time>2026-05-19T04:44:09.000Z</time>
        <extensions>
          <ns3:TrackPointExtension>
            <ns3:hr>94</ns3:hr>
          </ns3:TrackPointExtension>
        </extensions>
      </trkpt>
      <trkpt lat="33.161378838121891021728515625" lon="103.87727024964988231658935546875">
        <ele>2475</ele>
        <time>2026-05-19T04:44:17.000Z</time>
        <extensions>
          <ns3:TrackPointExtension>
            <ns3:hr>95</ns3:hr>
          </ns3:TrackPointExtension>
        </extensions>
      </trkpt>
      <trkpt lat="33.16145134158432483673095703125" lon="103.87734065763652324676513671875">
        <ele>2476</ele>
        <time>2026-05-19T04:44:25.000Z</time>
        <extensions>
          <ns3:TrackPointExtension>
            <ns3:hr>92</ns3:hr>
          </ns3:TrackPointExtension>
        </extensions>
      </trkpt>
      <trkpt lat="33.16147967241704463958740234375" lon="103.87739337980747222900390625">
        <ele>2476.800048828125</ele>
        <time>2026-05-19T04:44:29.000Z</time>
        <extensions>
          <ns3:TrackPointExtension>
            <ns3:hr>95</ns3:hr>
          </ns3:TrackPointExtension>
        </extensions>
      </trkpt>
      <trkpt lat="33.1614893116056919097900390625" lon="103.877422548830509185791015625">
        <ele>2477.199951171875</ele>
        <time>2026-05-19T04:44:31.000Z</time>
        <extensions>
          <ns3:TrackPointExtension>
            <ns3:hr>98</ns3:hr>
          </ns3:TrackPointExtension>
        </extensions>
      </trkpt>
      <trkpt lat="33.16149945370852947235107421875" lon="103.87745029293000698089599609375">
        <ele>2477.60009765625</ele>
        <time>2026-05-19T04:44:33.000Z</time>
        <extensions>
          <ns3:TrackPointExtension>
            <ns3:hr>95</ns3:hr>
          </ns3:TrackPointExtension>
        </extensions>
      </trkpt>
      <trkpt lat="33.16150263883173465728759765625" lon="103.87747443281114101409912109375">
        <ele>2477.800048828125</ele>
        <time>2026-05-19T04:44:35.000Z</time>
        <extensions>
          <ns3:TrackPointExtension>
            <ns3:hr>95</ns3:hr>
          </ns3:TrackPointExtension>
        </extensions>
      </trkpt>
      <trkpt lat="33.16150967963039875030517578125" lon="103.87750745750963687896728515625">
        <ele>2478.199951171875</ele>
        <time>2026-05-19T04:44:37.000Z</time>
        <extensions>
          <ns3:TrackPointExtension>
            <ns3:hr>94</ns3:hr>
          </ns3:TrackPointExtension>
        </extensions>
      </trkpt>
      <trkpt lat="33.16153599880635738372802734375" lon="103.87760535813868045806884765625">
        <ele>2479.199951171875</ele>
        <time>2026-05-19T04:44:44.000Z</time>
        <extensions>
          <ns3:TrackPointExtension>
            <ns3:hr>96</ns3:hr>
          </ns3:TrackPointExtension>
        </extensions>
      </trkpt>
      <trkpt lat="33.161534406244754791259765625" lon="103.8777234591543674468994140625">
        <ele>2479.60009765625</ele>
        <time>2026-05-19T04:44:51.000Z</time>
        <extensions>
          <ns3:TrackPointExtension>
            <ns3:hr>99</ns3:hr>
          </ns3:TrackPointExtension>
        </extensions>
      </trkpt>
      <trkpt lat="33.16152979619801044464111328125" lon="103.8777435757219791412353515625">
        <ele>2479.60009765625</ele>
        <time>2026-05-19T04:44:52.000Z</time>
        <extensions>
          <ns3:TrackPointExtension>
            <ns3:hr>95</ns3:hr>
          </ns3:TrackPointExtension>
        </extensions>
      </trkpt>
      <trkpt lat="33.16152937710285186767578125" lon="103.8777583278715610504150390625">
        <ele>2479.60009765625</ele>
        <time>2026-05-19T04:44:53.000Z</time>
        <extensions>
          <ns3:TrackPointExtension>
            <ns3:hr>96</ns3:hr>
          </ns3:TrackPointExtension>
        </extensions>
      </trkpt>
      <trkpt lat="33.16153566353023052215576171875" lon="103.87778556905686855316162109375">
        <ele>2479.800048828125</ele>
        <time>2026-05-19T04:44:55.000Z</time>
        <extensions>
          <ns3:TrackPointExtension>
            <ns3:hr>93</ns3:hr>
          </ns3:TrackPointExtension>
        </extensions>
      </trkpt>
      <trkpt lat="33.16154002211987972259521484375" lon="103.8778307475149631500244140625">
        <ele>2480.199951171875</ele>
        <time>2026-05-19T04:44:59.000Z</time>
        <extensions>
          <ns3:TrackPointExtension>
            <ns3:hr>89</ns3:hr>
          </ns3:TrackPointExtension>
        </extensions>
      </trkpt>
      <trkpt lat="33.1615422852337360382080078125" lon="103.87784759514033794403076171875">
        <ele>2480.199951171875</ele>
        <time>2026-05-19T04:45:00.000Z</time>
        <extensions>
          <ns3:TrackPointExtension>
            <ns3:hr>89</ns3:hr>
          </ns3:TrackPointExtension>
        </extensions>
      </trkpt>
      <trkpt lat="33.16154052503407001495361328125" lon="103.87786251492798328399658203125">
        <ele>2480.199951171875</ele>
        <time>2026-05-19T04:45:01.000Z</time>
        <extensions>
          <ns3:TrackPointExtension>
            <ns3:hr>92</ns3:hr>
          </ns3:TrackPointExtension>
        </extensions>
      </trkpt>
      <trkpt lat="33.161541782319545745849609375" lon="103.87788749299943447113037109375">
        <ele>2480.39990234375</ele>
        <time>2026-05-19T04:45:03.000Z</time>
        <extensions>
          <ns3:TrackPointExtension>
            <ns3:hr>89</ns3:hr>
          </ns3:TrackPointExtension>
        </extensions>
      </trkpt>
      <trkpt lat="33.1615339033305644989013671875" lon="103.87794683687388896942138671875">
        <ele>2480</ele>
        <time>2026-05-19T04:45:07.000Z</time>
        <extensions>
          <ns3:TrackPointExtension>
            <ns3:hr>88</ns3:hr>
          </ns3:TrackPointExtension>
        </extensions>
      </trkpt>
      <trkpt lat="33.1615027226507663726806640625" lon="103.87799830175936222076416015625">
        <ele>2479.39990234375</ele>
        <time>2026-05-19T04:45:15.000Z</time>
        <extensions>
          <ns3:TrackPointExtension>
            <ns3:hr>86</ns3:hr>
          </ns3:TrackPointExtension>
        </extensions>
      </trkpt>
      <trkpt lat="33.16150129772722721099853515625" lon="103.877999894320964813232421875">
        <ele>2479.199951171875</ele>
        <time>2026-05-19T04:45:16.000Z</time>
        <extensions>
          <ns3:TrackPointExtension>
            <ns3:hr>90</ns3:hr>
          </ns3:TrackPointExtension>
        </extensions>
      </trkpt>
      <trkpt lat="33.1615020520985126495361328125" lon="103.87800450436770915985107421875">
        <ele>2479.199951171875</ele>
        <time>2026-05-19T04:45:21.000Z</time>
        <extensions>
          <ns3:TrackPointExtension>
            <ns3:hr>89</ns3:hr>
          </ns3:TrackPointExtension>
        </extensions>
      </trkpt>
      <trkpt lat="33.16150448285043239593505859375" lon="103.878003917634487152099609375">
        <ele>2479.39990234375</ele>
        <time>2026-05-19T04:45:27.000Z</time>
        <extensions>
          <ns3:TrackPointExtension>
            <ns3:hr>86</ns3:hr>
          </ns3:TrackPointExtension>
        </extensions>
      </trkpt>
      <trkpt lat="33.16150448285043239593505859375" lon="103.878003917634487152099609375">
        <ele>2479.39990234375</ele>
        <time>2026-05-19T04:45:35.000Z</time>
        <extensions>
          <ns3:TrackPointExtension>
            <ns3:hr>83</ns3:hr>
          </ns3:TrackPointExtension>
        </extensions>
      </trkpt>
      <trkpt lat="33.16150263883173465728759765625" lon="103.878003917634487152099609375">
        <ele>2479.39990234375</ele>
        <time>2026-05-19T04:45:40.000Z</time>
        <extensions>
          <ns3:TrackPointExtension>
            <ns3:hr>81</ns3:hr>
          </ns3:TrackPointExtension>
        </extensions>
      </trkpt>
      <trkpt lat="33.161466680467128753662109375" lon="103.87808346189558506011962890625">
        <ele>2478.39990234375</ele>
        <time>2026-05-19T04:45:53.000Z</time>
        <extensions>
          <ns3:TrackPointExtension>
            <ns3:hr>82</ns3:hr>
          </ns3:TrackPointExtension>
        </extensions>
      </trkpt>
      <trkpt lat="33.1614524312317371368408203125" lon="103.87812302447855472564697265625">
        <ele>2478</ele>
        <time>2026-05-19T04:46:00.000Z</time>
        <extensions>
          <ns3:TrackPointExtension>
            <ns3:hr>81</ns3:hr>
          </ns3:TrackPointExtension>
        </extensions>
      </trkpt>
      <trkpt lat="33.16143457777798175811767578125" lon="103.87816225178539752960205078125">
        <ele>2477.60009765625</ele>
        <time>2026-05-19T04:46:07.000Z</time>
        <extensions>
          <ns3:TrackPointExtension>
            <ns3:hr>83</ns3:hr>
          </ns3:TrackPointExtension>
        </extensions>
      </trkpt>
      <trkpt lat="33.16143340431153774261474609375" lon="103.87816241942346096038818359375">
        <ele>2477.60009765625</ele>
        <time>2026-05-19T04:46:14.000Z</time>
        <extensions>
          <ns3:TrackPointExtension>
            <ns3:hr>86</ns3:hr>
          </ns3:TrackPointExtension>
        </extensions>
      </trkpt>
      <trkpt lat="33.1614336557686328887939453125" lon="103.87816241942346096038818359375">
        <ele>2477.60009765625</ele>
        <time>2026-05-19T04:46:20.000Z</time>
        <extensions>
          <ns3:TrackPointExtension>
            <ns3:hr>84</ns3:hr>
          </ns3:TrackPointExtension>
        </extensions>
      </trkpt>
      <trkpt lat="33.161419741809368133544921875" lon="103.87823265977203845977783203125">
        <ele>2477.60009765625</ele>
        <time>2026-05-19T04:46:26.000Z</time>
        <extensions>
          <ns3:TrackPointExtension>
            <ns3:hr>85</ns3:hr>
          </ns3:TrackPointExtension>
        </extensions>
      </trkpt>
      <trkpt lat="33.1614145450294017791748046875" lon="103.87826819904148578643798828125">
        <ele>2477.60009765625</ele>
        <time>2026-05-19T04:46:28.000Z</time>
        <extensions>
          <ns3:TrackPointExtension>
            <ns3:hr>82</ns3:hr>
          </ns3:TrackPointExtension>
        </extensions>
      </trkpt>
      <trkpt lat="33.16140272654592990875244140625" lon="103.87835402972996234893798828125">
        <ele>2477</ele>
        <time>2026-05-19T04:46:33.000Z</time>
        <extensions>
          <ns3:TrackPointExtension>
            <ns3:hr>85</ns3:hr>
          </ns3:TrackPointExtension>
        </extensions>
      </trkpt>
      <trkpt lat="33.16139526665210723876953125" lon="103.87841555289924144744873046875">
        <ele>2476.60009765625</ele>
        <time>2026-05-19T04:46:37.000Z</time>
        <extensions>
          <ns3:TrackPointExtension>
            <ns3:hr>84</ns3:hr>
          </ns3:TrackPointExtension>
        </extensions>
      </trkpt>
      <trkpt lat="33.16138763912022113800048828125" lon="103.8784741424024105072021484375">
        <ele>2476.39990234375</ele>
        <time>2026-05-19T04:46:42.000Z</time>
        <extensions>
          <ns3:TrackPointExtension>
            <ns3:hr>86</ns3:hr>
          </ns3:TrackPointExtension>
        </extensions>
      </trkpt>
      <trkpt lat="33.16137691028416156768798828125" lon="103.87849333696067333221435546875">
        <ele>2476</ele>
        <time>2026-05-19T04:46:44.000Z</time>
        <extensions>
          <ns3:TrackPointExtension>
            <ns3:hr>87</ns3:hr>
          </ns3:TrackPointExtension>
        </extensions>
      </trkpt>
      <trkpt lat="33.1613585539162158966064453125" lon="103.8786166347563266754150390625">
        <ele>2475.60009765625</ele>
        <time>2026-05-19T04:46:53.000Z</time>
        <extensions>
          <ns3:TrackPointExtension>
            <ns3:hr>88</ns3:hr>
          </ns3:TrackPointExtension>
        </extensions>
      </trkpt>
      <trkpt lat="33.1613578833639621734619140625" lon="103.8786427862942218780517578125">
        <ele>2475.60009765625</ele>
        <time>2026-05-19T04:46:55.000Z</time>
        <extensions>
          <ns3:TrackPointExtension>
            <ns3:hr>85</ns3:hr>
          </ns3:TrackPointExtension>
        </extensions>
      </trkpt>
      <trkpt lat="33.1613562069833278656005859375" lon="103.87865343131124973297119140625">
        <ele>2475.60009765625</ele>
        <time>2026-05-19T04:46:56.000Z</time>
        <extensions>
          <ns3:TrackPointExtension>
            <ns3:hr>88</ns3:hr>
          </ns3:TrackPointExtension>
        </extensions>
      </trkpt>
      <trkpt lat="33.16133625805377960205078125" lon="103.878704644739627838134765625">
        <ele>2475</ele>
        <time>2026-05-19T04:47:01.000Z</time>
        <extensions>
          <ns3:TrackPointExtension>
            <ns3:hr>88</ns3:hr>
          </ns3:TrackPointExtension>
        </extensions>
      </trkpt>
      <trkpt lat="33.161321170628070831298828125" lon="103.87871076352894306182861328125">
        <ele>2474.60009765625</ele>
        <time>2026-05-19T04:47:03.000Z</time>
        <extensions>
          <ns3:TrackPointExtension>
            <ns3:hr>87</ns3:hr>
          </ns3:TrackPointExtension>
        </extensions>
      </trkpt>
      <trkpt lat="33.16131203435361385345458984375" lon="103.87872501276433467864990234375">
        <ele>2474.39990234375</ele>
        <time>2026-05-19T04:47:10.000Z</time>
        <extensions>
          <ns3:TrackPointExtension>
            <ns3:hr>89</ns3:hr>
          </ns3:TrackPointExtension>
        </extensions>
      </trkpt>
      <trkpt lat="33.1613194942474365234375" lon="103.878748230636119842529296875">
        <ele>2474.800048828125</ele>
        <time>2026-05-19T04:47:18.000Z</time>
        <extensions>
          <ns3:TrackPointExtension>
            <ns3:hr>89</ns3:hr>
          </ns3:TrackPointExtension>
        </extensions>
      </trkpt>
      <trkpt lat="33.161323852837085723876953125" lon="103.87874546460807323455810546875">
        <ele>2475</ele>
        <time>2026-05-19T04:47:46.000Z</time>
        <extensions>
          <ns3:TrackPointExtension>
            <ns3:hr>85</ns3:hr>
          </ns3:TrackPointExtension>
        </extensions>
      </trkpt>
      <trkpt lat="33.161323852837085723876953125" lon="103.87874521315097808837890625">
        <ele>2475</ele>
        <time>2026-05-19T04:47:48.000Z</time>
        <extensions>
          <ns3:TrackPointExtension>
            <ns3:hr>88</ns3:hr>
          </ns3:TrackPointExtension>
        </extensions>
      </trkpt>
      <trkpt lat="33.16128169186413288116455078125" lon="103.87874362058937549591064453125">
        <ele>2474.39990234375</ele>
        <time>2026-05-19T04:48:01.000Z</time>
        <extensions>
          <ns3:TrackPointExtension>
            <ns3:hr>83</ns3:hr>
          </ns3:TrackPointExtension>
        </extensions>
      </trkpt>
      <trkpt lat="33.1612536124885082244873046875" lon="103.8787432014942169189453125">
        <ele>2474.60009765625</ele>
        <time>2026-05-19T04:48:03.000Z</time>
        <extensions>
          <ns3:TrackPointExtension>
            <ns3:hr>86</ns3:hr>
          </ns3:TrackPointExtension>
        </extensions>
      </trkpt>
      <trkpt lat="33.16121882759034633636474609375" lon="103.878742195665836334228515625">
        <ele>2474.800048828125</ele>
        <time>2026-05-19T04:48:09.000Z</time>
        <extensions>
          <ns3:TrackPointExtension>
            <ns3:hr>87</ns3:hr>
          </ns3:TrackPointExtension>
        </extensions>
      </trkpt>
      <trkpt lat="33.1612177379429340362548828125" lon="103.8787457160651683807373046875">
        <ele>2474.800048828125</ele>
        <time>2026-05-19T04:48:16.000Z</time>
        <extensions>
          <ns3:TrackPointExtension>
            <ns3:hr>87</ns3:hr>
          </ns3:TrackPointExtension>
        </extensions>
      </trkpt>
      <trkpt lat="33.1612177379429340362548828125" lon="103.8787457160651683807373046875">
        <ele>2474.800048828125</ele>
        <time>2026-05-19T04:48:28.000Z</time>
        <extensions>
          <ns3:TrackPointExtension>
            <ns3:hr>90</ns3:hr>
          </ns3:TrackPointExtension>
        </extensions>
      </trkpt>
      <trkpt lat="33.161265850067138671875" lon="103.8787485659122467041015625">
        <ele>2474.60009765625</ele>
        <time>2026-05-19T04:48:36.000Z</time>
        <extensions>
          <ns3:TrackPointExtension>
            <ns3:hr>88</ns3:hr>
          </ns3:TrackPointExtension>
        </extensions>
      </trkpt>
      <trkpt lat="33.1613129563629627227783203125" lon="103.87875837273895740509033203125">
        <ele>2474.800048828125</ele>
        <time>2026-05-19T04:48:43.000Z</time>
        <extensions>
          <ns3:TrackPointExtension>
            <ns3:hr>89</ns3:hr>
          </ns3:TrackPointExtension>
        </extensions>
      </trkpt>
      <trkpt lat="33.161309771239757537841796875" lon="103.87875887565314769744873046875">
        <ele>2474.800048828125</ele>
        <time>2026-05-19T04:48:55.000Z</time>
        <extensions>
          <ns3:TrackPointExtension>
            <ns3:hr>88</ns3:hr>
          </ns3:TrackPointExtension>
        </extensions>
      </trkpt>
      <trkpt lat="33.161309771239757537841796875" lon="103.8787594623863697052001953125">
        <ele>2474.800048828125</ele>
        <time>2026-05-19T04:49:03.000Z</time>
        <extensions>
          <ns3:TrackPointExtension>
            <ns3:hr>87</ns3:hr>
          </ns3:TrackPointExtension>
        </extensions>
      </trkpt>
      <trkpt lat="33.1611811928451061248779296875" lon="103.8798477686941623687744140625">
        <ele>2471.39990234375</ele>
        <time>2026-05-19T05:02:07.000Z</time>
        <extensions>
          <ns3:TrackPointExtension>
            <ns3:hr>92</ns3:hr>
          </ns3:TrackPointExtension>
        </extensions>
      </trkpt>
      <trkpt lat="33.1611553765833377838134765625" lon="103.87990283779799938201904296875">
        <ele>2470.800048828125</ele>
        <time>2026-05-19T05:02:17.000Z</time>
        <extensions>
          <ns3:TrackPointExtension>
            <ns3:hr>90</ns3:hr>
          </ns3:TrackPointExtension>
        </extensions>
      </trkpt>
      <trkpt lat="33.16116434521973133087158203125" lon="103.879908286035060882568359375">
        <ele>2470.800048828125</ele>
        <time>2026-05-19T05:02:27.000Z</time>
        <extensions>
          <ns3:TrackPointExtension>
            <ns3:hr>88</ns3:hr>
          </ns3:TrackPointExtension>
        </extensions>
      </trkpt>
      <trkpt lat="33.1611650995910167694091796875" lon="103.87987517751753330230712890625">
        <ele>2471</ele>
        <time>2026-05-19T05:02:38.000Z</time>
        <extensions>
          <ns3:TrackPointExtension>
            <ns3:hr>87</ns3:hr>
          </ns3:TrackPointExtension>
        </extensions>
      </trkpt>
      <trkpt lat="33.16123877651989459991455078125" lon="103.87993435375392436981201171875">
        <ele>2472.39990234375</ele>
        <time>2026-05-19T05:03:29.000Z</time>
        <extensions>
          <ns3:TrackPointExtension>
            <ns3:hr>86</ns3:hr>
          </ns3:TrackPointExtension>
        </extensions>
      </trkpt>
      <trkpt lat="33.1613159738481044769287109375" lon="103.87994944117963314056396484375">
        <ele>2474</ele>
        <time>2026-05-19T05:03:35.000Z</time>
        <extensions>
          <ns3:TrackPointExtension>
            <ns3:hr>84</ns3:hr>
          </ns3:TrackPointExtension>
        </extensions>
      </trkpt>
      <trkpt lat="33.16137783229351043701171875" lon="103.87998749502003192901611328125">
        <ele>2475.199951171875</ele>
        <time>2026-05-19T05:03:42.000Z</time>
        <extensions>
          <ns3:TrackPointExtension>
            <ns3:hr>83</ns3:hr>
          </ns3:TrackPointExtension>
        </extensions>
      </trkpt>
      <trkpt lat="33.16144983284175395965576171875" lon="103.88002018444240093231201171875">
        <ele>2476.60009765625</ele>
        <time>2026-05-19T05:03:50.000Z</time>
        <extensions>
          <ns3:TrackPointExtension>
            <ns3:hr>85</ns3:hr>
          </ns3:TrackPointExtension>
        </extensions>
      </trkpt>
      <trkpt lat="33.16143826581537723541259765625" lon="103.88009964488446712493896484375">
        <ele>2476.199951171875</ele>
        <time>2026-05-19T05:03:56.000Z</time>
        <extensions>
          <ns3:TrackPointExtension>
            <ns3:hr>86</ns3:hr>
          </ns3:TrackPointExtension>
        </extensions>
      </trkpt>
      <trkpt lat="33.16141462884843349456787109375" lon="103.88018195517361164093017578125">
        <ele>2474.800048828125</ele>
        <time>2026-05-19T05:04:05.000Z</time>
        <extensions>
          <ns3:TrackPointExtension>
            <ns3:hr>88</ns3:hr>
          </ns3:TrackPointExtension>
        </extensions>
      </trkpt>
      <trkpt lat="33.161412365734577178955078125" lon="103.88015245087444782257080078125">
        <ele>2475</ele>
        <time>2026-05-19T05:04:11.000Z</time>
        <extensions>
          <ns3:TrackPointExtension>
            <ns3:hr>85</ns3:hr>
          </ns3:TrackPointExtension>
        </extensions>
      </trkpt>
      <trkpt lat="33.16141362302005290985107421875" lon="103.8801498524844646453857421875">
        <ele>2475</ele>
        <time>2026-05-19T05:04:12.000Z</time>
        <extensions>
          <ns3:TrackPointExtension>
            <ns3:hr>89</ns3:hr>
          </ns3:TrackPointExtension>
        </extensions>
      </trkpt>
      <trkpt lat="33.16142317838966846466064453125" lon="103.880144655704498291015625">
        <ele>2475.39990234375</ele>
        <time>2026-05-19T05:04:13.000Z</time>
        <extensions>
          <ns3:TrackPointExtension>
            <ns3:hr>89</ns3:hr>
          </ns3:TrackPointExtension>
        </extensions>
      </trkpt>
      <trkpt lat="33.16142904572188854217529296875" lon="103.8801444880664348602294921875">
        <ele>2475.39990234375</ele>
        <time>2026-05-19T05:04:30.000Z</time>
        <extensions>
          <ns3:TrackPointExtension>
            <ns3:hr>86</ns3:hr>
          </ns3:TrackPointExtension>
        </extensions>
      </trkpt>
      <trkpt lat="33.161429464817047119140625" lon="103.880144655704498291015625">
        <ele>2475.39990234375</ele>
        <time>2026-05-19T05:04:34.000Z</time>
        <extensions>
          <ns3:TrackPointExtension>
            <ns3:hr>83</ns3:hr>
          </ns3:TrackPointExtension>
        </extensions>
      </trkpt>
      <trkpt lat="33.161435164511203765869140625" lon="103.8801431469619274139404296875">
        <ele>2475.60009765625</ele>
        <time>2026-05-19T05:04:40.000Z</time>
        <extensions>
          <ns3:TrackPointExtension>
            <ns3:hr>80</ns3:hr>
          </ns3:TrackPointExtension>
        </extensions>
      </trkpt>
      <trkpt lat="33.16143608652055263519287109375" lon="103.8801421411335468292236328125">
        <ele>2475.60009765625</ele>
        <time>2026-05-19T05:04:44.000Z</time>
        <extensions>
          <ns3:TrackPointExtension>
            <ns3:hr>83</ns3:hr>
          </ns3:TrackPointExtension>
        </extensions>
      </trkpt>
      <trkpt lat="33.16145150922238826751708984375" lon="103.8801421411335468292236328125">
        <ele>2476</ele>
        <time>2026-05-19T05:04:48.000Z</time>
        <extensions>
          <ns3:TrackPointExtension>
            <ns3:hr>80</ns3:hr>
          </ns3:TrackPointExtension>
        </extensions>
      </trkpt>
      <trkpt lat="33.1614656746387481689453125" lon="103.88012948445975780487060546875">
        <ele>2476.39990234375</ele>
        <time>2026-05-19T05:05:06.000Z</time>
        <extensions>
          <ns3:TrackPointExtension>
            <ns3:hr>84</ns3:hr>
          </ns3:TrackPointExtension>
        </extensions>
      </trkpt>
      <trkpt lat="33.16148051060736179351806640625" lon="103.8800789415836334228515625">
        <ele>2477.199951171875</ele>
        <time>2026-05-19T05:05:11.000Z</time>
        <extensions>
          <ns3:TrackPointExtension>
            <ns3:hr>87</ns3:hr>
          </ns3:TrackPointExtension>
        </extensions>
      </trkpt>
      <trkpt lat="33.1615121103823184967041015625" lon="103.880044408142566680908203125">
        <ele>2478</ele>
        <time>2026-05-19T05:05:16.000Z</time>
        <extensions>
          <ns3:TrackPointExtension>
            <ns3:hr>88</ns3:hr>
          </ns3:TrackPointExtension>
        </extensions>
      </trkpt>
      <trkpt lat="33.16152091138064861297607421875" lon="103.88004499487578868865966796875">
        <ele>2478.199951171875</ele>
        <time>2026-05-19T05:05:17.000Z</time>
        <extensions>
          <ns3:TrackPointExtension>
            <ns3:hr>88</ns3:hr>
          </ns3:TrackPointExtension>
        </extensions>
      </trkpt>
      <trkpt lat="33.16157354973256587982177734375" lon="103.88005589134991168975830078125">
        <ele>2479.60009765625</ele>
        <time>2026-05-19T05:05:23.000Z</time>
        <extensions>
          <ns3:TrackPointExtension>
            <ns3:hr>91</ns3:hr>
          </ns3:TrackPointExtension>
        </extensions>
      </trkpt>
      <trkpt lat="33.16159282810986042022705078125" lon="103.88007349334657192230224609375">
        <ele>2480</ele>
        <time>2026-05-19T05:05:25.000Z</time>
        <extensions>
          <ns3:TrackPointExtension>
            <ns3:hr>85</ns3:hr>
          </ns3:TrackPointExtension>
        </extensions>
      </trkpt>
      <trkpt lat="33.1616012938320636749267578125" lon="103.8800735771656036376953125">
        <ele>2480.199951171875</ele>
        <time>2026-05-19T05:05:26.000Z</time>
        <extensions>
          <ns3:TrackPointExtension>
            <ns3:hr>89</ns3:hr>
          </ns3:TrackPointExtension>
        </extensions>
      </trkpt>
      <trkpt lat="33.161632977426052093505859375" lon="103.88009360991418361663818359375">
        <ele>2480.800048828125</ele>
        <time>2026-05-19T05:05:31.000Z</time>
        <extensions>
          <ns3:TrackPointExtension>
            <ns3:hr>89</ns3:hr>
          </ns3:TrackPointExtension>
        </extensions>
      </trkpt>
      <trkpt lat="33.16163959912955760955810546875" lon="103.88009226880967617034912109375">
        <ele>2481</ele>
        <time>2026-05-19T05:05:32.000Z</time>
        <extensions>
          <ns3:TrackPointExtension>
            <ns3:hr>89</ns3:hr>
          </ns3:TrackPointExtension>
        </extensions>
      </trkpt>
      <trkpt lat="33.161630295217037200927734375" lon="103.88011389411985874176025390625">
        <ele>2480.39990234375</ele>
        <time>2026-05-19T05:05:36.000Z</time>
        <extensions>
          <ns3:TrackPointExtension>
            <ns3:hr>90</ns3:hr>
          </ns3:TrackPointExtension>
        </extensions>
      </trkpt>
      <trkpt lat="33.161621578037738800048828125" lon="103.88016988523304462432861328125">
        <ele>2479</ele>
        <time>2026-05-19T05:05:43.000Z</time>
        <extensions>
          <ns3:TrackPointExtension>
            <ns3:hr>93</ns3:hr>
          </ns3:TrackPointExtension>
        </extensions>
      </trkpt>
      <trkpt lat="33.1616361625492572784423828125" lon="103.880154378712177276611328125">
        <ele>2479.60009765625</ele>
        <time>2026-05-19T05:05:52.000Z</time>
        <extensions>
          <ns3:TrackPointExtension>
            <ns3:hr>95</ns3:hr>
          </ns3:TrackPointExtension>
        </extensions>
      </trkpt>
      <trkpt lat="33.16164060495793819427490234375" lon="103.88015463016927242279052734375">
        <ele>2479.800048828125</ele>
        <time>2026-05-19T05:06:11.000Z</time>
        <extensions>
          <ns3:TrackPointExtension>
            <ns3:hr>92</ns3:hr>
          </ns3:TrackPointExtension>
        </extensions>
      </trkpt>
      <trkpt lat="33.1616566143929958343505859375" lon="103.8801498524844646453857421875">
        <ele>2480.39990234375</ele>
        <time>2026-05-19T05:06:17.000Z</time>
        <extensions>
          <ns3:TrackPointExtension>
            <ns3:hr>95</ns3:hr>
          </ns3:TrackPointExtension>
        </extensions>
      </trkpt>
      <trkpt lat="33.1616660021245479583740234375" lon="103.880148343741893768310546875">
        <ele>2480.60009765625</ele>
        <time>2026-05-19T05:06:20.000Z</time>
        <extensions>
          <ns3:TrackPointExtension>
            <ns3:hr>92</ns3:hr>
          </ns3:TrackPointExtension>
        </extensions>
      </trkpt>
      <trkpt lat="33.16178007982671260833740234375" lon="103.88009025715291500091552734375">
        <ele>2485.199951171875</ele>
        <time>2026-05-19T05:06:31.000Z</time>
        <extensions>
          <ns3:TrackPointExtension>
            <ns3:hr>91</ns3:hr>
          </ns3:TrackPointExtension>
        </extensions>
      </trkpt>
      <trkpt lat="33.16187395714223384857177734375" lon="103.88005815446376800537109375">
        <ele>2487.60009765625</ele>
        <time>2026-05-19T05:06:35.000Z</time>
        <extensions>
          <ns3:TrackPointExtension>
            <ns3:hr>92</ns3:hr>
          </ns3:TrackPointExtension>
        </extensions>
      </trkpt>
      <trkpt lat="33.16195995546877384185791015625" lon="103.880026973783969879150390625">
        <ele>2488.60009765625</ele>
        <time>2026-05-19T05:06:39.000Z</time>
        <extensions>
          <ns3:TrackPointExtension>
            <ns3:hr>93</ns3:hr>
          </ns3:TrackPointExtension>
        </extensions>
      </trkpt>
      <trkpt lat="33.1619868613779544830322265625" lon="103.88001482002437114715576171875">
        <ele>2489</ele>
        <time>2026-05-19T05:06:41.000Z</time>
        <extensions>
          <ns3:TrackPointExtension>
            <ns3:hr>92</ns3:hr>
          </ns3:TrackPointExtension>
        </extensions>
      </trkpt>
      <trkpt lat="33.1620495580136775970458984375" lon="103.880010209977626800537109375">
        <ele>2489.60009765625</ele>
        <time>2026-05-19T05:06:46.000Z</time>
        <extensions>
          <ns3:TrackPointExtension>
            <ns3:hr>89</ns3:hr>
          </ns3:TrackPointExtension>
        </extensions>
      </trkpt>
      <trkpt lat="33.16207126714289188385009765625" lon="103.88000995852053165435791015625">
        <ele>2490</ele>
        <time>2026-05-19T05:06:48.000Z</time>
        <extensions>
          <ns3:TrackPointExtension>
            <ns3:hr>88</ns3:hr>
          </ns3:TrackPointExtension>
        </extensions>
      </trkpt>
      <trkpt lat="33.162133879959583282470703125" lon="103.88004549778997898101806640625">
        <ele>2490.39990234375</ele>
        <time>2026-05-19T05:06:55.000Z</time>
        <extensions>
          <ns3:TrackPointExtension>
            <ns3:hr>87</ns3:hr>
          </ns3:TrackPointExtension>
        </extensions>
      </trkpt>
      <trkpt lat="33.16223572008311748504638671875" lon="103.88011557050049304962158203125">
        <ele>2490</ele>
        <time>2026-05-19T05:07:02.000Z</time>
        <extensions>
          <ns3:TrackPointExtension>
            <ns3:hr>87</ns3:hr>
          </ns3:TrackPointExtension>
        </extensions>
      </trkpt>
      <trkpt lat="33.162247873842716217041015625" lon="103.88013325631618499755859375">
        <ele>2489.60009765625</ele>
        <time>2026-05-19T05:07:04.000Z</time>
        <extensions>
          <ns3:TrackPointExtension>
            <ns3:hr>84</ns3:hr>
          </ns3:TrackPointExtension>
        </extensions>
      </trkpt>
      <trkpt lat="33.16229288466274738311767578125" lon="103.88016703538596630096435546875">
        <ele>2489.199951171875</ele>
        <time>2026-05-19T05:07:09.000Z</time>
        <extensions>
          <ns3:TrackPointExtension>
            <ns3:hr>85</ns3:hr>
          </ns3:TrackPointExtension>
        </extensions>
      </trkpt>
      <trkpt lat="33.162295483052730560302734375" lon="103.880154378712177276611328125">
        <ele>2489.60009765625</ele>
        <time>2026-05-19T05:07:11.000Z</time>
        <extensions>
          <ns3:TrackPointExtension>
            <ns3:hr>82</ns3:hr>
          </ns3:TrackPointExtension>
        </extensions>
      </trkpt>
      <trkpt lat="33.16233244724571704864501953125" lon="103.8801639340817928314208984375">
        <ele>2489.800048828125</ele>
        <time>2026-05-19T05:07:16.000Z</time>
        <extensions>
          <ns3:TrackPointExtension>
            <ns3:hr>80</ns3:hr>
          </ns3:TrackPointExtension>
        </extensions>
      </trkpt>
      <trkpt lat="33.1624334491789340972900390625" lon="103.88019033707678318023681640625">
        <ele>2490.39990234375</ele>
        <time>2026-05-19T05:07:24.000Z</time>
        <extensions>
          <ns3:TrackPointExtension>
            <ns3:hr>85</ns3:hr>
          </ns3:TrackPointExtension>
        </extensions>
      </trkpt>
      <trkpt lat="33.162448704242706298828125" lon="103.88020089827477931976318359375">
        <ele>2490.39990234375</ele>
        <time>2026-05-19T05:07:25.000Z</time>
        <extensions>
          <ns3:TrackPointExtension>
            <ns3:hr>82</ns3:hr>
          </ns3:TrackPointExtension>
        </extensions>
      </trkpt>
      <trkpt lat="33.16246856935322284698486328125" lon="103.88022755272686481475830078125">
        <ele>2490</ele>
        <time>2026-05-19T05:07:28.000Z</time>
        <extensions>
          <ns3:TrackPointExtension>
            <ns3:hr>78</ns3:hr>
          </ns3:TrackPointExtension>
        </extensions>
      </trkpt>
      <trkpt lat="33.16247217357158660888671875" lon="103.880228810012340545654296875">
        <ele>2490</ele>
        <time>2026-05-19T05:07:29.000Z</time>
        <extensions>
          <ns3:TrackPointExtension>
            <ns3:hr>82</ns3:hr>
          </ns3:TrackPointExtension>
        </extensions>
      </trkpt>
      <trkpt lat="33.16246571950614452362060546875" lon="103.880230821669101715087890625">
        <ele>2490</ele>
        <time>2026-05-19T05:07:30.000Z</time>
        <extensions>
          <ns3:TrackPointExtension>
            <ns3:hr>81</ns3:hr>
          </ns3:TrackPointExtension>
        </extensions>
      </trkpt>
      <trkpt lat="33.162468485534191131591796875" lon="103.88024649582803249359130859375">
        <ele>2489.60009765625</ele>
        <time>2026-05-19T05:07:34.000Z</time>
        <extensions>
          <ns3:TrackPointExtension>
            <ns3:hr>78</ns3:hr>
          </ns3:TrackPointExtension>
        </extensions>
      </trkpt>
      <trkpt lat="33.162495978176593780517578125" lon="103.88026745058596134185791015625">
        <ele>2489.60009765625</ele>
        <time>2026-05-19T05:07:36.000Z</time>
        <extensions>
          <ns3:TrackPointExtension>
            <ns3:hr>78</ns3:hr>
          </ns3:TrackPointExtension>
        </extensions>
      </trkpt>
      <trkpt lat="33.162518776953220367431640625" lon="103.88028572313487529754638671875">
        <ele>2489.39990234375</ele>
        <time>2026-05-19T05:07:38.000Z</time>
        <extensions>
          <ns3:TrackPointExtension>
            <ns3:hr>82</ns3:hr>
          </ns3:TrackPointExtension>
        </extensions>
      </trkpt>
      <trkpt lat="33.16255155019462108612060546875" lon="103.8802889920771121978759765625">
        <ele>2490</ele>
        <time>2026-05-19T05:07:42.000Z</time>
        <extensions>
          <ns3:TrackPointExtension>
            <ns3:hr>79</ns3:hr>
          </ns3:TrackPointExtension>
        </extensions>
      </trkpt>
      <trkpt lat="33.16256211139261722564697265625" lon="103.88029024936258792877197265625">
        <ele>2490.199951171875</ele>
        <time>2026-05-19T05:07:45.000Z</time>
        <extensions>
          <ns3:TrackPointExtension>
            <ns3:hr>79</ns3:hr>
          </ns3:TrackPointExtension>
        </extensions>
      </trkpt>
      <trkpt lat="33.1625833176076412200927734375" lon="103.88034045696258544921875">
        <ele>2489.199951171875</ele>
        <time>2026-05-19T05:07:51.000Z</time>
        <extensions>
          <ns3:TrackPointExtension>
            <ns3:hr>81</ns3:hr>
          </ns3:TrackPointExtension>
        </extensions>
      </trkpt>
      <trkpt lat="33.1625732593238353729248046875" lon="103.88043693266808986663818359375">
        <ele>2485.60009765625</ele>
        <time>2026-05-19T05:07:58.000Z</time>
        <extensions>
          <ns3:TrackPointExtension>
            <ns3:hr>81</ns3:hr>
          </ns3:TrackPointExtension>
        </extensions>
      </trkpt>
      <trkpt lat="33.1625031866133213043212890625" lon="103.8804646767675876617431640625">
        <ele>2483</ele>
        <time>2026-05-19T05:08:03.000Z</time>
        <extensions>
          <ns3:TrackPointExtension>
            <ns3:hr>82</ns3:hr>
          </ns3:TrackPointExtension>
        </extensions>
      </trkpt>
      <trkpt lat="33.16253059543669223785400390625" lon="103.88048286549746990203857421875">
        <ele>2482.60009765625</ele>
        <time>2026-05-19T05:08:09.000Z</time>
        <extensions>
          <ns3:TrackPointExtension>
            <ns3:hr>81</ns3:hr>
          </ns3:TrackPointExtension>
        </extensions>
      </trkpt>
      <trkpt lat="33.1625766120851039886474609375" lon="103.88052175752818584442138671875">
        <ele>2481.60009765625</ele>
        <time>2026-05-19T05:08:15.000Z</time>
        <extensions>
          <ns3:TrackPointExtension>
            <ns3:hr>81</ns3:hr>
          </ns3:TrackPointExtension>
        </extensions>
      </trkpt>
      <trkpt lat="33.16263578832149505615234375" lon="103.8805562071502208709716796875">
        <ele>2481</ele>
        <time>2026-05-19T05:08:21.000Z</time>
        <extensions>
          <ns3:TrackPointExtension>
            <ns3:hr>81</ns3:hr>
          </ns3:TrackPointExtension>
        </extensions>
      </trkpt>
      <trkpt lat="33.1626480259001255035400390625" lon="103.88062871061265468597412109375">
        <ele>2478</ele>
        <time>2026-05-19T05:08:27.000Z</time>
        <extensions>
          <ns3:TrackPointExtension>
            <ns3:hr>82</ns3:hr>
          </ns3:TrackPointExtension>
        </extensions>
      </trkpt>
      <trkpt lat="33.16263268701732158660888671875" lon="103.88062133453786373138427734375">
        <ele>2478</ele>
        <time>2026-05-19T05:08:33.000Z</time>
        <extensions>
          <ns3:TrackPointExtension>
            <ns3:hr>81</ns3:hr>
          </ns3:TrackPointExtension>
        </extensions>
      </trkpt>
      <trkpt lat="33.16261701285839080810546875" lon="103.88068017549812793731689453125">
        <ele>2476.199951171875</ele>
        <time>2026-05-19T05:08:39.000Z</time>
        <extensions>
          <ns3:TrackPointExtension>
            <ns3:hr>83</ns3:hr>
          </ns3:TrackPointExtension>
        </extensions>
      </trkpt>
      <trkpt lat="33.16260251216590404510498046875" lon="103.880847394466400146484375">
        <ele>2472.39990234375</ele>
        <time>2026-05-19T05:08:48.000Z</time>
        <extensions>
          <ns3:TrackPointExtension>
            <ns3:hr>85</ns3:hr>
          </ns3:TrackPointExtension>
        </extensions>
      </trkpt>
      <trkpt lat="33.1626027636229991912841796875" lon="103.880862481892108917236328125">
        <ele>2472</ele>
        <time>2026-05-19T05:08:49.000Z</time>
        <extensions>
          <ns3:TrackPointExtension>
            <ns3:hr>88</ns3:hr>
          </ns3:TrackPointExtension>
        </extensions>
      </trkpt>
      <trkpt lat="33.1625854969024658203125" lon="103.88089123181998729705810546875">
        <ele>2471.199951171875</ele>
        <time>2026-05-19T05:08:51.000Z</time>
        <extensions>
          <ns3:TrackPointExtension>
            <ns3:hr>85</ns3:hr>
          </ns3:TrackPointExtension>
        </extensions>
      </trkpt>
      <trkpt lat="33.1625933758914470672607421875" lon="103.880906403064727783203125">
        <ele>2470.800048828125</ele>
        <time>2026-05-19T05:08:54.000Z</time>
        <extensions>
          <ns3:TrackPointExtension>
            <ns3:hr>85</ns3:hr>
          </ns3:TrackPointExtension>
        </extensions>
      </trkpt>
      <trkpt lat="33.16260636784136295318603515625" lon="103.88096096925437450408935546875">
        <ele>2470</ele>
        <time>2026-05-19T05:09:02.000Z</time>
        <extensions>
          <ns3:TrackPointExtension>
            <ns3:hr>85</ns3:hr>
          </ns3:TrackPointExtension>
        </extensions>
      </trkpt>
      <trkpt lat="33.1626326031982898712158203125" lon="103.881020732223987579345703125">
        <ele>2469.800048828125</ele>
        <time>2026-05-19T05:09:07.000Z</time>
        <extensions>
          <ns3:TrackPointExtension>
            <ns3:hr>82</ns3:hr>
          </ns3:TrackPointExtension>
        </extensions>
      </trkpt>
      <trkpt lat="33.16264785826206207275390625" lon="103.88101595453917980194091796875">
        <ele>2470</ele>
        <time>2026-05-19T05:09:08.000Z</time>
        <extensions>
          <ns3:TrackPointExtension>
            <ns3:hr>85</ns3:hr>
          </ns3:TrackPointExtension>
        </extensions>
      </trkpt>
      <trkpt lat="33.1626476906239986419677734375" lon="103.88106876052916049957275390625">
        <ele>2469.60009765625</ele>
        <time>2026-05-19T05:09:13.000Z</time>
        <extensions>
          <ns3:TrackPointExtension>
            <ns3:hr>86</ns3:hr>
          </ns3:TrackPointExtension>
        </extensions>
      </trkpt>
      <trkpt lat="33.16263402812182903289794921875" lon="103.88108435086905956268310546875">
        <ele>2469.39990234375</ele>
        <time>2026-05-19T05:09:14.000Z</time>
        <extensions>
          <ns3:TrackPointExtension>
            <ns3:hr>87</ns3:hr>
          </ns3:TrackPointExtension>
        </extensions>
      </trkpt>
      <trkpt lat="33.1625816412270069122314453125" lon="103.88114453293383121490478515625">
        <ele>2468</ele>
        <time>2026-05-19T05:09:19.000Z</time>
        <extensions>
          <ns3:TrackPointExtension>
            <ns3:hr>89</ns3:hr>
          </ns3:TrackPointExtension>
        </extensions>
      </trkpt>
      <trkpt lat="33.16255456767976284027099609375" lon="103.88117470778524875640869140625">
        <ele>2466.60009765625</ele>
        <time>2026-05-19T05:09:24.000Z</time>
        <extensions>
          <ns3:TrackPointExtension>
            <ns3:hr>89</ns3:hr>
          </ns3:TrackPointExtension>
        </extensions>
      </trkpt>
      <trkpt lat="33.16253495402634143829345703125" lon="103.88119583018124103546142578125">
        <ele>2465.60009765625</ele>
        <time>2026-05-19T05:09:30.000Z</time>
        <extensions>
          <ns3:TrackPointExtension>
            <ns3:hr>90</ns3:hr>
          </ns3:TrackPointExtension>
        </extensions>
      </trkpt>
      <trkpt lat="33.16252858377993106842041015625" lon="103.88119415380060672760009765625">
        <ele>2465.60009765625</ele>
        <time>2026-05-19T05:09:33.000Z</time>
        <extensions>
          <ns3:TrackPointExtension>
            <ns3:hr>85</ns3:hr>
          </ns3:TrackPointExtension>
        </extensions>
      </trkpt>
      <trkpt lat="33.162525482475757598876953125" lon="103.88118895702064037322998046875">
        <ele>2465.60009765625</ele>
        <time>2026-05-19T05:09:35.000Z</time>
        <extensions>
          <ns3:TrackPointExtension>
            <ns3:hr>88</ns3:hr>
          </ns3:TrackPointExtension>
        </extensions>
      </trkpt>
      <trkpt lat="33.16252590157091617584228515625" lon="103.88118736445903778076171875">
        <ele>2465.60009765625</ele>
        <time>2026-05-19T05:09:37.000Z</time>
        <extensions>
          <ns3:TrackPointExtension>
            <ns3:hr>88</ns3:hr>
          </ns3:TrackPointExtension>
        </extensions>
      </trkpt>
      <trkpt lat="33.162537552416324615478515625" lon="103.88118191622197628021240234375">
        <ele>2466</ele>
        <time>2026-05-19T05:09:47.000Z</time>
        <extensions>
          <ns3:TrackPointExtension>
            <ns3:hr>88</ns3:hr>
          </ns3:TrackPointExtension>
        </extensions>
      </trkpt>
      <trkpt lat="33.16252891905605792999267578125" lon="103.88118694536387920379638671875">
        <ele>2465.800048828125</ele>
        <time>2026-05-19T05:09:55.000Z</time>
        <extensions>
          <ns3:TrackPointExtension>
            <ns3:hr>91</ns3:hr>
          </ns3:TrackPointExtension>
        </extensions>
      </trkpt>
      <trkpt lat="33.162526153028011322021484375" lon="103.88118862174451351165771484375">
        <ele>2465.60009765625</ele>
        <time>2026-05-19T05:09:57.000Z</time>
        <extensions>
          <ns3:TrackPointExtension>
            <ns3:hr>88</ns3:hr>
          </ns3:TrackPointExtension>
        </extensions>
      </trkpt>
      <trkpt lat="33.1625206209719181060791015625" lon="103.88119666837155818939208984375">
        <ele>2465.39990234375</ele>
        <time>2026-05-19T05:10:01.000Z</time>
        <extensions>
          <ns3:TrackPointExtension>
            <ns3:hr>84</ns3:hr>
          </ns3:TrackPointExtension>
        </extensions>
      </trkpt>
      <trkpt lat="33.16251802258193492889404296875" lon="103.88121829368174076080322265625">
        <ele>2464.800048828125</ele>
        <time>2026-05-19T05:10:08.000Z</time>
        <extensions>
          <ns3:TrackPointExtension>
            <ns3:hr>88</ns3:hr>
          </ns3:TrackPointExtension>
        </extensions>
      </trkpt>
      <trkpt lat="33.1625179387629032135009765625" lon="103.881221897900104522705078125">
        <ele>2464.800048828125</ele>
        <time>2026-05-19T05:10:10.000Z</time>
        <extensions>
          <ns3:TrackPointExtension>
            <ns3:hr>91</ns3:hr>
          </ns3:TrackPointExtension>
        </extensions>
      </trkpt>
      <trkpt lat="33.1625179387629032135009765625" lon="103.8812341354787349700927734375">
        <ele>2465</ele>
        <time>2026-05-19T05:10:12.000Z</time>
        <extensions>
          <ns3:TrackPointExtension>
            <ns3:hr>87</ns3:hr>
          </ns3:TrackPointExtension>
        </extensions>
      </trkpt>
      <trkpt lat="33.1625595130026340484619140625" lon="103.88129138387739658355712890625">
        <ele>2466.39990234375</ele>
        <time>2026-05-19T05:10:21.000Z</time>
        <extensions>
          <ns3:TrackPointExtension>
            <ns3:hr>85</ns3:hr>
          </ns3:TrackPointExtension>
        </extensions>
      </trkpt>
      <trkpt lat="33.16259664483368396759033203125" lon="103.88133346103131771087646484375">
        <ele>2467.60009765625</ele>
        <time>2026-05-19T05:10:24.000Z</time>
        <extensions>
          <ns3:TrackPointExtension>
            <ns3:hr>89</ns3:hr>
          </ns3:TrackPointExtension>
        </extensions>
      </trkpt>
      <trkpt lat="33.16261768341064453125" lon="103.88136413879692554473876953125">
        <ele>2468.39990234375</ele>
        <time>2026-05-19T05:10:26.000Z</time>
        <extensions>
          <ns3:TrackPointExtension>
            <ns3:hr>85</ns3:hr>
          </ns3:TrackPointExtension>
        </extensions>
      </trkpt>
      <trkpt lat="33.162638805806636810302734375" lon="103.8813863508403301239013671875">
        <ele>2469</ele>
        <time>2026-05-19T05:10:28.000Z</time>
        <extensions>
          <ns3:TrackPointExtension>
            <ns3:hr>88</ns3:hr>
          </ns3:TrackPointExtension>
        </extensions>
      </trkpt>
      <trkpt lat="33.16267007030546665191650390625" lon="103.8813903741538524627685546875">
        <ele>2469.800048828125</ele>
        <time>2026-05-19T05:10:30.000Z</time>
        <extensions>
          <ns3:TrackPointExtension>
            <ns3:hr>91</ns3:hr>
          </ns3:TrackPointExtension>
        </extensions>
      </trkpt>
      <trkpt lat="33.16268716938793659210205078125" lon="103.88140755705535411834716796875">
        <ele>2470.39990234375</ele>
        <time>2026-05-19T05:10:32.000Z</time>
        <extensions>
          <ns3:TrackPointExtension>
            <ns3:hr>92</ns3:hr>
          </ns3:TrackPointExtension>
        </extensions>
      </trkpt>
      <trkpt lat="33.16273528151214122772216796875" lon="103.88144913129508495330810546875">
        <ele>2470.60009765625</ele>
        <time>2026-05-19T05:10:36.000Z</time>
        <extensions>
          <ns3:TrackPointExtension>
            <ns3:hr>92</ns3:hr>
          </ns3:TrackPointExtension>
        </extensions>
      </trkpt>
      <trkpt lat="33.16274886019527912139892578125" lon="103.881455250084400177001953125">
        <ele>2470.800048828125</ele>
        <time>2026-05-19T05:10:37.000Z</time>
        <extensions>
          <ns3:TrackPointExtension>
            <ns3:hr>91</ns3:hr>
          </ns3:TrackPointExtension>
        </extensions>
      </trkpt>
      <trkpt lat="33.16276730038225650787353515625" lon="103.88147511519491672515869140625">
        <ele>2470.800048828125</ele>
        <time>2026-05-19T05:10:39.000Z</time>
        <extensions>
          <ns3:TrackPointExtension>
            <ns3:hr>94</ns3:hr>
          </ns3:TrackPointExtension>
        </extensions>
      </trkpt>
      <trkpt lat="33.1628156639635562896728515625" lon="103.88151216320693492889404296875">
        <ele>2470.800048828125</ele>
        <time>2026-05-19T05:10:43.000Z</time>
        <extensions>
          <ns3:TrackPointExtension>
            <ns3:hr>94</ns3:hr>
          </ns3:TrackPointExtension>
        </extensions>
      </trkpt>
      <trkpt lat="33.1628666259348392486572265625" lon="103.88157469220459461212158203125">
        <ele>2470.39990234375</ele>
        <time>2026-05-19T05:10:50.000Z</time>
        <extensions>
          <ns3:TrackPointExtension>
            <ns3:hr>91</ns3:hr>
          </ns3:TrackPointExtension>
        </extensions>
      </trkpt>
      <trkpt lat="33.16288397647440433502197265625" lon="103.8815871812403202056884765625">
        <ele>2470.39990234375</ele>
        <time>2026-05-19T05:10:52.000Z</time>
        <extensions>
          <ns3:TrackPointExtension>
            <ns3:hr>92</ns3:hr>
          </ns3:TrackPointExtension>
        </extensions>
      </trkpt>
      <trkpt lat="33.16296075470745563507080078125" lon="103.8816726766526699066162109375">
        <ele>2469.800048828125</ele>
        <time>2026-05-19T05:11:01.000Z</time>
        <extensions>
          <ns3:TrackPointExtension>
            <ns3:hr>93</ns3:hr>
          </ns3:TrackPointExtension>
        </extensions>
      </trkpt>
      <trkpt lat="33.1629903428256511688232421875" lon="103.88175272382795810699462890625">
        <ele>2469</ele>
        <time>2026-05-19T05:11:07.000Z</time>
        <extensions>
          <ns3:TrackPointExtension>
            <ns3:hr>96</ns3:hr>
          </ns3:TrackPointExtension>
        </extensions>
      </trkpt>
      <trkpt lat="33.1630225293338298797607421875" lon="103.88177334330976009368896484375">
        <ele>2468.800048828125</ele>
        <time>2026-05-19T05:11:10.000Z</time>
        <extensions>
          <ns3:TrackPointExtension>
            <ns3:hr>97</ns3:hr>
          </ns3:TrackPointExtension>
        </extensions>
      </trkpt>
      <trkpt lat="33.16303703002631664276123046875" lon="103.88179547153413295745849609375">
        <ele>2468.60009765625</ele>
        <time>2026-05-19T05:11:12.000Z</time>
        <extensions>
          <ns3:TrackPointExtension>
            <ns3:hr>97</ns3:hr>
          </ns3:TrackPointExtension>
        </extensions>
      </trkpt>
      <trkpt lat="33.16306066699326038360595703125" lon="103.881860934197902679443359375">
        <ele>2468</ele>
        <time>2026-05-19T05:11:17.000Z</time>
        <extensions>
          <ns3:TrackPointExtension>
            <ns3:hr>97</ns3:hr>
          </ns3:TrackPointExtension>
        </extensions>
      </trkpt>
      <trkpt lat="33.16308380104601383209228515625" lon="103.881946094334125518798828125">
        <ele>2468.60009765625</ele>
        <time>2026-05-19T05:11:24.000Z</time>
        <extensions>
          <ns3:TrackPointExtension>
            <ns3:hr>96</ns3:hr>
          </ns3:TrackPointExtension>
        </extensions>
      </trkpt>
      <trkpt lat="33.16309444606304168701171875" lon="103.881950788199901580810546875">
        <ele>2468.39990234375</ele>
        <time>2026-05-19T05:11:25.000Z</time>
        <extensions>
          <ns3:TrackPointExtension>
            <ns3:hr>97</ns3:hr>
          </ns3:TrackPointExtension>
        </extensions>
      </trkpt>
      <trkpt lat="33.16311514936387538909912109375" lon="103.881999738514423370361328125">
        <ele>2468.60009765625</ele>
        <time>2026-05-19T05:11:32.000Z</time>
        <extensions>
          <ns3:TrackPointExtension>
            <ns3:hr>98</ns3:hr>
          </ns3:TrackPointExtension>
        </extensions>
      </trkpt>
      <trkpt lat="33.16314046271145343780517578125" lon="103.88199470937252044677734375">
        <ele>2467.800048828125</ele>
        <time>2026-05-19T05:11:37.000Z</time>
        <extensions>
          <ns3:TrackPointExtension>
            <ns3:hr>98</ns3:hr>
          </ns3:TrackPointExtension>
        </extensions>
      </trkpt>
      <trkpt lat="33.16314004361629486083984375" lon="103.88198532164096832275390625">
        <ele>2467.60009765625</ele>
        <time>2026-05-19T05:11:40.000Z</time>
        <extensions>
          <ns3:TrackPointExtension>
            <ns3:hr>95</ns3:hr>
          </ns3:TrackPointExtension>
        </extensions>
      </trkpt>
      <trkpt lat="33.1631398759782314300537109375" lon="103.8819620199501514434814453125">
        <ele>2467.199951171875</ele>
        <time>2026-05-19T05:11:44.000Z</time>
        <extensions>
          <ns3:TrackPointExtension>
            <ns3:hr>95</ns3:hr>
          </ns3:TrackPointExtension>
        </extensions>
      </trkpt>
      <trkpt lat="33.16314985044300556182861328125" lon="103.881872333586215972900390625">
        <ele>2467.60009765625</ele>
        <time>2026-05-19T05:11:52.000Z</time>
        <extensions>
          <ns3:TrackPointExtension>
            <ns3:hr>95</ns3:hr>
          </ns3:TrackPointExtension>
        </extensions>
      </trkpt>
      <trkpt lat="33.1631744094192981719970703125" lon="103.8818545639514923095703125">
        <ele>2467.60009765625</ele>
        <time>2026-05-19T05:11:56.000Z</time>
        <extensions>
          <ns3:TrackPointExtension>
            <ns3:hr>92</ns3:hr>
          </ns3:TrackPointExtension>
        </extensions>
      </trkpt>
      <trkpt lat="33.16318840719759464263916015625" lon="103.88186302967369556427001953125">
        <ele>2467.60009765625</ele>
        <time>2026-05-19T05:11:58.000Z</time>
        <extensions>
          <ns3:TrackPointExtension>
            <ns3:hr>91</ns3:hr>
          </ns3:TrackPointExtension>
        </extensions>
      </trkpt>
      <trkpt lat="33.163229562342166900634765625" lon="103.88194450177252292633056640625">
        <ele>2466.800048828125</ele>
        <time>2026-05-19T05:12:09.000Z</time>
        <extensions>
          <ns3:TrackPointExtension>
            <ns3:hr>90</ns3:hr>
          </ns3:TrackPointExtension>
        </extensions>
      </trkpt>
      <trkpt lat="33.1632340885698795318603515625" lon="103.88198532164096832275390625">
        <ele>2466.39990234375</ele>
        <time>2026-05-19T05:12:15.000Z</time>
        <extensions>
          <ns3:TrackPointExtension>
            <ns3:hr>86</ns3:hr>
          </ns3:TrackPointExtension>
        </extensions>
      </trkpt>
      <trkpt lat="33.16324456594884395599365234375" lon="103.88203234411776065826416015625">
        <ele>2466.199951171875</ele>
        <time>2026-05-19T05:12:19.000Z</time>
        <extensions>
          <ns3:TrackPointExtension>
            <ns3:hr>84</ns3:hr>
          </ns3:TrackPointExtension>
        </extensions>
      </trkpt>
      <trkpt lat="33.1632679514586925506591796875" lon="103.8820384629070758819580078125">
        <ele>2466</ele>
        <time>2026-05-19T05:12:21.000Z</time>
        <extensions>
          <ns3:TrackPointExtension>
            <ns3:hr>85</ns3:hr>
          </ns3:TrackPointExtension>
        </extensions>
      </trkpt>
      <trkpt lat="33.1632723100483417510986328125" lon="103.88205480761826038360595703125">
        <ele>2465.800048828125</ele>
        <time>2026-05-19T05:12:23.000Z</time>
        <extensions>
          <ns3:TrackPointExtension>
            <ns3:hr>89</ns3:hr>
          </ns3:TrackPointExtension>
        </extensions>
      </trkpt>
      <trkpt lat="33.16328932531177997589111328125" lon="103.882074840366840362548828125">
        <ele>2465.39990234375</ele>
        <time>2026-05-19T05:12:27.000Z</time>
        <extensions>
          <ns3:TrackPointExtension>
            <ns3:hr>91</ns3:hr>
          </ns3:TrackPointExtension>
        </extensions>
      </trkpt>
      <trkpt lat="33.16332888789474964141845703125" lon="103.882091939449310302734375">
        <ele>2464.800048828125</ele>
        <time>2026-05-19T05:12:31.000Z</time>
        <extensions>
          <ns3:TrackPointExtension>
            <ns3:hr>90</ns3:hr>
          </ns3:TrackPointExtension>
        </extensions>
      </trkpt>
      <trkpt lat="33.16333676688373088836669921875" lon="103.88210794888436794281005859375">
        <ele>2464.39990234375</ele>
        <time>2026-05-19T05:12:33.000Z</time>
        <extensions>
          <ns3:TrackPointExtension>
            <ns3:hr>90</ns3:hr>
          </ns3:TrackPointExtension>
        </extensions>
      </trkpt>
      <trkpt lat="33.163355290889739990234375" lon="103.88217986561357975006103515625">
        <ele>2462.800048828125</ele>
        <time>2026-05-19T05:12:40.000Z</time>
        <extensions>
          <ns3:TrackPointExtension>
            <ns3:hr>92</ns3:hr>
          </ns3:TrackPointExtension>
        </extensions>
      </trkpt>
      <trkpt lat="33.16338546574115753173828125" lon="103.8821900077164173126220703125">
        <ele>2462</ele>
        <time>2026-05-19T05:12:42.000Z</time>
        <extensions>
          <ns3:TrackPointExtension>
            <ns3:hr>94</ns3:hr>
          </ns3:TrackPointExtension>
        </extensions>
      </trkpt>
      <trkpt lat="33.1634181551635265350341796875" lon="103.8822791911661624908447265625">
        <ele>2461</ele>
        <time>2026-05-19T05:12:51.000Z</time>
        <extensions>
          <ns3:TrackPointExtension>
            <ns3:hr>93</ns3:hr>
          </ns3:TrackPointExtension>
        </extensions>
      </trkpt>
      <trkpt lat="33.1634275428950786590576171875" lon="103.88231850229203701019287109375">
        <ele>2460.800048828125</ele>
        <time>2026-05-19T05:12:55.000Z</time>
        <extensions>
          <ns3:TrackPointExtension>
            <ns3:hr>93</ns3:hr>
          </ns3:TrackPointExtension>
        </extensions>
      </trkpt>
      <trkpt lat="33.163442127406597137451171875" lon="103.88235370628535747528076171875">
        <ele>2460.199951171875</ele>
        <time>2026-05-19T05:12:58.000Z</time>
        <extensions>
          <ns3:TrackPointExtension>
            <ns3:hr>95</ns3:hr>
          </ns3:TrackPointExtension>
        </extensions>
      </trkpt>
      <trkpt lat="33.16348009742796421051025390625" lon="103.88239276595413684844970703125">
        <ele>2458.800048828125</ele>
        <time>2026-05-19T05:13:03.000Z</time>
        <extensions>
          <ns3:TrackPointExtension>
            <ns3:hr>95</ns3:hr>
          </ns3:TrackPointExtension>
        </extensions>
      </trkpt>
      <trkpt lat="33.16350256092846393585205078125" lon="103.88240282423794269561767578125">
        <ele>2458</ele>
        <time>2026-05-19T05:13:05.000Z</time>
        <extensions>
          <ns3:TrackPointExtension>
            <ns3:hr>94</ns3:hr>
          </ns3:TrackPointExtension>
        </extensions>
      </trkpt>
      <trkpt lat="33.163507841527462005615234375" lon="103.8824401237070560455322265625">
        <ele>2457.60009765625</ele>
        <time>2026-05-19T05:13:08.000Z</time>
        <extensions>
          <ns3:TrackPointExtension>
            <ns3:hr>97</ns3:hr>
          </ns3:TrackPointExtension>
        </extensions>
      </trkpt>
      <trkpt lat="33.16351647488772869110107421875" lon="103.88246116228401660919189453125">
        <ele>2457</ele>
        <time>2026-05-19T05:13:10.000Z</time>
        <extensions>
          <ns3:TrackPointExtension>
            <ns3:hr>95</ns3:hr>
          </ns3:TrackPointExtension>
        </extensions>
      </trkpt>
      <trkpt lat="33.1635180674493312835693359375" lon="103.88249100185930728912353515625">
        <ele>2456.800048828125</ele>
        <time>2026-05-19T05:13:13.000Z</time>
        <extensions>
          <ns3:TrackPointExtension>
            <ns3:hr>94</ns3:hr>
          </ns3:TrackPointExtension>
        </extensions>
      </trkpt>
      <trkpt lat="33.16352502442896366119384765625" lon="103.88250759802758693695068359375">
        <ele>2456.39990234375</ele>
        <time>2026-05-19T05:13:15.000Z</time>
        <extensions>
          <ns3:TrackPointExtension>
            <ns3:hr>95</ns3:hr>
          </ns3:TrackPointExtension>
        </extensions>
      </trkpt>
      <trkpt lat="33.16356408409774303436279296875" lon="103.88257943093776702880859375">
        <ele>2454.800048828125</ele>
        <time>2026-05-19T05:13:22.000Z</time>
        <extensions>
          <ns3:TrackPointExtension>
            <ns3:hr>91</ns3:hr>
          </ns3:TrackPointExtension>
        </extensions>
      </trkpt>
      <trkpt lat="33.163577578961849212646484375" lon="103.882589153945446014404296875">
        <ele>2454.39990234375</ele>
        <time>2026-05-19T05:13:24.000Z</time>
        <extensions>
          <ns3:TrackPointExtension>
            <ns3:hr>92</ns3:hr>
          </ns3:TrackPointExtension>
        </extensions>
      </trkpt>
      <trkpt lat="33.163618147373199462890625" lon="103.882662244141101837158203125">
        <ele>2451.60009765625</ele>
        <time>2026-05-19T05:13:31.000Z</time>
        <extensions>
          <ns3:TrackPointExtension>
            <ns3:hr>94</ns3:hr>
          </ns3:TrackPointExtension>
        </extensions>
      </trkpt>
      <trkpt lat="33.163654021918773651123046875" lon="103.882746398448944091796875">
        <ele>2448.60009765625</ele>
        <time>2026-05-19T05:13:38.000Z</time>
        <extensions>
          <ns3:TrackPointExtension>
            <ns3:hr>91</ns3:hr>
          </ns3:TrackPointExtension>
        </extensions>
      </trkpt>
      <trkpt lat="33.163649328052997589111328125" lon="103.88276039622724056243896484375">
        <ele>2448.800048828125</ele>
        <time>2026-05-19T05:13:39.000Z</time>
        <extensions>
          <ns3:TrackPointExtension>
            <ns3:hr>92</ns3:hr>
          </ns3:TrackPointExtension>
        </extensions>
      </trkpt>
      <trkpt lat="33.16366734914481639862060546875" lon="103.8828122802078723907470703125">
        <ele>2447.60009765625</ele>
        <time>2026-05-19T05:13:44.000Z</time>
        <extensions>
          <ns3:TrackPointExtension>
            <ns3:hr>92</ns3:hr>
          </ns3:TrackPointExtension>
        </extensions>
      </trkpt>
      <trkpt lat="33.1636706180870532989501953125" lon="103.882917053997516632080078125">
        <ele>2447</ele>
        <time>2026-05-19T05:13:51.000Z</time>
        <extensions>
          <ns3:TrackPointExtension>
            <ns3:hr>92</ns3:hr>
          </ns3:TrackPointExtension>
        </extensions>
      </trkpt>
      <trkpt lat="33.16368277184665203094482421875" lon="103.88293884694576263427734375">
        <ele>2446.39990234375</ele>
        <time>2026-05-19T05:13:53.000Z</time>
        <extensions>
          <ns3:TrackPointExtension>
            <ns3:hr>91</ns3:hr>
          </ns3:TrackPointExtension>
        </extensions>
      </trkpt>
      <trkpt lat="33.16368746571242809295654296875" lon="103.88297044672071933746337890625">
        <ele>2446.39990234375</ele>
        <time>2026-05-19T05:13:55.000Z</time>
        <extensions>
          <ns3:TrackPointExtension>
            <ns3:hr>92</ns3:hr>
          </ns3:TrackPointExtension>
        </extensions>
      </trkpt>
      <trkpt lat="33.16371227614581584930419921875" lon="103.88301772065460681915283203125">
        <ele>2445.39990234375</ele>
        <time>2026-05-19T05:14:00.000Z</time>
        <extensions>
          <ns3:TrackPointExtension>
            <ns3:hr>92</ns3:hr>
          </ns3:TrackPointExtension>
        </extensions>
      </trkpt>
      <trkpt lat="33.16380548290908336639404296875" lon="103.88309785164892673492431640625">
        <ele>2441.60009765625</ele>
        <time>2026-05-19T05:14:08.000Z</time>
        <extensions>
          <ns3:TrackPointExtension>
            <ns3:hr>92</ns3:hr>
          </ns3:TrackPointExtension>
        </extensions>
      </trkpt>
      <trkpt lat="33.163823671638965606689453125" lon="103.88313372619450092315673828125">
        <ele>2441.199951171875</ele>
        <time>2026-05-19T05:14:13.000Z</time>
        <extensions>
          <ns3:TrackPointExtension>
            <ns3:hr>93</ns3:hr>
          </ns3:TrackPointExtension>
        </extensions>
      </trkpt>
      <trkpt lat="33.16383331082761287689208984375" lon="103.88315116055309772491455078125">
        <ele>2441</ele>
        <time>2026-05-19T05:14:15.000Z</time>
        <extensions>
          <ns3:TrackPointExtension>
            <ns3:hr>98</ns3:hr>
          </ns3:TrackPointExtension>
        </extensions>
      </trkpt>
      <trkpt lat="33.163838088512420654296875" lon="103.8831613026559352874755859375">
        <ele>2441</ele>
        <time>2026-05-19T05:14:16.000Z</time>
        <extensions>
          <ns3:TrackPointExtension>
            <ns3:hr>95</ns3:hr>
          </ns3:TrackPointExtension>
        </extensions>
      </trkpt>
      <trkpt lat="33.16389500163495540618896484375" lon="103.88321771286427974700927734375">
        <ele>2439.800048828125</ele>
        <time>2026-05-19T05:14:22.000Z</time>
        <extensions>
          <ns3:TrackPointExtension>
            <ns3:hr>94</ns3:hr>
          </ns3:TrackPointExtension>
        </extensions>
      </trkpt>
      <trkpt lat="33.16392584703862667083740234375" lon="103.8832612149417400360107421875">
        <ele>2439.39990234375</ele>
        <time>2026-05-19T05:14:27.000Z</time>
        <extensions>
          <ns3:TrackPointExtension>
            <ns3:hr>93</ns3:hr>
          </ns3:TrackPointExtension>
        </extensions>
      </trkpt>
      <trkpt lat="33.16393272019922733306884765625" lon="103.88327118940651416778564453125">
        <ele>2439.39990234375</ele>
        <time>2026-05-19T05:14:28.000Z</time>
        <extensions>
          <ns3:TrackPointExtension>
            <ns3:hr>96</ns3:hr>
          </ns3:TrackPointExtension>
        </extensions>
      </trkpt>
      <trkpt lat="33.16395367495715618133544921875" lon="103.88328677974641323089599609375">
        <ele>2439</ele>
        <time>2026-05-19T05:14:31.000Z</time>
        <extensions>
          <ns3:TrackPointExtension>
            <ns3:hr>95</ns3:hr>
          </ns3:TrackPointExtension>
        </extensions>
      </trkpt>
      <trkpt lat="33.163987956941127777099609375" lon="103.88332047499716281890869140625">
        <ele>2438.199951171875</ele>
        <time>2026-05-19T05:14:34.000Z</time>
        <extensions>
          <ns3:TrackPointExtension>
            <ns3:hr>95</ns3:hr>
          </ns3:TrackPointExtension>
        </extensions>
      </trkpt>
      <trkpt lat="33.16399927251040935516357421875" lon="103.8833416812121868133544921875">
        <ele>2438.199951171875</ele>
        <time>2026-05-19T05:14:36.000Z</time>
        <extensions>
          <ns3:TrackPointExtension>
            <ns3:hr>92</ns3:hr>
          </ns3:TrackPointExtension>
        </extensions>
      </trkpt>
      <trkpt lat="33.16403866745531558990478515625" lon="103.8834057189524173736572265625">
        <ele>2437.60009765625</ele>
        <time>2026-05-19T05:14:41.000Z</time>
        <extensions>
          <ns3:TrackPointExtension>
            <ns3:hr>91</ns3:hr>
          </ns3:TrackPointExtension>
        </extensions>
      </trkpt>
      <trkpt lat="33.164050988852977752685546875" lon="103.88341628015041351318359375">
        <ele>2437.39990234375</ele>
        <time>2026-05-19T05:14:42.000Z</time>
        <extensions>
          <ns3:TrackPointExtension>
            <ns3:hr>92</ns3:hr>
          </ns3:TrackPointExtension>
        </extensions>
      </trkpt>
      <trkpt lat="33.16408694721758365631103515625" lon="103.88346816413104534149169921875">
        <ele>2437.39990234375</ele>
        <time>2026-05-19T05:14:47.000Z</time>
        <extensions>
          <ns3:TrackPointExtension>
            <ns3:hr>91</ns3:hr>
          </ns3:TrackPointExtension>
        </extensions>
      </trkpt>
      <trkpt lat="33.1640888750553131103515625" lon="103.88348023407161235809326171875">
        <ele>2437.800048828125</ele>
        <time>2026-05-19T05:14:48.000Z</time>
        <extensions>
          <ns3:TrackPointExtension>
            <ns3:hr>91</ns3:hr>
          </ns3:TrackPointExtension>
        </extensions>
      </trkpt>
      <trkpt lat="33.16411326639354228973388671875" lon="103.88354326598346233367919921875">
        <ele>2438.800048828125</ele>
        <time>2026-05-19T05:14:53.000Z</time>
        <extensions>
          <ns3:TrackPointExtension>
            <ns3:hr>91</ns3:hr>
          </ns3:TrackPointExtension>
        </extensions>
      </trkpt>
      <trkpt lat="33.16416976042091846466064453125" lon="103.8836306892335414886474609375">
        <ele>2439</ele>
        <time>2026-05-19T05:15:01.000Z</time>
        <extensions>
          <ns3:TrackPointExtension>
            <ns3:hr>91</ns3:hr>
          </ns3:TrackPointExtension>
        </extensions>
      </trkpt>
      <trkpt lat="33.16418920643627643585205078125" lon="103.8836752809584140777587890625">
        <ele>2439.60009765625</ele>
        <time>2026-05-19T05:15:06.000Z</time>
        <extensions>
          <ns3:TrackPointExtension>
            <ns3:hr>90</ns3:hr>
          </ns3:TrackPointExtension>
        </extensions>
      </trkpt>
      <trkpt lat="33.16426347009837627410888671875" lon="103.88373688794672489166259765625">
        <ele>2437.60009765625</ele>
        <time>2026-05-19T05:15:13.000Z</time>
        <extensions>
          <ns3:TrackPointExtension>
            <ns3:hr>93</ns3:hr>
          </ns3:TrackPointExtension>
        </extensions>
      </trkpt>
      <trkpt lat="33.1642529927194118499755859375" lon="103.88376018963754177093505859375">
        <ele>2439</ele>
        <time>2026-05-19T05:15:14.000Z</time>
        <extensions>
          <ns3:TrackPointExtension>
            <ns3:hr>95</ns3:hr>
          </ns3:TrackPointExtension>
        </extensions>
      </trkpt>
      <trkpt lat="33.16425475291907787322998046875" lon="103.883775360882282257080078125">
        <ele>2439.39990234375</ele>
        <time>2026-05-19T05:15:15.000Z</time>
        <extensions>
          <ns3:TrackPointExtension>
            <ns3:hr>92</ns3:hr>
          </ns3:TrackPointExtension>
        </extensions>
      </trkpt>
      <trkpt lat="33.16426916979253292083740234375" lon="103.883846439421176910400390625">
        <ele>2440.800048828125</ele>
        <time>2026-05-19T05:15:20.000Z</time>
        <extensions>
          <ns3:TrackPointExtension>
            <ns3:hr>87</ns3:hr>
          </ns3:TrackPointExtension>
        </extensions>
      </trkpt>
      <trkpt lat="33.16427067853510379791259765625" lon="103.88385691680014133453369140625">
        <ele>2441.199951171875</ele>
        <time>2026-05-19T05:15:21.000Z</time>
        <extensions>
          <ns3:TrackPointExtension>
            <ns3:hr>89</ns3:hr>
          </ns3:TrackPointExtension>
        </extensions>
      </trkpt>
      <trkpt lat="33.16427554003894329071044921875" lon="103.8838677294552326202392578125">
        <ele>2441.199951171875</ele>
        <time>2026-05-19T05:15:22.000Z</time>
        <extensions>
          <ns3:TrackPointExtension>
            <ns3:hr>87</ns3:hr>
          </ns3:TrackPointExtension>
        </extensions>
      </trkpt>
      <trkpt lat="33.1643361411988735198974609375" lon="103.88389237225055694580078125">
        <ele>2438.60009765625</ele>
        <time>2026-05-19T05:15:27.000Z</time>
        <extensions>
          <ns3:TrackPointExtension>
            <ns3:hr>87</ns3:hr>
          </ns3:TrackPointExtension>
        </extensions>
      </trkpt>
      <trkpt lat="33.164370842278003692626953125" lon="103.88389748521149158477783203125">
        <ele>2437.199951171875</ele>
        <time>2026-05-19T05:15:31.000Z</time>
        <extensions>
          <ns3:TrackPointExtension>
            <ns3:hr>83</ns3:hr>
          </ns3:TrackPointExtension>
        </extensions>
      </trkpt>
      <trkpt lat="33.16439531743526458740234375" lon="103.88390980660915374755859375">
        <ele>2436.60009765625</ele>
        <time>2026-05-19T05:15:33.000Z</time>
        <extensions>
          <ns3:TrackPointExtension>
            <ns3:hr>87</ns3:hr>
          </ns3:TrackPointExtension>
        </extensions>
      </trkpt>
      <trkpt lat="33.1644134223461151123046875" lon="103.88393017463386058807373046875">
        <ele>2436.60009765625</ele>
        <time>2026-05-19T05:15:35.000Z</time>
        <extensions>
          <ns3:TrackPointExtension>
            <ns3:hr>86</ns3:hr>
          </ns3:TrackPointExtension>
        </extensions>
      </trkpt>
      <trkpt lat="33.16444250755012035369873046875" lon="103.883957751095294952392578125">
        <ele>2436.39990234375</ele>
        <time>2026-05-19T05:15:39.000Z</time>
        <extensions>
          <ns3:TrackPointExtension>
            <ns3:hr>88</ns3:hr>
          </ns3:TrackPointExtension>
        </extensions>
      </trkpt>
      <trkpt lat="33.16447352059185504913330078125" lon="103.8839669711887836456298828125">
        <ele>2435.60009765625</ele>
        <time>2026-05-19T05:15:41.000Z</time>
        <extensions>
          <ns3:TrackPointExtension>
            <ns3:hr>87</ns3:hr>
          </ns3:TrackPointExtension>
        </extensions>
      </trkpt>
      <trkpt lat="33.1645475327968597412109375" lon="103.8840122334659099578857421875">
        <ele>2434.199951171875</ele>
        <time>2026-05-19T05:15:47.000Z</time>
        <extensions>
          <ns3:TrackPointExtension>
            <ns3:hr>88</ns3:hr>
          </ns3:TrackPointExtension>
        </extensions>
      </trkpt>
      <trkpt lat="33.16463143564760684967041015625" lon="103.8840367086231708526611328125">
        <ele>2431.60009765625</ele>
        <time>2026-05-19T05:15:53.000Z</time>
        <extensions>
          <ns3:TrackPointExtension>
            <ns3:hr>85</ns3:hr>
          </ns3:TrackPointExtension>
        </extensions>
      </trkpt>
      <trkpt lat="33.164644427597522735595703125" lon="103.88406294398009777069091796875">
        <ele>2432</ele>
        <time>2026-05-19T05:15:55.000Z</time>
        <extensions>
          <ns3:TrackPointExtension>
            <ns3:hr>84</ns3:hr>
          </ns3:TrackPointExtension>
        </extensions>
      </trkpt>
      <trkpt lat="33.16464099101722240447998046875" lon="103.88409144245088100433349609375">
        <ele>2432.60009765625</ele>
        <time>2026-05-19T05:15:56.000Z</time>
        <extensions>
          <ns3:TrackPointExtension>
            <ns3:hr>86</ns3:hr>
          </ns3:TrackPointExtension>
        </extensions>
      </trkpt>
      <trkpt lat="33.1646834872663021087646484375" lon="103.8841322623193264007568359375">
        <ele>2432.39990234375</ele>
        <time>2026-05-19T05:16:01.000Z</time>
        <extensions>
          <ns3:TrackPointExtension>
            <ns3:hr>85</ns3:hr>
          </ns3:TrackPointExtension>
        </extensions>
      </trkpt>
      <trkpt lat="33.16469312645494937896728515625" lon="103.884136117994785308837890625">
        <ele>2432.39990234375</ele>
        <time>2026-05-19T05:16:02.000Z</time>
        <extensions>
          <ns3:TrackPointExtension>
            <ns3:hr>86</ns3:hr>
          </ns3:TrackPointExtension>
        </extensions>
      </trkpt>
      <trkpt lat="33.16470100544393062591552734375" lon="103.8841564022004604339599609375">
        <ele>2432.60009765625</ele>
        <time>2026-05-19T05:16:04.000Z</time>
        <extensions>
          <ns3:TrackPointExtension>
            <ns3:hr>86</ns3:hr>
          </ns3:TrackPointExtension>
        </extensions>
      </trkpt>
      <trkpt lat="33.1647133268415927886962890625" lon="103.8841746747493743896484375">
        <ele>2432.800048828125</ele>
        <time>2026-05-19T05:16:06.000Z</time>
        <extensions>
          <ns3:TrackPointExtension>
            <ns3:hr>86</ns3:hr>
          </ns3:TrackPointExtension>
        </extensions>
      </trkpt>
      <trkpt lat="33.1647579185664653778076171875" lon="103.884223289787769317626953125">
        <ele>2432.800048828125</ele>
        <time>2026-05-19T05:16:12.000Z</time>
        <extensions>
          <ns3:TrackPointExtension>
            <ns3:hr>83</ns3:hr>
          </ns3:TrackPointExtension>
        </extensions>
      </trkpt>
      <trkpt lat="33.16483922302722930908203125" lon="103.884256146848201751708984375">
        <ele>2432</ele>
        <time>2026-05-19T05:16:19.000Z</time>
        <extensions>
          <ns3:TrackPointExtension>
            <ns3:hr>84</ns3:hr>
          </ns3:TrackPointExtension>
        </extensions>
      </trkpt>
      <trkpt lat="33.1648464314639568328857421875" lon="103.88426193036139011383056640625">
        <ele>2431.800048828125</ele>
        <time>2026-05-19T05:16:20.000Z</time>
        <extensions>
          <ns3:TrackPointExtension>
            <ns3:hr>85</ns3:hr>
          </ns3:TrackPointExtension>
        </extensions>
      </trkpt>
      <trkpt lat="33.1648605130612850189208984375" lon="103.88428263366222381591796875">
        <ele>2431.800048828125</ele>
        <time>2026-05-19T05:16:22.000Z</time>
        <extensions>
          <ns3:TrackPointExtension>
            <ns3:hr>87</ns3:hr>
          </ns3:TrackPointExtension>
        </extensions>
      </trkpt>
      <trkpt lat="33.1648712418973445892333984375" lon="103.8842900097370147705078125">
        <ele>2431.60009765625</ele>
        <time>2026-05-19T05:16:23.000Z</time>
        <extensions>
          <ns3:TrackPointExtension>
            <ns3:hr>84</ns3:hr>
          </ns3:TrackPointExtension>
        </extensions>
      </trkpt>
      <trkpt lat="33.16488708369433879852294921875" lon="103.88429470360279083251953125">
        <ele>2431.39990234375</ele>
        <time>2026-05-19T05:16:24.000Z</time>
        <extensions>
          <ns3:TrackPointExtension>
            <ns3:hr>86</ns3:hr>
          </ns3:TrackPointExtension>
        </extensions>
      </trkpt>
      <trkpt lat="33.1649396382272243499755859375" lon="103.88430987484753131866455078125">
        <ele>2430.800048828125</ele>
        <time>2026-05-19T05:16:27.000Z</time>
        <extensions>
          <ns3:TrackPointExtension>
            <ns3:hr>87</ns3:hr>
          </ns3:TrackPointExtension>
        </extensions>
      </trkpt>
      <trkpt lat="33.16498833708465099334716796875" lon="103.88430350460112094879150390625">
        <ele>2430.800048828125</ele>
        <time>2026-05-19T05:16:33.000Z</time>
        <extensions>
          <ns3:TrackPointExtension>
            <ns3:hr>88</ns3:hr>
          </ns3:TrackPointExtension>
        </extensions>
      </trkpt>
      <trkpt lat="33.16501834429800510406494140625" lon="103.88429327867925167083740234375">
        <ele>2430.60009765625</ele>
        <time>2026-05-19T05:16:36.000Z</time>
        <extensions>
          <ns3:TrackPointExtension>
            <ns3:hr>87</ns3:hr>
          </ns3:TrackPointExtension>
        </extensions>
      </trkpt>
      <trkpt lat="33.1650418974459171295166015625" lon="103.88427953235805034637451171875">
        <ele>2430.60009765625</ele>
        <time>2026-05-19T05:16:39.000Z</time>
        <extensions>
          <ns3:TrackPointExtension>
            <ns3:hr>87</ns3:hr>
          </ns3:TrackPointExtension>
        </extensions>
      </trkpt>
      <trkpt lat="33.16516502760350704193115234375" lon="103.88425849378108978271484375">
        <ele>2430</ele>
        <time>2026-05-19T05:16:49.000Z</time>
        <extensions>
          <ns3:TrackPointExtension>
            <ns3:hr>85</ns3:hr>
          </ns3:TrackPointExtension>
        </extensions>
      </trkpt>
      <trkpt lat="33.16517961211502552032470703125" lon="103.88431574217975139617919921875">
        <ele>2430</ele>
        <time>2026-05-19T05:16:54.000Z</time>
        <extensions>
          <ns3:TrackPointExtension>
            <ns3:hr>84</ns3:hr>
          </ns3:TrackPointExtension>
        </extensions>
      </trkpt>
      <trkpt lat="33.16514994017779827117919921875" lon="103.88436150737106800079345703125">
        <ele>2430.199951171875</ele>
        <time>2026-05-19T05:16:56.000Z</time>
        <extensions>
          <ns3:TrackPointExtension>
            <ns3:hr>83</ns3:hr>
          </ns3:TrackPointExtension>
        </extensions>
      </trkpt>
      <trkpt lat="33.1651451624929904937744140625" lon="103.88444356620311737060546875">
        <ele>2430.199951171875</ele>
        <time>2026-05-19T05:17:02.000Z</time>
        <extensions>
          <ns3:TrackPointExtension>
            <ns3:hr>81</ns3:hr>
          </ns3:TrackPointExtension>
        </extensions>
      </trkpt>
      <trkpt lat="33.16512512974441051483154296875" lon="103.884472064673900604248046875">
        <ele>2430.199951171875</ele>
        <time>2026-05-19T05:17:05.000Z</time>
        <extensions>
          <ns3:TrackPointExtension>
            <ns3:hr>81</ns3:hr>
          </ns3:TrackPointExtension>
        </extensions>
      </trkpt>
      <trkpt lat="33.1651161611080169677734375" lon="103.88448019511997699737548828125">
        <ele>2430.199951171875</ele>
        <time>2026-05-19T05:17:11.000Z</time>
        <extensions>
          <ns3:TrackPointExtension>
            <ns3:hr>82</ns3:hr>
          </ns3:TrackPointExtension>
        </extensions>
      </trkpt>
      <trkpt lat="33.16513434983789920806884765625" lon="103.88450500555336475372314453125">
        <ele>2430.199951171875</ele>
        <time>2026-05-19T05:17:18.000Z</time>
        <extensions>
          <ns3:TrackPointExtension>
            <ns3:hr>81</ns3:hr>
          </ns3:TrackPointExtension>
        </extensions>
      </trkpt>
      <trkpt lat="33.16508942283689975738525390625" lon="103.88458295725286006927490234375">
        <ele>2431</ele>
        <time>2026-05-19T05:17:26.000Z</time>
        <extensions>
          <ns3:TrackPointExtension>
            <ns3:hr>80</ns3:hr>
          </ns3:TrackPointExtension>
        </extensions>
      </trkpt>
      <trkpt lat="33.165052123367786407470703125" lon="103.884661495685577392578125">
        <ele>2432.39990234375</ele>
        <time>2026-05-19T05:17:31.000Z</time>
        <extensions>
          <ns3:TrackPointExtension>
            <ns3:hr>81</ns3:hr>
          </ns3:TrackPointExtension>
        </extensions>
      </trkpt>
      <trkpt lat="33.16507257521152496337890625" lon="103.8846797682344913482666015625">
        <ele>2432.800048828125</ele>
        <time>2026-05-19T05:17:35.000Z</time>
        <extensions>
          <ns3:TrackPointExtension>
            <ns3:hr>81</ns3:hr>
          </ns3:TrackPointExtension>
        </extensions>
      </trkpt>
      <trkpt lat="33.16512353718280792236328125" lon="103.88472897000610828399658203125">
        <ele>2433.39990234375</ele>
        <time>2026-05-19T05:17:41.000Z</time>
        <extensions>
          <ns3:TrackPointExtension>
            <ns3:hr>82</ns3:hr>
          </ns3:TrackPointExtension>
        </extensions>
      </trkpt>
      <trkpt lat="33.165161423385143280029296875" lon="103.88479719869792461395263671875">
        <ele>2434.60009765625</ele>
        <time>2026-05-19T05:17:48.000Z</time>
        <extensions>
          <ns3:TrackPointExtension>
            <ns3:hr>83</ns3:hr>
          </ns3:TrackPointExtension>
        </extensions>
      </trkpt>
      <trkpt lat="33.16516318358480930328369140625" lon="103.88480457477271556854248046875">
        <ele>2434.60009765625</ele>
        <time>2026-05-19T05:17:49.000Z</time>
        <extensions>
          <ns3:TrackPointExtension>
            <ns3:hr>80</ns3:hr>
          </ns3:TrackPointExtension>
        </extensions>
      </trkpt>
      <trkpt lat="33.1651805341243743896484375" lon="103.884840197861194610595703125">
        <ele>2435.60009765625</ele>
        <time>2026-05-19T05:17:53.000Z</time>
        <extensions>
          <ns3:TrackPointExtension>
            <ns3:hr>83</ns3:hr>
          </ns3:TrackPointExtension>
        </extensions>
      </trkpt>
      <trkpt lat="33.16517994739115238189697265625" lon="103.88485067524015903472900390625">
        <ele>2436</ele>
        <time>2026-05-19T05:17:54.000Z</time>
        <extensions>
          <ns3:TrackPointExtension>
            <ns3:hr>85</ns3:hr>
          </ns3:TrackPointExtension>
        </extensions>
      </trkpt>
      <trkpt lat="33.165184557437896728515625" lon="103.88487364165484905242919921875">
        <ele>2436.800048828125</ele>
        <time>2026-05-19T05:17:56.000Z</time>
        <extensions>
          <ns3:TrackPointExtension>
            <ns3:hr>82</ns3:hr>
          </ns3:TrackPointExtension>
        </extensions>
      </trkpt>
      <trkpt lat="33.16518380306661128997802734375" lon="103.88489560224115848541259765625">
        <ele>2437.60009765625</ele>
        <time>2026-05-19T05:17:58.000Z</time>
        <extensions>
          <ns3:TrackPointExtension>
            <ns3:hr>82</ns3:hr>
          </ns3:TrackPointExtension>
        </extensions>
      </trkpt>
      <trkpt lat="33.165184222161769866943359375" lon="103.88490029610693454742431640625">
        <ele>2437.800048828125</ele>
        <time>2026-05-19T05:17:59.000Z</time>
        <extensions>
          <ns3:TrackPointExtension>
            <ns3:hr>83</ns3:hr>
          </ns3:TrackPointExtension>
        </extensions>
      </trkpt>
      <trkpt lat="33.16519436426460742950439453125" lon="103.88490951620042324066162109375">
        <ele>2438</ele>
        <time>2026-05-19T05:18:01.000Z</time>
        <extensions>
          <ns3:TrackPointExtension>
            <ns3:hr>84</ns3:hr>
          </ns3:TrackPointExtension>
        </extensions>
      </trkpt>
      <trkpt lat="33.16520760767161846160888671875" lon="103.88492326252162456512451171875">
        <ele>2438.39990234375</ele>
        <time>2026-05-19T05:18:03.000Z</time>
        <extensions>
          <ns3:TrackPointExtension>
            <ns3:hr>81</ns3:hr>
          </ns3:TrackPointExtension>
        </extensions>
      </trkpt>
      <trkpt lat="33.16523618996143341064453125" lon="103.88495385646820068359375">
        <ele>2439</ele>
        <time>2026-05-19T05:18:07.000Z</time>
        <extensions>
          <ns3:TrackPointExtension>
            <ns3:hr>79</ns3:hr>
          </ns3:TrackPointExtension>
        </extensions>
      </trkpt>
      <trkpt lat="33.1652797758579254150390625" lon="103.88500054366886615753173828125">
        <ele>2440</ele>
        <time>2026-05-19T05:18:13.000Z</time>
        <extensions>
          <ns3:TrackPointExtension>
            <ns3:hr>75</ns3:hr>
          </ns3:TrackPointExtension>
        </extensions>
      </trkpt>
      <trkpt lat="33.16528740338981151580810546875" lon="103.88501730747520923614501953125">
        <ele>2440.60009765625</ele>
        <time>2026-05-19T05:18:14.000Z</time>
        <extensions>
          <ns3:TrackPointExtension>
            <ns3:hr>76</ns3:hr>
          </ns3:TrackPointExtension>
        </extensions>
      </trkpt>
      <trkpt lat="33.16530165262520313262939453125" lon="103.88502434827387332916259765625">
        <ele>2440.60009765625</ele>
        <time>2026-05-19T05:18:15.000Z</time>
        <extensions>
          <ns3:TrackPointExtension>
            <ns3:hr>76</ns3:hr>
          </ns3:TrackPointExtension>
        </extensions>
      </trkpt>
      <trkpt lat="33.16531875170767307281494140625" lon="103.88503960333764553070068359375">
        <ele>2441</ele>
        <time>2026-05-19T05:18:17.000Z</time>
        <extensions>
          <ns3:TrackPointExtension>
            <ns3:hr>77</ns3:hr>
          </ns3:TrackPointExtension>
        </extensions>
      </trkpt>
      <trkpt lat="33.1653342582285404205322265625" lon="103.88504446484148502349853515625">
        <ele>2440.800048828125</ele>
        <time>2026-05-19T05:18:18.000Z</time>
        <extensions>
          <ns3:TrackPointExtension>
            <ns3:hr>78</ns3:hr>
          </ns3:TrackPointExtension>
        </extensions>
      </trkpt>
      <trkpt lat="33.1653535366058349609375" lon="103.88505217619240283966064453125">
        <ele>2440.800048828125</ele>
        <time>2026-05-19T05:18:20.000Z</time>
        <extensions>
          <ns3:TrackPointExtension>
            <ns3:hr>77</ns3:hr>
          </ns3:TrackPointExtension>
        </extensions>
      </trkpt>
      <trkpt lat="33.16538647748529911041259765625" lon="103.8850572891533374786376953125">
        <ele>2440.39990234375</ele>
        <time>2026-05-19T05:18:23.000Z</time>
        <extensions>
          <ns3:TrackPointExtension>
            <ns3:hr>76</ns3:hr>
          </ns3:TrackPointExtension>
        </extensions>
      </trkpt>
      <trkpt lat="33.165401481091976165771484375" lon="103.88506307266652584075927734375">
        <ele>2440.39990234375</ele>
        <time>2026-05-19T05:18:24.000Z</time>
        <extensions>
          <ns3:TrackPointExtension>
            <ns3:hr>79</ns3:hr>
          </ns3:TrackPointExtension>
        </extensions>
      </trkpt>
      <trkpt lat="33.16542553715407848358154296875" lon="103.88506424613296985626220703125">
        <ele>2440.199951171875</ele>
        <time>2026-05-19T05:18:26.000Z</time>
        <extensions>
          <ns3:TrackPointExtension>
            <ns3:hr>83</ns3:hr>
          </ns3:TrackPointExtension>
        </extensions>
      </trkpt>
      <trkpt lat="33.1654355116188526153564453125" lon="103.88506558723747730255126953125">
        <ele>2440.199951171875</ele>
        <time>2026-05-19T05:18:27.000Z</time>
        <extensions>
          <ns3:TrackPointExtension>
            <ns3:hr>86</ns3:hr>
          </ns3:TrackPointExtension>
        </extensions>
      </trkpt>
      <trkpt lat="33.1654462404549121856689453125" lon="103.88506726361811161041259765625">
        <ele>2440.39990234375</ele>
        <time>2026-05-19T05:18:28.000Z</time>
        <extensions>
          <ns3:TrackPointExtension>
            <ns3:hr>82</ns3:hr>
          </ns3:TrackPointExtension>
        </extensions>
      </trkpt>
      <trkpt lat="33.16545973531901836395263671875" lon="103.88507061637938022613525390625">
        <ele>2440.60009765625</ele>
        <time>2026-05-19T05:18:29.000Z</time>
        <extensions>
          <ns3:TrackPointExtension>
            <ns3:hr>86</ns3:hr>
          </ns3:TrackPointExtension>
        </extensions>
      </trkpt>
      <trkpt lat="33.16549343056976795196533203125" lon="103.88509056530892848968505859375">
        <ele>2440.199951171875</ele>
        <time>2026-05-19T05:18:32.000Z</time>
        <extensions>
          <ns3:TrackPointExtension>
            <ns3:hr>89</ns3:hr>
          </ns3:TrackPointExtension>
        </extensions>
      </trkpt>
      <trkpt lat="33.16559183411300182342529296875" lon="103.88518611900508403778076171875">
        <ele>2437.39990234375</ele>
        <time>2026-05-19T05:18:42.000Z</time>
        <extensions>
          <ns3:TrackPointExtension>
            <ns3:hr>88</ns3:hr>
          </ns3:TrackPointExtension>
        </extensions>
      </trkpt>
      <trkpt lat="33.165646903216838836669921875" lon="103.88520397245883941650390625">
        <ele>2436</ele>
        <time>2026-05-19T05:18:47.000Z</time>
        <extensions>
          <ns3:TrackPointExtension>
            <ns3:hr>89</ns3:hr>
          </ns3:TrackPointExtension>
        </extensions>
      </trkpt>
      <trkpt lat="33.16567045636475086212158203125" lon="103.885233812034130096435546875">
        <ele>2435.199951171875</ele>
        <time>2026-05-19T05:18:50.000Z</time>
        <extensions>
          <ns3:TrackPointExtension>
            <ns3:hr>89</ns3:hr>
          </ns3:TrackPointExtension>
        </extensions>
      </trkpt>
      <trkpt lat="33.16571353934705257415771484375" lon="103.8852363266050815582275390625">
        <ele>2434.199951171875</ele>
        <time>2026-05-19T05:18:54.000Z</time>
        <extensions>
          <ns3:TrackPointExtension>
            <ns3:hr>89</ns3:hr>
          </ns3:TrackPointExtension>
        </extensions>
      </trkpt>
      <trkpt lat="33.16573566757142543792724609375" lon="103.88523674570024013519287109375">
        <ele>2433.800048828125</ele>
        <time>2026-05-19T05:18:56.000Z</time>
        <extensions>
          <ns3:TrackPointExtension>
            <ns3:hr>90</ns3:hr>
          </ns3:TrackPointExtension>
        </extensions>
      </trkpt>
      <trkpt lat="33.16575762815773487091064453125" lon="103.88524412177503108978271484375">
        <ele>2433.199951171875</ele>
        <time>2026-05-19T05:18:58.000Z</time>
        <extensions>
          <ns3:TrackPointExtension>
            <ns3:hr>89</ns3:hr>
          </ns3:TrackPointExtension>
        </extensions>
      </trkpt>
      <trkpt lat="33.1657754816114902496337890625" lon="103.88524143956601619720458984375">
        <ele>2432.800048828125</ele>
        <time>2026-05-19T05:19:00.000Z</time>
        <extensions>
          <ns3:TrackPointExtension>
            <ns3:hr>93</ns3:hr>
          </ns3:TrackPointExtension>
        </extensions>
      </trkpt>
      <trkpt lat="33.16578512080013751983642578125" lon="103.88524412177503108978271484375">
        <ele>2432.60009765625</ele>
        <time>2026-05-19T05:19:01.000Z</time>
        <extensions>
          <ns3:TrackPointExtension>
            <ns3:hr>89</ns3:hr>
          </ns3:TrackPointExtension>
        </extensions>
      </trkpt>
      <trkpt lat="33.165810517966747283935546875" lon="103.88525837101042270660400390625">
        <ele>2431.800048828125</ele>
        <time>2026-05-19T05:19:05.000Z</time>
        <extensions>
          <ns3:TrackPointExtension>
            <ns3:hr>90</ns3:hr>
          </ns3:TrackPointExtension>
        </extensions>
      </trkpt>
      <trkpt lat="33.16578662954270839691162109375" lon="103.88526055030524730682373046875">
        <ele>2432.39990234375</ele>
        <time>2026-05-19T05:19:12.000Z</time>
        <extensions>
          <ns3:TrackPointExtension>
            <ns3:hr>87</ns3:hr>
          </ns3:TrackPointExtension>
        </extensions>
      </trkpt>
      <trkpt lat="33.1657840311527252197265625" lon="103.88526004739105701446533203125">
        <ele>2432.39990234375</ele>
        <time>2026-05-19T05:19:13.000Z</time>
        <extensions>
          <ns3:TrackPointExtension>
            <ns3:hr>90</ns3:hr>
          </ns3:TrackPointExtension>
        </extensions>
      </trkpt>
      <trkpt lat="33.16578160040080547332763671875" lon="103.88525761663913726806640625">
        <ele>2432.39990234375</ele>
        <time>2026-05-19T05:19:18.000Z</time>
        <extensions>
          <ns3:TrackPointExtension>
            <ns3:hr>91</ns3:hr>
          </ns3:TrackPointExtension>
        </extensions>
      </trkpt>
      <trkpt lat="33.16579534672200679779052734375" lon="103.88525501824915409088134765625">
        <ele>2432.199951171875</ele>
        <time>2026-05-19T05:19:26.000Z</time>
        <extensions>
          <ns3:TrackPointExtension>
            <ns3:hr>91</ns3:hr>
          </ns3:TrackPointExtension>
        </extensions>
      </trkpt>
      <trkpt lat="33.1658391840755939483642578125" lon="103.88530790805816650390625">
        <ele>2430.60009765625</ele>
        <time>2026-05-19T05:19:32.000Z</time>
        <extensions>
          <ns3:TrackPointExtension>
            <ns3:hr>90</ns3:hr>
          </ns3:TrackPointExtension>
        </extensions>
      </trkpt>
      <trkpt lat="33.16587011329829692840576171875" lon="103.88534235768020153045654296875">
        <ele>2429.60009765625</ele>
        <time>2026-05-19T05:19:36.000Z</time>
        <extensions>
          <ns3:TrackPointExtension>
            <ns3:hr>91</ns3:hr>
          </ns3:TrackPointExtension>
        </extensions>
      </trkpt>
      <trkpt lat="33.16593892872333526611328125" lon="103.885371275246143341064453125">
        <ele>2427.800048828125</ele>
        <time>2026-05-19T05:19:41.000Z</time>
        <extensions>
          <ns3:TrackPointExtension>
            <ns3:hr>90</ns3:hr>
          </ns3:TrackPointExtension>
        </extensions>
      </trkpt>
      <trkpt lat="33.16596851684153079986572265625" lon="103.88536716811358928680419921875">
        <ele>2427.199951171875</ele>
        <time>2026-05-19T05:19:43.000Z</time>
        <extensions>
          <ns3:TrackPointExtension>
            <ns3:hr>92</ns3:hr>
          </ns3:TrackPointExtension>
        </extensions>
      </trkpt>
      <trkpt lat="33.16600807942450046539306640625" lon="103.88536498881876468658447265625">
        <ele>2426.39990234375</ele>
        <time>2026-05-19T05:19:45.000Z</time>
        <extensions>
          <ns3:TrackPointExtension>
            <ns3:hr>90</ns3:hr>
          </ns3:TrackPointExtension>
        </extensions>
      </trkpt>
      <trkpt lat="33.1660266034305095672607421875" lon="103.88536867685616016387939453125">
        <ele>2426.199951171875</ele>
        <time>2026-05-19T05:19:46.000Z</time>
        <extensions>
          <ns3:TrackPointExtension>
            <ns3:hr>92</ns3:hr>
          </ns3:TrackPointExtension>
        </extensions>
      </trkpt>
      <trkpt lat="33.1661412678658962249755859375" lon="103.885374963283538818359375">
        <ele>2426</ele>
        <time>2026-05-19T05:19:54.000Z</time>
        <extensions>
          <ns3:TrackPointExtension>
            <ns3:hr>93</ns3:hr>
          </ns3:TrackPointExtension>
        </extensions>
      </trkpt>
      <trkpt lat="33.16623137332499027252197265625" lon="103.885371945798397064208984375">
        <ele>2426</ele>
        <time>2026-05-19T05:20:00.000Z</time>
        <extensions>
          <ns3:TrackPointExtension>
            <ns3:hr>90</ns3:hr>
          </ns3:TrackPointExtension>
        </extensions>
      </trkpt>
      <trkpt lat="33.16627847962081432342529296875" lon="103.88538661412894725799560546875">
        <ele>2426</ele>
        <time>2026-05-19T05:20:04.000Z</time>
        <extensions>
          <ns3:TrackPointExtension>
            <ns3:hr>93</ns3:hr>
          </ns3:TrackPointExtension>
        </extensions>
      </trkpt>
      <trkpt lat="33.1662975065410137176513671875" lon="103.8854058086872100830078125">
        <ele>2426.60009765625</ele>
        <time>2026-05-19T05:20:06.000Z</time>
        <extensions>
          <ns3:TrackPointExtension>
            <ns3:hr>93</ns3:hr>
          </ns3:TrackPointExtension>
        </extensions>
      </trkpt>
      <trkpt lat="33.1663286872208118438720703125" lon="103.88542248867452144622802734375">
        <ele>2426.60009765625</ele>
        <time>2026-05-19T05:20:09.000Z</time>
        <extensions>
          <ns3:TrackPointExtension>
            <ns3:hr>94</ns3:hr>
          </ns3:TrackPointExtension>
        </extensions>
      </trkpt>
      <trkpt lat="33.16635156981647014617919921875" lon="103.8854381628334522247314453125">
        <ele>2426.800048828125</ele>
        <time>2026-05-19T05:20:11.000Z</time>
        <extensions>
          <ns3:TrackPointExtension>
            <ns3:hr>95</ns3:hr>
          </ns3:TrackPointExtension>
        </extensions>
      </trkpt>
      <trkpt lat="33.16642315126955509185791015625" lon="103.88546255417168140411376953125">
        <ele>2426.800048828125</ele>
        <time>2026-05-19T05:20:18.000Z</time>
        <extensions>
          <ns3:TrackPointExtension>
            <ns3:hr>96</ns3:hr>
          </ns3:TrackPointExtension>
        </extensions>
      </trkpt>
      <trkpt lat="33.1664322875440120697021484375" lon="103.8854690082371234893798828125">
        <ele>2426.800048828125</ele>
        <time>2026-05-19T05:20:19.000Z</time>
        <extensions>
          <ns3:TrackPointExtension>
            <ns3:hr>95</ns3:hr>
          </ns3:TrackPointExtension>
        </extensions>
      </trkpt>
      <trkpt lat="33.16644720733165740966796875" lon="103.88546976260840892791748046875">
        <ele>2426.800048828125</ele>
        <time>2026-05-19T05:20:20.000Z</time>
        <extensions>
          <ns3:TrackPointExtension>
            <ns3:hr>95</ns3:hr>
          </ns3:TrackPointExtension>
        </extensions>
      </trkpt>
      <trkpt lat="33.166497834026813507080078125" lon="103.88550044037401676177978515625">
        <ele>2427</ele>
        <time>2026-05-19T05:20:25.000Z</time>
        <extensions>
          <ns3:TrackPointExtension>
            <ns3:hr>97</ns3:hr>
          </ns3:TrackPointExtension>
        </extensions>
      </trkpt>
      <trkpt lat="33.16652457229793071746826171875" lon="103.88549792580306529998779296875">
        <ele>2426.800048828125</ele>
        <time>2026-05-19T05:20:27.000Z</time>
        <extensions>
          <ns3:TrackPointExtension>
            <ns3:hr>97</ns3:hr>
          </ns3:TrackPointExtension>
        </extensions>
      </trkpt>
      <trkpt lat="33.1665771268308162689208984375" lon="103.8855333812534809112548828125">
        <ele>2427.199951171875</ele>
        <time>2026-05-19T05:20:32.000Z</time>
        <extensions>
          <ns3:TrackPointExtension>
            <ns3:hr>98</ns3:hr>
          </ns3:TrackPointExtension>
        </extensions>
      </trkpt>
      <trkpt lat="33.16665532998740673065185546875" lon="103.88552692718803882598876953125">
        <ele>2425.39990234375</ele>
        <time>2026-05-19T05:20:37.000Z</time>
        <extensions>
          <ns3:TrackPointExtension>
            <ns3:hr>99</ns3:hr>
          </ns3:TrackPointExtension>
        </extensions>
      </trkpt>
      <trkpt lat="33.16669623367488384246826171875" lon="103.8855581916868686676025390625">
        <ele>2425.199951171875</ele>
        <time>2026-05-19T05:20:41.000Z</time>
        <extensions>
          <ns3:TrackPointExtension>
            <ns3:hr>100</ns3:hr>
          </ns3:TrackPointExtension>
        </extensions>
      </trkpt>
      <trkpt lat="33.166715092957019805908203125" lon="103.88556296937167644500732421875">
        <ele>2424.800048828125</ele>
        <time>2026-05-19T05:20:43.000Z</time>
        <extensions>
          <ns3:TrackPointExtension>
            <ns3:hr>100</ns3:hr>
          </ns3:TrackPointExtension>
        </extensions>
      </trkpt>
      <trkpt lat="33.166727162897586822509765625" lon="103.88555475510656833648681640625">
        <ele>2424.39990234375</ele>
        <time>2026-05-19T05:20:44.000Z</time>
        <extensions>
          <ns3:TrackPointExtension>
            <ns3:hr>100</ns3:hr>
          </ns3:TrackPointExtension>
        </extensions>
      </trkpt>
      <trkpt lat="33.1667658872902393341064453125" lon="103.885554336011409759521484375">
        <ele>2423.800048828125</ele>
        <time>2026-05-19T05:20:47.000Z</time>
        <extensions>
          <ns3:TrackPointExtension>
            <ns3:hr>99</ns3:hr>
          </ns3:TrackPointExtension>
        </extensions>
      </trkpt>
      <trkpt lat="33.16683478653430938720703125" lon="103.885593898594379425048828125">
        <ele>2423.60009765625</ele>
        <time>2026-05-19T05:20:54.000Z</time>
        <extensions>
          <ns3:TrackPointExtension>
            <ns3:hr>99</ns3:hr>
          </ns3:TrackPointExtension>
        </extensions>
      </trkpt>
      <trkpt lat="33.16687393002212047576904296875" lon="103.88561359606683254241943359375">
        <ele>2423.60009765625</ele>
        <time>2026-05-19T05:20:58.000Z</time>
        <extensions>
          <ns3:TrackPointExtension>
            <ns3:hr>99</ns3:hr>
          </ns3:TrackPointExtension>
        </extensions>
      </trkpt>
      <trkpt lat="33.16689991392195224761962890625" lon="103.88563371263444423675537109375">
        <ele>2423.60009765625</ele>
        <time>2026-05-19T05:21:00.000Z</time>
        <extensions>
          <ns3:TrackPointExtension>
            <ns3:hr>100</ns3:hr>
          </ns3:TrackPointExtension>
        </extensions>
      </trkpt>
      <trkpt lat="33.16693402826786041259765625" lon="103.8856740295886993408203125">
        <ele>2423.800048828125</ele>
        <time>2026-05-19T05:21:05.000Z</time>
        <extensions>
          <ns3:TrackPointExtension>
            <ns3:hr>100</ns3:hr>
          </ns3:TrackPointExtension>
        </extensions>
      </trkpt>
      <trkpt lat="33.166947774589061737060546875" lon="103.88567310757935047149658203125">
        <ele>2423.60009765625</ele>
        <time>2026-05-19T05:21:07.000Z</time>
        <extensions>
          <ns3:TrackPointExtension>
            <ns3:hr>101</ns3:hr>
          </ns3:TrackPointExtension>
        </extensions>
      </trkpt>
      <trkpt lat="33.1669569946825504302978515625" lon="103.88566925190389156341552734375">
        <ele>2423.60009765625</ele>
        <time>2026-05-19T05:21:08.000Z</time>
        <extensions>
          <ns3:TrackPointExtension>
            <ns3:hr>101</ns3:hr>
          </ns3:TrackPointExtension>
        </extensions>
      </trkpt>
      <trkpt lat="33.16700317896902561187744140625" lon="103.88567159883677959442138671875">
        <ele>2423.39990234375</ele>
        <time>2026-05-19T05:21:14.000Z</time>
        <extensions>
          <ns3:TrackPointExtension>
            <ns3:hr>103</ns3:hr>
          </ns3:TrackPointExtension>
        </extensions>
      </trkpt>
      <trkpt lat="33.1670947931706905364990234375" lon="103.885669000446796417236328125">
        <ele>2423.199951171875</ele>
        <time>2026-05-19T05:21:22.000Z</time>
        <extensions>
          <ns3:TrackPointExtension>
            <ns3:hr>105</ns3:hr>
          </ns3:TrackPointExtension>
        </extensions>
      </trkpt>
      <trkpt lat="33.167137540876865386962890625" lon="103.88566858135163784027099609375">
        <ele>2422.800048828125</ele>
        <time>2026-05-19T05:21:29.000Z</time>
        <extensions>
          <ns3:TrackPointExtension>
            <ns3:hr>107</ns3:hr>
          </ns3:TrackPointExtension>
        </extensions>
      </trkpt>
      <trkpt lat="33.16721658222377300262451171875" lon="103.88566388748586177825927734375">
        <ele>2422</ele>
        <time>2026-05-19T05:21:35.000Z</time>
        <extensions>
          <ns3:TrackPointExtension>
            <ns3:hr>108</ns3:hr>
          </ns3:TrackPointExtension>
        </extensions>
      </trkpt>
      <trkpt lat="33.16725480370223522186279296875" lon="103.8856869377195835113525390625">
        <ele>2421.39990234375</ele>
        <time>2026-05-19T05:21:39.000Z</time>
        <extensions>
          <ns3:TrackPointExtension>
            <ns3:hr>109</ns3:hr>
          </ns3:TrackPointExtension>
        </extensions>
      </trkpt>
      <trkpt lat="33.16727592609822750091552734375" lon="103.885734044015407562255859375">
        <ele>2421</ele>
        <time>2026-05-19T05:21:43.000Z</time>
        <extensions>
          <ns3:TrackPointExtension>
            <ns3:hr>109</ns3:hr>
          </ns3:TrackPointExtension>
        </extensions>
      </trkpt>
      <trkpt lat="33.16730341874063014984130859375" lon="103.88575022108852863311767578125">
        <ele>2420.39990234375</ele>
        <time>2026-05-19T05:21:48.000Z</time>
        <extensions>
          <ns3:TrackPointExtension>
            <ns3:hr>107</ns3:hr>
          </ns3:TrackPointExtension>
        </extensions>
      </trkpt>
      <trkpt lat="33.1673155725002288818359375" lon="103.88574535958468914031982421875">
        <ele>2420.39990234375</ele>
        <time>2026-05-19T05:21:49.000Z</time>
        <extensions>
          <ns3:TrackPointExtension>
            <ns3:hr>106</ns3:hr>
          </ns3:TrackPointExtension>
        </extensions>
      </trkpt>
      <trkpt lat="33.16739997826516628265380859375" lon="103.88570479117333889007568359375">
        <ele>2419.800048828125</ele>
        <time>2026-05-19T05:21:59.000Z</time>
        <extensions>
          <ns3:TrackPointExtension>
            <ns3:hr>105</ns3:hr>
          </ns3:TrackPointExtension>
        </extensions>
      </trkpt>
      <trkpt lat="33.16744943149387836456298828125" lon="103.88570160605013370513916015625">
        <ele>2418.60009765625</ele>
        <time>2026-05-19T05:22:07.000Z</time>
        <extensions>
          <ns3:TrackPointExtension>
            <ns3:hr>105</ns3:hr>
          </ns3:TrackPointExtension>
        </extensions>
      </trkpt>
      <trkpt lat="33.1674523651599884033203125" lon="103.88569875620305538177490234375">
        <ele>2418.60009765625</ele>
        <time>2026-05-19T05:22:11.000Z</time>
        <extensions>
          <ns3:TrackPointExtension>
            <ns3:hr>102</ns3:hr>
          </ns3:TrackPointExtension>
        </extensions>
      </trkpt>
      <trkpt lat="33.167450018227100372314453125" lon="103.88570210896432399749755859375">
        <ele>2418.60009765625</ele>
        <time>2026-05-19T05:22:13.000Z</time>
        <extensions>
          <ns3:TrackPointExtension>
            <ns3:hr>104</ns3:hr>
          </ns3:TrackPointExtension>
        </extensions>
      </trkpt>
      <trkpt lat="33.16744943149387836456298828125" lon="103.8857040368020534515380859375">
        <ele>2418.60009765625</ele>
        <time>2026-05-19T05:22:23.000Z</time>
        <extensions>
          <ns3:TrackPointExtension>
            <ns3:hr>101</ns3:hr>
          </ns3:TrackPointExtension>
        </extensions>
      </trkpt>
      <trkpt lat="33.167449347674846649169921875" lon="103.88570428825914859771728515625">
        <ele>2418.60009765625</ele>
        <time>2026-05-19T05:22:32.000Z</time>
        <extensions>
          <ns3:TrackPointExtension>
            <ns3:hr>100</ns3:hr>
          </ns3:TrackPointExtension>
        </extensions>
      </trkpt>
      <trkpt lat="33.16743534989655017852783203125" lon="103.8857104070484638214111328125">
        <ele>2418.800048828125</ele>
        <time>2026-05-19T05:22:40.000Z</time>
        <extensions>
          <ns3:TrackPointExtension>
            <ns3:hr>97</ns3:hr>
          </ns3:TrackPointExtension>
        </extensions>
      </trkpt>
      <trkpt lat="33.16745613701641559600830078125" lon="103.88569942675530910491943359375">
        <ele>2418.39990234375</ele>
        <time>2026-05-19T05:22:51.000Z</time>
        <extensions>
          <ns3:TrackPointExtension>
            <ns3:hr>96</ns3:hr>
          </ns3:TrackPointExtension>
        </extensions>
      </trkpt>
      <trkpt lat="33.1674900837242603302001953125" lon="103.885675370693206787109375">
        <ele>2418</ele>
        <time>2026-05-19T05:22:58.000Z</time>
        <extensions>
          <ns3:TrackPointExtension>
            <ns3:hr>95</ns3:hr>
          </ns3:TrackPointExtension>
        </extensions>
      </trkpt>
      <trkpt lat="33.16749134100973606109619140625" lon="103.88567411340773105621337890625">
        <ele>2418</ele>
        <time>2026-05-19T05:23:05.000Z</time>
        <extensions>
          <ns3:TrackPointExtension>
            <ns3:hr>94</ns3:hr>
          </ns3:TrackPointExtension>
        </extensions>
      </trkpt>
      <trkpt lat="33.1675420515239238739013671875" lon="103.885643519461154937744140625">
        <ele>2417</ele>
        <time>2026-05-19T05:23:10.000Z</time>
        <extensions>
          <ns3:TrackPointExtension>
            <ns3:hr>91</ns3:hr>
          </ns3:TrackPointExtension>
        </extensions>
      </trkpt>
      <trkpt lat="33.16755671985447406768798828125" lon="103.8856349699199199676513671875">
        <ele>2416.800048828125</ele>
        <time>2026-05-19T05:23:11.000Z</time>
        <extensions>
          <ns3:TrackPointExtension>
            <ns3:hr>94</ns3:hr>
          </ns3:TrackPointExtension>
        </extensions>
      </trkpt>
      <trkpt lat="33.1675789318978786468505859375" lon="103.885621726512908935546875">
        <ele>2416.39990234375</ele>
        <time>2026-05-19T05:23:13.000Z</time>
        <extensions>
          <ns3:TrackPointExtension>
            <ns3:hr>96</ns3:hr>
          </ns3:TrackPointExtension>
        </extensions>
      </trkpt>
      <trkpt lat="33.167602233588695526123046875" lon="103.88559297658503055572509765625">
        <ele>2415.800048828125</ele>
        <time>2026-05-19T05:23:17.000Z</time>
        <extensions>
          <ns3:TrackPointExtension>
            <ns3:hr>93</ns3:hr>
          </ns3:TrackPointExtension>
        </extensions>
      </trkpt>
      <trkpt lat="33.1676292233169078826904296875" lon="103.88555173762142658233642578125">
        <ele>2415.800048828125</ele>
        <time>2026-05-19T05:23:21.000Z</time>
        <extensions>
          <ns3:TrackPointExtension>
            <ns3:hr>93</ns3:hr>
          </ns3:TrackPointExtension>
        </extensions>
      </trkpt>
      <trkpt lat="33.1676949374377727508544921875" lon="103.88546842150390148162841796875">
        <ele>2415.800048828125</ele>
        <time>2026-05-19T05:23:32.000Z</time>
        <extensions>
          <ns3:TrackPointExtension>
            <ns3:hr>92</ns3:hr>
          </ns3:TrackPointExtension>
        </extensions>
      </trkpt>
      <trkpt lat="33.1676949374377727508544921875" lon="103.8854840956628322601318359375">
        <ele>2415.800048828125</ele>
        <time>2026-05-19T05:23:37.000Z</time>
        <extensions>
          <ns3:TrackPointExtension>
            <ns3:hr>91</ns3:hr>
          </ns3:TrackPointExtension>
        </extensions>
      </trkpt>
      <trkpt lat="33.1676929257810115814208984375" lon="103.88550563715398311614990234375">
        <ele>2415.60009765625</ele>
        <time>2026-05-19T05:23:44.000Z</time>
        <extensions>
          <ns3:TrackPointExtension>
            <ns3:hr>93</ns3:hr>
          </ns3:TrackPointExtension>
        </extensions>
      </trkpt>
      <trkpt lat="33.1676929257810115814208984375" lon="103.88550513423979282379150390625">
        <ele>2415.60009765625</ele>
        <time>2026-05-19T05:23:55.000Z</time>
        <extensions>
          <ns3:TrackPointExtension>
            <ns3:hr>96</ns3:hr>
          </ns3:TrackPointExtension>
        </extensions>
      </trkpt>
      <trkpt lat="33.16769317723810672760009765625" lon="103.885504044592380523681640625">
        <ele>2415.60009765625</ele>
        <time>2026-05-19T05:23:59.000Z</time>
        <extensions>
          <ns3:TrackPointExtension>
            <ns3:hr>99</ns3:hr>
          </ns3:TrackPointExtension>
        </extensions>
      </trkpt>
      <trkpt lat="33.1677039898931980133056640625" lon="103.8854619674384593963623046875">
        <ele>2415.800048828125</ele>
        <time>2026-05-19T05:24:06.000Z</time>
        <extensions>
          <ns3:TrackPointExtension>
            <ns3:hr>102</ns3:hr>
          </ns3:TrackPointExtension>
        </extensions>
      </trkpt>
      <trkpt lat="33.16770742647349834442138671875" lon="103.88545115478336811065673828125">
        <ele>2415.800048828125</ele>
        <time>2026-05-19T05:24:08.000Z</time>
        <extensions>
          <ns3:TrackPointExtension>
            <ns3:hr>105</ns3:hr>
          </ns3:TrackPointExtension>
        </extensions>
      </trkpt>
      <trkpt lat="33.16770876757800579071044921875" lon="103.88544277288019657135009765625">
        <ele>2415.800048828125</ele>
        <time>2026-05-19T05:24:12.000Z</time>
        <extensions>
          <ns3:TrackPointExtension>
            <ns3:hr>104</ns3:hr>
          </ns3:TrackPointExtension>
        </extensions>
      </trkpt>
      <trkpt lat="33.167711198329925537109375" lon="103.88544780202209949493408203125">
        <ele>2415.800048828125</ele>
        <time>2026-05-19T05:24:20.000Z</time>
        <extensions>
          <ns3:TrackPointExtension>
            <ns3:hr>106</ns3:hr>
          </ns3:TrackPointExtension>
        </extensions>
      </trkpt>
      <trkpt lat="33.167711198329925537109375" lon="103.88544780202209949493408203125">
        <ele>2415.800048828125</ele>
        <time>2026-05-19T05:24:25.000Z</time>
        <extensions>
          <ns3:TrackPointExtension>
            <ns3:hr>109</ns3:hr>
          </ns3:TrackPointExtension>
        </extensions>
      </trkpt>
      <trkpt lat="33.16771144978702068328857421875" lon="103.88544495217502117156982421875">
        <ele>2415.800048828125</ele>
        <time>2026-05-19T05:24:37.000Z</time>
        <extensions>
          <ns3:TrackPointExtension>
            <ns3:hr>112</ns3:hr>
          </ns3:TrackPointExtension>
        </extensions>
      </trkpt>
      <trkpt lat="33.1677143834531307220458984375" lon="103.88544403016567230224609375">
        <ele>2415.800048828125</ele>
        <time>2026-05-19T05:24:49.000Z</time>
        <extensions>
          <ns3:TrackPointExtension>
            <ns3:hr>109</ns3:hr>
          </ns3:TrackPointExtension>
        </extensions>
      </trkpt>
      <trkpt lat="33.16772796213626861572265625" lon="103.88540907762944698333740234375">
        <ele>2416</ele>
        <time>2026-05-19T05:24:56.000Z</time>
        <extensions>
          <ns3:TrackPointExtension>
            <ns3:hr>108</ns3:hr>
          </ns3:TrackPointExtension>
        </extensions>
      </trkpt>
      <trkpt lat="33.16774782724678516387939453125" lon="103.88536331243813037872314453125">
        <ele>2416.199951171875</ele>
        <time>2026-05-19T05:25:00.000Z</time>
        <extensions>
          <ns3:TrackPointExtension>
            <ns3:hr>105</ns3:hr>
          </ns3:TrackPointExtension>
        </extensions>
      </trkpt>
      <trkpt lat="33.16777397878468036651611328125" lon="103.88527848757803440093994140625">
        <ele>2416.39990234375</ele>
        <time>2026-05-19T05:25:06.000Z</time>
        <extensions>
          <ns3:TrackPointExtension>
            <ns3:hr>103</ns3:hr>
          </ns3:TrackPointExtension>
        </extensions>
      </trkpt>
      <trkpt lat="33.1677822768688201904296875" lon="103.88521964661777019500732421875">
        <ele>2416.800048828125</ele>
        <time>2026-05-19T05:25:11.000Z</time>
        <extensions>
          <ns3:TrackPointExtension>
            <ns3:hr>103</ns3:hr>
          </ns3:TrackPointExtension>
        </extensions>
      </trkpt>
      <trkpt lat="33.16778940148651599884033203125" lon="103.8851974345743656158447265625">
        <ele>2417</ele>
        <time>2026-05-19T05:25:13.000Z</time>
        <extensions>
          <ns3:TrackPointExtension>
            <ns3:hr>103</ns3:hr>
          </ns3:TrackPointExtension>
        </extensions>
      </trkpt>
      <trkpt lat="33.167806752026081085205078125" lon="103.88511202298104763031005859375">
        <ele>2418</ele>
        <time>2026-05-19T05:25:21.000Z</time>
        <extensions>
          <ns3:TrackPointExtension>
            <ns3:hr>103</ns3:hr>
          </ns3:TrackPointExtension>
        </extensions>
      </trkpt>
      <trkpt lat="33.16782779060304164886474609375" lon="103.8850331492722034454345703125">
        <ele>2418.199951171875</ele>
        <time>2026-05-19T05:25:27.000Z</time>
        <extensions>
          <ns3:TrackPointExtension>
            <ns3:hr>103</ns3:hr>
          </ns3:TrackPointExtension>
        </extensions>
      </trkpt>
      <trkpt lat="33.1678451411426067352294921875" lon="103.88497455976903438568115234375">
        <ele>2418.39990234375</ele>
        <time>2026-05-19T05:25:31.000Z</time>
        <extensions>
          <ns3:TrackPointExtension>
            <ns3:hr>102</ns3:hr>
          </ns3:TrackPointExtension>
        </extensions>
      </trkpt>
      <trkpt lat="33.16785796545445919036865234375" lon="103.8849523477256298065185546875">
        <ele>2418.39990234375</ele>
        <time>2026-05-19T05:25:33.000Z</time>
        <extensions>
          <ns3:TrackPointExtension>
            <ns3:hr>102</ns3:hr>
          </ns3:TrackPointExtension>
        </extensions>
      </trkpt>
      <trkpt lat="33.16785545088350772857666015625" lon="103.88493977487087249755859375">
        <ele>2418.60009765625</ele>
        <time>2026-05-19T05:25:34.000Z</time>
        <extensions>
          <ns3:TrackPointExtension>
            <ns3:hr>101</ns3:hr>
          </ns3:TrackPointExtension>
        </extensions>
      </trkpt>
      <trkpt lat="33.1678568758070468902587890625" lon="103.8848474062979221343994140625">
        <ele>2419.199951171875</ele>
        <time>2026-05-19T05:25:40.000Z</time>
        <extensions>
          <ns3:TrackPointExtension>
            <ns3:hr>100</ns3:hr>
          </ns3:TrackPointExtension>
        </extensions>
      </trkpt>
      <trkpt lat="33.167851679027080535888671875" lon="103.8848205842077732086181640625">
        <ele>2419.60009765625</ele>
        <time>2026-05-19T05:25:42.000Z</time>
        <extensions>
          <ns3:TrackPointExtension>
            <ns3:hr>100</ns3:hr>
          </ns3:TrackPointExtension>
        </extensions>
      </trkpt>
      <trkpt lat="33.16785763017833232879638671875" lon="103.8847196660935878753662109375">
        <ele>2422.60009765625</ele>
        <time>2026-05-19T05:25:49.000Z</time>
        <extensions>
          <ns3:TrackPointExtension>
            <ns3:hr>100</ns3:hr>
          </ns3:TrackPointExtension>
        </extensions>
      </trkpt>
      <trkpt lat="33.1678520143032073974609375" lon="103.88468756340444087982177734375">
        <ele>2423.800048828125</ele>
        <time>2026-05-19T05:25:51.000Z</time>
        <extensions>
          <ns3:TrackPointExtension>
            <ns3:hr>105</ns3:hr>
          </ns3:TrackPointExtension>
        </extensions>
      </trkpt>
      <trkpt lat="33.16784857772290706634521484375" lon="103.884655125439167022705078125">
        <ele>2425</ele>
        <time>2026-05-19T05:25:53.000Z</time>
        <extensions>
          <ns3:TrackPointExtension>
            <ns3:hr>101</ns3:hr>
          </ns3:TrackPointExtension>
        </extensions>
      </trkpt>
      <trkpt lat="33.16784103401005268096923828125" lon="103.88460944406688213348388671875">
        <ele>2426.800048828125</ele>
        <time>2026-05-19T05:25:57.000Z</time>
        <extensions>
          <ns3:TrackPointExtension>
            <ns3:hr>101</ns3:hr>
          </ns3:TrackPointExtension>
        </extensions>
      </trkpt>
      <trkpt lat="33.1679031439125537872314453125" lon="103.88449830003082752227783203125">
        <ele>2433.60009765625</ele>
        <time>2026-05-19T05:26:07.000Z</time>
        <extensions>
          <ns3:TrackPointExtension>
            <ns3:hr>100</ns3:hr>
          </ns3:TrackPointExtension>
        </extensions>
      </trkpt>
      <trkpt lat="33.16795871593058109283447265625" lon="103.88443593867123126983642578125">
        <ele>2437.39990234375</ele>
        <time>2026-05-19T05:26:13.000Z</time>
        <extensions>
          <ns3:TrackPointExtension>
            <ns3:hr>103</ns3:hr>
          </ns3:TrackPointExtension>
        </extensions>
      </trkpt>
      <trkpt lat="33.16802191548049449920654296875" lon="103.884414397180080413818359375">
        <ele>2439.199951171875</ele>
        <time>2026-05-19T05:26:18.000Z</time>
        <extensions>
          <ns3:TrackPointExtension>
            <ns3:hr>105</ns3:hr>
          </ns3:TrackPointExtension>
        </extensions>
      </trkpt>
      <trkpt lat="33.16807438619434833526611328125" lon="103.88439671136438846588134765625">
        <ele>2440.800048828125</ele>
        <time>2026-05-19T05:26:27.000Z</time>
        <extensions>
          <ns3:TrackPointExtension>
            <ns3:hr>104</ns3:hr>
          </ns3:TrackPointExtension>
        </extensions>
      </trkpt>
      <trkpt lat="33.16812484525144100189208984375" lon="103.8843444921076297760009765625">
        <ele>2443.60009765625</ele>
        <time>2026-05-19T05:26:34.000Z</time>
        <extensions>
          <ns3:TrackPointExtension>
            <ns3:hr>102</ns3:hr>
          </ns3:TrackPointExtension>
        </extensions>
      </trkpt>
      <trkpt lat="33.1682065688073635101318359375" lon="103.8843314163386821746826171875">
        <ele>2444</ele>
        <time>2026-05-19T05:26:41.000Z</time>
        <extensions>
          <ns3:TrackPointExtension>
            <ns3:hr>103</ns3:hr>
          </ns3:TrackPointExtension>
        </extensions>
      </trkpt>
      <trkpt lat="33.16826398484408855438232421875" lon="103.88433954678475856781005859375">
        <ele>2444</ele>
        <time>2026-05-19T05:26:47.000Z</time>
        <extensions>
          <ns3:TrackPointExtension>
            <ns3:hr>105</ns3:hr>
          </ns3:TrackPointExtension>
        </extensions>
      </trkpt>
      <trkpt lat="33.16833774559199810028076171875" lon="103.8843508623540401458740234375">
        <ele>2444.39990234375</ele>
        <time>2026-05-19T05:26:53.000Z</time>
        <extensions>
          <ns3:TrackPointExtension>
            <ns3:hr>108</ns3:hr>
          </ns3:TrackPointExtension>
        </extensions>
      </trkpt>
      <trkpt lat="33.16836574114859104156494140625" lon="103.88436351902782917022705078125">
        <ele>2444</ele>
        <time>2026-05-19T05:26:58.000Z</time>
        <extensions>
          <ns3:TrackPointExtension>
            <ns3:hr>109</ns3:hr>
          </ns3:TrackPointExtension>
        </extensions>
      </trkpt>
      <trkpt lat="33.16840119659900665283203125" lon="103.8843967951834201812744140625">
        <ele>2443</ele>
        <time>2026-05-19T05:27:03.000Z</time>
        <extensions>
          <ns3:TrackPointExtension>
            <ns3:hr>108</ns3:hr>
          </ns3:TrackPointExtension>
        </extensions>
      </trkpt>
      <trkpt lat="33.1684382446110248565673828125" lon="103.8844293169677257537841796875">
        <ele>2442</ele>
        <time>2026-05-19T05:27:08.000Z</time>
        <extensions>
          <ns3:TrackPointExtension>
            <ns3:hr>108</ns3:hr>
          </ns3:TrackPointExtension>
        </extensions>
      </trkpt>
      <trkpt lat="33.16851091571152210235595703125" lon="103.88445102609694004058837890625">
        <ele>2441.199951171875</ele>
        <time>2026-05-19T05:27:15.000Z</time>
        <extensions>
          <ns3:TrackPointExtension>
            <ns3:hr>106</ns3:hr>
          </ns3:TrackPointExtension>
        </extensions>
      </trkpt>
      <trkpt lat="33.168558441102504730224609375" lon="103.884454630315303802490234375">
        <ele>2441.39990234375</ele>
        <time>2026-05-19T05:27:21.000Z</time>
        <extensions>
          <ns3:TrackPointExtension>
            <ns3:hr>108</ns3:hr>
          </ns3:TrackPointExtension>
        </extensions>
      </trkpt>
      <trkpt lat="33.1685700081288814544677734375" lon="103.88445521704852581024169921875">
        <ele>2441.39990234375</ele>
        <time>2026-05-19T05:27:24.000Z</time>
        <extensions>
          <ns3:TrackPointExtension>
            <ns3:hr>105</ns3:hr>
          </ns3:TrackPointExtension>
        </extensions>
      </trkpt>
      <trkpt lat="33.16858937032520771026611328125" lon="103.8844578154385089874267578125">
        <ele>2441.60009765625</ele>
        <time>2026-05-19T05:27:29.000Z</time>
        <extensions>
          <ns3:TrackPointExtension>
            <ns3:hr>107</ns3:hr>
          </ns3:TrackPointExtension>
        </extensions>
      </trkpt>
      <trkpt lat="33.1686152704060077667236328125" lon="103.88443551957607269287109375">
        <ele>2442.39990234375</ele>
        <time>2026-05-19T05:27:34.000Z</time>
        <extensions>
          <ns3:TrackPointExtension>
            <ns3:hr>106</ns3:hr>
          </ns3:TrackPointExtension>
        </extensions>
      </trkpt>
      <trkpt lat="33.16863396205008029937744140625" lon="103.88443593867123126983642578125">
        <ele>2442.60009765625</ele>
        <time>2026-05-19T05:27:36.000Z</time>
        <extensions>
          <ns3:TrackPointExtension>
            <ns3:hr>110</ns3:hr>
          </ns3:TrackPointExtension>
        </extensions>
      </trkpt>
      <trkpt lat="33.16864402033388614654541015625" lon="103.88444063253700733184814453125">
        <ele>2442.39990234375</ele>
        <time>2026-05-19T05:27:37.000Z</time>
        <extensions>
          <ns3:TrackPointExtension>
            <ns3:hr>113</ns3:hr>
          </ns3:TrackPointExtension>
        </extensions>
      </trkpt>
      <trkpt lat="33.1686486303806304931640625" lon="103.88445588760077953338623046875">
        <ele>2442</ele>
        <time>2026-05-19T05:27:38.000Z</time>
        <extensions>
          <ns3:TrackPointExtension>
            <ns3:hr>116</ns3:hr>
          </ns3:TrackPointExtension>
        </extensions>
      </trkpt>
      <trkpt lat="33.1686514802277088165283203125" lon="103.88447231613099575042724609375">
        <ele>2441.60009765625</ele>
        <time>2026-05-19T05:27:40.000Z</time>
        <extensions>
          <ns3:TrackPointExtension>
            <ns3:hr>118</ns3:hr>
          </ns3:TrackPointExtension>
        </extensions>
      </trkpt>
      <trkpt lat="33.1686662323772907257080078125" lon="103.88450148515403270721435546875">
        <ele>2440.60009765625</ele>
        <time>2026-05-19T05:27:45.000Z</time>
        <extensions>
          <ns3:TrackPointExtension>
            <ns3:hr>118</ns3:hr>
          </ns3:TrackPointExtension>
        </extensions>
      </trkpt>
      <trkpt lat="33.16866933368146419525146484375" lon="103.88451321981847286224365234375">
        <ele>2440.39990234375</ele>
        <time>2026-05-19T05:27:54.000Z</time>
        <extensions>
          <ns3:TrackPointExtension>
            <ns3:hr>119</ns3:hr>
          </ns3:TrackPointExtension>
        </extensions>
      </trkpt>
      <trkpt lat="33.1686675734817981719970703125" lon="103.8845231942832469940185546875">
        <ele>2440</ele>
        <time>2026-05-19T05:28:13.000Z</time>
        <extensions>
          <ns3:TrackPointExtension>
            <ns3:hr>116</ns3:hr>
          </ns3:TrackPointExtension>
        </extensions>
      </trkpt>
      <trkpt lat="33.16866748966276645660400390625" lon="103.8845235295593738555908203125">
        <ele>2440</ele>
        <time>2026-05-19T05:28:14.000Z</time>
        <extensions>
          <ns3:TrackPointExtension>
            <ns3:hr>117</ns3:hr>
          </ns3:TrackPointExtension>
        </extensions>
      </trkpt>
      <trkpt lat="33.16864837892353534698486328125" lon="103.88455864973366260528564453125">
        <ele>2438</ele>
        <time>2026-05-19T05:28:48.000Z</time>
        <extensions>
          <ns3:TrackPointExtension>
            <ns3:hr>114</ns3:hr>
          </ns3:TrackPointExtension>
        </extensions>
      </trkpt>
      <trkpt lat="33.16864837892353534698486328125" lon="103.884559236466884613037109375">
        <ele>2438</ele>
        <time>2026-05-19T05:28:53.000Z</time>
        <extensions>
          <ns3:TrackPointExtension>
            <ns3:hr>108</ns3:hr>
          </ns3:TrackPointExtension>
        </extensions>
      </trkpt>
      <trkpt lat="33.16864837892353534698486328125" lon="103.88455915264785289764404296875">
        <ele>2438</ele>
        <time>2026-05-19T05:28:56.000Z</time>
        <extensions>
          <ns3:TrackPointExtension>
            <ns3:hr>103</ns3:hr>
          </ns3:TrackPointExtension>
        </extensions>
      </trkpt>
      <trkpt lat="33.1686491332948207855224609375" lon="103.8845587335526943206787109375">
        <ele>2438</ele>
        <time>2026-05-19T05:28:58.000Z</time>
        <extensions>
          <ns3:TrackPointExtension>
            <ns3:hr>99</ns3:hr>
          </ns3:TrackPointExtension>
        </extensions>
      </trkpt>
      <trkpt lat="33.16865374334156513214111328125" lon="103.88456082902848720550537109375">
        <ele>2437.800048828125</ele>
        <time>2026-05-19T05:29:13.000Z</time>
        <extensions>
          <ns3:TrackPointExtension>
            <ns3:hr>95</ns3:hr>
          </ns3:TrackPointExtension>
        </extensions>
      </trkpt>
      <trkpt lat="33.16865324042737483978271484375" lon="103.88456904329359531402587890625">
        <ele>2436.800048828125</ele>
        <time>2026-05-19T05:29:34.000Z</time>
        <extensions>
          <ns3:TrackPointExtension>
            <ns3:hr>90</ns3:hr>
          </ns3:TrackPointExtension>
        </extensions>
      </trkpt>
      <trkpt lat="33.16866313107311725616455078125" lon="103.8845930993556976318359375">
        <ele>2434</ele>
        <time>2026-05-19T05:29:50.000Z</time>
        <extensions>
          <ns3:TrackPointExtension>
            <ns3:hr>94</ns3:hr>
          </ns3:TrackPointExtension>
        </extensions>
      </trkpt>
      <trkpt lat="33.168674446642398834228515625" lon="103.8846137188374996185302734375">
        <ele>2431.39990234375</ele>
        <time>2026-05-19T05:29:57.000Z</time>
        <extensions>
          <ns3:TrackPointExtension>
            <ns3:hr>91</ns3:hr>
          </ns3:TrackPointExtension>
        </extensions>
      </trkpt>
      <trkpt lat="33.16867687739431858062744140625" lon="103.88461732305586338043212890625">
        <ele>2431</ele>
        <time>2026-05-19T05:29:58.000Z</time>
        <extensions>
          <ns3:TrackPointExtension>
            <ns3:hr>94</ns3:hr>
          </ns3:TrackPointExtension>
        </extensions>
      </trkpt>
      <trkpt lat="33.1686853431165218353271484375" lon="103.88462922535836696624755859375">
        <ele>2429.60009765625</ele>
        <time>2026-05-19T05:30:11.000Z</time>
        <extensions>
          <ns3:TrackPointExtension>
            <ns3:hr>97</ns3:hr>
          </ns3:TrackPointExtension>
        </extensions>
      </trkpt>
      <trkpt lat="33.16869095899164676666259765625" lon="103.8846301473677158355712890625">
        <ele>2429.60009765625</ele>
        <time>2026-05-19T05:30:25.000Z</time>
        <extensions>
          <ns3:TrackPointExtension>
            <ns3:hr>94</ns3:hr>
          </ns3:TrackPointExtension>
        </extensions>
      </trkpt>
      <trkpt lat="33.16868458874523639678955078125" lon="103.8846274651587009429931640625">
        <ele>2429.800048828125</ele>
        <time>2026-05-19T05:30:32.000Z</time>
        <extensions>
          <ns3:TrackPointExtension>
            <ns3:hr>98</ns3:hr>
          </ns3:TrackPointExtension>
        </extensions>
      </trkpt>
      <trkpt lat="33.1686829961836338043212890625" lon="103.88462821952998638153076171875">
        <ele>2429.800048828125</ele>
        <time>2026-05-19T05:30:33.000Z</time>
        <extensions>
          <ns3:TrackPointExtension>
            <ns3:hr>95</ns3:hr>
          </ns3:TrackPointExtension>
        </extensions>
      </trkpt>
      <trkpt lat="33.1686816550791263580322265625" lon="103.8846288062632083892822265625">
        <ele>2429.60009765625</ele>
        <time>2026-05-19T05:30:34.000Z</time>
        <extensions>
          <ns3:TrackPointExtension>
            <ns3:hr>98</ns3:hr>
          </ns3:TrackPointExtension>
        </extensions>
      </trkpt>
      <trkpt lat="33.16867268644273281097412109375" lon="103.884628973901271820068359375">
        <ele>2429.60009765625</ele>
        <time>2026-05-19T05:30:36.000Z</time>
        <extensions>
          <ns3:TrackPointExtension>
            <ns3:hr>95</ns3:hr>
          </ns3:TrackPointExtension>
        </extensions>
      </trkpt>
      <trkpt lat="33.16865206696093082427978515625" lon="103.88462989591062068939208984375">
        <ele>2429.39990234375</ele>
        <time>2026-05-19T05:30:50.000Z</time>
        <extensions>
          <ns3:TrackPointExtension>
            <ns3:hr>100</ns3:hr>
          </ns3:TrackPointExtension>
        </extensions>
      </trkpt>
      <trkpt lat="33.16865189932286739349365234375" lon="103.88463023118674755096435546875">
        <ele>2429.199951171875</ele>
        <time>2026-05-19T05:30:51.000Z</time>
        <extensions>
          <ns3:TrackPointExtension>
            <ns3:hr>96</ns3:hr>
          </ns3:TrackPointExtension>
        </extensions>
      </trkpt>
      <trkpt lat="33.16865156404674053192138671875" lon="103.8846311531960964202880859375">
        <ele>2429.199951171875</ele>
        <time>2026-05-19T05:30:54.000Z</time>
        <extensions>
          <ns3:TrackPointExtension>
            <ns3:hr>93</ns3:hr>
          </ns3:TrackPointExtension>
        </extensions>
      </trkpt>
      <trkpt lat="33.1686514802277088165283203125" lon="103.88463257811963558197021484375">
        <ele>2429</ele>
        <time>2026-05-19T05:30:55.000Z</time>
        <extensions>
          <ns3:TrackPointExtension>
            <ns3:hr>97</ns3:hr>
          </ns3:TrackPointExtension>
        </extensions>
      </trkpt>
      <trkpt lat="33.16865273751318454742431640625" lon="103.8846395350992679595947265625">
        <ele>2428.199951171875</ele>
        <time>2026-05-19T05:30:59.000Z</time>
        <extensions>
          <ns3:TrackPointExtension>
            <ns3:hr>94</ns3:hr>
          </ns3:TrackPointExtension>
        </extensions>
      </trkpt>
      <trkpt lat="33.16867075860500335693359375" lon="103.884667195379734039306640625">
        <ele>2425</ele>
        <time>2026-05-19T05:31:10.000Z</time>
        <extensions>
          <ns3:TrackPointExtension>
            <ns3:hr>97</ns3:hr>
          </ns3:TrackPointExtension>
        </extensions>
      </trkpt>
      <trkpt lat="33.16868442110717296600341796875" lon="103.88468387536704540252685546875">
        <ele>2423</ele>
        <time>2026-05-19T05:31:19.000Z</time>
        <extensions>
          <ns3:TrackPointExtension>
            <ns3:hr>94</ns3:hr>
          </ns3:TrackPointExtension>
        </extensions>
      </trkpt>
      <trkpt lat="33.16868442110717296600341796875" lon="103.88468387536704540252685546875">
        <ele>2423</ele>
        <time>2026-05-19T05:31:24.000Z</time>
        <extensions>
          <ns3:TrackPointExtension>
            <ns3:hr>96</ns3:hr>
          </ns3:TrackPointExtension>
        </extensions>
      </trkpt>
      <trkpt lat="33.16868442110717296600341796875" lon="103.88468504883348941802978515625">
        <ele>2422.800048828125</ele>
        <time>2026-05-19T05:31:30.000Z</time>
        <extensions>
          <ns3:TrackPointExtension>
            <ns3:hr>99</ns3:hr>
          </ns3:TrackPointExtension>
        </extensions>
      </trkpt>
      <trkpt lat="33.16868442110717296600341796875" lon="103.88468521647155284881591796875">
        <ele>2422.800048828125</ele>
        <time>2026-05-19T05:31:31.000Z</time>
        <extensions>
          <ns3:TrackPointExtension>
            <ns3:hr>103</ns3:hr>
          </ns3:TrackPointExtension>
        </extensions>
      </trkpt>
      <trkpt lat="33.16868442110717296600341796875" lon="103.88468521647155284881591796875">
        <ele>2422.800048828125</ele>
        <time>2026-05-19T05:31:32.000Z</time>
        <extensions>
          <ns3:TrackPointExtension>
            <ns3:hr>103</ns3:hr>
          </ns3:TrackPointExtension>
        </extensions>
      </trkpt>
      <trkpt lat="33.1686850078403949737548828125" lon="103.88468873687088489532470703125">
        <ele>2422.39990234375</ele>
        <time>2026-05-19T05:31:38.000Z</time>
        <extensions>
          <ns3:TrackPointExtension>
            <ns3:hr>100</ns3:hr>
          </ns3:TrackPointExtension>
        </extensions>
      </trkpt>
      <trkpt lat="33.16870101727545261383056640625" lon="103.88470172882080078125">
        <ele>2420.800048828125</ele>
        <time>2026-05-19T05:31:58.000Z</time>
        <extensions>
          <ns3:TrackPointExtension>
            <ns3:hr>97</ns3:hr>
          </ns3:TrackPointExtension>
        </extensions>
      </trkpt>
      <trkpt lat="33.16871099174022674560546875" lon="103.88470097444951534271240234375">
        <ele>2421</ele>
        <time>2026-05-19T05:32:19.000Z</time>
        <extensions>
          <ns3:TrackPointExtension>
            <ns3:hr>93</ns3:hr>
          </ns3:TrackPointExtension>
        </extensions>
      </trkpt>
      <trkpt lat="33.16871099174022674560546875" lon="103.88470097444951534271240234375">
        <ele>2421</ele>
        <time>2026-05-19T05:32:22.000Z</time>
        <extensions>
          <ns3:TrackPointExtension>
            <ns3:hr>91</ns3:hr>
          </ns3:TrackPointExtension>
        </extensions>
      </trkpt>
      <trkpt lat="33.16871099174022674560546875" lon="103.88470097444951534271240234375">
        <ele>2421</ele>
        <time>2026-05-19T05:32:27.000Z</time>
        <extensions>
          <ns3:TrackPointExtension>
            <ns3:hr>94</ns3:hr>
          </ns3:TrackPointExtension>
        </extensions>
      </trkpt>
      <trkpt lat="33.16871099174022674560546875" lon="103.8846985436975955963134765625">
        <ele>2421.39990234375</ele>
        <time>2026-05-19T05:32:29.000Z</time>
        <extensions>
          <ns3:TrackPointExtension>
            <ns3:hr>89</ns3:hr>
          </ns3:TrackPointExtension>
        </extensions>
      </trkpt>
      <trkpt lat="33.1687130033969879150390625" lon="103.88469845987856388092041015625">
        <ele>2421.39990234375</ele>
        <time>2026-05-19T05:32:30.000Z</time>
        <extensions>
          <ns3:TrackPointExtension>
            <ns3:hr>92</ns3:hr>
          </ns3:TrackPointExtension>
        </extensions>
      </trkpt>
      <trkpt lat="33.16877268254756927490234375" lon="103.884663842618465423583984375">
        <ele>2426</ele>
        <time>2026-05-19T05:32:49.000Z</time>
        <extensions>
          <ns3:TrackPointExtension>
            <ns3:hr>95</ns3:hr>
          </ns3:TrackPointExtension>
        </extensions>
      </trkpt>
      <trkpt lat="33.16877863369882106781005859375" lon="103.88466292060911655426025390625">
        <ele>2426.199951171875</ele>
        <time>2026-05-19T05:32:50.000Z</time>
        <extensions>
          <ns3:TrackPointExtension>
            <ns3:hr>94</ns3:hr>
          </ns3:TrackPointExtension>
        </extensions>
      </trkpt>
      <trkpt lat="33.168805204331874847412109375" lon="103.88468404300510883331298828125">
        <ele>2423.800048828125</ele>
        <time>2026-05-19T05:32:57.000Z</time>
        <extensions>
          <ns3:TrackPointExtension>
            <ns3:hr>94</ns3:hr>
          </ns3:TrackPointExtension>
        </extensions>
      </trkpt>
      <trkpt lat="33.16881702281534671783447265625" lon="103.88468421064317226409912109375">
        <ele>2423.800048828125</ele>
        <time>2026-05-19T05:33:03.000Z</time>
        <extensions>
          <ns3:TrackPointExtension>
            <ns3:hr>94</ns3:hr>
          </ns3:TrackPointExtension>
        </extensions>
      </trkpt>
      <trkpt lat="33.168819956481456756591796875" lon="103.8846774213016033172607421875">
        <ele>2424.60009765625</ele>
        <time>2026-05-19T05:33:11.000Z</time>
        <extensions>
          <ns3:TrackPointExtension>
            <ns3:hr>94</ns3:hr>
          </ns3:TrackPointExtension>
        </extensions>
      </trkpt>
      <trkpt lat="33.1688197888433933258056640625" lon="103.8846690393984317779541015625">
        <ele>2425.60009765625</ele>
        <time>2026-05-19T05:33:26.000Z</time>
        <extensions>
          <ns3:TrackPointExtension>
            <ns3:hr>92</ns3:hr>
          </ns3:TrackPointExtension>
        </extensions>
      </trkpt>
      <trkpt lat="33.16881920211017131805419921875" lon="103.88466476462781429290771484375">
        <ele>2426.199951171875</ele>
        <time>2026-05-19T05:33:35.000Z</time>
        <extensions>
          <ns3:TrackPointExtension>
            <ns3:hr>95</ns3:hr>
          </ns3:TrackPointExtension>
        </extensions>
      </trkpt>
      <trkpt lat="33.1688194535672664642333984375" lon="103.88465822674334049224853515625">
        <ele>2427</ele>
        <time>2026-05-19T05:33:40.000Z</time>
        <extensions>
          <ns3:TrackPointExtension>
            <ns3:hr>99</ns3:hr>
          </ns3:TrackPointExtension>
        </extensions>
      </trkpt>
      <trkpt lat="33.1688194535672664642333984375" lon="103.8846532814204692840576171875">
        <ele>2427.60009765625</ele>
        <time>2026-05-19T05:33:43.000Z</time>
        <extensions>
          <ns3:TrackPointExtension>
            <ns3:hr>96</ns3:hr>
          </ns3:TrackPointExtension>
        </extensions>
      </trkpt>
      <trkpt lat="33.168827332556247711181640625" lon="103.88464598916471004486083984375">
        <ele>2428.60009765625</ele>
        <time>2026-05-19T05:33:56.000Z</time>
        <extensions>
          <ns3:TrackPointExtension>
            <ns3:hr>99</ns3:hr>
          </ns3:TrackPointExtension>
        </extensions>
      </trkpt>
      <trkpt lat="33.16882842220366001129150390625" lon="103.88464598916471004486083984375">
        <ele>2428.60009765625</ele>
        <time>2026-05-19T05:33:58.000Z</time>
        <extensions>
          <ns3:TrackPointExtension>
            <ns3:hr>96</ns3:hr>
          </ns3:TrackPointExtension>
        </extensions>
      </trkpt>
      <trkpt lat="33.168855495750904083251953125" lon="103.88468555174767971038818359375">
        <ele>2423.800048828125</ele>
        <time>2026-05-19T05:34:31.000Z</time>
        <extensions>
          <ns3:TrackPointExtension>
            <ns3:hr>96</ns3:hr>
          </ns3:TrackPointExtension>
        </extensions>
      </trkpt>
      <trkpt lat="33.16887485794723033905029296875" lon="103.88471924699842929840087890625">
        <ele>2419.800048828125</ele>
        <time>2026-05-19T05:34:34.000Z</time>
        <extensions>
          <ns3:TrackPointExtension>
            <ns3:hr>93</ns3:hr>
          </ns3:TrackPointExtension>
        </extensions>
      </trkpt>
      <trkpt lat="33.168880306184291839599609375" lon="103.88476149179041385650634765625">
        <ele>2414.60009765625</ele>
        <time>2026-05-19T05:34:37.000Z</time>
        <extensions>
          <ns3:TrackPointExtension>
            <ns3:hr>93</ns3:hr>
          </ns3:TrackPointExtension>
        </extensions>
      </trkpt>
      <trkpt lat="33.16890017129480838775634765625" lon="103.88486978597939014434814453125">
        <ele>2405.199951171875</ele>
        <time>2026-05-19T05:34:46.000Z</time>
        <extensions>
          <ns3:TrackPointExtension>
            <ns3:hr>93</ns3:hr>
          </ns3:TrackPointExtension>
        </extensions>
      </trkpt>
      <trkpt lat="33.16889815963804721832275390625" lon="103.88487540185451507568359375">
        <ele>2405</ele>
        <time>2026-05-19T05:34:52.000Z</time>
        <extensions>
          <ns3:TrackPointExtension>
            <ns3:hr>95</ns3:hr>
          </ns3:TrackPointExtension>
        </extensions>
      </trkpt>
      <trkpt lat="33.16891743801534175872802734375" lon="103.8849402777850627899169921875">
        <ele>2403.199951171875</ele>
        <time>2026-05-19T05:34:59.000Z</time>
        <extensions>
          <ns3:TrackPointExtension>
            <ns3:hr>96</ns3:hr>
          </ns3:TrackPointExtension>
        </extensions>
      </trkpt>
      <trkpt lat="33.16891944967210292816162109375" lon="103.8849704526364803314208984375">
        <ele>2402.60009765625</ele>
        <time>2026-05-19T05:35:04.000Z</time>
        <extensions>
          <ns3:TrackPointExtension>
            <ns3:hr>95</ns3:hr>
          </ns3:TrackPointExtension>
        </extensions>
      </trkpt>
      <trkpt lat="33.16891743801534175872802734375" lon="103.885007835924625396728515625">
        <ele>2401.800048828125</ele>
        <time>2026-05-19T05:35:10.000Z</time>
        <extensions>
          <ns3:TrackPointExtension>
            <ns3:hr>97</ns3:hr>
          </ns3:TrackPointExtension>
        </extensions>
      </trkpt>
      <trkpt lat="33.168876953423023223876953125" lon="103.88502870686352252960205078125">
        <ele>2401.39990234375</ele>
        <time>2026-05-19T05:35:18.000Z</time>
        <extensions>
          <ns3:TrackPointExtension>
            <ns3:hr>98</ns3:hr>
          </ns3:TrackPointExtension>
        </extensions>
      </trkpt>
      <trkpt lat="33.16880830563604831695556640625" lon="103.88510179705917835235595703125">
        <ele>2400</ele>
        <time>2026-05-19T05:35:25.000Z</time>
        <extensions>
          <ns3:TrackPointExtension>
            <ns3:hr>97</ns3:hr>
          </ns3:TrackPointExtension>
        </extensions>
      </trkpt>
      <trkpt lat="33.1687068007886409759521484375" lon="103.88500146567821502685546875">
        <ele>2409.800048828125</ele>
        <time>2026-05-19T05:35:35.000Z</time>
        <extensions>
          <ns3:TrackPointExtension>
            <ns3:hr>95</ns3:hr>
          </ns3:TrackPointExtension>
        </extensions>
      </trkpt>
      <trkpt lat="33.16867821849882602691650390625" lon="103.884966261684894561767578125">
        <ele>2412.800048828125</ele>
        <time>2026-05-19T05:35:43.000Z</time>
        <extensions>
          <ns3:TrackPointExtension>
            <ns3:hr>95</ns3:hr>
          </ns3:TrackPointExtension>
        </extensions>
      </trkpt>
      <trkpt lat="33.168687522411346435546875" lon="103.88497330248355865478515625">
        <ele>2412</ele>
        <time>2026-05-19T05:35:52.000Z</time>
        <extensions>
          <ns3:TrackPointExtension>
            <ns3:hr>95</ns3:hr>
          </ns3:TrackPointExtension>
        </extensions>
      </trkpt>
      <trkpt lat="33.16869766451418399810791015625" lon="103.88494916260242462158203125">
        <ele>2411.60009765625</ele>
        <time>2026-05-19T05:35:58.000Z</time>
        <extensions>
          <ns3:TrackPointExtension>
            <ns3:hr>95</ns3:hr>
          </ns3:TrackPointExtension>
        </extensions>
      </trkpt>
      <trkpt lat="33.1687007658183574676513671875" lon="103.8849493302404880523681640625">
        <ele>2411.39990234375</ele>
        <time>2026-05-19T05:36:10.000Z</time>
        <extensions>
          <ns3:TrackPointExtension>
            <ns3:hr>94</ns3:hr>
          </ns3:TrackPointExtension>
        </extensions>
      </trkpt>
      <trkpt lat="33.16871141083538532257080078125" lon="103.884926028549671173095703125">
        <ele>2411</ele>
        <time>2026-05-19T05:36:54.000Z</time>
        <extensions>
          <ns3:TrackPointExtension>
            <ns3:hr>91</ns3:hr>
          </ns3:TrackPointExtension>
        </extensions>
      </trkpt>
      <trkpt lat="33.16871141083538532257080078125" lon="103.88493516482412815093994140625">
        <ele>2410.800048828125</ele>
        <time>2026-05-19T05:37:07.000Z</time>
        <extensions>
          <ns3:TrackPointExtension>
            <ns3:hr>88</ns3:hr>
          </ns3:TrackPointExtension>
        </extensions>
      </trkpt>
      <trkpt lat="33.16871107555925846099853515625" lon="103.88493516482412815093994140625">
        <ele>2410.800048828125</ele>
        <time>2026-05-19T05:37:16.000Z</time>
        <extensions>
          <ns3:TrackPointExtension>
            <ns3:hr>85</ns3:hr>
          </ns3:TrackPointExtension>
        </extensions>
      </trkpt>
      <trkpt lat="33.1687000952661037445068359375" lon="103.88493902049958705902099609375">
        <ele>2411.60009765625</ele>
        <time>2026-05-19T05:37:41.000Z</time>
        <extensions>
          <ns3:TrackPointExtension>
            <ns3:hr>88</ns3:hr>
          </ns3:TrackPointExtension>
        </extensions>
      </trkpt>
      <trkpt lat="33.1687000952661037445068359375" lon="103.88493985868990421295166015625">
        <ele>2411.60009765625</ele>
        <time>2026-05-19T05:37:47.000Z</time>
        <extensions>
          <ns3:TrackPointExtension>
            <ns3:hr>84</ns3:hr>
          </ns3:TrackPointExtension>
        </extensions>
      </trkpt>
      <trkpt lat="33.1687000952661037445068359375" lon="103.8849399425089359283447265625">
        <ele>2411.60009765625</ele>
        <time>2026-05-19T05:37:48.000Z</time>
        <extensions>
          <ns3:TrackPointExtension>
            <ns3:hr>87</ns3:hr>
          </ns3:TrackPointExtension>
        </extensions>
      </trkpt>
      <trkpt lat="33.168702609837055206298828125" lon="103.88494505546987056732177734375">
        <ele>2411.39990234375</ele>
        <time>2026-05-19T05:37:56.000Z</time>
        <extensions>
          <ns3:TrackPointExtension>
            <ns3:hr>90</ns3:hr>
          </ns3:TrackPointExtension>
        </extensions>
      </trkpt>
      <trkpt lat="33.168704621493816375732421875" lon="103.884958885610103607177734375">
        <ele>2410.800048828125</ele>
        <time>2026-05-19T05:38:01.000Z</time>
        <extensions>
          <ns3:TrackPointExtension>
            <ns3:hr>93</ns3:hr>
          </ns3:TrackPointExtension>
        </extensions>
      </trkpt>
      <trkpt lat="33.1687584333121776580810546875" lon="103.8849738053977489471435546875">
        <ele>2406</ele>
        <time>2026-05-19T05:38:09.000Z</time>
        <extensions>
          <ns3:TrackPointExtension>
            <ns3:hr>93</ns3:hr>
          </ns3:TrackPointExtension>
        </extensions>
      </trkpt>
      <trkpt lat="33.16885440610349178314208984375" lon="103.88500557281076908111572265625">
        <ele>2402</ele>
        <time>2026-05-19T05:38:15.000Z</time>
        <extensions>
          <ns3:TrackPointExtension>
            <ns3:hr>93</ns3:hr>
          </ns3:TrackPointExtension>
        </extensions>
      </trkpt>
      <trkpt lat="33.16886211745440959930419921875" lon="103.8850249350070953369140625">
        <ele>2401.60009765625</ele>
        <time>2026-05-19T05:38:17.000Z</time>
        <extensions>
          <ns3:TrackPointExtension>
            <ns3:hr>93</ns3:hr>
          </ns3:TrackPointExtension>
        </extensions>
      </trkpt>
      <trkpt lat="33.1688744388520717620849609375" lon="103.885044716298580169677734375">
        <ele>2401</ele>
        <time>2026-05-19T05:38:19.000Z</time>
        <extensions>
          <ns3:TrackPointExtension>
            <ns3:hr>93</ns3:hr>
          </ns3:TrackPointExtension>
        </extensions>
      </trkpt>
      <trkpt lat="33.16891458816826343536376953125" lon="103.8851447962224483489990234375">
        <ele>2399.60009765625</ele>
        <time>2026-05-19T05:38:27.000Z</time>
        <extensions>
          <ns3:TrackPointExtension>
            <ns3:hr>93</ns3:hr>
          </ns3:TrackPointExtension>
        </extensions>
      </trkpt>
      <trkpt lat="33.16891894675791263580322265625" lon="103.88516818173229694366455078125">
        <ele>2399.60009765625</ele>
        <time>2026-05-19T05:38:29.000Z</time>
        <extensions>
          <ns3:TrackPointExtension>
            <ns3:hr>93</ns3:hr>
          </ns3:TrackPointExtension>
        </extensions>
      </trkpt>
      <trkpt lat="33.16890771500766277313232421875" lon="103.88519383035600185394287109375">
        <ele>2399.60009765625</ele>
        <time>2026-05-19T05:38:32.000Z</time>
        <extensions>
          <ns3:TrackPointExtension>
            <ns3:hr>94</ns3:hr>
          </ns3:TrackPointExtension>
        </extensions>
      </trkpt>
      <trkpt lat="33.16887033171951770782470703125" lon="103.88522853143513202667236328125">
        <ele>2399.60009765625</ele>
        <time>2026-05-19T05:38:35.000Z</time>
        <extensions>
          <ns3:TrackPointExtension>
            <ns3:hr>95</ns3:hr>
          </ns3:TrackPointExtension>
        </extensions>
      </trkpt>
      <trkpt lat="33.16872498951852321624755859375" lon="103.8853449560701847076416015625">
        <ele>2400.199951171875</ele>
        <time>2026-05-19T05:38:44.000Z</time>
        <extensions>
          <ns3:TrackPointExtension>
            <ns3:hr>95</ns3:hr>
          </ns3:TrackPointExtension>
        </extensions>
      </trkpt>
      <trkpt lat="33.1686969101428985595703125" lon="103.88537756167352199554443359375">
        <ele>2399.800048828125</ele>
        <time>2026-05-19T05:38:51.000Z</time>
        <extensions>
          <ns3:TrackPointExtension>
            <ns3:hr>95</ns3:hr>
          </ns3:TrackPointExtension>
        </extensions>
      </trkpt>
      <trkpt lat="33.16869732923805713653564453125" lon="103.88538024388253688812255859375">
        <ele>2399.800048828125</ele>
        <time>2026-05-19T05:39:04.000Z</time>
        <extensions>
          <ns3:TrackPointExtension>
            <ns3:hr>94</ns3:hr>
          </ns3:TrackPointExtension>
        </extensions>
      </trkpt>
      <trkpt lat="33.1686712615191936492919921875" lon="103.88539030216634273529052734375">
        <ele>2400</ele>
        <time>2026-05-19T05:39:40.000Z</time>
        <extensions>
          <ns3:TrackPointExtension>
            <ns3:hr>91</ns3:hr>
          </ns3:TrackPointExtension>
        </extensions>
      </trkpt>
      <trkpt lat="33.16866866312921047210693359375" lon="103.88539818115532398223876953125">
        <ele>2400</ele>
        <time>2026-05-19T05:39:41.000Z</time>
        <extensions>
          <ns3:TrackPointExtension>
            <ns3:hr>94</ns3:hr>
          </ns3:TrackPointExtension>
        </extensions>
      </trkpt>
      <trkpt lat="33.16865206696093082427978515625" lon="103.885450400412082672119140625">
        <ele>2400</ele>
        <time>2026-05-19T05:39:48.000Z</time>
        <extensions>
          <ns3:TrackPointExtension>
            <ns3:hr>95</ns3:hr>
          </ns3:TrackPointExtension>
        </extensions>
      </trkpt>
      <trkpt lat="33.1686352193355560302734375" lon="103.88550127856433391571044921875">
        <ele>2400.199951171875</ele>
        <time>2026-05-19T05:39:54.000Z</time>
        <extensions>
          <ns3:TrackPointExtension>
            <ns3:hr>95</ns3:hr>
          </ns3:TrackPointExtension>
        </extensions>
      </trkpt>
      <trkpt lat="33.16862474195659160614013671875" lon="103.88552910648286342620849609375">
        <ele>2400</ele>
        <time>2026-05-19T05:39:56.000Z</time>
        <extensions>
          <ns3:TrackPointExtension>
            <ns3:hr>95</ns3:hr>
          </ns3:TrackPointExtension>
        </extensions>
      </trkpt>
      <trkpt lat="33.16861920990049839019775390625" lon="103.88562164269387722015380859375">
        <ele>2399.199951171875</ele>
        <time>2026-05-19T05:40:02.000Z</time>
        <extensions>
          <ns3:TrackPointExtension>
            <ns3:hr>96</ns3:hr>
          </ns3:TrackPointExtension>
        </extensions>
      </trkpt>
      <trkpt lat="33.16862792707979679107666015625" lon="103.88563455082476139068603515625">
        <ele>2399.199951171875</ele>
        <time>2026-05-19T05:40:03.000Z</time>
        <extensions>
          <ns3:TrackPointExtension>
            <ns3:hr>93</ns3:hr>
          </ns3:TrackPointExtension>
        </extensions>
      </trkpt>
      <trkpt lat="33.1686273403465747833251953125" lon="103.88566120527684688568115234375">
        <ele>2399</ele>
        <time>2026-05-19T05:40:05.000Z</time>
        <extensions>
          <ns3:TrackPointExtension>
            <ns3:hr>96</ns3:hr>
          </ns3:TrackPointExtension>
        </extensions>
      </trkpt>
      <trkpt lat="33.16862440668046474456787109375" lon="103.8857094012200832366943359375">
        <ele>2399.60009765625</ele>
        <time>2026-05-19T05:40:10.000Z</time>
        <extensions>
          <ns3:TrackPointExtension>
            <ns3:hr>96</ns3:hr>
          </ns3:TrackPointExtension>
        </extensions>
      </trkpt>
      <trkpt lat="33.16863320767879486083984375" lon="103.88573907315731048583984375">
        <ele>2399.800048828125</ele>
        <time>2026-05-19T05:40:15.000Z</time>
        <extensions>
          <ns3:TrackPointExtension>
            <ns3:hr>96</ns3:hr>
          </ns3:TrackPointExtension>
        </extensions>
      </trkpt>
      <trkpt lat="33.1686256639659404754638671875" lon="103.88575323857367038726806640625">
        <ele>2400</ele>
        <time>2026-05-19T05:40:22.000Z</time>
        <extensions>
          <ns3:TrackPointExtension>
            <ns3:hr>94</ns3:hr>
          </ns3:TrackPointExtension>
        </extensions>
      </trkpt>
      <trkpt lat="33.16862708888947963714599609375" lon="103.88575172983109951019287109375">
        <ele>2400</ele>
        <time>2026-05-19T05:40:25.000Z</time>
        <extensions>
          <ns3:TrackPointExtension>
            <ns3:hr>97</ns3:hr>
          </ns3:TrackPointExtension>
        </extensions>
      </trkpt>
      <trkpt lat="33.16862759180366992950439453125" lon="103.88575558550655841827392578125">
        <ele>2400</ele>
        <time>2026-05-19T05:40:28.000Z</time>
        <extensions>
          <ns3:TrackPointExtension>
            <ns3:hr>97</ns3:hr>
          </ns3:TrackPointExtension>
        </extensions>
      </trkpt>
      <trkpt lat="33.16861443221569061279296875" lon="103.88577402569353580474853515625">
        <ele>2400.199951171875</ele>
        <time>2026-05-19T05:40:36.000Z</time>
        <extensions>
          <ns3:TrackPointExtension>
            <ns3:hr>95</ns3:hr>
          </ns3:TrackPointExtension>
        </extensions>
      </trkpt>
      <trkpt lat="33.16861652769148349761962890625" lon="103.8857751153409481048583984375">
        <ele>2400.199951171875</ele>
        <time>2026-05-19T05:40:56.000Z</time>
        <extensions>
          <ns3:TrackPointExtension>
            <ns3:hr>92</ns3:hr>
          </ns3:TrackPointExtension>
        </extensions>
      </trkpt>
      <trkpt lat="33.1685914658010005950927734375" lon="103.8858619518578052520751953125">
        <ele>2401.60009765625</ele>
        <time>2026-05-19T05:41:11.000Z</time>
        <extensions>
          <ns3:TrackPointExtension>
            <ns3:hr>88</ns3:hr>
          </ns3:TrackPointExtension>
        </extensions>
      </trkpt>
      <trkpt lat="33.1685824133455753326416015625" lon="103.88588525354862213134765625">
        <ele>2402</ele>
        <time>2026-05-19T05:41:12.000Z</time>
        <extensions>
          <ns3:TrackPointExtension>
            <ns3:hr>87</ns3:hr>
          </ns3:TrackPointExtension>
        </extensions>
      </trkpt>
      <trkpt lat="33.1685549207031726837158203125" lon="103.88602246530354022979736328125">
        <ele>2405.800048828125</ele>
        <time>2026-05-19T05:41:20.000Z</time>
        <extensions>
          <ns3:TrackPointExtension>
            <ns3:hr>84</ns3:hr>
          </ns3:TrackPointExtension>
        </extensions>
      </trkpt>
      <trkpt lat="33.1685421802103519439697265625" lon="103.88609220273792743682861328125">
        <ele>2407</ele>
        <time>2026-05-19T05:41:27.000Z</time>
        <extensions>
          <ns3:TrackPointExtension>
            <ns3:hr>84</ns3:hr>
          </ns3:TrackPointExtension>
        </extensions>
      </trkpt>
      <trkpt lat="33.16855165176093578338623046875" lon="103.88611064292490482330322265625">
        <ele>2407.60009765625</ele>
        <time>2026-05-19T05:41:29.000Z</time>
        <extensions>
          <ns3:TrackPointExtension>
            <ns3:hr>84</ns3:hr>
          </ns3:TrackPointExtension>
        </extensions>
      </trkpt>
      <trkpt lat="33.1685495562851428985595703125" lon="103.88612329959869384765625">
        <ele>2407.800048828125</ele>
        <time>2026-05-19T05:41:31.000Z</time>
        <extensions>
          <ns3:TrackPointExtension>
            <ns3:hr>81</ns3:hr>
          </ns3:TrackPointExtension>
        </extensions>
      </trkpt>
      <trkpt lat="33.16854729317128658294677734375" lon="103.88614366762340068817138671875">
        <ele>2408.199951171875</ele>
        <time>2026-05-19T05:41:34.000Z</time>
        <extensions>
          <ns3:TrackPointExtension>
            <ns3:hr>79</ns3:hr>
          </ns3:TrackPointExtension>
        </extensions>
      </trkpt>
      <trkpt lat="33.1685488857328891754150390625" lon="103.88618356548249721527099609375">
        <ele>2409.199951171875</ele>
        <time>2026-05-19T05:41:37.000Z</time>
        <extensions>
          <ns3:TrackPointExtension>
            <ns3:hr>83</ns3:hr>
          </ns3:TrackPointExtension>
        </extensions>
      </trkpt>
      <trkpt lat="33.16856908611953258514404296875" lon="103.88617585413157939910888671875">
        <ele>2409.60009765625</ele>
        <time>2026-05-19T05:41:38.000Z</time>
        <extensions>
          <ns3:TrackPointExtension>
            <ns3:hr>82</ns3:hr>
          </ns3:TrackPointExtension>
        </extensions>
      </trkpt>
      <trkpt lat="33.16858283244073390960693359375" lon="103.88618356548249721527099609375">
        <ele>2410</ele>
        <time>2026-05-19T05:41:40.000Z</time>
        <extensions>
          <ns3:TrackPointExtension>
            <ns3:hr>78</ns3:hr>
          </ns3:TrackPointExtension>
        </extensions>
      </trkpt>
      <trkpt lat="33.16858618520200252532958984375" lon="103.88619831763207912445068359375">
        <ele>2410.39990234375</ele>
        <time>2026-05-19T05:41:44.000Z</time>
        <extensions>
          <ns3:TrackPointExtension>
            <ns3:hr>79</ns3:hr>
          </ns3:TrackPointExtension>
        </extensions>
      </trkpt>
      <trkpt lat="33.16859875805675983428955078125" lon="103.88620183803141117095947265625">
        <ele>2411</ele>
        <time>2026-05-19T05:41:49.000Z</time>
        <extensions>
          <ns3:TrackPointExtension>
            <ns3:hr>77</ns3:hr>
          </ns3:TrackPointExtension>
        </extensions>
      </trkpt>
      <trkpt lat="33.1686005182564258575439453125" lon="103.8862015865743160247802734375">
        <ele>2411</ele>
        <time>2026-05-19T05:41:50.000Z</time>
        <extensions>
          <ns3:TrackPointExtension>
            <ns3:hr>82</ns3:hr>
          </ns3:TrackPointExtension>
        </extensions>
      </trkpt>
      <trkpt lat="33.16860747523605823516845703125" lon="103.88620653189718723297119140625">
        <ele>2411.199951171875</ele>
        <time>2026-05-19T05:41:53.000Z</time>
        <extensions>
          <ns3:TrackPointExtension>
            <ns3:hr>85</ns3:hr>
          </ns3:TrackPointExtension>
        </extensions>
      </trkpt>
      <trkpt lat="33.1686357222497463226318359375" lon="103.88620971702039241790771484375">
        <ele>2412.199951171875</ele>
        <time>2026-05-19T05:41:56.000Z</time>
        <extensions>
          <ns3:TrackPointExtension>
            <ns3:hr>85</ns3:hr>
          </ns3:TrackPointExtension>
        </extensions>
      </trkpt>
      <trkpt lat="33.168645612895488739013671875" lon="103.8862585835158824920654296875">
        <ele>2414.60009765625</ele>
        <time>2026-05-19T05:42:00.000Z</time>
        <extensions>
          <ns3:TrackPointExtension>
            <ns3:hr>88</ns3:hr>
          </ns3:TrackPointExtension>
        </extensions>
      </trkpt>
      <trkpt lat="33.1686424277722835540771484375" lon="103.886273168027400970458984375">
        <ele>2415.39990234375</ele>
        <time>2026-05-19T05:42:02.000Z</time>
        <extensions>
          <ns3:TrackPointExtension>
            <ns3:hr>89</ns3:hr>
          </ns3:TrackPointExtension>
        </extensions>
      </trkpt>
      <trkpt lat="33.1686984188854694366455078125" lon="103.8862569071352481842041015625">
        <ele>2416.199951171875</ele>
        <time>2026-05-19T05:42:06.000Z</time>
        <extensions>
          <ns3:TrackPointExtension>
            <ns3:hr>89</ns3:hr>
          </ns3:TrackPointExtension>
        </extensions>
      </trkpt>
      <trkpt lat="33.1687668152153491973876953125" lon="103.88622212223708629608154296875">
        <ele>2416.39990234375</ele>
        <time>2026-05-19T05:42:09.000Z</time>
        <extensions>
          <ns3:TrackPointExtension>
            <ns3:hr>88</ns3:hr>
          </ns3:TrackPointExtension>
        </extensions>
      </trkpt>
      <trkpt lat="33.1687131710350513458251953125" lon="103.8862817175686359405517578125">
        <ele>2417.800048828125</ele>
        <time>2026-05-19T05:42:13.000Z</time>
        <extensions>
          <ns3:TrackPointExtension>
            <ns3:hr>88</ns3:hr>
          </ns3:TrackPointExtension>
        </extensions>
      </trkpt>
      <trkpt lat="33.168634213507175445556640625" lon="103.886324465274810791015625">
        <ele>2417.60009765625</ele>
        <time>2026-05-19T05:42:18.000Z</time>
        <extensions>
          <ns3:TrackPointExtension>
            <ns3:hr>89</ns3:hr>
          </ns3:TrackPointExtension>
        </extensions>
      </trkpt>
      <trkpt lat="33.16862038336694240570068359375" lon="103.88633561320602893829345703125">
        <ele>2417.39990234375</ele>
        <time>2026-05-19T05:42:19.000Z</time>
        <extensions>
          <ns3:TrackPointExtension>
            <ns3:hr>91</ns3:hr>
          </ns3:TrackPointExtension>
        </extensions>
      </trkpt>
      <trkpt lat="33.16860026679933071136474609375" lon="103.88634818606078624725341796875">
        <ele>2416.60009765625</ele>
        <time>2026-05-19T05:42:20.000Z</time>
        <extensions>
          <ns3:TrackPointExtension>
            <ns3:hr>91</ns3:hr>
          </ns3:TrackPointExtension>
        </extensions>
      </trkpt>
      <trkpt lat="33.16852181218564510345458984375" lon="103.88642630539834499359130859375">
        <ele>2414.39990234375</ele>
        <time>2026-05-19T05:42:24.000Z</time>
        <extensions>
          <ns3:TrackPointExtension>
            <ns3:hr>90</ns3:hr>
          </ns3:TrackPointExtension>
        </extensions>
      </trkpt>
      <trkpt lat="33.1684895418584346771240234375" lon="103.88646486215293407440185546875">
        <ele>2414.800048828125</ele>
        <time>2026-05-19T05:42:27.000Z</time>
        <extensions>
          <ns3:TrackPointExtension>
            <ns3:hr>88</ns3:hr>
          </ns3:TrackPointExtension>
        </extensions>
      </trkpt>
      <trkpt lat="33.16847738809883594512939453125" lon="103.88649721629917621612548828125">
        <ele>2414.800048828125</ele>
        <time>2026-05-19T05:42:30.000Z</time>
        <extensions>
          <ns3:TrackPointExtension>
            <ns3:hr>89</ns3:hr>
          </ns3:TrackPointExtension>
        </extensions>
      </trkpt>
      <trkpt lat="33.16845978610217571258544921875" lon="103.88650207780301570892333984375">
        <ele>2414.39990234375</ele>
        <time>2026-05-19T05:42:31.000Z</time>
        <extensions>
          <ns3:TrackPointExtension>
            <ns3:hr>90</ns3:hr>
          </ns3:TrackPointExtension>
        </extensions>
      </trkpt>
      <trkpt lat="33.16844335757195949554443359375" lon="103.88650828041136264801025390625">
        <ele>2414.199951171875</ele>
        <time>2026-05-19T05:42:32.000Z</time>
        <extensions>
          <ns3:TrackPointExtension>
            <ns3:hr>90</ns3:hr>
          </ns3:TrackPointExtension>
        </extensions>
      </trkpt>
      <trkpt lat="33.1684208102524280548095703125" lon="103.88652521185576915740966796875">
        <ele>2414.39990234375</ele>
        <time>2026-05-19T05:42:33.000Z</time>
        <extensions>
          <ns3:TrackPointExtension>
            <ns3:hr>90</ns3:hr>
          </ns3:TrackPointExtension>
        </extensions>
      </trkpt>
      <trkpt lat="33.16837261430919170379638671875" lon="103.88660266064107418060302734375">
        <ele>2417</ele>
        <time>2026-05-19T05:42:37.000Z</time>
        <extensions>
          <ns3:TrackPointExtension>
            <ns3:hr>90</ns3:hr>
          </ns3:TrackPointExtension>
        </extensions>
      </trkpt>
      <trkpt lat="33.16841217689216136932373046875" lon="103.88676493428647518157958984375">
        <ele>2423.800048828125</ele>
        <time>2026-05-19T05:42:45.000Z</time>
        <extensions>
          <ns3:TrackPointExtension>
            <ns3:hr>89</ns3:hr>
          </ns3:TrackPointExtension>
        </extensions>
      </trkpt>
      <trkpt lat="33.1684214808046817779541015625" lon="103.88680483214557170867919921875">
        <ele>2425.199951171875</ele>
        <time>2026-05-19T05:42:47.000Z</time>
        <extensions>
          <ns3:TrackPointExtension>
            <ns3:hr>87</ns3:hr>
          </ns3:TrackPointExtension>
        </extensions>
      </trkpt>
      <trkpt lat="33.1683762185275554656982421875" lon="103.886922933161258697509765625">
        <ele>2423.60009765625</ele>
        <time>2026-05-19T05:42:53.000Z</time>
        <extensions>
          <ns3:TrackPointExtension>
            <ns3:hr>88</ns3:hr>
          </ns3:TrackPointExtension>
        </extensions>
      </trkpt>
      <trkpt lat="33.16837345249950885772705078125" lon="103.88693072833120822906494140625">
        <ele>2423.39990234375</ele>
        <time>2026-05-19T05:42:54.000Z</time>
        <extensions>
          <ns3:TrackPointExtension>
            <ns3:hr>88</ns3:hr>
          </ns3:TrackPointExtension>
        </extensions>
      </trkpt>
      <trkpt lat="33.1683562695980072021484375" lon="103.88701790012419223785400390625">
        <ele>2422.199951171875</ele>
        <time>2026-05-19T05:43:02.000Z</time>
        <extensions>
          <ns3:TrackPointExtension>
            <ns3:hr>88</ns3:hr>
          </ns3:TrackPointExtension>
        </extensions>
      </trkpt>
      <trkpt lat="33.16837093792855739593505859375" lon="103.88702276162803173065185546875">
        <ele>2423.199951171875</ele>
        <time>2026-05-19T05:43:03.000Z</time>
        <extensions>
          <ns3:TrackPointExtension>
            <ns3:hr>88</ns3:hr>
          </ns3:TrackPointExtension>
        </extensions>
      </trkpt>
      <trkpt lat="33.168383426964282989501953125" lon="103.887073136866092681884765625">
        <ele>2424.199951171875</ele>
        <time>2026-05-19T05:43:08.000Z</time>
        <extensions>
          <ns3:TrackPointExtension>
            <ns3:hr>89</ns3:hr>
          </ns3:TrackPointExtension>
        </extensions>
      </trkpt>
      <trkpt lat="33.168370015919208526611328125" lon="103.88708847574889659881591796875">
        <ele>2423</ele>
        <time>2026-05-19T05:43:10.000Z</time>
        <extensions>
          <ns3:TrackPointExtension>
            <ns3:hr>90</ns3:hr>
          </ns3:TrackPointExtension>
        </extensions>
      </trkpt>
      <trkpt lat="33.16835769452154636383056640625" lon="103.88711102306842803955078125">
        <ele>2422</ele>
        <time>2026-05-19T05:43:12.000Z</time>
        <extensions>
          <ns3:TrackPointExtension>
            <ns3:hr>91</ns3:hr>
          </ns3:TrackPointExtension>
        </extensions>
      </trkpt>
      <trkpt lat="33.16835937090218067169189453125" lon="103.8871219195425510406494140625">
        <ele>2422.199951171875</ele>
        <time>2026-05-19T05:43:13.000Z</time>
        <extensions>
          <ns3:TrackPointExtension>
            <ns3:hr>92</ns3:hr>
          </ns3:TrackPointExtension>
        </extensions>
      </trkpt>
      <trkpt lat="33.16837244667112827301025390625" lon="103.88712267391383647918701171875">
        <ele>2423.199951171875</ele>
        <time>2026-05-19T05:43:14.000Z</time>
        <extensions>
          <ns3:TrackPointExtension>
            <ns3:hr>92</ns3:hr>
          </ns3:TrackPointExtension>
        </extensions>
      </trkpt>
      <trkpt lat="33.1683775596320629119873046875" lon="103.8871292956173419952392578125">
        <ele>2423.60009765625</ele>
        <time>2026-05-19T05:43:16.000Z</time>
        <extensions>
          <ns3:TrackPointExtension>
            <ns3:hr>93</ns3:hr>
          </ns3:TrackPointExtension>
        </extensions>
      </trkpt>
      <trkpt lat="33.1683628074824810028076171875" lon="103.8871621526777744293212890625">
        <ele>2422.199951171875</ele>
        <time>2026-05-19T05:43:18.000Z</time>
        <extensions>
          <ns3:TrackPointExtension>
            <ns3:hr>93</ns3:hr>
          </ns3:TrackPointExtension>
        </extensions>
      </trkpt>
      <trkpt lat="33.1683896295726299285888671875" lon="103.88716022484004497528076171875">
        <ele>2424.39990234375</ele>
        <time>2026-05-19T05:43:19.000Z</time>
        <extensions>
          <ns3:TrackPointExtension>
            <ns3:hr>93</ns3:hr>
          </ns3:TrackPointExtension>
        </extensions>
      </trkpt>
      <trkpt lat="33.1683750450611114501953125" lon="103.88717212714254856109619140625">
        <ele>2423.199951171875</ele>
        <time>2026-05-19T05:43:20.000Z</time>
        <extensions>
          <ns3:TrackPointExtension>
            <ns3:hr>92</ns3:hr>
          </ns3:TrackPointExtension>
        </extensions>
      </trkpt>
      <trkpt lat="33.1683520786464214324951171875" lon="103.8871894776821136474609375">
        <ele>2421.800048828125</ele>
        <time>2026-05-19T05:43:21.000Z</time>
        <extensions>
          <ns3:TrackPointExtension>
            <ns3:hr>92</ns3:hr>
          </ns3:TrackPointExtension>
        </extensions>
      </trkpt>
      <trkpt lat="33.16835350356996059417724609375" lon="103.88719945214688777923583984375">
        <ele>2422.199951171875</ele>
        <time>2026-05-19T05:43:22.000Z</time>
        <extensions>
          <ns3:TrackPointExtension>
            <ns3:hr>95</ns3:hr>
          </ns3:TrackPointExtension>
        </extensions>
      </trkpt>
      <trkpt lat="33.16835719160735607147216796875" lon="103.887215293943881988525390625">
        <ele>2422.60009765625</ele>
        <time>2026-05-19T05:43:23.000Z</time>
        <extensions>
          <ns3:TrackPointExtension>
            <ns3:hr>92</ns3:hr>
          </ns3:TrackPointExtension>
        </extensions>
      </trkpt>
      <trkpt lat="33.1683654896914958953857421875" lon="103.8872178085148334503173828125">
        <ele>2423.199951171875</ele>
        <time>2026-05-19T05:43:25.000Z</time>
        <extensions>
          <ns3:TrackPointExtension>
            <ns3:hr>91</ns3:hr>
          </ns3:TrackPointExtension>
        </extensions>
      </trkpt>
      <trkpt lat="33.16837496124207973480224609375" lon="103.88721571303904056549072265625">
        <ele>2423.60009765625</ele>
        <time>2026-05-19T05:43:26.000Z</time>
        <extensions>
          <ns3:TrackPointExtension>
            <ns3:hr>91</ns3:hr>
          </ns3:TrackPointExtension>
        </extensions>
      </trkpt>
      <trkpt lat="33.16837328486144542694091796875" lon="103.8872225023806095123291015625">
        <ele>2423.60009765625</ele>
        <time>2026-05-19T05:43:28.000Z</time>
        <extensions>
          <ns3:TrackPointExtension>
            <ns3:hr>90</ns3:hr>
          </ns3:TrackPointExtension>
        </extensions>
      </trkpt>
      <trkpt lat="33.1683648191392421722412109375" lon="103.88727170415222644805908203125">
        <ele>2424</ele>
        <time>2026-05-19T05:43:31.000Z</time>
        <extensions>
          <ns3:TrackPointExtension>
            <ns3:hr>89</ns3:hr>
          </ns3:TrackPointExtension>
        </extensions>
      </trkpt>
      <trkpt lat="33.1683447025716304779052734375" lon="103.88733507134020328521728515625">
        <ele>2423.800048828125</ele>
        <time>2026-05-19T05:43:34.000Z</time>
        <extensions>
          <ns3:TrackPointExtension>
            <ns3:hr>90</ns3:hr>
          </ns3:TrackPointExtension>
        </extensions>
      </trkpt>
      <trkpt lat="33.16836976446211338043212890625" lon="103.8873515836894512176513671875">
        <ele>2425</ele>
        <time>2026-05-19T05:43:37.000Z</time>
        <extensions>
          <ns3:TrackPointExtension>
            <ns3:hr>88</ns3:hr>
          </ns3:TrackPointExtension>
        </extensions>
      </trkpt>
      <trkpt lat="33.1683624722063541412353515625" lon="103.88736591674387454986572265625">
        <ele>2424.39990234375</ele>
        <time>2026-05-19T05:43:38.000Z</time>
        <extensions>
          <ns3:TrackPointExtension>
            <ns3:hr>89</ns3:hr>
          </ns3:TrackPointExtension>
        </extensions>
      </trkpt>
      <trkpt lat="33.16833891905844211578369140625" lon="103.88741947710514068603515625">
        <ele>2422.39990234375</ele>
        <time>2026-05-19T05:43:42.000Z</time>
        <extensions>
          <ns3:TrackPointExtension>
            <ns3:hr>89</ns3:hr>
          </ns3:TrackPointExtension>
        </extensions>
      </trkpt>
      <trkpt lat="33.16832316108047962188720703125" lon="103.8874521665275096893310546875">
        <ele>2421.60009765625</ele>
        <time>2026-05-19T05:43:47.000Z</time>
        <extensions>
          <ns3:TrackPointExtension>
            <ns3:hr>87</ns3:hr>
          </ns3:TrackPointExtension>
        </extensions>
      </trkpt>
      <trkpt lat="33.16829047165811061859130859375" lon="103.887473456561565399169921875">
        <ele>2420.39990234375</ele>
        <time>2026-05-19T05:43:51.000Z</time>
        <extensions>
          <ns3:TrackPointExtension>
            <ns3:hr>90</ns3:hr>
          </ns3:TrackPointExtension>
        </extensions>
      </trkpt>
      <trkpt lat="33.168300278484821319580078125" lon="103.88743883930146694183349609375">
        <ele>2420.800048828125</ele>
        <time>2026-05-19T05:43:53.000Z</time>
        <extensions>
          <ns3:TrackPointExtension>
            <ns3:hr>93</ns3:hr>
          </ns3:TrackPointExtension>
        </extensions>
      </trkpt>
      <trkpt lat="33.1682932376861572265625" lon="103.88743934221565723419189453125">
        <ele>2420.39990234375</ele>
        <time>2026-05-19T05:43:54.000Z</time>
        <extensions>
          <ns3:TrackPointExtension>
            <ns3:hr>95</ns3:hr>
          </ns3:TrackPointExtension>
        </extensions>
      </trkpt>
      <trkpt lat="33.1682635657489299774169921875" lon="103.88746515847742557525634765625">
        <ele>2419.39990234375</ele>
        <time>2026-05-19T05:43:55.000Z</time>
        <extensions>
          <ns3:TrackPointExtension>
            <ns3:hr>95</ns3:hr>
          </ns3:TrackPointExtension>
        </extensions>
      </trkpt>
      <trkpt lat="33.168251998722553253173828125" lon="103.887462057173252105712890625">
        <ele>2419</ele>
        <time>2026-05-19T05:43:57.000Z</time>
        <extensions>
          <ns3:TrackPointExtension>
            <ns3:hr>96</ns3:hr>
          </ns3:TrackPointExtension>
        </extensions>
      </trkpt>
      <trkpt lat="33.16826582886278629302978515625" lon="103.8874360732734203338623046875">
        <ele>2419.39990234375</ele>
        <time>2026-05-19T05:44:00.000Z</time>
        <extensions>
          <ns3:TrackPointExtension>
            <ns3:hr>97</ns3:hr>
          </ns3:TrackPointExtension>
        </extensions>
      </trkpt>
      <trkpt lat="33.1682682596147060394287109375" lon="103.8874335587024688720703125">
        <ele>2419.39990234375</ele>
        <time>2026-05-19T05:44:01.000Z</time>
        <extensions>
          <ns3:TrackPointExtension>
            <ns3:hr>97</ns3:hr>
          </ns3:TrackPointExtension>
        </extensions>
      </trkpt>
      <trkpt lat="33.1682543456554412841796875" lon="103.8874390907585620880126953125">
        <ele>2419</ele>
        <time>2026-05-19T05:44:07.000Z</time>
        <extensions>
          <ns3:TrackPointExtension>
            <ns3:hr>97</ns3:hr>
          </ns3:TrackPointExtension>
        </extensions>
      </trkpt>
      <trkpt lat="33.1682152859866619110107421875" lon="103.88747940771281719207763671875">
        <ele>2417.60009765625</ele>
        <time>2026-05-19T05:44:12.000Z</time>
        <extensions>
          <ns3:TrackPointExtension>
            <ns3:hr>96</ns3:hr>
          </ns3:TrackPointExtension>
        </extensions>
      </trkpt>
      <trkpt lat="33.16814010031521320343017578125" lon="103.88753741048276424407958984375">
        <ele>2415.199951171875</ele>
        <time>2026-05-19T05:44:18.000Z</time>
        <extensions>
          <ns3:TrackPointExtension>
            <ns3:hr>96</ns3:hr>
          </ns3:TrackPointExtension>
        </extensions>
      </trkpt>
      <trkpt lat="33.1681113503873348236083984375" lon="103.88755970634520053863525390625">
        <ele>2414.39990234375</ele>
        <time>2026-05-19T05:44:20.000Z</time>
        <extensions>
          <ns3:TrackPointExtension>
            <ns3:hr>100</ns3:hr>
          </ns3:TrackPointExtension>
        </extensions>
      </trkpt>
      <trkpt lat="33.16809902898967266082763671875" lon="103.88757060281932353973388671875">
        <ele>2414.199951171875</ele>
        <time>2026-05-19T05:44:21.000Z</time>
        <extensions>
          <ns3:TrackPointExtension>
            <ns3:hr>95</ns3:hr>
          </ns3:TrackPointExtension>
        </extensions>
      </trkpt>
      <trkpt lat="33.1680687703192234039306640625" lon="103.88759189285337924957275390625">
        <ele>2413.39990234375</ele>
        <time>2026-05-19T05:44:23.000Z</time>
        <extensions>
          <ns3:TrackPointExtension>
            <ns3:hr>95</ns3:hr>
          </ns3:TrackPointExtension>
        </extensions>
      </trkpt>
      <trkpt lat="33.1680453009903430938720703125" lon="103.88761335052549839019775390625">
        <ele>2412.60009765625</ele>
        <time>2026-05-19T05:44:25.000Z</time>
        <extensions>
          <ns3:TrackPointExtension>
            <ns3:hr>94</ns3:hr>
          </ns3:TrackPointExtension>
        </extensions>
      </trkpt>
      <trkpt lat="33.16797740757465362548828125" lon="103.88766816817224025726318359375">
        <ele>2411.199951171875</ele>
        <time>2026-05-19T05:44:31.000Z</time>
        <extensions>
          <ns3:TrackPointExtension>
            <ns3:hr>92</ns3:hr>
          </ns3:TrackPointExtension>
        </extensions>
      </trkpt>
      <trkpt lat="33.16794228740036487579345703125" lon="103.8876868598163127899169921875">
        <ele>2410.60009765625</ele>
        <time>2026-05-19T05:44:34.000Z</time>
        <extensions>
          <ns3:TrackPointExtension>
            <ns3:hr>92</ns3:hr>
          </ns3:TrackPointExtension>
        </extensions>
      </trkpt>
      <trkpt lat="33.16792778670787811279296875" lon="103.88769079931080341339111328125">
        <ele>2410.199951171875</ele>
        <time>2026-05-19T05:44:35.000Z</time>
        <extensions>
          <ns3:TrackPointExtension>
            <ns3:hr>92</ns3:hr>
          </ns3:TrackPointExtension>
        </extensions>
      </trkpt>
      <trkpt lat="33.167916052043437957763671875" lon="103.8876952417194843292236328125">
        <ele>2409.800048828125</ele>
        <time>2026-05-19T05:44:37.000Z</time>
        <extensions>
          <ns3:TrackPointExtension>
            <ns3:hr>92</ns3:hr>
          </ns3:TrackPointExtension>
        </extensions>
      </trkpt>
      <trkpt lat="33.16787858493626117706298828125" lon="103.88770404271781444549560546875">
        <ele>2409</ele>
        <time>2026-05-19T05:44:40.000Z</time>
        <extensions>
          <ns3:TrackPointExtension>
            <ns3:hr>91</ns3:hr>
          </ns3:TrackPointExtension>
        </extensions>
      </trkpt>
      <trkpt lat="33.16784773953258991241455078125" lon="103.8877203874289989471435546875">
        <ele>2408.199951171875</ele>
        <time>2026-05-19T05:44:42.000Z</time>
        <extensions>
          <ns3:TrackPointExtension>
            <ns3:hr>91</ns3:hr>
          </ns3:TrackPointExtension>
        </extensions>
      </trkpt>
      <trkpt lat="33.16783525049686431884765625" lon="103.88772784732282161712646484375">
        <ele>2408</ele>
        <time>2026-05-19T05:44:43.000Z</time>
        <extensions>
          <ns3:TrackPointExtension>
            <ns3:hr>90</ns3:hr>
          </ns3:TrackPointExtension>
        </extensions>
      </trkpt>
      <trkpt lat="33.16775076091289520263671875" lon="103.887779228389263153076171875">
        <ele>2404.800048828125</ele>
        <time>2026-05-19T05:44:48.000Z</time>
        <extensions>
          <ns3:TrackPointExtension>
            <ns3:hr>90</ns3:hr>
          </ns3:TrackPointExtension>
        </extensions>
      </trkpt>
      <trkpt lat="33.16764841787517070770263671875" lon="103.887823484838008880615234375">
        <ele>2402</ele>
        <time>2026-05-19T05:44:54.000Z</time>
        <extensions>
          <ns3:TrackPointExtension>
            <ns3:hr>90</ns3:hr>
          </ns3:TrackPointExtension>
        </extensions>
      </trkpt>
      <trkpt lat="33.16754884086549282073974609375" lon="103.887855000793933868408203125">
        <ele>2399.800048828125</ele>
        <time>2026-05-19T05:45:00.000Z</time>
        <extensions>
          <ns3:TrackPointExtension>
            <ns3:hr>93</ns3:hr>
          </ns3:TrackPointExtension>
        </extensions>
      </trkpt>
      <trkpt lat="33.1675440631806850433349609375" lon="103.88785692863166332244873046875">
        <ele>2399.60009765625</ele>
        <time>2026-05-19T05:45:01.000Z</time>
        <extensions>
          <ns3:TrackPointExtension>
            <ns3:hr>93</ns3:hr>
          </ns3:TrackPointExtension>
        </extensions>
      </trkpt>
      <trkpt lat="33.167503662407398223876953125" lon="103.887868411839008331298828125">
        <ele>2398.39990234375</ele>
        <time>2026-05-19T05:45:03.000Z</time>
        <extensions>
          <ns3:TrackPointExtension>
            <ns3:hr>96</ns3:hr>
          </ns3:TrackPointExtension>
        </extensions>
      </trkpt>
      <trkpt lat="33.16743291914463043212890625" lon="103.88791224919259548187255859375">
        <ele>2397</ele>
        <time>2026-05-19T05:45:09.000Z</time>
        <extensions>
          <ns3:TrackPointExtension>
            <ns3:hr>95</ns3:hr>
          </ns3:TrackPointExtension>
        </extensions>
      </trkpt>
      <trkpt lat="33.16738472320139408111572265625" lon="103.88793337158858776092529296875">
        <ele>2396.800048828125</ele>
        <time>2026-05-19T05:45:13.000Z</time>
        <extensions>
          <ns3:TrackPointExtension>
            <ns3:hr>94</ns3:hr>
          </ns3:TrackPointExtension>
        </extensions>
      </trkpt>
      <trkpt lat="33.1673982180655002593994140625" lon="103.88792079873383045196533203125">
        <ele>2396.60009765625</ele>
        <time>2026-05-19T05:45:14.000Z</time>
        <extensions>
          <ns3:TrackPointExtension>
            <ns3:hr>95</ns3:hr>
          </ns3:TrackPointExtension>
        </extensions>
      </trkpt>
      <trkpt lat="33.16737282089889049530029296875" lon="103.88792113400995731353759765625">
        <ele>2396.800048828125</ele>
        <time>2026-05-19T05:45:17.000Z</time>
        <extensions>
          <ns3:TrackPointExtension>
            <ns3:hr>96</ns3:hr>
          </ns3:TrackPointExtension>
        </extensions>
      </trkpt>
      <trkpt lat="33.167360164225101470947265625" lon="103.88792817480862140655517578125">
        <ele>2397</ele>
        <time>2026-05-19T05:45:18.000Z</time>
        <extensions>
          <ns3:TrackPointExtension>
            <ns3:hr>97</ns3:hr>
          </ns3:TrackPointExtension>
        </extensions>
      </trkpt>
      <trkpt lat="33.16730995662510395050048828125" lon="103.88795197941362857818603515625">
        <ele>2397.60009765625</ele>
        <time>2026-05-19T05:45:21.000Z</time>
        <extensions>
          <ns3:TrackPointExtension>
            <ns3:hr>97</ns3:hr>
          </ns3:TrackPointExtension>
        </extensions>
      </trkpt>
      <trkpt lat="33.16728984005749225616455078125" lon="103.887958936393260955810546875">
        <ele>2398</ele>
        <time>2026-05-19T05:45:23.000Z</time>
        <extensions>
          <ns3:TrackPointExtension>
            <ns3:hr>97</ns3:hr>
          </ns3:TrackPointExtension>
        </extensions>
      </trkpt>
      <trkpt lat="33.16726125776767730712890625" lon="103.88796689920127391815185546875">
        <ele>2398.199951171875</ele>
        <time>2026-05-19T05:45:27.000Z</time>
        <extensions>
          <ns3:TrackPointExtension>
            <ns3:hr>94</ns3:hr>
          </ns3:TrackPointExtension>
        </extensions>
      </trkpt>
      <trkpt lat="33.16724189557135105133056640625" lon="103.8879705034196376800537109375">
        <ele>2398.39990234375</ele>
        <time>2026-05-19T05:45:29.000Z</time>
        <extensions>
          <ns3:TrackPointExtension>
            <ns3:hr>92</ns3:hr>
          </ns3:TrackPointExtension>
        </extensions>
      </trkpt>
      <trkpt lat="33.1672265566885471343994140625" lon="103.88796756975352764129638671875">
        <ele>2398.39990234375</ele>
        <time>2026-05-19T05:45:32.000Z</time>
        <extensions>
          <ns3:TrackPointExtension>
            <ns3:hr>88</ns3:hr>
          </ns3:TrackPointExtension>
        </extensions>
      </trkpt>
      <trkpt lat="33.1672171689569950103759765625" lon="103.8879762031137943267822265625">
        <ele>2398.60009765625</ele>
        <time>2026-05-19T05:45:33.000Z</time>
        <extensions>
          <ns3:TrackPointExtension>
            <ns3:hr>89</ns3:hr>
          </ns3:TrackPointExtension>
        </extensions>
      </trkpt>
      <trkpt lat="33.16716662608087062835693359375" lon="103.88802473433315753936767578125">
        <ele>2396.39990234375</ele>
        <time>2026-05-19T05:45:39.000Z</time>
        <extensions>
          <ns3:TrackPointExtension>
            <ns3:hr>87</ns3:hr>
          </ns3:TrackPointExtension>
        </extensions>
      </trkpt>
      <trkpt lat="33.1670706532895565032958984375" lon="103.88807485811412334442138671875">
        <ele>2398.199951171875</ele>
        <time>2026-05-19T05:45:45.000Z</time>
        <extensions>
          <ns3:TrackPointExtension>
            <ns3:hr>88</ns3:hr>
          </ns3:TrackPointExtension>
        </extensions>
      </trkpt>
      <trkpt lat="33.167036958038806915283203125" lon="103.8880906999111175537109375">
        <ele>2399</ele>
        <time>2026-05-19T05:45:50.000Z</time>
        <extensions>
          <ns3:TrackPointExtension>
            <ns3:hr>88</ns3:hr>
          </ns3:TrackPointExtension>
        </extensions>
      </trkpt>
      <trkpt lat="33.1670178472995758056640625" lon="103.88812087476253509521484375">
        <ele>2397.39990234375</ele>
        <time>2026-05-19T05:45:52.000Z</time>
        <extensions>
          <ns3:TrackPointExtension>
            <ns3:hr>87</ns3:hr>
          </ns3:TrackPointExtension>
        </extensions>
      </trkpt>
      <trkpt lat="33.16699245013296604156494140625" lon="103.8881492055952548980712890625">
        <ele>2395.800048828125</ele>
        <time>2026-05-19T05:45:55.000Z</time>
        <extensions>
          <ns3:TrackPointExtension>
            <ns3:hr>88</ns3:hr>
          </ns3:TrackPointExtension>
        </extensions>
      </trkpt>
      <trkpt lat="33.16696076653897762298583984375" lon="103.8881669752299785614013671875">
        <ele>2395.60009765625</ele>
        <time>2026-05-19T05:45:58.000Z</time>
        <extensions>
          <ns3:TrackPointExtension>
            <ns3:hr>92</ns3:hr>
          </ns3:TrackPointExtension>
        </extensions>
      </trkpt>
      <trkpt lat="33.16693880595266819000244140625" lon="103.8881941325962543487548828125">
        <ele>2396.800048828125</ele>
        <time>2026-05-19T05:46:00.000Z</time>
        <extensions>
          <ns3:TrackPointExtension>
            <ns3:hr>89</ns3:hr>
          </ns3:TrackPointExtension>
        </extensions>
      </trkpt>
      <trkpt lat="33.1669194437563419342041015625" lon="103.88821282424032688140869140625">
        <ele>2397.60009765625</ele>
        <time>2026-05-19T05:46:02.000Z</time>
        <extensions>
          <ns3:TrackPointExtension>
            <ns3:hr>88</ns3:hr>
          </ns3:TrackPointExtension>
        </extensions>
      </trkpt>
      <trkpt lat="33.1668285839259624481201171875" lon="103.8882350362837314605712890625">
        <ele>2398.39990234375</ele>
        <time>2026-05-19T05:46:08.000Z</time>
        <extensions>
          <ns3:TrackPointExtension>
            <ns3:hr>88</ns3:hr>
          </ns3:TrackPointExtension>
        </extensions>
      </trkpt>
      <trkpt lat="33.1668044440448284149169921875" lon="103.8882461003959178924560546875">
        <ele>2399</ele>
        <time>2026-05-19T05:46:09.000Z</time>
        <extensions>
          <ns3:TrackPointExtension>
            <ns3:hr>90</ns3:hr>
          </ns3:TrackPointExtension>
        </extensions>
      </trkpt>
      <trkpt lat="33.16673554480075836181640625" lon="103.88826227746903896331787109375">
        <ele>2401</ele>
        <time>2026-05-19T05:46:12.000Z</time>
        <extensions>
          <ns3:TrackPointExtension>
            <ns3:hr>87</ns3:hr>
          </ns3:TrackPointExtension>
        </extensions>
      </trkpt>
      <trkpt lat="33.16672171466052532196044921875" lon="103.88825833797454833984375">
        <ele>2401.39990234375</ele>
        <time>2026-05-19T05:46:13.000Z</time>
        <extensions>
          <ns3:TrackPointExtension>
            <ns3:hr>87</ns3:hr>
          </ns3:TrackPointExtension>
        </extensions>
      </trkpt>
      <trkpt lat="33.1666706688702106475830078125" lon="103.8882437534630298614501953125">
        <ele>2402.39990234375</ele>
        <time>2026-05-19T05:46:15.000Z</time>
        <extensions>
          <ns3:TrackPointExtension>
            <ns3:hr>85</ns3:hr>
          </ns3:TrackPointExtension>
        </extensions>
      </trkpt>
      <trkpt lat="33.1666565872728824615478515625" lon="103.88824517838656902313232421875">
        <ele>2402.800048828125</ele>
        <time>2026-05-19T05:46:16.000Z</time>
        <extensions>
          <ns3:TrackPointExtension>
            <ns3:hr>89</ns3:hr>
          </ns3:TrackPointExtension>
        </extensions>
      </trkpt>
      <trkpt lat="33.16662959754467010498046875" lon="103.88826495967805385589599609375">
        <ele>2402.39990234375</ele>
        <time>2026-05-19T05:46:18.000Z</time>
        <extensions>
          <ns3:TrackPointExtension>
            <ns3:hr>89</ns3:hr>
          </ns3:TrackPointExtension>
        </extensions>
      </trkpt>
      <trkpt lat="33.16654619760811328887939453125" lon="103.88830653391778469085693359375">
        <ele>2400.60009765625</ele>
        <time>2026-05-19T05:46:25.000Z</time>
        <extensions>
          <ns3:TrackPointExtension>
            <ns3:hr>87</ns3:hr>
          </ns3:TrackPointExtension>
        </extensions>
      </trkpt>
      <trkpt lat="33.166529349982738494873046875" lon="103.88832262717187404632568359375">
        <ele>2399.800048828125</ele>
        <time>2026-05-19T05:46:27.000Z</time>
        <extensions>
          <ns3:TrackPointExtension>
            <ns3:hr>90</ns3:hr>
          </ns3:TrackPointExtension>
        </extensions>
      </trkpt>
      <trkpt lat="33.16652054898440837860107421875" lon="103.88833100907504558563232421875">
        <ele>2399.39990234375</ele>
        <time>2026-05-19T05:46:28.000Z</time>
        <extensions>
          <ns3:TrackPointExtension>
            <ns3:hr>87</ns3:hr>
          </ns3:TrackPointExtension>
        </extensions>
      </trkpt>
      <trkpt lat="33.166493810713291168212890625" lon="103.88835431076586246490478515625">
        <ele>2398.199951171875</ele>
        <time>2026-05-19T05:46:31.000Z</time>
        <extensions>
          <ns3:TrackPointExtension>
            <ns3:hr>90</ns3:hr>
          </ns3:TrackPointExtension>
        </extensions>
      </trkpt>
      <trkpt lat="33.1664591096341609954833984375" lon="103.88837073929607868194580078125">
        <ele>2397.60009765625</ele>
        <time>2026-05-19T05:46:33.000Z</time>
        <extensions>
          <ns3:TrackPointExtension>
            <ns3:hr>90</ns3:hr>
          </ns3:TrackPointExtension>
        </extensions>
      </trkpt>
      <trkpt lat="33.16641326062381267547607421875" lon="103.8884072005748748779296875">
        <ele>2396.800048828125</ele>
        <time>2026-05-19T05:46:39.000Z</time>
        <extensions>
          <ns3:TrackPointExtension>
            <ns3:hr>90</ns3:hr>
          </ns3:TrackPointExtension>
        </extensions>
      </trkpt>
      <trkpt lat="33.166384510695934295654296875" lon="103.88842321000993251800537109375">
        <ele>2396.39990234375</ele>
        <time>2026-05-19T05:46:44.000Z</time>
        <extensions>
          <ns3:TrackPointExtension>
            <ns3:hr>90</ns3:hr>
          </ns3:TrackPointExtension>
        </extensions>
      </trkpt>
      <trkpt lat="33.1662901304662227630615234375" lon="103.8883999921381473541259765625">
        <ele>2395</ele>
        <time>2026-05-19T05:46:52.000Z</time>
        <extensions>
          <ns3:TrackPointExtension>
            <ns3:hr>90</ns3:hr>
          </ns3:TrackPointExtension>
        </extensions>
      </trkpt>
      <trkpt lat="33.16624478437006473541259765625" lon="103.88840108178555965423583984375">
        <ele>2394.199951171875</ele>
        <time>2026-05-19T05:47:00.000Z</time>
        <extensions>
          <ns3:TrackPointExtension>
            <ns3:hr>90</ns3:hr>
          </ns3:TrackPointExtension>
        </extensions>
      </trkpt>
      <trkpt lat="33.16623506136238574981689453125" lon="103.8884043507277965545654296875">
        <ele>2394</ele>
        <time>2026-05-19T05:47:02.000Z</time>
        <extensions>
          <ns3:TrackPointExtension>
            <ns3:hr>87</ns3:hr>
          </ns3:TrackPointExtension>
        </extensions>
      </trkpt>
      <trkpt lat="33.16621092148125171661376953125" lon="103.88842321000993251800537109375">
        <ele>2392.800048828125</ele>
        <time>2026-05-19T05:47:07.000Z</time>
        <extensions>
          <ns3:TrackPointExtension>
            <ns3:hr>84</ns3:hr>
          </ns3:TrackPointExtension>
        </extensions>
      </trkpt>
      <trkpt lat="33.16617756150662899017333984375" lon="103.8884318433701992034912109375">
        <ele>2391.800048828125</ele>
        <time>2026-05-19T05:47:14.000Z</time>
        <extensions>
          <ns3:TrackPointExtension>
            <ns3:hr>84</ns3:hr>
          </ns3:TrackPointExtension>
        </extensions>
      </trkpt>
      <trkpt lat="33.1661697663366794586181640625" lon="103.88843611814081668853759765625">
        <ele>2391.39990234375</ele>
        <time>2026-05-19T05:47:19.000Z</time>
        <extensions>
          <ns3:TrackPointExtension>
            <ns3:hr>83</ns3:hr>
          </ns3:TrackPointExtension>
        </extensions>
      </trkpt>
      <trkpt lat="33.16614688374102115631103515625" lon="103.888413906097412109375">
        <ele>2391.199951171875</ele>
        <time>2026-05-19T05:47:24.000Z</time>
        <extensions>
          <ns3:TrackPointExtension>
            <ns3:hr>83</ns3:hr>
          </ns3:TrackPointExtension>
        </extensions>
      </trkpt>
      <trkpt lat="33.16615124233067035675048828125" lon="103.88838850893080234527587890625">
        <ele>2391.800048828125</ele>
        <time>2026-05-19T05:47:25.000Z</time>
        <extensions>
          <ns3:TrackPointExtension>
            <ns3:hr>84</ns3:hr>
          </ns3:TrackPointExtension>
        </extensions>
      </trkpt>
      <trkpt lat="33.166133053600788116455078125" lon="103.888362944126129150390625">
        <ele>2391.800048828125</ele>
        <time>2026-05-19T05:47:27.000Z</time>
        <extensions>
          <ns3:TrackPointExtension>
            <ns3:hr>84</ns3:hr>
          </ns3:TrackPointExtension>
        </extensions>
      </trkpt>
      <trkpt lat="33.1661231629550457000732421875" lon="103.88836101628839969635009765625">
        <ele>2391.39990234375</ele>
        <time>2026-05-19T05:47:28.000Z</time>
        <extensions>
          <ns3:TrackPointExtension>
            <ns3:hr>84</ns3:hr>
          </ns3:TrackPointExtension>
        </extensions>
      </trkpt>
      <trkpt lat="33.16611151210963726043701171875" lon="103.88836856000125408172607421875">
        <ele>2391</ele>
        <time>2026-05-19T05:47:30.000Z</time>
        <extensions>
          <ns3:TrackPointExtension>
            <ns3:hr>85</ns3:hr>
          </ns3:TrackPointExtension>
        </extensions>
      </trkpt>
      <trkpt lat="33.166099525988101959228515625" lon="103.88837627135217189788818359375">
        <ele>2390.60009765625</ele>
        <time>2026-05-19T05:47:31.000Z</time>
        <extensions>
          <ns3:TrackPointExtension>
            <ns3:hr>86</ns3:hr>
          </ns3:TrackPointExtension>
        </extensions>
      </trkpt>
      <trkpt lat="33.166091144084930419921875" lon="103.8883768580853939056396484375">
        <ele>2390.199951171875</ele>
        <time>2026-05-19T05:47:32.000Z</time>
        <extensions>
          <ns3:TrackPointExtension>
            <ns3:hr>87</ns3:hr>
          </ns3:TrackPointExtension>
        </extensions>
      </trkpt>
      <trkpt lat="33.1660782359540462493896484375" lon="103.888383395969867706298828125">
        <ele>2389.800048828125</ele>
        <time>2026-05-19T05:47:33.000Z</time>
        <extensions>
          <ns3:TrackPointExtension>
            <ns3:hr>83</ns3:hr>
          </ns3:TrackPointExtension>
        </extensions>
      </trkpt>
      <trkpt lat="33.16607572138309478759765625" lon="103.88838498853147029876708984375">
        <ele>2389.60009765625</ele>
        <time>2026-05-19T05:47:34.000Z</time>
        <extensions>
          <ns3:TrackPointExtension>
            <ns3:hr>86</ns3:hr>
          </ns3:TrackPointExtension>
        </extensions>
      </trkpt>
      <trkpt lat="33.1660608015954494476318359375" lon="103.8883946277201175689697265625">
        <ele>2389</ele>
        <time>2026-05-19T05:47:35.000Z</time>
        <extensions>
          <ns3:TrackPointExtension>
            <ns3:hr>84</ns3:hr>
          </ns3:TrackPointExtension>
        </extensions>
      </trkpt>
      <trkpt lat="33.16599927842617034912109375" lon="103.888439722359180450439453125">
        <ele>2386.800048828125</ele>
        <time>2026-05-19T05:47:39.000Z</time>
        <extensions>
          <ns3:TrackPointExtension>
            <ns3:hr>87</ns3:hr>
          </ns3:TrackPointExtension>
        </extensions>
      </trkpt>
      <trkpt lat="33.1659662537276744842529296875" lon="103.88843025080859661102294921875">
        <ele>2386.60009765625</ele>
        <time>2026-05-19T05:47:42.000Z</time>
        <extensions>
          <ns3:TrackPointExtension>
            <ns3:hr>86</ns3:hr>
          </ns3:TrackPointExtension>
        </extensions>
      </trkpt>
      <trkpt lat="33.16594035364687442779541015625" lon="103.888395465910434722900390625">
        <ele>2387.60009765625</ele>
        <time>2026-05-19T05:47:45.000Z</time>
        <extensions>
          <ns3:TrackPointExtension>
            <ns3:hr>83</ns3:hr>
          </ns3:TrackPointExtension>
        </extensions>
      </trkpt>
      <trkpt lat="33.16593624651432037353515625" lon="103.88838448561728000640869140625">
        <ele>2388</ele>
        <time>2026-05-19T05:47:46.000Z</time>
        <extensions>
          <ns3:TrackPointExtension>
            <ns3:hr>83</ns3:hr>
          </ns3:TrackPointExtension>
        </extensions>
      </trkpt>
      <trkpt lat="33.165925182402133941650390625" lon="103.88836738653481006622314453125">
        <ele>2388.60009765625</ele>
        <time>2026-05-19T05:47:48.000Z</time>
        <extensions>
          <ns3:TrackPointExtension>
            <ns3:hr>80</ns3:hr>
          </ns3:TrackPointExtension>
        </extensions>
      </trkpt>
      <trkpt lat="33.16592057235538959503173828125" lon="103.88836495578289031982421875">
        <ele>2388.60009765625</ele>
        <time>2026-05-19T05:47:49.000Z</time>
        <extensions>
          <ns3:TrackPointExtension>
            <ns3:hr>83</ns3:hr>
          </ns3:TrackPointExtension>
        </extensions>
      </trkpt>
      <trkpt lat="33.16590196453034877777099609375" lon="103.8883535563945770263671875">
        <ele>2388.60009765625</ele>
        <time>2026-05-19T05:47:51.000Z</time>
        <extensions>
          <ns3:TrackPointExtension>
            <ns3:hr>83</ns3:hr>
          </ns3:TrackPointExtension>
        </extensions>
      </trkpt>
      <trkpt lat="33.165864832699298858642578125" lon="103.8883543945848941802978515625">
        <ele>2388</ele>
        <time>2026-05-19T05:47:53.000Z</time>
        <extensions>
          <ns3:TrackPointExtension>
            <ns3:hr>84</ns3:hr>
          </ns3:TrackPointExtension>
        </extensions>
      </trkpt>
      <trkpt lat="33.16585636697709560394287109375" lon="103.888346515595912933349609375">
        <ele>2388.199951171875</ele>
        <time>2026-05-19T05:47:54.000Z</time>
        <extensions>
          <ns3:TrackPointExtension>
            <ns3:hr>86</ns3:hr>
          </ns3:TrackPointExtension>
        </extensions>
      </trkpt>
      <trkpt lat="33.165840022265911102294921875" lon="103.8883621059358119964599609375">
        <ele>2387.199951171875</ele>
        <time>2026-05-19T05:47:57.000Z</time>
        <extensions>
          <ns3:TrackPointExtension>
            <ns3:hr>86</ns3:hr>
          </ns3:TrackPointExtension>
        </extensions>
      </trkpt>
      <trkpt lat="33.16582418046891689300537109375" lon="103.8883781991899013519287109375">
        <ele>2386.199951171875</ele>
        <time>2026-05-19T05:47:59.000Z</time>
        <extensions>
          <ns3:TrackPointExtension>
            <ns3:hr>87</ns3:hr>
          </ns3:TrackPointExtension>
        </extensions>
      </trkpt>
      <trkpt lat="33.16582518629729747772216796875" lon="103.8883785344660282135009765625">
        <ele>2386.199951171875</ele>
        <time>2026-05-19T05:48:00.000Z</time>
        <extensions>
          <ns3:TrackPointExtension>
            <ns3:hr>83</ns3:hr>
          </ns3:TrackPointExtension>
        </extensions>
      </trkpt>
      <trkpt lat="33.1658351607620716094970703125" lon="103.88837434351444244384765625">
        <ele>2386.60009765625</ele>
        <time>2026-05-19T05:48:01.000Z</time>
        <extensions>
          <ns3:TrackPointExtension>
            <ns3:hr>84</ns3:hr>
          </ns3:TrackPointExtension>
        </extensions>
      </trkpt>
      <trkpt lat="33.16586315631866455078125" lon="103.88834961690008640289306640625">
        <ele>2388.199951171875</ele>
        <time>2026-05-19T05:48:04.000Z</time>
        <extensions>
          <ns3:TrackPointExtension>
            <ns3:hr>86</ns3:hr>
          </ns3:TrackPointExtension>
        </extensions>
      </trkpt>
      <trkpt lat="33.16585603170096874237060546875" lon="103.88835481368005275726318359375">
        <ele>2387.800048828125</ele>
        <time>2026-05-19T05:48:05.000Z</time>
        <extensions>
          <ns3:TrackPointExtension>
            <ns3:hr>87</ns3:hr>
          </ns3:TrackPointExtension>
        </extensions>
      </trkpt>
      <trkpt lat="33.16584144718945026397705078125" lon="103.88836939819157123565673828125">
        <ele>2387</ele>
        <time>2026-05-19T05:48:07.000Z</time>
        <extensions>
          <ns3:TrackPointExtension>
            <ns3:hr>86</ns3:hr>
          </ns3:TrackPointExtension>
        </extensions>
      </trkpt>
      <trkpt lat="33.16582552157342433929443359375" lon="103.88838582672178745269775390625">
        <ele>2386</ele>
        <time>2026-05-19T05:48:09.000Z</time>
        <extensions>
          <ns3:TrackPointExtension>
            <ns3:hr>86</ns3:hr>
          </ns3:TrackPointExtension>
        </extensions>
      </trkpt>
      <trkpt lat="33.1658291257917881011962890625" lon="103.8883830606937408447265625">
        <ele>2386.199951171875</ele>
        <time>2026-05-19T05:48:10.000Z</time>
        <extensions>
          <ns3:TrackPointExtension>
            <ns3:hr>90</ns3:hr>
          </ns3:TrackPointExtension>
        </extensions>
      </trkpt>
      <trkpt lat="33.16580490209162235260009765625" lon="103.88840409927070140838623046875">
        <ele>2384.800048828125</ele>
        <time>2026-05-19T05:48:12.000Z</time>
        <extensions>
          <ns3:TrackPointExtension>
            <ns3:hr>91</ns3:hr>
          </ns3:TrackPointExtension>
        </extensions>
      </trkpt>
      <trkpt lat="33.1657838635146617889404296875" lon="103.888427652418613433837890625">
        <ele>2383.39990234375</ele>
        <time>2026-05-19T05:48:14.000Z</time>
        <extensions>
          <ns3:TrackPointExtension>
            <ns3:hr>91</ns3:hr>
          </ns3:TrackPointExtension>
        </extensions>
      </trkpt>
      <trkpt lat="33.165783695876598358154296875" lon="103.888443075120449066162109375">
        <ele>2382.800048828125</ele>
        <time>2026-05-19T05:48:16.000Z</time>
        <extensions>
          <ns3:TrackPointExtension>
            <ns3:hr>89</ns3:hr>
          </ns3:TrackPointExtension>
        </extensions>
      </trkpt>
      <trkpt lat="33.1657778285443782806396484375" lon="103.888457827270030975341796875">
        <ele>2382.800048828125</ele>
        <time>2026-05-19T05:48:17.000Z</time>
        <extensions>
          <ns3:TrackPointExtension>
            <ns3:hr>91</ns3:hr>
          </ns3:TrackPointExtension>
        </extensions>
      </trkpt>
      <trkpt lat="33.165753521025180816650390625" lon="103.88849101960659027099609375">
        <ele>2382.199951171875</ele>
        <time>2026-05-19T05:48:19.000Z</time>
        <extensions>
          <ns3:TrackPointExtension>
            <ns3:hr>94</ns3:hr>
          </ns3:TrackPointExtension>
        </extensions>
      </trkpt>
      <trkpt lat="33.16576190292835235595703125" lon="103.8884898461401462554931640625">
        <ele>2382.39990234375</ele>
        <time>2026-05-19T05:48:20.000Z</time>
        <extensions>
          <ns3:TrackPointExtension>
            <ns3:hr>95</ns3:hr>
          </ns3:TrackPointExtension>
        </extensions>
      </trkpt>
      <trkpt lat="33.165829963982105255126953125" lon="103.88842857442796230316162109375">
        <ele>2384.199951171875</ele>
        <time>2026-05-19T05:48:24.000Z</time>
        <extensions>
          <ns3:TrackPointExtension>
            <ns3:hr>95</ns3:hr>
          </ns3:TrackPointExtension>
        </extensions>
      </trkpt>
      <trkpt lat="33.16580255515873432159423828125" lon="103.88843712396919727325439453125">
        <ele>2383.199951171875</ele>
        <time>2026-05-19T05:48:27.000Z</time>
        <extensions>
          <ns3:TrackPointExtension>
            <ns3:hr>95</ns3:hr>
          </ns3:TrackPointExtension>
        </extensions>
      </trkpt>
      <trkpt lat="33.165799118578433990478515625" lon="103.88843544758856296539306640625">
        <ele>2383.39990234375</ele>
        <time>2026-05-19T05:48:28.000Z</time>
        <extensions>
          <ns3:TrackPointExtension>
            <ns3:hr>96</ns3:hr>
          </ns3:TrackPointExtension>
        </extensions>
      </trkpt>
      <trkpt lat="33.16579132340848445892333984375" lon="103.88843527995049953460693359375">
        <ele>2383.199951171875</ele>
        <time>2026-05-19T05:48:29.000Z</time>
        <extensions>
          <ns3:TrackPointExtension>
            <ns3:hr>96</ns3:hr>
          </ns3:TrackPointExtension>
        </extensions>
      </trkpt>
      <trkpt lat="33.1657848693430423736572265625" lon="103.88842270709574222564697265625">
        <ele>2383.60009765625</ele>
        <time>2026-05-19T05:48:31.000Z</time>
        <extensions>
          <ns3:TrackPointExtension>
            <ns3:hr>96</ns3:hr>
          </ns3:TrackPointExtension>
        </extensions>
      </trkpt>
      <trkpt lat="33.1657630763947963714599609375" lon="103.88843963854014873504638671875">
        <ele>2382.39990234375</ele>
        <time>2026-05-19T05:48:33.000Z</time>
        <extensions>
          <ns3:TrackPointExtension>
            <ns3:hr>95</ns3:hr>
          </ns3:TrackPointExtension>
        </extensions>
      </trkpt>
      <trkpt lat="33.1657711230218410491943359375" lon="103.8884254731237888336181640625">
        <ele>2383.199951171875</ele>
        <time>2026-05-19T05:48:34.000Z</time>
        <extensions>
          <ns3:TrackPointExtension>
            <ns3:hr>97</ns3:hr>
          </ns3:TrackPointExtension>
        </extensions>
      </trkpt>
      <trkpt lat="33.165833316743373870849609375" lon="103.88834207318723201751708984375">
        <ele>2388</ele>
        <time>2026-05-19T05:48:37.000Z</time>
        <extensions>
          <ns3:TrackPointExtension>
            <ns3:hr>94</ns3:hr>
          </ns3:TrackPointExtension>
        </extensions>
      </trkpt>
      <trkpt lat="33.165829293429851531982421875" lon="103.88833855278789997100830078125">
        <ele>2388</ele>
        <time>2026-05-19T05:48:38.000Z</time>
        <extensions>
          <ns3:TrackPointExtension>
            <ns3:hr>95</ns3:hr>
          </ns3:TrackPointExtension>
        </extensions>
      </trkpt>
      <trkpt lat="33.1658039800822734832763671875" lon="103.88835933990776538848876953125">
        <ele>2386.60009765625</ele>
        <time>2026-05-19T05:48:39.000Z</time>
        <extensions>
          <ns3:TrackPointExtension>
            <ns3:hr>95</ns3:hr>
          </ns3:TrackPointExtension>
        </extensions>
      </trkpt>
      <trkpt lat="33.1656735576689243316650390625" lon="103.888483308255672454833984375">
        <ele>2381.800048828125</ele>
        <time>2026-05-19T05:48:45.000Z</time>
        <extensions>
          <ns3:TrackPointExtension>
            <ns3:hr>94</ns3:hr>
          </ns3:TrackPointExtension>
        </extensions>
      </trkpt>
      <trkpt lat="33.1655880622565746307373046875" lon="103.88854457996785640716552734375">
        <ele>2381.39990234375</ele>
        <time>2026-05-19T05:48:50.000Z</time>
        <extensions>
          <ns3:TrackPointExtension>
            <ns3:hr>94</ns3:hr>
          </ns3:TrackPointExtension>
        </extensions>
      </trkpt>
      <trkpt lat="33.16558160819113254547119140625" lon="103.8885465078055858612060546875">
        <ele>2381.39990234375</ele>
        <time>2026-05-19T05:48:51.000Z</time>
        <extensions>
          <ns3:TrackPointExtension>
            <ns3:hr>94</ns3:hr>
          </ns3:TrackPointExtension>
        </extensions>
      </trkpt>
      <trkpt lat="33.165559060871601104736328125" lon="103.888566792011260986328125">
        <ele>2381.199951171875</ele>
        <time>2026-05-19T05:48:52.000Z</time>
        <extensions>
          <ns3:TrackPointExtension>
            <ns3:hr>97</ns3:hr>
          </ns3:TrackPointExtension>
        </extensions>
      </trkpt>
      <trkpt lat="33.16551438532769680023193359375" lon="103.88858146034181118011474609375">
        <ele>2380.60009765625</ele>
        <time>2026-05-19T05:48:54.000Z</time>
        <extensions>
          <ns3:TrackPointExtension>
            <ns3:hr>97</ns3:hr>
          </ns3:TrackPointExtension>
        </extensions>
      </trkpt>
      <trkpt lat="33.165494687855243682861328125" lon="103.88859570957720279693603515625">
        <ele>2380.199951171875</ele>
        <time>2026-05-19T05:48:55.000Z</time>
        <extensions>
          <ns3:TrackPointExtension>
            <ns3:hr>96</ns3:hr>
          </ns3:TrackPointExtension>
        </extensions>
      </trkpt>
      <trkpt lat="33.165467195212841033935546875" lon="103.8886137306690216064453125">
        <ele>2379.800048828125</ele>
        <time>2026-05-19T05:48:57.000Z</time>
        <extensions>
          <ns3:TrackPointExtension>
            <ns3:hr>95</ns3:hr>
          </ns3:TrackPointExtension>
        </extensions>
      </trkpt>
      <trkpt lat="33.16545269452035427093505859375" lon="103.88862269930541515350341796875">
        <ele>2379.60009765625</ele>
        <time>2026-05-19T05:48:58.000Z</time>
        <extensions>
          <ns3:TrackPointExtension>
            <ns3:hr>97</ns3:hr>
          </ns3:TrackPointExtension>
        </extensions>
      </trkpt>
      <trkpt lat="33.165443055331707000732421875" lon="103.8886309973895549774169921875">
        <ele>2379.60009765625</ele>
        <time>2026-05-19T05:48:59.000Z</time>
        <extensions>
          <ns3:TrackPointExtension>
            <ns3:hr>97</ns3:hr>
          </ns3:TrackPointExtension>
        </extensions>
      </trkpt>
      <trkpt lat="33.165405504405498504638671875" lon="103.88866879977285861968994140625">
        <ele>2379.39990234375</ele>
        <time>2026-05-19T05:49:03.000Z</time>
        <extensions>
          <ns3:TrackPointExtension>
            <ns3:hr>97</ns3:hr>
          </ns3:TrackPointExtension>
        </extensions>
      </trkpt>
      <trkpt lat="33.16540525294840335845947265625" lon="103.88867340981960296630859375">
        <ele>2379.199951171875</ele>
        <time>2026-05-19T05:49:04.000Z</time>
        <extensions>
          <ns3:TrackPointExtension>
            <ns3:hr>93</ns3:hr>
          </ns3:TrackPointExtension>
        </extensions>
      </trkpt>
      <trkpt lat="33.165396787226200103759765625" lon="103.88868757523596286773681640625">
        <ele>2379.199951171875</ele>
        <time>2026-05-19T05:49:05.000Z</time>
        <extensions>
          <ns3:TrackPointExtension>
            <ns3:hr>96</ns3:hr>
          </ns3:TrackPointExtension>
        </extensions>
      </trkpt>
      <trkpt lat="33.16539050079882144927978515625" lon="103.88870157301425933837890625">
        <ele>2379</ele>
        <time>2026-05-19T05:49:06.000Z</time>
        <extensions>
          <ns3:TrackPointExtension>
            <ns3:hr>95</ns3:hr>
          </ns3:TrackPointExtension>
        </extensions>
      </trkpt>
      <trkpt lat="33.16537876613438129425048828125" lon="103.88872194103896617889404296875">
        <ele>2378.800048828125</ele>
        <time>2026-05-19T05:49:07.000Z</time>
        <extensions>
          <ns3:TrackPointExtension>
            <ns3:hr>96</ns3:hr>
          </ns3:TrackPointExtension>
        </extensions>
      </trkpt>
      <trkpt lat="33.1653697974979877471923828125" lon="103.888751529157161712646484375">
        <ele>2378.800048828125</ele>
        <time>2026-05-19T05:49:09.000Z</time>
        <extensions>
          <ns3:TrackPointExtension>
            <ns3:hr>98</ns3:hr>
          </ns3:TrackPointExtension>
        </extensions>
      </trkpt>
      <trkpt lat="33.16537725739181041717529296875" lon="103.88875127770006656646728515625">
        <ele>2378.800048828125</ele>
        <time>2026-05-19T05:49:10.000Z</time>
        <extensions>
          <ns3:TrackPointExtension>
            <ns3:hr>97</ns3:hr>
          </ns3:TrackPointExtension>
        </extensions>
      </trkpt>
      <trkpt lat="33.16536082886159420013427734375" lon="103.88877005316317081451416015625">
        <ele>2378.800048828125</ele>
        <time>2026-05-19T05:49:12.000Z</time>
        <extensions>
          <ns3:TrackPointExtension>
            <ns3:hr>94</ns3:hr>
          </ns3:TrackPointExtension>
        </extensions>
      </trkpt>
      <trkpt lat="33.1653500162065029144287109375" lon="103.88877642340958118438720703125">
        <ele>2378.800048828125</ele>
        <time>2026-05-19T05:49:13.000Z</time>
        <extensions>
          <ns3:TrackPointExtension>
            <ns3:hr>95</ns3:hr>
          </ns3:TrackPointExtension>
        </extensions>
      </trkpt>
      <trkpt lat="33.16525655798614025115966796875" lon="103.88883727602660655975341796875">
        <ele>2378.39990234375</ele>
        <time>2026-05-19T05:49:19.000Z</time>
        <extensions>
          <ns3:TrackPointExtension>
            <ns3:hr>90</ns3:hr>
          </ns3:TrackPointExtension>
        </extensions>
      </trkpt>
      <trkpt lat="33.16524499095976352691650390625" lon="103.888843059539794921875">
        <ele>2378.199951171875</ele>
        <time>2026-05-19T05:49:20.000Z</time>
        <extensions>
          <ns3:TrackPointExtension>
            <ns3:hr>87</ns3:hr>
          </ns3:TrackPointExtension>
        </extensions>
      </trkpt>
      <trkpt lat="33.16521950997412204742431640625" lon="103.8888509385287761688232421875">
        <ele>2378</ele>
        <time>2026-05-19T05:49:22.000Z</time>
        <extensions>
          <ns3:TrackPointExtension>
            <ns3:hr>86</ns3:hr>
          </ns3:TrackPointExtension>
        </extensions>
      </trkpt>
      <trkpt lat="33.1651837192475795745849609375" lon="103.8888723962008953094482421875">
        <ele>2377.39990234375</ele>
        <time>2026-05-19T05:49:24.000Z</time>
        <extensions>
          <ns3:TrackPointExtension>
            <ns3:hr>84</ns3:hr>
          </ns3:TrackPointExtension>
        </extensions>
      </trkpt>
      <trkpt lat="33.1651431508362293243408203125" lon="103.8888851366937160491943359375">
        <ele>2377.199951171875</ele>
        <time>2026-05-19T05:49:27.000Z</time>
        <extensions>
          <ns3:TrackPointExtension>
            <ns3:hr>81</ns3:hr>
          </ns3:TrackPointExtension>
        </extensions>
      </trkpt>
      <trkpt lat="33.16516418941318988800048828125" lon="103.88885336928069591522216796875">
        <ele>2377.39990234375</ele>
        <time>2026-05-19T05:49:28.000Z</time>
        <extensions>
          <ns3:TrackPointExtension>
            <ns3:hr>80</ns3:hr>
          </ns3:TrackPointExtension>
        </extensions>
      </trkpt>
      <trkpt lat="33.16515396349132061004638671875" lon="103.88884532265365123748779296875">
        <ele>2377.39990234375</ele>
        <time>2026-05-19T05:49:30.000Z</time>
        <extensions>
          <ns3:TrackPointExtension>
            <ns3:hr>78</ns3:hr>
          </ns3:TrackPointExtension>
        </extensions>
      </trkpt>
      <trkpt lat="33.16514038480818271636962890625" lon="103.88885068707168102264404296875">
        <ele>2377.39990234375</ele>
        <time>2026-05-19T05:49:31.000Z</time>
        <extensions>
          <ns3:TrackPointExtension>
            <ns3:hr>79</ns3:hr>
          </ns3:TrackPointExtension>
        </extensions>
      </trkpt>
      <trkpt lat="33.165068216621875762939453125" lon="103.8888703845441341400146484375">
        <ele>2377</ele>
        <time>2026-05-19T05:49:36.000Z</time>
        <extensions>
          <ns3:TrackPointExtension>
            <ns3:hr>79</ns3:hr>
          </ns3:TrackPointExtension>
        </extensions>
      </trkpt>
      <trkpt lat="33.16504432819783687591552734375" lon="103.88888186775147914886474609375">
        <ele>2377</ele>
        <time>2026-05-19T05:49:38.000Z</time>
        <extensions>
          <ns3:TrackPointExtension>
            <ns3:hr>79</ns3:hr>
          </ns3:TrackPointExtension>
        </extensions>
      </trkpt>
      <trkpt lat="33.16503494046628475189208984375" lon="103.888884298503398895263671875">
        <ele>2376.800048828125</ele>
        <time>2026-05-19T05:49:39.000Z</time>
        <extensions>
          <ns3:TrackPointExtension>
            <ns3:hr>79</ns3:hr>
          </ns3:TrackPointExtension>
        </extensions>
      </trkpt>
      <trkpt lat="33.1649875827133655548095703125" lon="103.88889066874980926513671875">
        <ele>2376.60009765625</ele>
        <time>2026-05-19T05:49:42.000Z</time>
        <extensions>
          <ns3:TrackPointExtension>
            <ns3:hr>81</ns3:hr>
          </ns3:TrackPointExtension>
        </extensions>
      </trkpt>
      <trkpt lat="33.1650008261203765869140625" lon="103.88883844949305057525634765625">
        <ele>2377</ele>
        <time>2026-05-19T05:49:45.000Z</time>
        <extensions>
          <ns3:TrackPointExtension>
            <ns3:hr>81</ns3:hr>
          </ns3:TrackPointExtension>
        </extensions>
      </trkpt>
      <trkpt lat="33.1649946235120296478271484375" lon="103.88883274979889392852783203125">
        <ele>2377</ele>
        <time>2026-05-19T05:49:46.000Z</time>
        <extensions>
          <ns3:TrackPointExtension>
            <ns3:hr>83</ns3:hr>
          </ns3:TrackPointExtension>
        </extensions>
      </trkpt>
      <trkpt lat="33.16497341729700565338134765625" lon="103.88879503123462200164794921875">
        <ele>2377</ele>
        <time>2026-05-19T05:49:51.000Z</time>
        <extensions>
          <ns3:TrackPointExtension>
            <ns3:hr>86</ns3:hr>
          </ns3:TrackPointExtension>
        </extensions>
      </trkpt>
      <trkpt lat="33.164957575500011444091796875" lon="103.88880358077585697174072265625">
        <ele>2376.800048828125</ele>
        <time>2026-05-19T05:49:52.000Z</time>
        <extensions>
          <ns3:TrackPointExtension>
            <ns3:hr>86</ns3:hr>
          </ns3:TrackPointExtension>
        </extensions>
      </trkpt>
      <trkpt lat="33.16493117250502109527587890625" lon="103.8888060115277767181396484375">
        <ele>2376.800048828125</ele>
        <time>2026-05-19T05:49:54.000Z</time>
        <extensions>
          <ns3:TrackPointExtension>
            <ns3:hr>87</ns3:hr>
          </ns3:TrackPointExtension>
        </extensions>
      </trkpt>
      <trkpt lat="33.164928071200847625732421875" lon="103.88879687525331974029541015625">
        <ele>2376.800048828125</ele>
        <time>2026-05-19T05:49:56.000Z</time>
        <extensions>
          <ns3:TrackPointExtension>
            <ns3:hr>88</ns3:hr>
          </ns3:TrackPointExtension>
        </extensions>
      </trkpt>
      <trkpt lat="33.1649114750325679779052734375" lon="103.88880559243261814117431640625">
        <ele>2376.800048828125</ele>
        <time>2026-05-19T05:49:58.000Z</time>
        <extensions>
          <ns3:TrackPointExtension>
            <ns3:hr>88</ns3:hr>
          </ns3:TrackPointExtension>
        </extensions>
      </trkpt>
      <trkpt lat="33.1648930348455905914306640625" lon="103.88885915279388427734375">
        <ele>2376.60009765625</ele>
        <time>2026-05-19T05:50:01.000Z</time>
        <extensions>
          <ns3:TrackPointExtension>
            <ns3:hr>88</ns3:hr>
          </ns3:TrackPointExtension>
        </extensions>
      </trkpt>
      <trkpt lat="33.164881803095340728759765625" lon="103.88888924382627010345458984375">
        <ele>2376.60009765625</ele>
        <time>2026-05-19T05:50:02.000Z</time>
        <extensions>
          <ns3:TrackPointExtension>
            <ns3:hr>88</ns3:hr>
          </ns3:TrackPointExtension>
        </extensions>
      </trkpt>
      <trkpt lat="33.16488079726696014404296875" lon="103.88887935318052768707275390625">
        <ele>2376.60009765625</ele>
        <time>2026-05-19T05:50:05.000Z</time>
        <extensions>
          <ns3:TrackPointExtension>
            <ns3:hr>88</ns3:hr>
          </ns3:TrackPointExtension>
        </extensions>
      </trkpt>
      <trkpt lat="33.1648548133671283721923828125" lon="103.8888915069401264190673828125">
        <ele>2376.800048828125</ele>
        <time>2026-05-19T05:50:09.000Z</time>
        <extensions>
          <ns3:TrackPointExtension>
            <ns3:hr>85</ns3:hr>
          </ns3:TrackPointExtension>
        </extensions>
      </trkpt>
      <trkpt lat="33.16485271789133548736572265625" lon="103.8888935185968875885009765625">
        <ele>2376.800048828125</ele>
        <time>2026-05-19T05:50:12.000Z</time>
        <extensions>
          <ns3:TrackPointExtension>
            <ns3:hr>84</ns3:hr>
          </ns3:TrackPointExtension>
        </extensions>
      </trkpt>
      <trkpt lat="33.1648403964936733245849609375" lon="103.8888569734990596771240234375">
        <ele>2377</ele>
        <time>2026-05-19T05:50:17.000Z</time>
        <extensions>
          <ns3:TrackPointExtension>
            <ns3:hr>83</ns3:hr>
          </ns3:TrackPointExtension>
        </extensions>
      </trkpt>
      <trkpt lat="33.1648420728743076324462890625" lon="103.88882218860089778900146484375">
        <ele>2377</ele>
        <time>2026-05-19T05:50:20.000Z</time>
        <extensions>
          <ns3:TrackPointExtension>
            <ns3:hr>83</ns3:hr>
          </ns3:TrackPointExtension>
        </extensions>
      </trkpt>
      <trkpt lat="33.16485892049968242645263671875" lon="103.8887584023177623748779296875">
        <ele>2377.199951171875</ele>
        <time>2026-05-19T05:50:24.000Z</time>
        <extensions>
          <ns3:TrackPointExtension>
            <ns3:hr>80</ns3:hr>
          </ns3:TrackPointExtension>
        </extensions>
      </trkpt>
      <trkpt lat="33.16484550945460796356201171875" lon="103.88875043950974941253662109375">
        <ele>2377.39990234375</ele>
        <time>2026-05-19T05:50:25.000Z</time>
        <extensions>
          <ns3:TrackPointExtension>
            <ns3:hr>83</ns3:hr>
          </ns3:TrackPointExtension>
        </extensions>
      </trkpt>
      <trkpt lat="33.16479488275945186614990234375" lon="103.88878874480724334716796875">
        <ele>2377.60009765625</ele>
        <time>2026-05-19T05:50:30.000Z</time>
        <extensions>
          <ns3:TrackPointExtension>
            <ns3:hr>85</ns3:hr>
          </ns3:TrackPointExtension>
        </extensions>
      </trkpt>
      <trkpt lat="33.1647803820669651031494140625" lon="103.88882889412343502044677734375">
        <ele>2377.60009765625</ele>
        <time>2026-05-19T05:50:35.000Z</time>
        <extensions>
          <ns3:TrackPointExtension>
            <ns3:hr>85</ns3:hr>
          </ns3:TrackPointExtension>
        </extensions>
      </trkpt>
      <trkpt lat="33.16473285667598247528076171875" lon="103.88885202817618846893310546875">
        <ele>2377.60009765625</ele>
        <time>2026-05-19T05:50:38.000Z</time>
        <extensions>
          <ns3:TrackPointExtension>
            <ns3:hr>88</ns3:hr>
          </ns3:TrackPointExtension>
        </extensions>
      </trkpt>
      <trkpt lat="33.16472598351538181304931640625" lon="103.8888432271778583526611328125">
        <ele>2377.800048828125</ele>
        <time>2026-05-19T05:50:39.000Z</time>
        <extensions>
          <ns3:TrackPointExtension>
            <ns3:hr>85</ns3:hr>
          </ns3:TrackPointExtension>
        </extensions>
      </trkpt>
      <trkpt lat="33.16470938734710216522216796875" lon="103.88884247280657291412353515625">
        <ele>2377.800048828125</ele>
        <time>2026-05-19T05:50:40.000Z</time>
        <extensions>
          <ns3:TrackPointExtension>
            <ns3:hr>86</ns3:hr>
          </ns3:TrackPointExtension>
        </extensions>
      </trkpt>
      <trkpt lat="33.16464082337915897369384765625" lon="103.8888444006443023681640625">
        <ele>2378</ele>
        <time>2026-05-19T05:50:48.000Z</time>
        <extensions>
          <ns3:TrackPointExtension>
            <ns3:hr>85</ns3:hr>
          </ns3:TrackPointExtension>
        </extensions>
      </trkpt>
      <trkpt lat="33.16465389914810657501220703125" lon="103.8888086937367916107177734375">
        <ele>2378.199951171875</ele>
        <time>2026-05-19T05:50:53.000Z</time>
        <extensions>
          <ns3:TrackPointExtension>
            <ns3:hr>84</ns3:hr>
          </ns3:TrackPointExtension>
        </extensions>
      </trkpt>
      <trkpt lat="33.1646628677845001220703125" lon="103.88881229795515537261962890625">
        <ele>2378.199951171875</ele>
        <time>2026-05-19T05:50:57.000Z</time>
        <extensions>
          <ns3:TrackPointExtension>
            <ns3:hr>84</ns3:hr>
          </ns3:TrackPointExtension>
        </extensions>
      </trkpt>
      <trkpt lat="33.16459589637815952301025390625" lon="103.88886610977351665496826171875">
        <ele>2379.39990234375</ele>
        <time>2026-05-19T05:51:04.000Z</time>
        <extensions>
          <ns3:TrackPointExtension>
            <ns3:hr>83</ns3:hr>
          </ns3:TrackPointExtension>
        </extensions>
      </trkpt>
      <trkpt lat="33.16454091109335422515869140625" lon="103.88887801207602024078369140625">
        <ele>2382</ele>
        <time>2026-05-19T05:51:10.000Z</time>
        <extensions>
          <ns3:TrackPointExtension>
            <ns3:hr>85</ns3:hr>
          </ns3:TrackPointExtension>
        </extensions>
      </trkpt>
      <trkpt lat="33.1645299308001995086669921875" lon="103.88885990716516971588134765625">
        <ele>2382.60009765625</ele>
        <time>2026-05-19T05:51:12.000Z</time>
        <extensions>
          <ns3:TrackPointExtension>
            <ns3:hr>85</ns3:hr>
          </ns3:TrackPointExtension>
        </extensions>
      </trkpt>
      <trkpt lat="33.16453705541789531707763671875" lon="103.8888341747224330902099609375">
        <ele>2382.39990234375</ele>
        <time>2026-05-19T05:51:15.000Z</time>
        <extensions>
          <ns3:TrackPointExtension>
            <ns3:hr>85</ns3:hr>
          </ns3:TrackPointExtension>
        </extensions>
      </trkpt>
      <trkpt lat="33.16452364437282085418701171875" lon="103.888838700950145721435546875">
        <ele>2383</ele>
        <time>2026-05-19T05:51:16.000Z</time>
        <extensions>
          <ns3:TrackPointExtension>
            <ns3:hr>86</ns3:hr>
          </ns3:TrackPointExtension>
        </extensions>
      </trkpt>
      <trkpt lat="33.16450604237616062164306640625" lon="103.88884398154914379119873046875">
        <ele>2383.800048828125</ele>
        <time>2026-05-19T05:51:17.000Z</time>
        <extensions>
          <ns3:TrackPointExtension>
            <ns3:hr>86</ns3:hr>
          </ns3:TrackPointExtension>
        </extensions>
      </trkpt>
      <trkpt lat="33.1644756160676479339599609375" lon="103.8888593204319477081298828125">
        <ele>2384.60009765625</ele>
        <time>2026-05-19T05:51:19.000Z</time>
        <extensions>
          <ns3:TrackPointExtension>
            <ns3:hr>88</ns3:hr>
          </ns3:TrackPointExtension>
        </extensions>
      </trkpt>
      <trkpt lat="33.164450637996196746826171875" lon="103.88886988162994384765625">
        <ele>2384.199951171875</ele>
        <time>2026-05-19T05:51:22.000Z</time>
        <extensions>
          <ns3:TrackPointExtension>
            <ns3:hr>87</ns3:hr>
          </ns3:TrackPointExtension>
        </extensions>
      </trkpt>
      <trkpt lat="33.16441250033676624298095703125" lon="103.888878263533115386962890625">
        <ele>2384.199951171875</ele>
        <time>2026-05-19T05:51:25.000Z</time>
        <extensions>
          <ns3:TrackPointExtension>
            <ns3:hr>84</ns3:hr>
          </ns3:TrackPointExtension>
        </extensions>
      </trkpt>
      <trkpt lat="33.16438383422791957855224609375" lon="103.8888851366937160491943359375">
        <ele>2384</ele>
        <time>2026-05-19T05:51:27.000Z</time>
        <extensions>
          <ns3:TrackPointExtension>
            <ns3:hr>87</ns3:hr>
          </ns3:TrackPointExtension>
        </extensions>
      </trkpt>
      <trkpt lat="33.164355419576168060302734375" lon="103.8888821192085742950439453125">
        <ele>2384.39990234375</ele>
        <time>2026-05-19T05:51:29.000Z</time>
        <extensions>
          <ns3:TrackPointExtension>
            <ns3:hr>85</ns3:hr>
          </ns3:TrackPointExtension>
        </extensions>
      </trkpt>
      <trkpt lat="33.1642945669591426849365234375" lon="103.8888737373054027557373046875">
        <ele>2387.60009765625</ele>
        <time>2026-05-19T05:51:34.000Z</time>
        <extensions>
          <ns3:TrackPointExtension>
            <ns3:hr>84</ns3:hr>
          </ns3:TrackPointExtension>
        </extensions>
      </trkpt>
      <trkpt lat="33.1642938964068889617919921875" lon="103.88886175118386745452880859375">
        <ele>2388.199951171875</ele>
        <time>2026-05-19T05:51:36.000Z</time>
        <extensions>
          <ns3:TrackPointExtension>
            <ns3:hr>86</ns3:hr>
          </ns3:TrackPointExtension>
        </extensions>
      </trkpt>
      <trkpt lat="33.164283335208892822265625" lon="103.88889930211007595062255859375">
        <ele>2387</ele>
        <time>2026-05-19T05:51:40.000Z</time>
        <extensions>
          <ns3:TrackPointExtension>
            <ns3:hr>86</ns3:hr>
          </ns3:TrackPointExtension>
        </extensions>
      </trkpt>
    </trkseg>
  </trk>
</gpx>
