<?xml version="1.0" encoding="UTF-8"?>
<gpx creator="Garmin Connect" version="1.1"
  xsi:schemaLocation="http://www.topografix.com/GPX/1/1 http://www.topografix.com/GPX/11.xsd"
  xmlns:ns3="http://www.garmin.com/xmlschemas/TrackPointExtension/v1"
  xmlns="http://www.topografix.com/GPX/1/1"
  xmlns:xsi="http://www.w3.org/2001/XMLSchema-instance" xmlns:ns2="http://www.garmin.com/xmlschemas/GpxExtensions/v3">
  <metadata>
    <link href="connect.garmin.com">
      <text>Garmin Connect</text>
    </link>
    <time>2026-05-19T03:00:24.000Z</time>
  </metadata>
  <trk>
    <name>Aba Walking</name>
    <type>walking</type>
    <trkseg>
      <trkpt lat="33.13425575383007526397705078125" lon="103.87320242822170257568359375">
        <ele>2636.800048828125</ele>
        <time>2026-05-19T03:00:24.000Z</time>
        <extensions>
          <ns3:TrackPointExtension>
            <ns3:hr>92</ns3:hr>
          </ns3:TrackPointExtension>
        </extensions>
      </trkpt>
      <trkpt lat="33.134254999458789825439453125" lon="103.8732036016881465911865234375">
        <ele>2636.800048828125</ele>
        <time>2026-05-19T03:00:25.000Z</time>
        <extensions>
          <ns3:TrackPointExtension>
            <ns3:hr>92</ns3:hr>
          </ns3:TrackPointExtension>
        </extensions>
      </trkpt>
      <trkpt lat="33.13423387706279754638671875" lon="103.8731615245342254638671875">
        <ele>2634.60009765625</ele>
        <time>2026-05-19T03:00:30.000Z</time>
        <extensions>
          <ns3:TrackPointExtension>
            <ns3:hr>91</ns3:hr>
          </ns3:TrackPointExtension>
        </extensions>
      </trkpt>
      <trkpt lat="33.13422054983675479888916015625" lon="103.87312841601669788360595703125">
        <ele>2633.60009765625</ele>
        <time>2026-05-19T03:00:41.000Z</time>
        <extensions>
          <ns3:TrackPointExtension>
            <ns3:hr>91</ns3:hr>
          </ns3:TrackPointExtension>
        </extensions>
      </trkpt>
      <trkpt lat="33.13422054983675479888916015625" lon="103.87312841601669788360595703125">
        <ele>2633.60009765625</ele>
        <time>2026-05-19T03:00:48.000Z</time>
        <extensions>
          <ns3:TrackPointExtension>
            <ns3:hr>88</ns3:hr>
          </ns3:TrackPointExtension>
        </extensions>
      </trkpt>
      <trkpt lat="33.1342058815062046051025390625" lon="103.87309656478464603424072265625">
        <ele>2632.60009765625</ele>
        <time>2026-05-19T03:00:58.000Z</time>
        <extensions>
          <ns3:TrackPointExtension>
            <ns3:hr>84</ns3:hr>
          </ns3:TrackPointExtension>
        </extensions>
      </trkpt>
      <trkpt lat="33.13420479185879230499267578125" lon="103.87309455312788486480712890625">
        <ele>2632.60009765625</ele>
        <time>2026-05-19T03:01:00.000Z</time>
        <extensions>
          <ns3:TrackPointExtension>
            <ns3:hr>87</ns3:hr>
          </ns3:TrackPointExtension>
        </extensions>
      </trkpt>
      <trkpt lat="33.13419976271688938140869140625" lon="103.87308776378631591796875">
        <ele>2632.39990234375</ele>
        <time>2026-05-19T03:01:12.000Z</time>
        <extensions>
          <ns3:TrackPointExtension>
            <ns3:hr>90</ns3:hr>
          </ns3:TrackPointExtension>
        </extensions>
      </trkpt>
      <trkpt lat="33.134265057742595672607421875" lon="103.873113580048084259033203125">
        <ele>2633.800048828125</ele>
        <time>2026-05-19T03:01:35.000Z</time>
        <extensions>
          <ns3:TrackPointExtension>
            <ns3:hr>89</ns3:hr>
          </ns3:TrackPointExtension>
        </extensions>
      </trkpt>
      <trkpt lat="33.1342806480824947357177734375" lon="103.87311819009482860565185546875">
        <ele>2634.199951171875</ele>
        <time>2026-05-19T03:01:36.000Z</time>
        <extensions>
          <ns3:TrackPointExtension>
            <ns3:hr>89</ns3:hr>
          </ns3:TrackPointExtension>
        </extensions>
      </trkpt>
      <trkpt lat="33.134344182908535003662109375" lon="103.87314350344240665435791015625">
        <ele>2635.800048828125</ele>
        <time>2026-05-19T03:01:41.000Z</time>
        <extensions>
          <ns3:TrackPointExtension>
            <ns3:hr>89</ns3:hr>
          </ns3:TrackPointExtension>
        </extensions>
      </trkpt>
      <trkpt lat="33.13439858146011829376220703125" lon="103.873171918094158172607421875">
        <ele>2636.800048828125</ele>
        <time>2026-05-19T03:01:49.000Z</time>
        <extensions>
          <ns3:TrackPointExtension>
            <ns3:hr>87</ns3:hr>
          </ns3:TrackPointExtension>
        </extensions>
      </trkpt>
      <trkpt lat="33.1344606913626194000244140625" lon="103.87319915927946567535400390625">
        <ele>2638.60009765625</ele>
        <time>2026-05-19T03:01:57.000Z</time>
        <extensions>
          <ns3:TrackPointExtension>
            <ns3:hr>87</ns3:hr>
          </ns3:TrackPointExtension>
        </extensions>
      </trkpt>
      <trkpt lat="33.13450804911553859710693359375" lon="103.87320821173489093780517578125">
        <ele>2639.199951171875</ele>
        <time>2026-05-19T03:02:03.000Z</time>
        <extensions>
          <ns3:TrackPointExtension>
            <ns3:hr>89</ns3:hr>
          </ns3:TrackPointExtension>
        </extensions>
      </trkpt>
      <trkpt lat="33.134593628346920013427734375" lon="103.87321743182837963104248046875">
        <ele>2639.60009765625</ele>
        <time>2026-05-19T03:02:13.000Z</time>
        <extensions>
          <ns3:TrackPointExtension>
            <ns3:hr>84</ns3:hr>
          </ns3:TrackPointExtension>
        </extensions>
      </trkpt>
      <trkpt lat="33.13460058532655239105224609375" lon="103.873209469020366668701171875">
        <ele>2638.800048828125</ele>
        <time>2026-05-19T03:02:14.000Z</time>
        <extensions>
          <ns3:TrackPointExtension>
            <ns3:hr>88</ns3:hr>
          </ns3:TrackPointExtension>
        </extensions>
      </trkpt>
      <trkpt lat="33.13461516983807086944580078125" lon="103.873193375766277313232421875">
        <ele>2637.60009765625</ele>
        <time>2026-05-19T03:02:20.000Z</time>
        <extensions>
          <ns3:TrackPointExtension>
            <ns3:hr>86</ns3:hr>
          </ns3:TrackPointExtension>
        </extensions>
      </trkpt>
      <trkpt lat="33.13459639437496662139892578125" lon="103.87321407906711101531982421875">
        <ele>2639.199951171875</ele>
        <time>2026-05-19T03:02:40.000Z</time>
        <extensions>
          <ns3:TrackPointExtension>
            <ns3:hr>90</ns3:hr>
          </ns3:TrackPointExtension>
        </extensions>
      </trkpt>
      <trkpt lat="33.13459538854658603668212890625" lon="103.87321407906711101531982421875">
        <ele>2639.199951171875</ele>
        <time>2026-05-19T03:02:42.000Z</time>
        <extensions>
          <ns3:TrackPointExtension>
            <ns3:hr>87</ns3:hr>
          </ns3:TrackPointExtension>
        </extensions>
      </trkpt>
      <trkpt lat="33.1346155889332294464111328125" lon="103.87320150621235370635986328125">
        <ele>2638.199951171875</ele>
        <time>2026-05-19T03:03:05.000Z</time>
        <extensions>
          <ns3:TrackPointExtension>
            <ns3:hr>84</ns3:hr>
          </ns3:TrackPointExtension>
        </extensions>
      </trkpt>
      <trkpt lat="33.1346300058066844940185546875" lon="103.8732029311358928680419921875">
        <ele>2638.39990234375</ele>
        <time>2026-05-19T03:03:06.000Z</time>
        <extensions>
          <ns3:TrackPointExtension>
            <ns3:hr>87</ns3:hr>
          </ns3:TrackPointExtension>
        </extensions>
      </trkpt>
      <trkpt lat="33.13464031554758548736572265625" lon="103.87320653535425662994384765625">
        <ele>2638.800048828125</ele>
        <time>2026-05-19T03:03:07.000Z</time>
        <extensions>
          <ns3:TrackPointExtension>
            <ns3:hr>87</ns3:hr>
          </ns3:TrackPointExtension>
        </extensions>
      </trkpt>
      <trkpt lat="33.13471508212387561798095703125" lon="103.8732555694878101348876953125">
        <ele>2643.60009765625</ele>
        <time>2026-05-19T03:03:14.000Z</time>
        <extensions>
          <ns3:TrackPointExtension>
            <ns3:hr>84</ns3:hr>
          </ns3:TrackPointExtension>
        </extensions>
      </trkpt>
      <trkpt lat="33.134728409349918365478515625" lon="103.8732552342116832733154296875">
        <ele>2643.800048828125</ele>
        <time>2026-05-19T03:03:15.000Z</time>
        <extensions>
          <ns3:TrackPointExtension>
            <ns3:hr>84</ns3:hr>
          </ns3:TrackPointExtension>
        </extensions>
      </trkpt>
      <trkpt lat="33.13480854034423828125" lon="103.873277194797992706298828125">
        <ele>2646.199951171875</ele>
        <time>2026-05-19T03:03:23.000Z</time>
        <extensions>
          <ns3:TrackPointExtension>
            <ns3:hr>81</ns3:hr>
          </ns3:TrackPointExtension>
        </extensions>
      </trkpt>
      <trkpt lat="33.134831674396991729736328125" lon="103.87328733690083026885986328125">
        <ele>2647.199951171875</ele>
        <time>2026-05-19T03:03:25.000Z</time>
        <extensions>
          <ns3:TrackPointExtension>
            <ns3:hr>80</ns3:hr>
          </ns3:TrackPointExtension>
        </extensions>
      </trkpt>
      <trkpt lat="33.13484248705208301544189453125" lon="103.87329001910984516143798828125">
        <ele>2647.39990234375</ele>
        <time>2026-05-19T03:03:26.000Z</time>
        <extensions>
          <ns3:TrackPointExtension>
            <ns3:hr>83</ns3:hr>
          </ns3:TrackPointExtension>
        </extensions>
      </trkpt>
      <trkpt lat="33.1348794512450695037841796875" lon="103.87328951619565486907958984375">
        <ele>2647.60009765625</ele>
        <time>2026-05-19T03:03:31.000Z</time>
        <extensions>
          <ns3:TrackPointExtension>
            <ns3:hr>84</ns3:hr>
          </ns3:TrackPointExtension>
        </extensions>
      </trkpt>
      <trkpt lat="33.134961090981960296630859375" lon="103.8733155839145183563232421875">
        <ele>2646.60009765625</ele>
        <time>2026-05-19T03:03:39.000Z</time>
        <extensions>
          <ns3:TrackPointExtension>
            <ns3:hr>84</ns3:hr>
          </ns3:TrackPointExtension>
        </extensions>
      </trkpt>
      <trkpt lat="33.135031498968601226806640625" lon="103.873363025486469268798828125">
        <ele>2646.60009765625</ele>
        <time>2026-05-19T03:03:47.000Z</time>
        <extensions>
          <ns3:TrackPointExtension>
            <ns3:hr>86</ns3:hr>
          </ns3:TrackPointExtension>
        </extensions>
      </trkpt>
      <trkpt lat="33.13504180870950222015380859375" lon="103.8733668811619281768798828125">
        <ele>2646.39990234375</ele>
        <time>2026-05-19T03:03:48.000Z</time>
        <extensions>
          <ns3:TrackPointExtension>
            <ns3:hr>86</ns3:hr>
          </ns3:TrackPointExtension>
        </extensions>
      </trkpt>
      <trkpt lat="33.13512277789413928985595703125" lon="103.87339328415691852569580078125">
        <ele>2644.199951171875</ele>
        <time>2026-05-19T03:03:55.000Z</time>
        <extensions>
          <ns3:TrackPointExtension>
            <ns3:hr>86</ns3:hr>
          </ns3:TrackPointExtension>
        </extensions>
      </trkpt>
      <trkpt lat="33.13517474569380283355712890625" lon="103.87340635992586612701416015625">
        <ele>2644</ele>
        <time>2026-05-19T03:04:04.000Z</time>
        <extensions>
          <ns3:TrackPointExtension>
            <ns3:hr>85</ns3:hr>
          </ns3:TrackPointExtension>
        </extensions>
      </trkpt>
      <trkpt lat="33.13520693220198154449462890625" lon="103.873415328562259674072265625">
        <ele>2643.39990234375</ele>
        <time>2026-05-19T03:04:12.000Z</time>
        <extensions>
          <ns3:TrackPointExtension>
            <ns3:hr>86</ns3:hr>
          </ns3:TrackPointExtension>
        </extensions>
      </trkpt>
      <trkpt lat="33.13523945398628711700439453125" lon="103.8734268955886363983154296875">
        <ele>2642.800048828125</ele>
        <time>2026-05-19T03:04:20.000Z</time>
        <extensions>
          <ns3:TrackPointExtension>
            <ns3:hr>87</ns3:hr>
          </ns3:TrackPointExtension>
        </extensions>
      </trkpt>
      <trkpt lat="33.13532461412250995635986328125" lon="103.87344893999397754669189453125">
        <ele>2641</ele>
        <time>2026-05-19T03:04:29.000Z</time>
        <extensions>
          <ns3:TrackPointExtension>
            <ns3:hr>88</ns3:hr>
          </ns3:TrackPointExtension>
        </extensions>
      </trkpt>
      <trkpt lat="33.13541698269546031951904296875" lon="103.87346905656158924102783203125">
        <ele>2639</ele>
        <time>2026-05-19T03:04:38.000Z</time>
        <extensions>
          <ns3:TrackPointExtension>
            <ns3:hr>88</ns3:hr>
          </ns3:TrackPointExtension>
        </extensions>
      </trkpt>
      <trkpt lat="33.1355047412216663360595703125" lon="103.8734753429889678955078125">
        <ele>2637</ele>
        <time>2026-05-19T03:04:47.000Z</time>
        <extensions>
          <ns3:TrackPointExtension>
            <ns3:hr>89</ns3:hr>
          </ns3:TrackPointExtension>
        </extensions>
      </trkpt>
      <trkpt lat="33.1356247700750827789306640625" lon="103.873476684093475341796875">
        <ele>2635</ele>
        <time>2026-05-19T03:04:58.000Z</time>
        <extensions>
          <ns3:TrackPointExtension>
            <ns3:hr>91</ns3:hr>
          </ns3:TrackPointExtension>
        </extensions>
      </trkpt>
      <trkpt lat="33.13566843979060649871826171875" lon="103.87347894720733165740966796875">
        <ele>2634.199951171875</ele>
        <time>2026-05-19T03:05:02.000Z</time>
        <extensions>
          <ns3:TrackPointExtension>
            <ns3:hr>88</ns3:hr>
          </ns3:TrackPointExtension>
        </extensions>
      </trkpt>
      <trkpt lat="33.135723173618316650390625" lon="103.8734939508140087127685546875">
        <ele>2633.60009765625</ele>
        <time>2026-05-19T03:05:07.000Z</time>
        <extensions>
          <ns3:TrackPointExtension>
            <ns3:hr>88</ns3:hr>
          </ns3:TrackPointExtension>
        </extensions>
      </trkpt>
      <trkpt lat="33.13578276894986629486083984375" lon="103.8735050149261951446533203125">
        <ele>2632.800048828125</ele>
        <time>2026-05-19T03:05:13.000Z</time>
        <extensions>
          <ns3:TrackPointExtension>
            <ns3:hr>85</ns3:hr>
          </ns3:TrackPointExtension>
        </extensions>
      </trkpt>
      <trkpt lat="33.1357964314520359039306640625" lon="103.87350811623036861419677734375">
        <ele>2632.60009765625</ele>
        <time>2026-05-19T03:05:14.000Z</time>
        <extensions>
          <ns3:TrackPointExtension>
            <ns3:hr>88</ns3:hr>
          </ns3:TrackPointExtension>
        </extensions>
      </trkpt>
      <trkpt lat="33.135814368724822998046875" lon="103.873517252504825592041015625">
        <ele>2632.60009765625</ele>
        <time>2026-05-19T03:05:16.000Z</time>
        <extensions>
          <ns3:TrackPointExtension>
            <ns3:hr>87</ns3:hr>
          </ns3:TrackPointExtension>
        </extensions>
      </trkpt>
      <trkpt lat="33.13587027601897716522216796875" lon="103.87352705933153629302978515625">
        <ele>2631</ele>
        <time>2026-05-19T03:05:22.000Z</time>
        <extensions>
          <ns3:TrackPointExtension>
            <ns3:hr>91</ns3:hr>
          </ns3:TrackPointExtension>
        </extensions>
      </trkpt>
      <trkpt lat="33.1359204836189746856689453125" lon="103.87353912927210330963134765625">
        <ele>2629.60009765625</ele>
        <time>2026-05-19T03:05:26.000Z</time>
        <extensions>
          <ns3:TrackPointExtension>
            <ns3:hr>90</ns3:hr>
          </ns3:TrackPointExtension>
        </extensions>
      </trkpt>
      <trkpt lat="33.1359308771789073944091796875" lon="103.8735422305762767791748046875">
        <ele>2629.39990234375</ele>
        <time>2026-05-19T03:05:27.000Z</time>
        <extensions>
          <ns3:TrackPointExtension>
            <ns3:hr>87</ns3:hr>
          </ns3:TrackPointExtension>
        </extensions>
      </trkpt>
      <trkpt lat="33.13595945946872234344482421875" lon="103.87354298494756221771240234375">
        <ele>2628.39990234375</ele>
        <time>2026-05-19T03:05:31.000Z</time>
        <extensions>
          <ns3:TrackPointExtension>
            <ns3:hr>84</ns3:hr>
          </ns3:TrackPointExtension>
        </extensions>
      </trkpt>
      <trkpt lat="33.135960884392261505126953125" lon="103.87354214675724506378173828125">
        <ele>2628.39990234375</ele>
        <time>2026-05-19T03:05:33.000Z</time>
        <extensions>
          <ns3:TrackPointExtension>
            <ns3:hr>89</ns3:hr>
          </ns3:TrackPointExtension>
        </extensions>
      </trkpt>
      <trkpt lat="33.13596197403967380523681640625" lon="103.873541057109832763671875">
        <ele>2628.199951171875</ele>
        <time>2026-05-19T03:05:34.000Z</time>
        <extensions>
          <ns3:TrackPointExtension>
            <ns3:hr>89</ns3:hr>
          </ns3:TrackPointExtension>
        </extensions>
      </trkpt>
      <trkpt lat="33.1359632313251495361328125" lon="103.87353678233921527862548828125">
        <ele>2628</ele>
        <time>2026-05-19T03:05:46.000Z</time>
        <extensions>
          <ns3:TrackPointExtension>
            <ns3:hr>91</ns3:hr>
          </ns3:TrackPointExtension>
        </extensions>
      </trkpt>
      <trkpt lat="33.1359644047915935516357421875" lon="103.87352772988379001617431640625">
        <ele>2627.60009765625</ele>
        <time>2026-05-19T03:06:08.000Z</time>
        <extensions>
          <ns3:TrackPointExtension>
            <ns3:hr>94</ns3:hr>
          </ns3:TrackPointExtension>
        </extensions>
      </trkpt>
      <trkpt lat="33.1359644047915935516357421875" lon="103.87352772988379001617431640625">
        <ele>2627.60009765625</ele>
        <time>2026-05-19T03:06:10.000Z</time>
        <extensions>
          <ns3:TrackPointExtension>
            <ns3:hr>91</ns3:hr>
          </ns3:TrackPointExtension>
        </extensions>
      </trkpt>
      <trkpt lat="33.135964907705783843994140625" lon="103.87353057973086833953857421875">
        <ele>2627.60009765625</ele>
        <time>2026-05-19T03:06:32.000Z</time>
        <extensions>
          <ns3:TrackPointExtension>
            <ns3:hr>88</ns3:hr>
          </ns3:TrackPointExtension>
        </extensions>
      </trkpt>
      <trkpt lat="33.13596247695386409759521484375" lon="103.8735325075685977935791015625">
        <ele>2627.800048828125</ele>
        <time>2026-05-19T03:06:49.000Z</time>
        <extensions>
          <ns3:TrackPointExtension>
            <ns3:hr>91</ns3:hr>
          </ns3:TrackPointExtension>
        </extensions>
      </trkpt>
      <trkpt lat="33.13596063293516635894775390625" lon="103.87353711761534214019775390625">
        <ele>2628.199951171875</ele>
        <time>2026-05-19T03:06:57.000Z</time>
        <extensions>
          <ns3:TrackPointExtension>
            <ns3:hr>94</ns3:hr>
          </ns3:TrackPointExtension>
        </extensions>
      </trkpt>
      <trkpt lat="33.13597622327506542205810546875" lon="103.87354633770883083343505859375">
        <ele>2628</ele>
        <time>2026-05-19T03:07:03.000Z</time>
        <extensions>
          <ns3:TrackPointExtension>
            <ns3:hr>98</ns3:hr>
          </ns3:TrackPointExtension>
        </extensions>
      </trkpt>
      <trkpt lat="33.13601494766771793365478515625" lon="103.87356318533420562744140625">
        <ele>2627.39990234375</ele>
        <time>2026-05-19T03:07:06.000Z</time>
        <extensions>
          <ns3:TrackPointExtension>
            <ns3:hr>97</ns3:hr>
          </ns3:TrackPointExtension>
        </extensions>
      </trkpt>
      <trkpt lat="33.1360918097198009490966796875" lon="103.8735915161669254302978515625">
        <ele>2628.60009765625</ele>
        <time>2026-05-19T03:07:14.000Z</time>
        <extensions>
          <ns3:TrackPointExtension>
            <ns3:hr>93</ns3:hr>
          </ns3:TrackPointExtension>
        </extensions>
      </trkpt>
      <trkpt lat="33.13615643419325351715087890625" lon="103.8735898397862911224365234375">
        <ele>2628.60009765625</ele>
        <time>2026-05-19T03:07:22.000Z</time>
        <extensions>
          <ns3:TrackPointExtension>
            <ns3:hr>94</ns3:hr>
          </ns3:TrackPointExtension>
        </extensions>
      </trkpt>
      <trkpt lat="33.136188872158527374267578125" lon="103.87359939515590667724609375">
        <ele>2629</ele>
        <time>2026-05-19T03:07:26.000Z</time>
        <extensions>
          <ns3:TrackPointExtension>
            <ns3:hr>91</ns3:hr>
          </ns3:TrackPointExtension>
        </extensions>
      </trkpt>
      <trkpt lat="33.136209659278392791748046875" lon="103.87360031716525554656982421875">
        <ele>2629</ele>
        <time>2026-05-19T03:07:29.000Z</time>
        <extensions>
          <ns3:TrackPointExtension>
            <ns3:hr>90</ns3:hr>
          </ns3:TrackPointExtension>
        </extensions>
      </trkpt>
      <trkpt lat="33.1362420134246349334716796875" lon="103.8736166618764400482177734375">
        <ele>2629.60009765625</ele>
        <time>2026-05-19T03:07:31.000Z</time>
        <extensions>
          <ns3:TrackPointExtension>
            <ns3:hr>93</ns3:hr>
          </ns3:TrackPointExtension>
        </extensions>
      </trkpt>
      <trkpt lat="33.13628467731177806854248046875" lon="103.873616158962249755859375">
        <ele>2629.39990234375</ele>
        <time>2026-05-19T03:07:36.000Z</time>
        <extensions>
          <ns3:TrackPointExtension>
            <ns3:hr>91</ns3:hr>
          </ns3:TrackPointExtension>
        </extensions>
      </trkpt>
      <trkpt lat="33.13633379526436328887939453125" lon="103.87360266409814357757568359375">
        <ele>2628</ele>
        <time>2026-05-19T03:07:41.000Z</time>
        <extensions>
          <ns3:TrackPointExtension>
            <ns3:hr>94</ns3:hr>
          </ns3:TrackPointExtension>
        </extensions>
      </trkpt>
      <trkpt lat="33.13635190017521381378173828125" lon="103.8736052624881267547607421875">
        <ele>2627.800048828125</ele>
        <time>2026-05-19T03:07:43.000Z</time>
        <extensions>
          <ns3:TrackPointExtension>
            <ns3:hr>91</ns3:hr>
          </ns3:TrackPointExtension>
        </extensions>
      </trkpt>
      <trkpt lat="33.13637319020926952362060546875" lon="103.87359461747109889984130859375">
        <ele>2626.800048828125</ele>
        <time>2026-05-19T03:07:46.000Z</time>
        <extensions>
          <ns3:TrackPointExtension>
            <ns3:hr>92</ns3:hr>
          </ns3:TrackPointExtension>
        </extensions>
      </trkpt>
      <trkpt lat="33.13640302978456020355224609375" lon="103.87359394691884517669677734375">
        <ele>2626.199951171875</ele>
        <time>2026-05-19T03:07:52.000Z</time>
        <extensions>
          <ns3:TrackPointExtension>
            <ns3:hr>92</ns3:hr>
          </ns3:TrackPointExtension>
        </extensions>
      </trkpt>
      <trkpt lat="33.1364589370787143707275390625" lon="103.87361004017293453216552734375">
        <ele>2626</ele>
        <time>2026-05-19T03:07:58.000Z</time>
        <extensions>
          <ns3:TrackPointExtension>
            <ns3:hr>91</ns3:hr>
          </ns3:TrackPointExtension>
        </extensions>
      </trkpt>
      <trkpt lat="33.136513419449329376220703125" lon="103.87359009124338626861572265625">
        <ele>2624.39990234375</ele>
        <time>2026-05-19T03:08:06.000Z</time>
        <extensions>
          <ns3:TrackPointExtension>
            <ns3:hr>90</ns3:hr>
          </ns3:TrackPointExtension>
        </extensions>
      </trkpt>
      <trkpt lat="33.13654518686234951019287109375" lon="103.8735730759799480438232421875">
        <ele>2623.199951171875</ele>
        <time>2026-05-19T03:08:12.000Z</time>
        <extensions>
          <ns3:TrackPointExtension>
            <ns3:hr>90</ns3:hr>
          </ns3:TrackPointExtension>
        </extensions>
      </trkpt>
      <trkpt lat="33.1365544907748699188232421875" lon="103.87357919476926326751708984375">
        <ele>2623.39990234375</ele>
        <time>2026-05-19T03:08:19.000Z</time>
        <extensions>
          <ns3:TrackPointExtension>
            <ns3:hr>88</ns3:hr>
          </ns3:TrackPointExtension>
        </extensions>
      </trkpt>
      <trkpt lat="33.13657921738922595977783203125" lon="103.87359260581433773040771484375">
        <ele>2624.199951171875</ele>
        <time>2026-05-19T03:08:25.000Z</time>
        <extensions>
          <ns3:TrackPointExtension>
            <ns3:hr>88</ns3:hr>
          </ns3:TrackPointExtension>
        </extensions>
      </trkpt>
      <trkpt lat="33.136588521301746368408203125" lon="103.87359227053821086883544921875">
        <ele>2624.39990234375</ele>
        <time>2026-05-19T03:08:34.000Z</time>
        <extensions>
          <ns3:TrackPointExtension>
            <ns3:hr>90</ns3:hr>
          </ns3:TrackPointExtension>
        </extensions>
      </trkpt>
      <trkpt lat="33.13661693595349788665771484375" lon="103.87359562329947948455810546875">
        <ele>2625.60009765625</ele>
        <time>2026-05-19T03:08:38.000Z</time>
        <extensions>
          <ns3:TrackPointExtension>
            <ns3:hr>93</ns3:hr>
          </ns3:TrackPointExtension>
        </extensions>
      </trkpt>
      <trkpt lat="33.1366228871047496795654296875" lon="103.87359595857560634613037109375">
        <ele>2625.800048828125</ele>
        <time>2026-05-19T03:08:39.000Z</time>
        <extensions>
          <ns3:TrackPointExtension>
            <ns3:hr>94</ns3:hr>
          </ns3:TrackPointExtension>
        </extensions>
      </trkpt>
      <trkpt lat="33.13664794899523258209228515625" lon="103.87360232882201671600341796875">
        <ele>2626.800048828125</ele>
        <time>2026-05-19T03:08:45.000Z</time>
        <extensions>
          <ns3:TrackPointExtension>
            <ns3:hr>96</ns3:hr>
          </ns3:TrackPointExtension>
        </extensions>
      </trkpt>
      <trkpt lat="33.13671299256384372711181640625" lon="103.87360601685941219329833984375">
        <ele>2629</ele>
        <time>2026-05-19T03:09:03.000Z</time>
        <extensions>
          <ns3:TrackPointExtension>
            <ns3:hr>98</ns3:hr>
          </ns3:TrackPointExtension>
        </extensions>
      </trkpt>
      <trkpt lat="33.1368361227214336395263671875" lon="103.873610459268093109130859375">
        <ele>2633.199951171875</ele>
        <time>2026-05-19T03:09:12.000Z</time>
        <extensions>
          <ns3:TrackPointExtension>
            <ns3:hr>99</ns3:hr>
          </ns3:TrackPointExtension>
        </extensions>
      </trkpt>
      <trkpt lat="33.136880882084369659423828125" lon="103.87359998188912868499755859375">
        <ele>2634.60009765625</ele>
        <time>2026-05-19T03:09:21.000Z</time>
        <extensions>
          <ns3:TrackPointExtension>
            <ns3:hr>98</ns3:hr>
          </ns3:TrackPointExtension>
        </extensions>
      </trkpt>
      <trkpt lat="33.13692949712276458740234375" lon="103.873586989939212799072265625">
        <ele>2636.199951171875</ele>
        <time>2026-05-19T03:10:06.000Z</time>
        <extensions>
          <ns3:TrackPointExtension>
            <ns3:hr>95</ns3:hr>
          </ns3:TrackPointExtension>
        </extensions>
      </trkpt>
      <trkpt lat="33.13692941330373287200927734375" lon="103.873581625521183013916015625">
        <ele>2636</ele>
        <time>2026-05-19T03:10:28.000Z</time>
        <extensions>
          <ns3:TrackPointExtension>
            <ns3:hr>92</ns3:hr>
          </ns3:TrackPointExtension>
        </extensions>
      </trkpt>
      <trkpt lat="33.136931844055652618408203125" lon="103.87358204461634159088134765625">
        <ele>2636</ele>
        <time>2026-05-19T03:10:33.000Z</time>
        <extensions>
          <ns3:TrackPointExtension>
            <ns3:hr>95</ns3:hr>
          </ns3:TrackPointExtension>
        </extensions>
      </trkpt>
      <trkpt lat="33.1369849853217601776123046875" lon="103.8735901750624179840087890625">
        <ele>2638.800048828125</ele>
        <time>2026-05-19T03:10:40.000Z</time>
        <extensions>
          <ns3:TrackPointExtension>
            <ns3:hr>95</ns3:hr>
          </ns3:TrackPointExtension>
        </extensions>
      </trkpt>
      <trkpt lat="33.1370087899267673492431640625" lon="103.87358942069113254547119140625">
        <ele>2639.800048828125</ele>
        <time>2026-05-19T03:10:42.000Z</time>
        <extensions>
          <ns3:TrackPointExtension>
            <ns3:hr>92</ns3:hr>
          </ns3:TrackPointExtension>
        </extensions>
      </trkpt>
      <trkpt lat="33.1370463408529758453369140625" lon="103.87358237989246845245361328125">
        <ele>2641</ele>
        <time>2026-05-19T03:10:47.000Z</time>
        <extensions>
          <ns3:TrackPointExtension>
            <ns3:hr>92</ns3:hr>
          </ns3:TrackPointExtension>
        </extensions>
      </trkpt>
      <trkpt lat="33.137061595916748046875" lon="103.8735854811966419219970703125">
        <ele>2641.800048828125</ele>
        <time>2026-05-19T03:10:54.000Z</time>
        <extensions>
          <ns3:TrackPointExtension>
            <ns3:hr>96</ns3:hr>
          </ns3:TrackPointExtension>
        </extensions>
      </trkpt>
      <trkpt lat="33.13706218264997005462646484375" lon="103.87358673848211765289306640625">
        <ele>2642</ele>
        <time>2026-05-19T03:10:55.000Z</time>
        <extensions>
          <ns3:TrackPointExtension>
            <ns3:hr>93</ns3:hr>
          </ns3:TrackPointExtension>
        </extensions>
      </trkpt>
      <trkpt lat="33.13706251792609691619873046875" lon="103.8735898397862911224365234375">
        <ele>2642</ele>
        <time>2026-05-19T03:11:03.000Z</time>
        <extensions>
          <ns3:TrackPointExtension>
            <ns3:hr>96</ns3:hr>
          </ns3:TrackPointExtension>
        </extensions>
      </trkpt>
      <trkpt lat="33.13706251792609691619873046875" lon="103.8735898397862911224365234375">
        <ele>2642</ele>
        <time>2026-05-19T03:11:04.000Z</time>
        <extensions>
          <ns3:TrackPointExtension>
            <ns3:hr>94</ns3:hr>
          </ns3:TrackPointExtension>
        </extensions>
      </trkpt>
      <trkpt lat="33.13706235028803348541259765625" lon="103.8735888339579105377197265625">
        <ele>2642</ele>
        <time>2026-05-19T03:11:08.000Z</time>
        <extensions>
          <ns3:TrackPointExtension>
            <ns3:hr>91</ns3:hr>
          </ns3:TrackPointExtension>
        </extensions>
      </trkpt>
      <trkpt lat="33.13706218264997005462646484375" lon="103.8735888339579105377197265625">
        <ele>2642</ele>
        <time>2026-05-19T03:11:09.000Z</time>
        <extensions>
          <ns3:TrackPointExtension>
            <ns3:hr>88</ns3:hr>
          </ns3:TrackPointExtension>
        </extensions>
      </trkpt>
      <trkpt lat="33.13706218264997005462646484375" lon="103.8735888339579105377197265625">
        <ele>2642</ele>
        <time>2026-05-19T03:11:11.000Z</time>
        <extensions>
          <ns3:TrackPointExtension>
            <ns3:hr>85</ns3:hr>
          </ns3:TrackPointExtension>
        </extensions>
      </trkpt>
      <trkpt lat="33.137061595916748046875" lon="103.87358824722468852996826171875">
        <ele>2642</ele>
        <time>2026-05-19T03:11:18.000Z</time>
        <extensions>
          <ns3:TrackPointExtension>
            <ns3:hr>88</ns3:hr>
          </ns3:TrackPointExtension>
        </extensions>
      </trkpt>
      <trkpt lat="33.13706067390739917755126953125" lon="103.87358724139630794525146484375">
        <ele>2641.800048828125</ele>
        <time>2026-05-19T03:11:28.000Z</time>
        <extensions>
          <ns3:TrackPointExtension>
            <ns3:hr>91</ns3:hr>
          </ns3:TrackPointExtension>
        </extensions>
      </trkpt>
      <trkpt lat="33.1370602548122406005859375" lon="103.87358623556792736053466796875">
        <ele>2641.800048828125</ele>
        <time>2026-05-19T03:11:37.000Z</time>
        <extensions>
          <ns3:TrackPointExtension>
            <ns3:hr>88</ns3:hr>
          </ns3:TrackPointExtension>
        </extensions>
      </trkpt>
      <trkpt lat="33.13705899752676486968994140625" lon="103.873584978282451629638671875">
        <ele>2641.60009765625</ele>
        <time>2026-05-19T03:11:52.000Z</time>
        <extensions>
          <ns3:TrackPointExtension>
            <ns3:hr>91</ns3:hr>
          </ns3:TrackPointExtension>
        </extensions>
      </trkpt>
      <trkpt lat="33.13709445297718048095703125" lon="103.87357165105640888214111328125">
        <ele>2642.60009765625</ele>
        <time>2026-05-19T03:11:56.000Z</time>
        <extensions>
          <ns3:TrackPointExtension>
            <ns3:hr>87</ns3:hr>
          </ns3:TrackPointExtension>
        </extensions>
      </trkpt>
      <trkpt lat="33.13710710965096950531005859375" lon="103.8735656999051570892333984375">
        <ele>2643</ele>
        <time>2026-05-19T03:11:57.000Z</time>
        <extensions>
          <ns3:TrackPointExtension>
            <ns3:hr>90</ns3:hr>
          </ns3:TrackPointExtension>
        </extensions>
      </trkpt>
      <trkpt lat="33.137193024158477783203125" lon="103.8735472597181797027587890625">
        <ele>2645.39990234375</ele>
        <time>2026-05-19T03:12:04.000Z</time>
        <extensions>
          <ns3:TrackPointExtension>
            <ns3:hr>91</ns3:hr>
          </ns3:TrackPointExtension>
        </extensions>
      </trkpt>
      <trkpt lat="33.13724792562425136566162109375" lon="103.87351197190582752227783203125">
        <ele>2645</ele>
        <time>2026-05-19T03:12:12.000Z</time>
        <extensions>
          <ns3:TrackPointExtension>
            <ns3:hr>90</ns3:hr>
          </ns3:TrackPointExtension>
        </extensions>
      </trkpt>
      <trkpt lat="33.1372055970132350921630859375" lon="103.87352320365607738494873046875">
        <ele>2644.800048828125</ele>
        <time>2026-05-19T03:12:19.000Z</time>
        <extensions>
          <ns3:TrackPointExtension>
            <ns3:hr>89</ns3:hr>
          </ns3:TrackPointExtension>
        </extensions>
      </trkpt>
      <trkpt lat="33.1371905095875263214111328125" lon="103.8735147379338741302490234375">
        <ele>2643.800048828125</ele>
        <time>2026-05-19T03:12:26.000Z</time>
        <extensions>
          <ns3:TrackPointExtension>
            <ns3:hr>89</ns3:hr>
          </ns3:TrackPointExtension>
        </extensions>
      </trkpt>
      <trkpt lat="33.1371905095875263214111328125" lon="103.8735147379338741302490234375">
        <ele>2643.800048828125</ele>
        <time>2026-05-19T03:12:27.000Z</time>
        <extensions>
          <ns3:TrackPointExtension>
            <ns3:hr>92</ns3:hr>
          </ns3:TrackPointExtension>
        </extensions>
      </trkpt>
      <trkpt lat="33.1371905095875263214111328125" lon="103.8735147379338741302490234375">
        <ele>2643.800048828125</ele>
        <time>2026-05-19T03:12:28.000Z</time>
        <extensions>
          <ns3:TrackPointExtension>
            <ns3:hr>88</ns3:hr>
          </ns3:TrackPointExtension>
        </extensions>
      </trkpt>
      <trkpt lat="33.1371905095875263214111328125" lon="103.8735147379338741302490234375">
        <ele>2643.800048828125</ele>
        <time>2026-05-19T03:12:35.000Z</time>
        <extensions>
          <ns3:TrackPointExtension>
            <ns3:hr>91</ns3:hr>
          </ns3:TrackPointExtension>
        </extensions>
      </trkpt>
      <trkpt lat="33.13720643520355224609375" lon="103.87349906377494335174560546875">
        <ele>2643.39990234375</ele>
        <time>2026-05-19T03:12:49.000Z</time>
        <extensions>
          <ns3:TrackPointExtension>
            <ns3:hr>95</ns3:hr>
          </ns3:TrackPointExtension>
        </extensions>
      </trkpt>
      <trkpt lat="33.13720643520355224609375" lon="103.8734986446797847747802734375">
        <ele>2643.39990234375</ele>
        <time>2026-05-19T03:12:51.000Z</time>
        <extensions>
          <ns3:TrackPointExtension>
            <ns3:hr>92</ns3:hr>
          </ns3:TrackPointExtension>
        </extensions>
      </trkpt>
      <trkpt lat="33.13725136220455169677734375" lon="103.87347458861768245697021484375">
        <ele>2643</ele>
        <time>2026-05-19T03:12:57.000Z</time>
        <extensions>
          <ns3:TrackPointExtension>
            <ns3:hr>93</ns3:hr>
          </ns3:TrackPointExtension>
        </extensions>
      </trkpt>
      <trkpt lat="33.13726385124027729034423828125" lon="103.87346318922936916351318359375">
        <ele>2642.60009765625</ele>
        <time>2026-05-19T03:13:01.000Z</time>
        <extensions>
          <ns3:TrackPointExtension>
            <ns3:hr>93</ns3:hr>
          </ns3:TrackPointExtension>
        </extensions>
      </trkpt>
      <trkpt lat="33.13726703636348247528076171875" lon="103.87346117757260799407958984375">
        <ele>2642.60009765625</ele>
        <time>2026-05-19T03:13:16.000Z</time>
        <extensions>
          <ns3:TrackPointExtension>
            <ns3:hr>93</ns3:hr>
          </ns3:TrackPointExtension>
        </extensions>
      </trkpt>
      <trkpt lat="33.13727441243827342987060546875" lon="103.87346084229648113250732421875">
        <ele>2642.60009765625</ele>
        <time>2026-05-19T03:13:21.000Z</time>
        <extensions>
          <ns3:TrackPointExtension>
            <ns3:hr>90</ns3:hr>
          </ns3:TrackPointExtension>
        </extensions>
      </trkpt>
      <trkpt lat="33.1373544596135616302490234375" lon="103.873443491756916046142578125">
        <ele>2643.39990234375</ele>
        <time>2026-05-19T03:13:26.000Z</time>
        <extensions>
          <ns3:TrackPointExtension>
            <ns3:hr>90</ns3:hr>
          </ns3:TrackPointExtension>
        </extensions>
      </trkpt>
      <trkpt lat="33.137414641678333282470703125" lon="103.8734332658350467681884765625">
        <ele>2644</ele>
        <time>2026-05-19T03:13:30.000Z</time>
        <extensions>
          <ns3:TrackPointExtension>
            <ns3:hr>93</ns3:hr>
          </ns3:TrackPointExtension>
        </extensions>
      </trkpt>
      <trkpt lat="33.13743283040821552276611328125" lon="103.87341792695224285125732421875">
        <ele>2643.800048828125</ele>
        <time>2026-05-19T03:13:32.000Z</time>
        <extensions>
          <ns3:TrackPointExtension>
            <ns3:hr>90</ns3:hr>
          </ns3:TrackPointExtension>
        </extensions>
      </trkpt>
      <trkpt lat="33.1374664418399333953857421875" lon="103.87340920977294445037841796875">
        <ele>2643.800048828125</ele>
        <time>2026-05-19T03:13:35.000Z</time>
        <extensions>
          <ns3:TrackPointExtension>
            <ns3:hr>91</ns3:hr>
          </ns3:TrackPointExtension>
        </extensions>
      </trkpt>
      <trkpt lat="33.13750080764293670654296875" lon="103.87338842265307903289794921875">
        <ele>2643.60009765625</ele>
        <time>2026-05-19T03:13:38.000Z</time>
        <extensions>
          <ns3:TrackPointExtension>
            <ns3:hr>94</ns3:hr>
          </ns3:TrackPointExtension>
        </extensions>
      </trkpt>
      <trkpt lat="33.1375966966152191162109375" lon="103.87331985868513584136962890625">
        <ele>2643</ele>
        <time>2026-05-19T03:13:48.000Z</time>
        <extensions>
          <ns3:TrackPointExtension>
            <ns3:hr>97</ns3:hr>
          </ns3:TrackPointExtension>
        </extensions>
      </trkpt>
      <trkpt lat="33.1376867182552814483642578125" lon="103.87325548566877841949462890625">
        <ele>2644.199951171875</ele>
        <time>2026-05-19T03:13:57.000Z</time>
        <extensions>
          <ns3:TrackPointExtension>
            <ns3:hr>98</ns3:hr>
          </ns3:TrackPointExtension>
        </extensions>
      </trkpt>
      <trkpt lat="33.137731142342090606689453125" lon="103.8732203654944896697998046875">
        <ele>2644.39990234375</ele>
        <time>2026-05-19T03:14:01.000Z</time>
        <extensions>
          <ns3:TrackPointExtension>
            <ns3:hr>101</ns3:hr>
          </ns3:TrackPointExtension>
        </extensions>
      </trkpt>
      <trkpt lat="33.13777045346796512603759765625" lon="103.87320041656494140625">
        <ele>2644.39990234375</ele>
        <time>2026-05-19T03:14:05.000Z</time>
        <extensions>
          <ns3:TrackPointExtension>
            <ns3:hr>97</ns3:hr>
          </ns3:TrackPointExtension>
        </extensions>
      </trkpt>
      <trkpt lat="33.1377795897424221038818359375" lon="103.8731935434043407440185546875">
        <ele>2644.39990234375</ele>
        <time>2026-05-19T03:14:06.000Z</time>
        <extensions>
          <ns3:TrackPointExtension>
            <ns3:hr>97</ns3:hr>
          </ns3:TrackPointExtension>
        </extensions>
      </trkpt>
      <trkpt lat="33.13784924335777759552001953125" lon="103.8731293380260467529296875">
        <ele>2643.800048828125</ele>
        <time>2026-05-19T03:14:13.000Z</time>
        <extensions>
          <ns3:TrackPointExtension>
            <ns3:hr>100</ns3:hr>
          </ns3:TrackPointExtension>
        </extensions>
      </trkpt>
      <trkpt lat="33.13787019811570644378662109375" lon="103.87310327030718326568603515625">
        <ele>2643.39990234375</ele>
        <time>2026-05-19T03:14:15.000Z</time>
        <extensions>
          <ns3:TrackPointExtension>
            <ns3:hr>98</ns3:hr>
          </ns3:TrackPointExtension>
        </extensions>
      </trkpt>
      <trkpt lat="33.13788570463657379150390625" lon="103.8730765320360660552978515625">
        <ele>2643</ele>
        <time>2026-05-19T03:14:17.000Z</time>
        <extensions>
          <ns3:TrackPointExtension>
            <ns3:hr>99</ns3:hr>
          </ns3:TrackPointExtension>
        </extensions>
      </trkpt>
      <trkpt lat="33.13790841959416866302490234375" lon="103.87303604744374752044677734375">
        <ele>2642.199951171875</ele>
        <time>2026-05-19T03:14:22.000Z</time>
        <extensions>
          <ns3:TrackPointExtension>
            <ns3:hr>98</ns3:hr>
          </ns3:TrackPointExtension>
        </extensions>
      </trkpt>
      <trkpt lat="33.13791252672672271728515625" lon="103.87303554452955722808837890625">
        <ele>2642.199951171875</ele>
        <time>2026-05-19T03:14:23.000Z</time>
        <extensions>
          <ns3:TrackPointExtension>
            <ns3:hr>95</ns3:hr>
          </ns3:TrackPointExtension>
        </extensions>
      </trkpt>
      <trkpt lat="33.13798838295042514801025390625" lon="103.8729447685182094573974609375">
        <ele>2641.800048828125</ele>
        <time>2026-05-19T03:14:30.000Z</time>
        <extensions>
          <ns3:TrackPointExtension>
            <ns3:hr>92</ns3:hr>
          </ns3:TrackPointExtension>
        </extensions>
      </trkpt>
      <trkpt lat="33.13801252283155918121337890625" lon="103.8729092292487621307373046875">
        <ele>2641.60009765625</ele>
        <time>2026-05-19T03:14:33.000Z</time>
        <extensions>
          <ns3:TrackPointExtension>
            <ns3:hr>93</ns3:hr>
          </ns3:TrackPointExtension>
        </extensions>
      </trkpt>
      <trkpt lat="33.13802425749599933624267578125" lon="103.8729005120694637298583984375">
        <ele>2641.60009765625</ele>
        <time>2026-05-19T03:14:34.000Z</time>
        <extensions>
          <ns3:TrackPointExtension>
            <ns3:hr>91</ns3:hr>
          </ns3:TrackPointExtension>
        </extensions>
      </trkpt>
      <trkpt lat="33.13804772682487964630126953125" lon="103.8728914596140384674072265625">
        <ele>2642</ele>
        <time>2026-05-19T03:14:36.000Z</time>
        <extensions>
          <ns3:TrackPointExtension>
            <ns3:hr>94</ns3:hr>
          </ns3:TrackPointExtension>
        </extensions>
      </trkpt>
      <trkpt lat="33.13808628357946872711181640625" lon="103.87285751290619373321533203125">
        <ele>2642.39990234375</ele>
        <time>2026-05-19T03:14:40.000Z</time>
        <extensions>
          <ns3:TrackPointExtension>
            <ns3:hr>93</ns3:hr>
          </ns3:TrackPointExtension>
        </extensions>
      </trkpt>
      <trkpt lat="33.138146884739398956298828125" lon="103.87284762226045131683349609375">
        <ele>2644</ele>
        <time>2026-05-19T03:14:46.000Z</time>
        <extensions>
          <ns3:TrackPointExtension>
            <ns3:hr>96</ns3:hr>
          </ns3:TrackPointExtension>
        </extensions>
      </trkpt>
      <trkpt lat="33.13816792331635951995849609375" lon="103.87284242548048496246337890625">
        <ele>2644.39990234375</ele>
        <time>2026-05-19T03:14:48.000Z</time>
        <extensions>
          <ns3:TrackPointExtension>
            <ns3:hr>94</ns3:hr>
          </ns3:TrackPointExtension>
        </extensions>
      </trkpt>
      <trkpt lat="33.13825543038547039031982421875" lon="103.87282683514058589935302734375">
        <ele>2645.800048828125</ele>
        <time>2026-05-19T03:14:57.000Z</time>
        <extensions>
          <ns3:TrackPointExtension>
            <ns3:hr>96</ns3:hr>
          </ns3:TrackPointExtension>
        </extensions>
      </trkpt>
      <trkpt lat="33.13828669488430023193359375" lon="103.872825242578983306884765625">
        <ele>2647.199951171875</ele>
        <time>2026-05-19T03:15:00.000Z</time>
        <extensions>
          <ns3:TrackPointExtension>
            <ns3:hr>99</ns3:hr>
          </ns3:TrackPointExtension>
        </extensions>
      </trkpt>
      <trkpt lat="33.13829633407294750213623046875" lon="103.87282633222639560699462890625">
        <ele>2647.800048828125</ele>
        <time>2026-05-19T03:15:01.000Z</time>
        <extensions>
          <ns3:TrackPointExtension>
            <ns3:hr>95</ns3:hr>
          </ns3:TrackPointExtension>
        </extensions>
      </trkpt>
      <trkpt lat="33.13830681145191192626953125" lon="103.87282826006412506103515625">
        <ele>2648.39990234375</ele>
        <time>2026-05-19T03:15:02.000Z</time>
        <extensions>
          <ns3:TrackPointExtension>
            <ns3:hr>98</ns3:hr>
          </ns3:TrackPointExtension>
        </extensions>
      </trkpt>
      <trkpt lat="33.13832692801952362060546875" lon="103.8728314451873302459716796875">
        <ele>2649.39990234375</ele>
        <time>2026-05-19T03:15:04.000Z</time>
        <extensions>
          <ns3:TrackPointExtension>
            <ns3:hr>94</ns3:hr>
          </ns3:TrackPointExtension>
        </extensions>
      </trkpt>
      <trkpt lat="33.13835450448095798492431640625" lon="103.87282834388315677642822265625">
        <ele>2650.60009765625</ele>
        <time>2026-05-19T03:15:07.000Z</time>
        <extensions>
          <ns3:TrackPointExtension>
            <ns3:hr>94</ns3:hr>
          </ns3:TrackPointExtension>
        </extensions>
      </trkpt>
      <trkpt lat="33.13844989053905010223388671875" lon="103.87276665307581424713134765625">
        <ele>2651.39990234375</ele>
        <time>2026-05-19T03:15:16.000Z</time>
        <extensions>
          <ns3:TrackPointExtension>
            <ns3:hr>94</ns3:hr>
          </ns3:TrackPointExtension>
        </extensions>
      </trkpt>
      <trkpt lat="33.138534463942050933837890625" lon="103.87273362837731838226318359375">
        <ele>2651.800048828125</ele>
        <time>2026-05-19T03:15:23.000Z</time>
        <extensions>
          <ns3:TrackPointExtension>
            <ns3:hr>93</ns3:hr>
          </ns3:TrackPointExtension>
        </extensions>
      </trkpt>
      <trkpt lat="33.13854712061583995819091796875" lon="103.8727241568267345428466796875">
        <ele>2651.60009765625</ele>
        <time>2026-05-19T03:15:24.000Z</time>
        <extensions>
          <ns3:TrackPointExtension>
            <ns3:hr>90</ns3:hr>
          </ns3:TrackPointExtension>
        </extensions>
      </trkpt>
      <trkpt lat="33.13856899738311767578125" lon="103.87270529754459857940673828125">
        <ele>2651.199951171875</ele>
        <time>2026-05-19T03:15:26.000Z</time>
        <extensions>
          <ns3:TrackPointExtension>
            <ns3:hr>93</ns3:hr>
          </ns3:TrackPointExtension>
        </extensions>
      </trkpt>
      <trkpt lat="33.138592801988124847412109375" lon="103.87270127423107624053955078125">
        <ele>2651.60009765625</ele>
        <time>2026-05-19T03:15:28.000Z</time>
        <extensions>
          <ns3:TrackPointExtension>
            <ns3:hr>94</ns3:hr>
          </ns3:TrackPointExtension>
        </extensions>
      </trkpt>
      <trkpt lat="33.13863345421850681304931640625" lon="103.8726933114230632781982421875">
        <ele>2652.800048828125</ele>
        <time>2026-05-19T03:15:32.000Z</time>
        <extensions>
          <ns3:TrackPointExtension>
            <ns3:hr>95</ns3:hr>
          </ns3:TrackPointExtension>
        </extensions>
      </trkpt>
      <trkpt lat="33.13866580836474895477294921875" lon="103.87263623066246509552001953125">
        <ele>2651</ele>
        <time>2026-05-19T03:15:37.000Z</time>
        <extensions>
          <ns3:TrackPointExtension>
            <ns3:hr>96</ns3:hr>
          </ns3:TrackPointExtension>
        </extensions>
      </trkpt>
      <trkpt lat="33.13866144977509975433349609375" lon="103.872617371380329132080078125">
        <ele>2649.800048828125</ele>
        <time>2026-05-19T03:15:39.000Z</time>
        <extensions>
          <ns3:TrackPointExtension>
            <ns3:hr>97</ns3:hr>
          </ns3:TrackPointExtension>
        </extensions>
      </trkpt>
      <trkpt lat="33.1386472843587398529052734375" lon="103.87261058203876018524169921875">
        <ele>2648.800048828125</ele>
        <time>2026-05-19T03:15:46.000Z</time>
        <extensions>
          <ns3:TrackPointExtension>
            <ns3:hr>97</ns3:hr>
          </ns3:TrackPointExtension>
        </extensions>
      </trkpt>
      <trkpt lat="33.13864753581583499908447265625" lon="103.8726103305816650390625">
        <ele>2648.800048828125</ele>
        <time>2026-05-19T03:15:57.000Z</time>
        <extensions>
          <ns3:TrackPointExtension>
            <ns3:hr>100</ns3:hr>
          </ns3:TrackPointExtension>
        </extensions>
      </trkpt>
      <trkpt lat="33.138647787272930145263671875" lon="103.87261007912456989288330078125">
        <ele>2648.800048828125</ele>
        <time>2026-05-19T03:16:04.000Z</time>
        <extensions>
          <ns3:TrackPointExtension>
            <ns3:hr>103</ns3:hr>
          </ns3:TrackPointExtension>
        </extensions>
      </trkpt>
      <trkpt lat="33.1386506371200084686279296875" lon="103.87260706163942813873291015625">
        <ele>2648.800048828125</ele>
        <time>2026-05-19T03:16:15.000Z</time>
        <extensions>
          <ns3:TrackPointExtension>
            <ns3:hr>100</ns3:hr>
          </ns3:TrackPointExtension>
        </extensions>
      </trkpt>
      <trkpt lat="33.13865147531032562255859375" lon="103.8726041279733180999755859375">
        <ele>2648.60009765625</ele>
        <time>2026-05-19T03:16:28.000Z</time>
        <extensions>
          <ns3:TrackPointExtension>
            <ns3:hr>97</ns3:hr>
          </ns3:TrackPointExtension>
        </extensions>
      </trkpt>
      <trkpt lat="33.13869967125356197357177734375" lon="103.8725672475993633270263671875">
        <ele>2648.39990234375</ele>
        <time>2026-05-19T03:16:33.000Z</time>
        <extensions>
          <ns3:TrackPointExtension>
            <ns3:hr>97</ns3:hr>
          </ns3:TrackPointExtension>
        </extensions>
      </trkpt>
      <trkpt lat="33.1387421675026416778564453125" lon="103.8725285232067108154296875">
        <ele>2647.800048828125</ele>
        <time>2026-05-19T03:16:37.000Z</time>
        <extensions>
          <ns3:TrackPointExtension>
            <ns3:hr>95</ns3:hr>
          </ns3:TrackPointExtension>
        </extensions>
      </trkpt>
      <trkpt lat="33.138771839439868927001953125" lon="103.8724829256534576416015625">
        <ele>2646.39990234375</ele>
        <time>2026-05-19T03:16:40.000Z</time>
        <extensions>
          <ns3:TrackPointExtension>
            <ns3:hr>94</ns3:hr>
          </ns3:TrackPointExtension>
        </extensions>
      </trkpt>
      <trkpt lat="33.13887334428727626800537109375" lon="103.87237605638802051544189453125">
        <ele>2644.199951171875</ele>
        <time>2026-05-19T03:16:52.000Z</time>
        <extensions>
          <ns3:TrackPointExtension>
            <ns3:hr>94</ns3:hr>
          </ns3:TrackPointExtension>
        </extensions>
      </trkpt>
      <trkpt lat="33.13895129598677158355712890625" lon="103.87231185100972652435302734375">
        <ele>2644.60009765625</ele>
        <time>2026-05-19T03:17:00.000Z</time>
        <extensions>
          <ns3:TrackPointExtension>
            <ns3:hr>96</ns3:hr>
          </ns3:TrackPointExtension>
        </extensions>
      </trkpt>
      <trkpt lat="33.1390251405537128448486328125" lon="103.87221344746649265289306640625">
        <ele>2643.60009765625</ele>
        <time>2026-05-19T03:17:11.000Z</time>
        <extensions>
          <ns3:TrackPointExtension>
            <ns3:hr>98</ns3:hr>
          </ns3:TrackPointExtension>
        </extensions>
      </trkpt>
      <trkpt lat="33.13906679861247539520263671875" lon="103.87217120267450809478759765625">
        <ele>2643.39990234375</ele>
        <time>2026-05-19T03:17:16.000Z</time>
        <extensions>
          <ns3:TrackPointExtension>
            <ns3:hr>96</ns3:hr>
          </ns3:TrackPointExtension>
        </extensions>
      </trkpt>
      <trkpt lat="33.139080964028835296630859375" lon="103.87216441333293914794921875">
        <ele>2643.60009765625</ele>
        <time>2026-05-19T03:17:17.000Z</time>
        <extensions>
          <ns3:TrackPointExtension>
            <ns3:hr>99</ns3:hr>
          </ns3:TrackPointExtension>
        </extensions>
      </trkpt>
      <trkpt lat="33.13910502009093761444091796875" lon="103.8721518404781818389892578125">
        <ele>2644</ele>
        <time>2026-05-19T03:17:19.000Z</time>
        <extensions>
          <ns3:TrackPointExtension>
            <ns3:hr>99</ns3:hr>
          </ns3:TrackPointExtension>
        </extensions>
      </trkpt>
      <trkpt lat="33.1391247175633907318115234375" lon="103.8721208274364471435546875">
        <ele>2643.39990234375</ele>
        <time>2026-05-19T03:17:22.000Z</time>
        <extensions>
          <ns3:TrackPointExtension>
            <ns3:hr>101</ns3:hr>
          </ns3:TrackPointExtension>
        </extensions>
      </trkpt>
      <trkpt lat="33.13918800093233585357666015625" lon="103.8721079193055629730224609375">
        <ele>2644.60009765625</ele>
        <time>2026-05-19T03:17:27.000Z</time>
        <extensions>
          <ns3:TrackPointExtension>
            <ns3:hr>99</ns3:hr>
          </ns3:TrackPointExtension>
        </extensions>
      </trkpt>
      <trkpt lat="33.13925354741513729095458984375" lon="103.87208453379571437835693359375">
        <ele>2644.800048828125</ele>
        <time>2026-05-19T03:17:35.000Z</time>
        <extensions>
          <ns3:TrackPointExtension>
            <ns3:hr>99</ns3:hr>
          </ns3:TrackPointExtension>
        </extensions>
      </trkpt>
      <trkpt lat="33.1392521224915981292724609375" lon="103.8720784150063991546630859375">
        <ele>2644.39990234375</ele>
        <time>2026-05-19T03:17:42.000Z</time>
        <extensions>
          <ns3:TrackPointExtension>
            <ns3:hr>96</ns3:hr>
          </ns3:TrackPointExtension>
        </extensions>
      </trkpt>
      <trkpt lat="33.13925170339643955230712890625" lon="103.87207455933094024658203125">
        <ele>2644.199951171875</ele>
        <time>2026-05-19T03:17:43.000Z</time>
        <extensions>
          <ns3:TrackPointExtension>
            <ns3:hr>99</ns3:hr>
          </ns3:TrackPointExtension>
        </extensions>
      </trkpt>
      <trkpt lat="33.13929914496839046478271484375" lon="103.87205419130623340606689453125">
        <ele>2644.199951171875</ele>
        <time>2026-05-19T03:17:51.000Z</time>
        <extensions>
          <ns3:TrackPointExtension>
            <ns3:hr>96</ns3:hr>
          </ns3:TrackPointExtension>
        </extensions>
      </trkpt>
      <trkpt lat="33.13935899175703525543212890625" lon="103.87203977443277835845947265625">
        <ele>2644.39990234375</ele>
        <time>2026-05-19T03:17:58.000Z</time>
        <extensions>
          <ns3:TrackPointExtension>
            <ns3:hr>96</ns3:hr>
          </ns3:TrackPointExtension>
        </extensions>
      </trkpt>
      <trkpt lat="33.13940525986254215240478515625" lon="103.87203290127217769622802734375">
        <ele>2643.39990234375</ele>
        <time>2026-05-19T03:18:05.000Z</time>
        <extensions>
          <ns3:TrackPointExtension>
            <ns3:hr>96</ns3:hr>
          </ns3:TrackPointExtension>
        </extensions>
      </trkpt>
      <trkpt lat="33.13944339752197265625" lon="103.8720348291099071502685546875">
        <ele>2642.800048828125</ele>
        <time>2026-05-19T03:18:10.000Z</time>
        <extensions>
          <ns3:TrackPointExtension>
            <ns3:hr>93</ns3:hr>
          </ns3:TrackPointExtension>
        </extensions>
      </trkpt>
      <trkpt lat="33.1394563056528568267822265625" lon="103.872038684785366058349609375">
        <ele>2642.800048828125</ele>
        <time>2026-05-19T03:18:11.000Z</time>
        <extensions>
          <ns3:TrackPointExtension>
            <ns3:hr>96</ns3:hr>
          </ns3:TrackPointExtension>
        </extensions>
      </trkpt>
      <trkpt lat="33.139526210725307464599609375" lon="103.8720388524234294891357421875">
        <ele>2642</ele>
        <time>2026-05-19T03:18:18.000Z</time>
        <extensions>
          <ns3:TrackPointExtension>
            <ns3:hr>99</ns3:hr>
          </ns3:TrackPointExtension>
        </extensions>
      </trkpt>
      <trkpt lat="33.139536939561367034912109375" lon="103.87204262427985668182373046875">
        <ele>2642</ele>
        <time>2026-05-19T03:18:19.000Z</time>
        <extensions>
          <ns3:TrackPointExtension>
            <ns3:hr>99</ns3:hr>
          </ns3:TrackPointExtension>
        </extensions>
      </trkpt>
      <trkpt lat="33.1396276317536830902099609375" lon="103.87203340418636798858642578125">
        <ele>2640.60009765625</ele>
        <time>2026-05-19T03:18:28.000Z</time>
        <extensions>
          <ns3:TrackPointExtension>
            <ns3:hr>101</ns3:hr>
          </ns3:TrackPointExtension>
        </extensions>
      </trkpt>
      <trkpt lat="33.139657638967037200927734375" lon="103.872010521590709686279296875">
        <ele>2640.199951171875</ele>
        <time>2026-05-19T03:18:37.000Z</time>
        <extensions>
          <ns3:TrackPointExtension>
            <ns3:hr>99</ns3:hr>
          </ns3:TrackPointExtension>
        </extensions>
      </trkpt>
      <trkpt lat="33.139659650623798370361328125" lon="103.8720095157623291015625">
        <ele>2640.199951171875</ele>
        <time>2026-05-19T03:18:40.000Z</time>
        <extensions>
          <ns3:TrackPointExtension>
            <ns3:hr>96</ns3:hr>
          </ns3:TrackPointExtension>
        </extensions>
      </trkpt>
      <trkpt lat="33.1396608240902423858642578125" lon="103.8720095157623291015625">
        <ele>2640.199951171875</ele>
        <time>2026-05-19T03:18:44.000Z</time>
        <extensions>
          <ns3:TrackPointExtension>
            <ns3:hr>93</ns3:hr>
          </ns3:TrackPointExtension>
        </extensions>
      </trkpt>
      <trkpt lat="33.1396608240902423858642578125" lon="103.8720095157623291015625">
        <ele>2640.199951171875</ele>
        <time>2026-05-19T03:18:49.000Z</time>
        <extensions>
          <ns3:TrackPointExtension>
            <ns3:hr>90</ns3:hr>
          </ns3:TrackPointExtension>
        </extensions>
      </trkpt>
      <trkpt lat="33.1396903283894062042236328125" lon="103.87199702672660350799560546875">
        <ele>2640.199951171875</ele>
        <time>2026-05-19T03:18:58.000Z</time>
        <extensions>
          <ns3:TrackPointExtension>
            <ns3:hr>92</ns3:hr>
          </ns3:TrackPointExtension>
        </extensions>
      </trkpt>
      <trkpt lat="33.13978244550526142120361328125" lon="103.871979676187038421630859375">
        <ele>2640.800048828125</ele>
        <time>2026-05-19T03:19:06.000Z</time>
        <extensions>
          <ns3:TrackPointExtension>
            <ns3:hr>92</ns3:hr>
          </ns3:TrackPointExtension>
        </extensions>
      </trkpt>
      <trkpt lat="33.13985268585383892059326171875" lon="103.87194581329822540283203125">
        <ele>2640.60009765625</ele>
        <time>2026-05-19T03:19:14.000Z</time>
        <extensions>
          <ns3:TrackPointExtension>
            <ns3:hr>91</ns3:hr>
          </ns3:TrackPointExtension>
        </extensions>
      </trkpt>
      <trkpt lat="33.13988990150392055511474609375" lon="103.87193131260573863983154296875">
        <ele>2640.60009765625</ele>
        <time>2026-05-19T03:19:18.000Z</time>
        <extensions>
          <ns3:TrackPointExtension>
            <ns3:hr>91</ns3:hr>
          </ns3:TrackPointExtension>
        </extensions>
      </trkpt>
      <trkpt lat="33.13998159952461719512939453125" lon="103.87186467647552490234375">
        <ele>2637</ele>
        <time>2026-05-19T03:19:28.000Z</time>
        <extensions>
          <ns3:TrackPointExtension>
            <ns3:hr>94</ns3:hr>
          </ns3:TrackPointExtension>
        </extensions>
      </trkpt>
      <trkpt lat="33.13999928534030914306640625" lon="103.8718504272401332855224609375">
        <ele>2636.60009765625</ele>
        <time>2026-05-19T03:19:30.000Z</time>
        <extensions>
          <ns3:TrackPointExtension>
            <ns3:hr>92</ns3:hr>
          </ns3:TrackPointExtension>
        </extensions>
      </trkpt>
      <trkpt lat="33.1400651670992374420166015625" lon="103.87178647331893444061279296875">
        <ele>2635.800048828125</ele>
        <time>2026-05-19T03:19:42.000Z</time>
        <extensions>
          <ns3:TrackPointExtension>
            <ns3:hr>92</ns3:hr>
          </ns3:TrackPointExtension>
        </extensions>
      </trkpt>
      <trkpt lat="33.1400460563600063323974609375" lon="103.871801309287548065185546875">
        <ele>2636</ele>
        <time>2026-05-19T03:19:48.000Z</time>
        <extensions>
          <ns3:TrackPointExtension>
            <ns3:hr>92</ns3:hr>
          </ns3:TrackPointExtension>
        </extensions>
      </trkpt>
      <trkpt lat="33.140076734125614166259765625" lon="103.87177809141576290130615234375">
        <ele>2635.800048828125</ele>
        <time>2026-05-19T03:20:13.000Z</time>
        <extensions>
          <ns3:TrackPointExtension>
            <ns3:hr>95</ns3:hr>
          </ns3:TrackPointExtension>
        </extensions>
      </trkpt>
      <trkpt lat="33.1401099264621734619140625" lon="103.87169309891760349273681640625">
        <ele>2634</ele>
        <time>2026-05-19T03:20:35.000Z</time>
        <extensions>
          <ns3:TrackPointExtension>
            <ns3:hr>94</ns3:hr>
          </ns3:TrackPointExtension>
        </extensions>
      </trkpt>
      <trkpt lat="33.1401436217129230499267578125" lon="103.87161347083747386932373046875">
        <ele>2632</ele>
        <time>2026-05-19T03:20:43.000Z</time>
        <extensions>
          <ns3:TrackPointExtension>
            <ns3:hr>95</ns3:hr>
          </ns3:TrackPointExtension>
        </extensions>
      </trkpt>
      <trkpt lat="33.14016466028988361358642578125" lon="103.87156049720942974090576171875">
        <ele>2630.800048828125</ele>
        <time>2026-05-19T03:20:51.000Z</time>
        <extensions>
          <ns3:TrackPointExtension>
            <ns3:hr>94</ns3:hr>
          </ns3:TrackPointExtension>
        </extensions>
      </trkpt>
      <trkpt lat="33.1401903927326202392578125" lon="103.871529065072536468505859375">
        <ele>2629.800048828125</ele>
        <time>2026-05-19T03:20:58.000Z</time>
        <extensions>
          <ns3:TrackPointExtension>
            <ns3:hr>93</ns3:hr>
          </ns3:TrackPointExtension>
        </extensions>
      </trkpt>
      <trkpt lat="33.1401996128261089324951171875" lon="103.87148438952863216400146484375">
        <ele>2628.800048828125</ele>
        <time>2026-05-19T03:21:03.000Z</time>
        <extensions>
          <ns3:TrackPointExtension>
            <ns3:hr>90</ns3:hr>
          </ns3:TrackPointExtension>
        </extensions>
      </trkpt>
      <trkpt lat="33.14023188315331935882568359375" lon="103.8714410550892353057861328125">
        <ele>2628</ele>
        <time>2026-05-19T03:21:08.000Z</time>
        <extensions>
          <ns3:TrackPointExtension>
            <ns3:hr>91</ns3:hr>
          </ns3:TrackPointExtension>
        </extensions>
      </trkpt>
      <trkpt lat="33.1403169594705104827880859375" lon="103.87143996544182300567626953125">
        <ele>2627.39990234375</ele>
        <time>2026-05-19T03:21:18.000Z</time>
        <extensions>
          <ns3:TrackPointExtension>
            <ns3:hr>90</ns3:hr>
          </ns3:TrackPointExtension>
        </extensions>
      </trkpt>
      <trkpt lat="33.140334226191043853759765625" lon="103.87144700624048709869384765625">
        <ele>2627.39990234375</ele>
        <time>2026-05-19T03:21:20.000Z</time>
        <extensions>
          <ns3:TrackPointExtension>
            <ns3:hr>93</ns3:hr>
          </ns3:TrackPointExtension>
        </extensions>
      </trkpt>
      <trkpt lat="33.14037018455564975738525390625" lon="103.8714504428207874298095703125">
        <ele>2627.199951171875</ele>
        <time>2026-05-19T03:21:25.000Z</time>
        <extensions>
          <ns3:TrackPointExtension>
            <ns3:hr>90</ns3:hr>
          </ns3:TrackPointExtension>
        </extensions>
      </trkpt>
      <trkpt lat="33.14038074575364589691162109375" lon="103.8714541308581829071044921875">
        <ele>2627.199951171875</ele>
        <time>2026-05-19T03:21:26.000Z</time>
        <extensions>
          <ns3:TrackPointExtension>
            <ns3:hr>94</ns3:hr>
          </ns3:TrackPointExtension>
        </extensions>
      </trkpt>
      <trkpt lat="33.14039197750389575958251953125" lon="103.87145496904850006103515625">
        <ele>2627</ele>
        <time>2026-05-19T03:21:27.000Z</time>
        <extensions>
          <ns3:TrackPointExtension>
            <ns3:hr>93</ns3:hr>
          </ns3:TrackPointExtension>
        </extensions>
      </trkpt>
      <trkpt lat="33.1404296122491359710693359375" lon="103.8714497722685337066650390625">
        <ele>2626.800048828125</ele>
        <time>2026-05-19T03:21:31.000Z</time>
        <extensions>
          <ns3:TrackPointExtension>
            <ns3:hr>93</ns3:hr>
          </ns3:TrackPointExtension>
        </extensions>
      </trkpt>
      <trkpt lat="33.14046305604279041290283203125" lon="103.8714323379099369049072265625">
        <ele>2626.199951171875</ele>
        <time>2026-05-19T03:21:35.000Z</time>
        <extensions>
          <ns3:TrackPointExtension>
            <ns3:hr>94</ns3:hr>
          </ns3:TrackPointExtension>
        </extensions>
      </trkpt>
      <trkpt lat="33.140503205358982086181640625" lon="103.871374167501926422119140625">
        <ele>2625.199951171875</ele>
        <time>2026-05-19T03:21:44.000Z</time>
        <extensions>
          <ns3:TrackPointExtension>
            <ns3:hr>93</ns3:hr>
          </ns3:TrackPointExtension>
        </extensions>
      </trkpt>
      <trkpt lat="33.14054553396999835968017578125" lon="103.87130820192396640777587890625">
        <ele>2624</ele>
        <time>2026-05-19T03:21:51.000Z</time>
        <extensions>
          <ns3:TrackPointExtension>
            <ns3:hr>94</ns3:hr>
          </ns3:TrackPointExtension>
        </extensions>
      </trkpt>
      <trkpt lat="33.14055928029119968414306640625" lon="103.87128976173698902130126953125">
        <ele>2623.800048828125</ele>
        <time>2026-05-19T03:21:53.000Z</time>
        <extensions>
          <ns3:TrackPointExtension>
            <ns3:hr>92</ns3:hr>
          </ns3:TrackPointExtension>
        </extensions>
      </trkpt>
      <trkpt lat="33.14057671464979648590087890625" lon="103.8712499476969242095947265625">
        <ele>2623.60009765625</ele>
        <time>2026-05-19T03:21:58.000Z</time>
        <extensions>
          <ns3:TrackPointExtension>
            <ns3:hr>95</ns3:hr>
          </ns3:TrackPointExtension>
        </extensions>
      </trkpt>
      <trkpt lat="33.1405975855886936187744140625" lon="103.87121113948523998260498046875">
        <ele>2623.39990234375</ele>
        <time>2026-05-19T03:22:03.000Z</time>
        <extensions>
          <ns3:TrackPointExtension>
            <ns3:hr>93</ns3:hr>
          </ns3:TrackPointExtension>
        </extensions>
      </trkpt>
      <trkpt lat="33.1406150199472904205322265625" lon="103.87113603763282299041748046875">
        <ele>2623.39990234375</ele>
        <time>2026-05-19T03:22:14.000Z</time>
        <extensions>
          <ns3:TrackPointExtension>
            <ns3:hr>94</ns3:hr>
          </ns3:TrackPointExtension>
        </extensions>
      </trkpt>
      <trkpt lat="33.14065097831189632415771484375" lon="103.8711413182318210601806640625">
        <ele>2623.199951171875</ele>
        <time>2026-05-19T03:22:25.000Z</time>
        <extensions>
          <ns3:TrackPointExtension>
            <ns3:hr>94</ns3:hr>
          </ns3:TrackPointExtension>
        </extensions>
      </trkpt>
      <trkpt lat="33.140687607228755950927734375" lon="103.87109731324017047882080078125">
        <ele>2623</ele>
        <time>2026-05-19T03:22:33.000Z</time>
        <extensions>
          <ns3:TrackPointExtension>
            <ns3:hr>92</ns3:hr>
          </ns3:TrackPointExtension>
        </extensions>
      </trkpt>
      <trkpt lat="33.14072138629853725433349609375" lon="103.87109211646020412445068359375">
        <ele>2622.60009765625</ele>
        <time>2026-05-19T03:22:39.000Z</time>
        <extensions>
          <ns3:TrackPointExtension>
            <ns3:hr>91</ns3:hr>
          </ns3:TrackPointExtension>
        </extensions>
      </trkpt>
      <trkpt lat="33.140743933618068695068359375" lon="103.8711017556488513946533203125">
        <ele>2622.39990234375</ele>
        <time>2026-05-19T03:22:45.000Z</time>
        <extensions>
          <ns3:TrackPointExtension>
            <ns3:hr>92</ns3:hr>
          </ns3:TrackPointExtension>
        </extensions>
      </trkpt>
      <trkpt lat="33.140791542828083038330078125" lon="103.87109555304050445556640625">
        <ele>2621.800048828125</ele>
        <time>2026-05-19T03:22:53.000Z</time>
        <extensions>
          <ns3:TrackPointExtension>
            <ns3:hr>92</ns3:hr>
          </ns3:TrackPointExtension>
        </extensions>
      </trkpt>
      <trkpt lat="33.14080855809152126312255859375" lon="103.87106982059776782989501953125">
        <ele>2621.39990234375</ele>
        <time>2026-05-19T03:23:04.000Z</time>
        <extensions>
          <ns3:TrackPointExtension>
            <ns3:hr>93</ns3:hr>
          </ns3:TrackPointExtension>
        </extensions>
      </trkpt>
      <trkpt lat="33.14080906100571155548095703125" lon="103.87106646783649921417236328125">
        <ele>2621.39990234375</ele>
        <time>2026-05-19T03:23:05.000Z</time>
        <extensions>
          <ns3:TrackPointExtension>
            <ns3:hr>96</ns3:hr>
          </ns3:TrackPointExtension>
        </extensions>
      </trkpt>
      <trkpt lat="33.14081065356731414794921875" lon="103.8710682280361652374267578125">
        <ele>2621.39990234375</ele>
        <time>2026-05-19T03:23:06.000Z</time>
        <extensions>
          <ns3:TrackPointExtension>
            <ns3:hr>99</ns3:hr>
          </ns3:TrackPointExtension>
        </extensions>
      </trkpt>
      <trkpt lat="33.14080797135829925537109375" lon="103.8710705749690532684326171875">
        <ele>2621.39990234375</ele>
        <time>2026-05-19T03:23:07.000Z</time>
        <extensions>
          <ns3:TrackPointExtension>
            <ns3:hr>102</ns3:hr>
          </ns3:TrackPointExtension>
        </extensions>
      </trkpt>
      <trkpt lat="33.140800930559635162353515625" lon="103.8710712455213069915771484375">
        <ele>2621.60009765625</ele>
        <time>2026-05-19T03:23:08.000Z</time>
        <extensions>
          <ns3:TrackPointExtension>
            <ns3:hr>107</ns3:hr>
          </ns3:TrackPointExtension>
        </extensions>
      </trkpt>
      <trkpt lat="33.14079347066581249237060546875" lon="103.87106998823583126068115234375">
        <ele>2621.60009765625</ele>
        <time>2026-05-19T03:23:09.000Z</time>
        <extensions>
          <ns3:TrackPointExtension>
            <ns3:hr>109</ns3:hr>
          </ns3:TrackPointExtension>
        </extensions>
      </trkpt>
      <trkpt lat="33.1407504715025424957275390625" lon="103.8710608519613742828369140625">
        <ele>2622.199951171875</ele>
        <time>2026-05-19T03:23:14.000Z</time>
        <extensions>
          <ns3:TrackPointExtension>
            <ns3:hr>106</ns3:hr>
          </ns3:TrackPointExtension>
        </extensions>
      </trkpt>
      <trkpt lat="33.14074267633259296417236328125" lon="103.8710675574839115142822265625">
        <ele>2622.39990234375</ele>
        <time>2026-05-19T03:23:15.000Z</time>
        <extensions>
          <ns3:TrackPointExtension>
            <ns3:hr>106</ns3:hr>
          </ns3:TrackPointExtension>
        </extensions>
      </trkpt>
      <trkpt lat="33.14070328138768672943115234375" lon="103.87104031629860401153564453125">
        <ele>2622.60009765625</ele>
        <time>2026-05-19T03:23:22.000Z</time>
        <extensions>
          <ns3:TrackPointExtension>
            <ns3:hr>103</ns3:hr>
          </ns3:TrackPointExtension>
        </extensions>
      </trkpt>
      <trkpt lat="33.140707053244113922119140625" lon="103.8709726743400096893310546875">
        <ele>2622.39990234375</ele>
        <time>2026-05-19T03:23:30.000Z</time>
        <extensions>
          <ns3:TrackPointExtension>
            <ns3:hr>105</ns3:hr>
          </ns3:TrackPointExtension>
        </extensions>
      </trkpt>
      <trkpt lat="33.14070730470120906829833984375" lon="103.8709438405930995941162109375">
        <ele>2622.199951171875</ele>
        <time>2026-05-19T03:23:34.000Z</time>
        <extensions>
          <ns3:TrackPointExtension>
            <ns3:hr>102</ns3:hr>
          </ns3:TrackPointExtension>
        </extensions>
      </trkpt>
      <trkpt lat="33.14070604741573333740234375" lon="103.87093462049961090087890625">
        <ele>2622.199951171875</ele>
        <time>2026-05-19T03:23:38.000Z</time>
        <extensions>
          <ns3:TrackPointExtension>
            <ns3:hr>100</ns3:hr>
          </ns3:TrackPointExtension>
        </extensions>
      </trkpt>
      <trkpt lat="33.14070495776832103729248046875" lon="103.87093369849026203155517578125">
        <ele>2622.199951171875</ele>
        <time>2026-05-19T03:23:41.000Z</time>
        <extensions>
          <ns3:TrackPointExtension>
            <ns3:hr>103</ns3:hr>
          </ns3:TrackPointExtension>
        </extensions>
      </trkpt>
      <trkpt lat="33.1407015211880207061767578125" lon="103.87093436904251575469970703125">
        <ele>2622.199951171875</ele>
        <time>2026-05-19T03:23:43.000Z</time>
        <extensions>
          <ns3:TrackPointExtension>
            <ns3:hr>110</ns3:hr>
          </ns3:TrackPointExtension>
        </extensions>
      </trkpt>
      <trkpt lat="33.14069489948451519012451171875" lon="103.87093738652765750885009765625">
        <ele>2622.199951171875</ele>
        <time>2026-05-19T03:23:49.000Z</time>
        <extensions>
          <ns3:TrackPointExtension>
            <ns3:hr>107</ns3:hr>
          </ns3:TrackPointExtension>
        </extensions>
      </trkpt>
      <trkpt lat="33.14069422893226146697998046875" lon="103.870936967432498931884765625">
        <ele>2622.199951171875</ele>
        <time>2026-05-19T03:23:52.000Z</time>
        <extensions>
          <ns3:TrackPointExtension>
            <ns3:hr>106</ns3:hr>
          </ns3:TrackPointExtension>
        </extensions>
      </trkpt>
      <trkpt lat="33.14073630608618259429931640625" lon="103.870874941349029541015625">
        <ele>2621.800048828125</ele>
        <time>2026-05-19T03:24:11.000Z</time>
        <extensions>
          <ns3:TrackPointExtension>
            <ns3:hr>103</ns3:hr>
          </ns3:TrackPointExtension>
        </extensions>
      </trkpt>
      <trkpt lat="33.14076094888150691986083984375" lon="103.87083210982382297515869140625">
        <ele>2621.199951171875</ele>
        <time>2026-05-19T03:24:15.000Z</time>
        <extensions>
          <ns3:TrackPointExtension>
            <ns3:hr>100</ns3:hr>
          </ns3:TrackPointExtension>
        </extensions>
      </trkpt>
      <trkpt lat="33.14076237380504608154296875" lon="103.87081936933100223541259765625">
        <ele>2621.199951171875</ele>
        <time>2026-05-19T03:24:18.000Z</time>
        <extensions>
          <ns3:TrackPointExtension>
            <ns3:hr>98</ns3:hr>
          </ns3:TrackPointExtension>
        </extensions>
      </trkpt>
      <trkpt lat="33.14075767993927001953125" lon="103.87075466103851795196533203125">
        <ele>2621</ele>
        <time>2026-05-19T03:24:26.000Z</time>
        <extensions>
          <ns3:TrackPointExtension>
            <ns3:hr>98</ns3:hr>
          </ns3:TrackPointExtension>
        </extensions>
      </trkpt>
      <trkpt lat="33.14072574488818645477294921875" lon="103.870662041008472442626953125">
        <ele>2621</ele>
        <time>2026-05-19T03:24:36.000Z</time>
        <extensions>
          <ns3:TrackPointExtension>
            <ns3:hr>96</ns3:hr>
          </ns3:TrackPointExtension>
        </extensions>
      </trkpt>
      <trkpt lat="33.140673525631427764892578125" lon="103.87059557251632213592529296875">
        <ele>2621.39990234375</ele>
        <time>2026-05-19T03:24:43.000Z</time>
        <extensions>
          <ns3:TrackPointExtension>
            <ns3:hr>95</ns3:hr>
          </ns3:TrackPointExtension>
        </extensions>
      </trkpt>
      <trkpt lat="33.140661455690860748291015625" lon="103.8705824129283428192138671875">
        <ele>2621.39990234375</ele>
        <time>2026-05-19T03:24:44.000Z</time>
        <extensions>
          <ns3:TrackPointExtension>
            <ns3:hr>95</ns3:hr>
          </ns3:TrackPointExtension>
        </extensions>
      </trkpt>
      <trkpt lat="33.140623569488525390625" lon="103.87054427526891231536865234375">
        <ele>2621.800048828125</ele>
        <time>2026-05-19T03:24:49.000Z</time>
        <extensions>
          <ns3:TrackPointExtension>
            <ns3:hr>95</ns3:hr>
          </ns3:TrackPointExtension>
        </extensions>
      </trkpt>
      <trkpt lat="33.14061309210956096649169921875" lon="103.8705183751881122589111328125">
        <ele>2621.800048828125</ele>
        <time>2026-05-19T03:24:51.000Z</time>
        <extensions>
          <ns3:TrackPointExtension>
            <ns3:hr>95</ns3:hr>
          </ns3:TrackPointExtension>
        </extensions>
      </trkpt>
      <trkpt lat="33.1405543349683284759521484375" lon="103.87042994610965251922607421875">
        <ele>2622</ele>
        <time>2026-05-19T03:25:00.000Z</time>
        <extensions>
          <ns3:TrackPointExtension>
            <ns3:hr>96</ns3:hr>
          </ns3:TrackPointExtension>
        </extensions>
      </trkpt>
      <trkpt lat="33.1405130960047245025634765625" lon="103.87036607600748538970947265625">
        <ele>2622.199951171875</ele>
        <time>2026-05-19T03:25:07.000Z</time>
        <extensions>
          <ns3:TrackPointExtension>
            <ns3:hr>96</ns3:hr>
          </ns3:TrackPointExtension>
        </extensions>
      </trkpt>
      <trkpt lat="33.1404720246791839599609375" lon="103.8702893815934658050537109375">
        <ele>2622.800048828125</ele>
        <time>2026-05-19T03:25:15.000Z</time>
        <extensions>
          <ns3:TrackPointExtension>
            <ns3:hr>96</ns3:hr>
          </ns3:TrackPointExtension>
        </extensions>
      </trkpt>
      <trkpt lat="33.1404178775846958160400390625" lon="103.87019701302051544189453125">
        <ele>2623.60009765625</ele>
        <time>2026-05-19T03:25:23.000Z</time>
        <extensions>
          <ns3:TrackPointExtension>
            <ns3:hr>94</ns3:hr>
          </ns3:TrackPointExtension>
        </extensions>
      </trkpt>
      <trkpt lat="33.140347301959991455078125" lon="103.87010523118078708648681640625">
        <ele>2625</ele>
        <time>2026-05-19T03:25:32.000Z</time>
        <extensions>
          <ns3:TrackPointExtension>
            <ns3:hr>94</ns3:hr>
          </ns3:TrackPointExtension>
        </extensions>
      </trkpt>
      <trkpt lat="33.14029122702777385711669921875" lon="103.87004689313471317291259765625">
        <ele>2626.39990234375</ele>
        <time>2026-05-19T03:25:38.000Z</time>
        <extensions>
          <ns3:TrackPointExtension>
            <ns3:hr>94</ns3:hr>
          </ns3:TrackPointExtension>
        </extensions>
      </trkpt>
      <trkpt lat="33.14027798362076282501220703125" lon="103.87002493254840373992919921875">
        <ele>2626.800048828125</ele>
        <time>2026-05-19T03:25:40.000Z</time>
        <extensions>
          <ns3:TrackPointExtension>
            <ns3:hr>95</ns3:hr>
          </ns3:TrackPointExtension>
        </extensions>
      </trkpt>
      <trkpt lat="33.14020271413028240203857421875" lon="103.869956620037555694580078125">
        <ele>2628.60009765625</ele>
        <time>2026-05-19T03:25:48.000Z</time>
        <extensions>
          <ns3:TrackPointExtension>
            <ns3:hr>94</ns3:hr>
          </ns3:TrackPointExtension>
        </extensions>
      </trkpt>
      <trkpt lat="33.14014018513262271881103515625" lon="103.86990523897111415863037109375">
        <ele>2630.60009765625</ele>
        <time>2026-05-19T03:25:54.000Z</time>
        <extensions>
          <ns3:TrackPointExtension>
            <ns3:hr>97</ns3:hr>
          </ns3:TrackPointExtension>
        </extensions>
      </trkpt>
      <trkpt lat="33.14005519263446331024169921875" lon="103.869837261736392974853515625">
        <ele>2633.39990234375</ele>
        <time>2026-05-19T03:26:04.000Z</time>
        <extensions>
          <ns3:TrackPointExtension>
            <ns3:hr>97</ns3:hr>
          </ns3:TrackPointExtension>
        </extensions>
      </trkpt>
      <trkpt lat="33.1400152109563350677490234375" lon="103.86982728727161884307861328125">
        <ele>2634.60009765625</ele>
        <time>2026-05-19T03:26:10.000Z</time>
        <extensions>
          <ns3:TrackPointExtension>
            <ns3:hr>94</ns3:hr>
          </ns3:TrackPointExtension>
        </extensions>
      </trkpt>
      <trkpt lat="33.13999165780842304229736328125" lon="103.8698216713964939117431640625">
        <ele>2635.39990234375</ele>
        <time>2026-05-19T03:26:12.000Z</time>
        <extensions>
          <ns3:TrackPointExtension>
            <ns3:hr>96</ns3:hr>
          </ns3:TrackPointExtension>
        </extensions>
      </trkpt>
      <trkpt lat="33.13995209522545337677001953125" lon="103.8698015548288822174072265625">
        <ele>2636.60009765625</ele>
        <time>2026-05-19T03:26:17.000Z</time>
        <extensions>
          <ns3:TrackPointExtension>
            <ns3:hr>93</ns3:hr>
          </ns3:TrackPointExtension>
        </extensions>
      </trkpt>
      <trkpt lat="33.1399478204548358917236328125" lon="103.869790323078632354736328125">
        <ele>2636.800048828125</ele>
        <time>2026-05-19T03:26:18.000Z</time>
        <extensions>
          <ns3:TrackPointExtension>
            <ns3:hr>96</ns3:hr>
          </ns3:TrackPointExtension>
        </extensions>
      </trkpt>
      <trkpt lat="33.13993650488555431365966796875" lon="103.8697807677090167999267578125">
        <ele>2637.199951171875</ele>
        <time>2026-05-19T03:26:20.000Z</time>
        <extensions>
          <ns3:TrackPointExtension>
            <ns3:hr>95</ns3:hr>
          </ns3:TrackPointExtension>
        </extensions>
      </trkpt>
      <trkpt lat="33.13991907052695751190185546875" lon="103.869760818779468536376953125">
        <ele>2637.60009765625</ele>
        <time>2026-05-19T03:26:26.000Z</time>
        <extensions>
          <ns3:TrackPointExtension>
            <ns3:hr>95</ns3:hr>
          </ns3:TrackPointExtension>
        </extensions>
      </trkpt>
      <trkpt lat="33.139915801584720611572265625" lon="103.86974061839282512664794921875">
        <ele>2637.800048828125</ele>
        <time>2026-05-19T03:26:32.000Z</time>
        <extensions>
          <ns3:TrackPointExtension>
            <ns3:hr>96</ns3:hr>
          </ns3:TrackPointExtension>
        </extensions>
      </trkpt>
      <trkpt lat="33.13992510549724102020263671875" lon="103.86973056010901927947998046875">
        <ele>2637.60009765625</ele>
        <time>2026-05-19T03:26:39.000Z</time>
        <extensions>
          <ns3:TrackPointExtension>
            <ns3:hr>95</ns3:hr>
          </ns3:TrackPointExtension>
        </extensions>
      </trkpt>
      <trkpt lat="33.13992510549724102020263671875" lon="103.86973056010901927947998046875">
        <ele>2637.60009765625</ele>
        <time>2026-05-19T03:26:49.000Z</time>
        <extensions>
          <ns3:TrackPointExtension>
            <ns3:hr>92</ns3:hr>
          </ns3:TrackPointExtension>
        </extensions>
      </trkpt>
      <trkpt lat="33.13992510549724102020263671875" lon="103.86972888372838497161865234375">
        <ele>2637.60009765625</ele>
        <time>2026-05-19T03:27:07.000Z</time>
        <extensions>
          <ns3:TrackPointExtension>
            <ns3:hr>88</ns3:hr>
          </ns3:TrackPointExtension>
        </extensions>
      </trkpt>
      <trkpt lat="33.13992527313530445098876953125" lon="103.86972888372838497161865234375">
        <ele>2637.60009765625</ele>
        <time>2026-05-19T03:27:09.000Z</time>
        <extensions>
          <ns3:TrackPointExtension>
            <ns3:hr>85</ns3:hr>
          </ns3:TrackPointExtension>
        </extensions>
      </trkpt>
      <trkpt lat="33.13994404859840869903564453125" lon="103.86970642022788524627685546875">
        <ele>2637.199951171875</ele>
        <time>2026-05-19T03:27:14.000Z</time>
        <extensions>
          <ns3:TrackPointExtension>
            <ns3:hr>85</ns3:hr>
          </ns3:TrackPointExtension>
        </extensions>
      </trkpt>
      <trkpt lat="33.14002049155533313751220703125" lon="103.86965378187596797943115234375">
        <ele>2635</ele>
        <time>2026-05-19T03:27:22.000Z</time>
        <extensions>
          <ns3:TrackPointExtension>
            <ns3:hr>85</ns3:hr>
          </ns3:TrackPointExtension>
        </extensions>
      </trkpt>
      <trkpt lat="33.1401072442531585693359375" lon="103.8695956952869892120361328125">
        <ele>2632.199951171875</ele>
        <time>2026-05-19T03:27:31.000Z</time>
        <extensions>
          <ns3:TrackPointExtension>
            <ns3:hr>86</ns3:hr>
          </ns3:TrackPointExtension>
        </extensions>
      </trkpt>
      <trkpt lat="33.1401778198778629302978515625" lon="103.86951967142522335052490234375">
        <ele>2630.60009765625</ele>
        <time>2026-05-19T03:27:39.000Z</time>
        <extensions>
          <ns3:TrackPointExtension>
            <ns3:hr>87</ns3:hr>
          </ns3:TrackPointExtension>
        </extensions>
      </trkpt>
      <trkpt lat="33.1402287818491458892822265625" lon="103.8694760017096996307373046875">
        <ele>2630.800048828125</ele>
        <time>2026-05-19T03:27:47.000Z</time>
        <extensions>
          <ns3:TrackPointExtension>
            <ns3:hr>85</ns3:hr>
          </ns3:TrackPointExtension>
        </extensions>
      </trkpt>
      <trkpt lat="33.14026893116533756256103515625" lon="103.86945211328566074371337890625">
        <ele>2630.800048828125</ele>
        <time>2026-05-19T03:27:51.000Z</time>
        <extensions>
          <ns3:TrackPointExtension>
            <ns3:hr>88</ns3:hr>
          </ns3:TrackPointExtension>
        </extensions>
      </trkpt>
      <trkpt lat="33.140304386615753173828125" lon="103.86943467892706394195556640625">
        <ele>2630.60009765625</ele>
        <time>2026-05-19T03:27:53.000Z</time>
        <extensions>
          <ns3:TrackPointExtension>
            <ns3:hr>91</ns3:hr>
          </ns3:TrackPointExtension>
        </extensions>
      </trkpt>
      <trkpt lat="33.14031553454697132110595703125" lon="103.8694290630519390106201171875">
        <ele>2630.39990234375</ele>
        <time>2026-05-19T03:27:54.000Z</time>
        <extensions>
          <ns3:TrackPointExtension>
            <ns3:hr>88</ns3:hr>
          </ns3:TrackPointExtension>
        </extensions>
      </trkpt>
      <trkpt lat="33.14033179543912410736083984375" lon="103.869426548480987548828125">
        <ele>2630.199951171875</ele>
        <time>2026-05-19T03:27:55.000Z</time>
        <extensions>
          <ns3:TrackPointExtension>
            <ns3:hr>88</ns3:hr>
          </ns3:TrackPointExtension>
        </extensions>
      </trkpt>
      <trkpt lat="33.1403642334043979644775390625" lon="103.86940333060920238494873046875">
        <ele>2630.39990234375</ele>
        <time>2026-05-19T03:28:00.000Z</time>
        <extensions>
          <ns3:TrackPointExtension>
            <ns3:hr>85</ns3:hr>
          </ns3:TrackPointExtension>
        </extensions>
      </trkpt>
      <trkpt lat="33.14036138355731964111328125" lon="103.86940550990402698516845703125">
        <ele>2630.39990234375</ele>
        <time>2026-05-19T03:28:01.000Z</time>
        <extensions>
          <ns3:TrackPointExtension>
            <ns3:hr>85</ns3:hr>
          </ns3:TrackPointExtension>
        </extensions>
      </trkpt>
      <trkpt lat="33.140377812087535858154296875" lon="103.86941783130168914794921875">
        <ele>2629.800048828125</ele>
        <time>2026-05-19T03:28:04.000Z</time>
        <extensions>
          <ns3:TrackPointExtension>
            <ns3:hr>88</ns3:hr>
          </ns3:TrackPointExtension>
        </extensions>
      </trkpt>
      <trkpt lat="33.14039767719805240631103515625" lon="103.86940349824726581573486328125">
        <ele>2630</ele>
        <time>2026-05-19T03:28:07.000Z</time>
        <extensions>
          <ns3:TrackPointExtension>
            <ns3:hr>89</ns3:hr>
          </ns3:TrackPointExtension>
        </extensions>
      </trkpt>
      <trkpt lat="33.14043522812426090240478515625" lon="103.86938455514609813690185546875">
        <ele>2630</ele>
        <time>2026-05-19T03:28:13.000Z</time>
        <extensions>
          <ns3:TrackPointExtension>
            <ns3:hr>88</ns3:hr>
          </ns3:TrackPointExtension>
        </extensions>
      </trkpt>
      <trkpt lat="33.14050915651023387908935546875" lon="103.86933258734643459320068359375">
        <ele>2631.199951171875</ele>
        <time>2026-05-19T03:28:21.000Z</time>
        <extensions>
          <ns3:TrackPointExtension>
            <ns3:hr>88</ns3:hr>
          </ns3:TrackPointExtension>
        </extensions>
      </trkpt>
      <trkpt lat="33.1405301950871944427490234375" lon="103.8693586550652980804443359375">
        <ele>2630.39990234375</ele>
        <time>2026-05-19T03:28:25.000Z</time>
        <extensions>
          <ns3:TrackPointExtension>
            <ns3:hr>88</ns3:hr>
          </ns3:TrackPointExtension>
        </extensions>
      </trkpt>
      <trkpt lat="33.14054486341774463653564453125" lon="103.86937449686229228973388671875">
        <ele>2630</ele>
        <time>2026-05-19T03:28:27.000Z</time>
        <extensions>
          <ns3:TrackPointExtension>
            <ns3:hr>89</ns3:hr>
          </ns3:TrackPointExtension>
        </extensions>
      </trkpt>
      <trkpt lat="33.1405529938638210296630859375" lon="103.86940651573240756988525390625">
        <ele>2629</ele>
        <time>2026-05-19T03:28:30.000Z</time>
        <extensions>
          <ns3:TrackPointExtension>
            <ns3:hr>90</ns3:hr>
          </ns3:TrackPointExtension>
        </extensions>
      </trkpt>
      <trkpt lat="33.1405516527593135833740234375" lon="103.86941975913941860198974609375">
        <ele>2628.60009765625</ele>
        <time>2026-05-19T03:28:31.000Z</time>
        <extensions>
          <ns3:TrackPointExtension>
            <ns3:hr>89</ns3:hr>
          </ns3:TrackPointExtension>
        </extensions>
      </trkpt>
      <trkpt lat="33.14056699164211750030517578125" lon="103.8694900833070278167724609375">
        <ele>2626.60009765625</ele>
        <time>2026-05-19T03:28:36.000Z</time>
        <extensions>
          <ns3:TrackPointExtension>
            <ns3:hr>90</ns3:hr>
          </ns3:TrackPointExtension>
        </extensions>
      </trkpt>
      <trkpt lat="33.14057671464979648590087890625" lon="103.86959896422922611236572265625">
        <ele>2624.199951171875</ele>
        <time>2026-05-19T03:28:46.000Z</time>
        <extensions>
          <ns3:TrackPointExtension>
            <ns3:hr>91</ns3:hr>
          </ns3:TrackPointExtension>
        </extensions>
      </trkpt>
      <trkpt lat="33.14056615345180034637451171875" lon="103.86960013769567012786865234375">
        <ele>2624.199951171875</ele>
        <time>2026-05-19T03:28:53.000Z</time>
        <extensions>
          <ns3:TrackPointExtension>
            <ns3:hr>90</ns3:hr>
          </ns3:TrackPointExtension>
        </extensions>
      </trkpt>
      <trkpt lat="33.14055928029119968414306640625" lon="103.86961304582655429840087890625">
        <ele>2624</ele>
        <time>2026-05-19T03:28:59.000Z</time>
        <extensions>
          <ns3:TrackPointExtension>
            <ns3:hr>93</ns3:hr>
          </ns3:TrackPointExtension>
        </extensions>
      </trkpt>
      <trkpt lat="33.1405583582818508148193359375" lon="103.86961455456912517547607421875">
        <ele>2624</ele>
        <time>2026-05-19T03:29:00.000Z</time>
        <extensions>
          <ns3:TrackPointExtension>
            <ns3:hr>92</ns3:hr>
          </ns3:TrackPointExtension>
        </extensions>
      </trkpt>
      <trkpt lat="33.1405583582818508148193359375" lon="103.8696158118546009063720703125">
        <ele>2624</ele>
        <time>2026-05-19T03:29:10.000Z</time>
        <extensions>
          <ns3:TrackPointExtension>
            <ns3:hr>95</ns3:hr>
          </ns3:TrackPointExtension>
        </extensions>
      </trkpt>
      <trkpt lat="33.1405640579760074615478515625" lon="103.86961589567363262176513671875">
        <ele>2624</ele>
        <time>2026-05-19T03:29:20.000Z</time>
        <extensions>
          <ns3:TrackPointExtension>
            <ns3:hr>96</ns3:hr>
          </ns3:TrackPointExtension>
        </extensions>
      </trkpt>
      <trkpt lat="33.1405580230057239532470703125" lon="103.869682364165782928466796875">
        <ele>2623.199951171875</ele>
        <time>2026-05-19T03:29:30.000Z</time>
        <extensions>
          <ns3:TrackPointExtension>
            <ns3:hr>96</ns3:hr>
          </ns3:TrackPointExtension>
        </extensions>
      </trkpt>
      <trkpt lat="33.14055919647216796875" lon="103.86974682100117206573486328125">
        <ele>2622.800048828125</ele>
        <time>2026-05-19T03:29:34.000Z</time>
        <extensions>
          <ns3:TrackPointExtension>
            <ns3:hr>96</ns3:hr>
          </ns3:TrackPointExtension>
        </extensions>
      </trkpt>
      <trkpt lat="33.14056900329887866973876953125" lon="103.8698065839707851409912109375">
        <ele>2622.39990234375</ele>
        <time>2026-05-19T03:29:38.000Z</time>
        <extensions>
          <ns3:TrackPointExtension>
            <ns3:hr>95</ns3:hr>
          </ns3:TrackPointExtension>
        </extensions>
      </trkpt>
      <trkpt lat="33.14056665636599063873291015625" lon="103.8698800094425678253173828125">
        <ele>2621.800048828125</ele>
        <time>2026-05-19T03:29:44.000Z</time>
        <extensions>
          <ns3:TrackPointExtension>
            <ns3:hr>96</ns3:hr>
          </ns3:TrackPointExtension>
        </extensions>
      </trkpt>
      <trkpt lat="33.14057252369821071624755859375" lon="103.86989266611635684967041015625">
        <ele>2621.60009765625</ele>
        <time>2026-05-19T03:29:45.000Z</time>
        <extensions>
          <ns3:TrackPointExtension>
            <ns3:hr>96</ns3:hr>
          </ns3:TrackPointExtension>
        </extensions>
      </trkpt>
      <trkpt lat="33.140580989420413970947265625" lon="103.86991932056844234466552734375">
        <ele>2621.39990234375</ele>
        <time>2026-05-19T03:29:47.000Z</time>
        <extensions>
          <ns3:TrackPointExtension>
            <ns3:hr>100</ns3:hr>
          </ns3:TrackPointExtension>
        </extensions>
      </trkpt>
      <trkpt lat="33.14058023504912853240966796875" lon="103.8699306361377239227294921875">
        <ele>2621.39990234375</ele>
        <time>2026-05-19T03:29:48.000Z</time>
        <extensions>
          <ns3:TrackPointExtension>
            <ns3:hr>97</ns3:hr>
          </ns3:TrackPointExtension>
        </extensions>
      </trkpt>
      <trkpt lat="33.140591718256473541259765625" lon="103.8700100965797901153564453125">
        <ele>2621</ele>
        <time>2026-05-19T03:29:54.000Z</time>
        <extensions>
          <ns3:TrackPointExtension>
            <ns3:hr>97</ns3:hr>
          </ns3:TrackPointExtension>
        </extensions>
      </trkpt>
      <trkpt lat="33.14059632830321788787841796875" lon="103.8700556941330432891845703125">
        <ele>2621</ele>
        <time>2026-05-19T03:29:57.000Z</time>
        <extensions>
          <ns3:TrackPointExtension>
            <ns3:hr>91</ns3:hr>
          </ns3:TrackPointExtension>
        </extensions>
      </trkpt>
      <trkpt lat="33.1405955739319324493408203125" lon="103.87007438577711582183837890625">
        <ele>2621</ele>
        <time>2026-05-19T03:29:58.000Z</time>
        <extensions>
          <ns3:TrackPointExtension>
            <ns3:hr>91</ns3:hr>
          </ns3:TrackPointExtension>
        </extensions>
      </trkpt>
      <trkpt lat="33.14058828167617321014404296875" lon="103.8701064884662628173828125">
        <ele>2621</ele>
        <time>2026-05-19T03:30:00.000Z</time>
        <extensions>
          <ns3:TrackPointExtension>
            <ns3:hr>93</ns3:hr>
          </ns3:TrackPointExtension>
        </extensions>
      </trkpt>
      <trkpt lat="33.14058677293360233306884765625" lon="103.87013875879347324371337890625">
        <ele>2621.199951171875</ele>
        <time>2026-05-19T03:30:02.000Z</time>
        <extensions>
          <ns3:TrackPointExtension>
            <ns3:hr>96</ns3:hr>
          </ns3:TrackPointExtension>
        </extensions>
      </trkpt>
      <trkpt lat="33.1405992619693279266357421875" lon="103.8701592944562435150146484375">
        <ele>2621</ele>
        <time>2026-05-19T03:30:07.000Z</time>
        <extensions>
          <ns3:TrackPointExtension>
            <ns3:hr>98</ns3:hr>
          </ns3:TrackPointExtension>
        </extensions>
      </trkpt>
      <trkpt lat="33.1406177021563053131103515625" lon="103.87019206769764423370361328125">
        <ele>2620.60009765625</ele>
        <time>2026-05-19T03:30:12.000Z</time>
        <extensions>
          <ns3:TrackPointExtension>
            <ns3:hr>98</ns3:hr>
          </ns3:TrackPointExtension>
        </extensions>
      </trkpt>
      <trkpt lat="33.140626586973667144775390625" lon="103.870216794312000274658203125">
        <ele>2620.60009765625</ele>
        <time>2026-05-19T03:30:15.000Z</time>
        <extensions>
          <ns3:TrackPointExtension>
            <ns3:hr>97</ns3:hr>
          </ns3:TrackPointExtension>
        </extensions>
      </trkpt>
      <trkpt lat="33.140632621943950653076171875" lon="103.8702191412448883056640625">
        <ele>2620.39990234375</ele>
        <time>2026-05-19T03:30:21.000Z</time>
        <extensions>
          <ns3:TrackPointExtension>
            <ns3:hr>94</ns3:hr>
          </ns3:TrackPointExtension>
        </extensions>
      </trkpt>
      <trkpt lat="33.14062817953526973724365234375" lon="103.8702203147113323211669921875">
        <ele>2620.60009765625</ele>
        <time>2026-05-19T03:30:24.000Z</time>
        <extensions>
          <ns3:TrackPointExtension>
            <ns3:hr>92</ns3:hr>
          </ns3:TrackPointExtension>
        </extensions>
      </trkpt>
      <trkpt lat="33.14062960445880889892578125" lon="103.87022056616842746734619140625">
        <ele>2620.39990234375</ele>
        <time>2026-05-19T03:30:32.000Z</time>
        <extensions>
          <ns3:TrackPointExtension>
            <ns3:hr>89</ns3:hr>
          </ns3:TrackPointExtension>
        </extensions>
      </trkpt>
      <trkpt lat="33.14062960445880889892578125" lon="103.87022056616842746734619140625">
        <ele>2620.39990234375</ele>
        <time>2026-05-19T03:30:35.000Z</time>
        <extensions>
          <ns3:TrackPointExtension>
            <ns3:hr>92</ns3:hr>
          </ns3:TrackPointExtension>
        </extensions>
      </trkpt>
      <trkpt lat="33.14062784425914287567138671875" lon="103.8702191412448883056640625">
        <ele>2620.60009765625</ele>
        <time>2026-05-19T03:30:48.000Z</time>
        <extensions>
          <ns3:TrackPointExtension>
            <ns3:hr>91</ns3:hr>
          </ns3:TrackPointExtension>
        </extensions>
      </trkpt>
      <trkpt lat="33.1406277604401111602783203125" lon="103.87021905742585659027099609375">
        <ele>2620.60009765625</ele>
        <time>2026-05-19T03:30:52.000Z</time>
        <extensions>
          <ns3:TrackPointExtension>
            <ns3:hr>87</ns3:hr>
          </ns3:TrackPointExtension>
        </extensions>
      </trkpt>
      <trkpt lat="33.1406277604401111602783203125" lon="103.87021905742585659027099609375">
        <ele>2620.60009765625</ele>
        <time>2026-05-19T03:30:54.000Z</time>
        <extensions>
          <ns3:TrackPointExtension>
            <ns3:hr>84</ns3:hr>
          </ns3:TrackPointExtension>
        </extensions>
      </trkpt>
      <trkpt lat="33.1406277604401111602783203125" lon="103.8702189736068248748779296875">
        <ele>2620.60009765625</ele>
        <time>2026-05-19T03:30:57.000Z</time>
        <extensions>
          <ns3:TrackPointExtension>
            <ns3:hr>81</ns3:hr>
          </ns3:TrackPointExtension>
        </extensions>
      </trkpt>
      <trkpt lat="33.1406314484775066375732421875" lon="103.8702183030545711517333984375">
        <ele>2620.39990234375</ele>
        <time>2026-05-19T03:31:10.000Z</time>
        <extensions>
          <ns3:TrackPointExtension>
            <ns3:hr>84</ns3:hr>
          </ns3:TrackPointExtension>
        </extensions>
      </trkpt>
      <trkpt lat="33.1406337954103946685791015625" lon="103.87021754868328571319580078125">
        <ele>2620.39990234375</ele>
        <time>2026-05-19T03:31:24.000Z</time>
        <extensions>
          <ns3:TrackPointExtension>
            <ns3:hr>87</ns3:hr>
          </ns3:TrackPointExtension>
        </extensions>
      </trkpt>
      <trkpt lat="33.14063454978168010711669921875" lon="103.870217464864253997802734375">
        <ele>2620.39990234375</ele>
        <time>2026-05-19T03:31:28.000Z</time>
        <extensions>
          <ns3:TrackPointExtension>
            <ns3:hr>90</ns3:hr>
          </ns3:TrackPointExtension>
        </extensions>
      </trkpt>
      <trkpt lat="33.14063991419970989227294921875" lon="103.8702149502933025360107421875">
        <ele>2620.39990234375</ele>
        <time>2026-05-19T03:31:38.000Z</time>
        <extensions>
          <ns3:TrackPointExtension>
            <ns3:hr>87</ns3:hr>
          </ns3:TrackPointExtension>
        </extensions>
      </trkpt>
      <trkpt lat="33.14064301550388336181640625" lon="103.8702126033604145050048828125">
        <ele>2620.39990234375</ele>
        <time>2026-05-19T03:32:04.000Z</time>
        <extensions>
          <ns3:TrackPointExtension>
            <ns3:hr>84</ns3:hr>
          </ns3:TrackPointExtension>
        </extensions>
      </trkpt>
      <trkpt lat="33.1406488828361034393310546875" lon="103.87021251954138278961181640625">
        <ele>2620.199951171875</ele>
        <time>2026-05-19T03:32:22.000Z</time>
        <extensions>
          <ns3:TrackPointExtension>
            <ns3:hr>81</ns3:hr>
          </ns3:TrackPointExtension>
        </extensions>
      </trkpt>
      <trkpt lat="33.14068517647683620452880859375" lon="103.8702566921710968017578125">
        <ele>2619.60009765625</ele>
        <time>2026-05-19T03:32:40.000Z</time>
        <extensions>
          <ns3:TrackPointExtension>
            <ns3:hr>80</ns3:hr>
          </ns3:TrackPointExtension>
        </extensions>
      </trkpt>
      <trkpt lat="33.1407410837709903717041015625" lon="103.8702835142612457275390625">
        <ele>2619</ele>
        <time>2026-05-19T03:32:45.000Z</time>
        <extensions>
          <ns3:TrackPointExtension>
            <ns3:hr>83</ns3:hr>
          </ns3:TrackPointExtension>
        </extensions>
      </trkpt>
      <trkpt lat="33.14074854366481304168701171875" lon="103.87029399164021015167236328125">
        <ele>2618.800048828125</ele>
        <time>2026-05-19T03:32:46.000Z</time>
        <extensions>
          <ns3:TrackPointExtension>
            <ns3:hr>81</ns3:hr>
          </ns3:TrackPointExtension>
        </extensions>
      </trkpt>
      <trkpt lat="33.14077922143042087554931640625" lon="103.8703371584415435791015625">
        <ele>2618.60009765625</ele>
        <time>2026-05-19T03:32:53.000Z</time>
        <extensions>
          <ns3:TrackPointExtension>
            <ns3:hr>82</ns3:hr>
          </ns3:TrackPointExtension>
        </extensions>
      </trkpt>
      <trkpt lat="33.140815012156963348388671875" lon="103.87038753367960453033447265625">
        <ele>2618.199951171875</ele>
        <time>2026-05-19T03:33:02.000Z</time>
        <extensions>
          <ns3:TrackPointExtension>
            <ns3:hr>83</ns3:hr>
          </ns3:TrackPointExtension>
        </extensions>
      </trkpt>
      <trkpt lat="33.14081132411956787109375" lon="103.870428018271923065185546875">
        <ele>2618.39990234375</ele>
        <time>2026-05-19T03:33:10.000Z</time>
        <extensions>
          <ns3:TrackPointExtension>
            <ns3:hr>83</ns3:hr>
          </ns3:TrackPointExtension>
        </extensions>
      </trkpt>
      <trkpt lat="33.14081207849085330963134765625" lon="103.87042776681482791900634765625">
        <ele>2618.39990234375</ele>
        <time>2026-05-19T03:33:12.000Z</time>
        <extensions>
          <ns3:TrackPointExtension>
            <ns3:hr>86</ns3:hr>
          </ns3:TrackPointExtension>
        </extensions>
      </trkpt>
      <trkpt lat="33.14081392250955104827880859375" lon="103.87042508460581302642822265625">
        <ele>2618.199951171875</ele>
        <time>2026-05-19T03:33:14.000Z</time>
        <extensions>
          <ns3:TrackPointExtension>
            <ns3:hr>83</ns3:hr>
          </ns3:TrackPointExtension>
        </extensions>
      </trkpt>
      <trkpt lat="33.140817023813724517822265625" lon="103.8704248331487178802490234375">
        <ele>2618.199951171875</ele>
        <time>2026-05-19T03:33:15.000Z</time>
        <extensions>
          <ns3:TrackPointExtension>
            <ns3:hr>86</ns3:hr>
          </ns3:TrackPointExtension>
        </extensions>
      </trkpt>
      <trkpt lat="33.14082540571689605712890625" lon="103.87043698690831661224365234375">
        <ele>2618.199951171875</ele>
        <time>2026-05-19T03:33:18.000Z</time>
        <extensions>
          <ns3:TrackPointExtension>
            <ns3:hr>84</ns3:hr>
          </ns3:TrackPointExtension>
        </extensions>
      </trkpt>
      <trkpt lat="33.14082599245011806488037109375" lon="103.870440423488616943359375">
        <ele>2618.199951171875</ele>
        <time>2026-05-19T03:33:19.000Z</time>
        <extensions>
          <ns3:TrackPointExtension>
            <ns3:hr>87</ns3:hr>
          </ns3:TrackPointExtension>
        </extensions>
      </trkpt>
      <trkpt lat="33.14082666300237178802490234375" lon="103.87044134549796581268310546875">
        <ele>2618.199951171875</ele>
        <time>2026-05-19T03:33:24.000Z</time>
        <extensions>
          <ns3:TrackPointExtension>
            <ns3:hr>90</ns3:hr>
          </ns3:TrackPointExtension>
        </extensions>
      </trkpt>
      <trkpt lat="33.14082599245011806488037109375" lon="103.87044134549796581268310546875">
        <ele>2618.199951171875</ele>
        <time>2026-05-19T03:33:29.000Z</time>
        <extensions>
          <ns3:TrackPointExtension>
            <ns3:hr>85</ns3:hr>
          </ns3:TrackPointExtension>
        </extensions>
      </trkpt>
      <trkpt lat="33.14082540571689605712890625" lon="103.87044134549796581268310546875">
        <ele>2618.199951171875</ele>
        <time>2026-05-19T03:33:31.000Z</time>
        <extensions>
          <ns3:TrackPointExtension>
            <ns3:hr>82</ns3:hr>
          </ns3:TrackPointExtension>
        </extensions>
      </trkpt>
      <trkpt lat="33.14083521254360675811767578125" lon="103.87045056559145450592041015625">
        <ele>2618.199951171875</ele>
        <time>2026-05-19T03:33:54.000Z</time>
        <extensions>
          <ns3:TrackPointExtension>
            <ns3:hr>79</ns3:hr>
          </ns3:TrackPointExtension>
        </extensions>
      </trkpt>
      <trkpt lat="33.14086505211889743804931640625" lon="103.870464228093624114990234375">
        <ele>2617.800048828125</ele>
        <time>2026-05-19T03:34:01.000Z</time>
        <extensions>
          <ns3:TrackPointExtension>
            <ns3:hr>80</ns3:hr>
          </ns3:TrackPointExtension>
        </extensions>
      </trkpt>
      <trkpt lat="33.14094400964677333831787109375" lon="103.8705126754939556121826171875">
        <ele>2617.199951171875</ele>
        <time>2026-05-19T03:34:10.000Z</time>
        <extensions>
          <ns3:TrackPointExtension>
            <ns3:hr>79</ns3:hr>
          </ns3:TrackPointExtension>
        </extensions>
      </trkpt>
      <trkpt lat="33.1409655511379241943359375" lon="103.87051108293235301971435546875">
        <ele>2617</ele>
        <time>2026-05-19T03:34:12.000Z</time>
        <extensions>
          <ns3:TrackPointExtension>
            <ns3:hr>82</ns3:hr>
          </ns3:TrackPointExtension>
        </extensions>
      </trkpt>
      <trkpt lat="33.14103319309651851654052734375" lon="103.87050152756273746490478515625">
        <ele>2616.199951171875</ele>
        <time>2026-05-19T03:34:18.000Z</time>
        <extensions>
          <ns3:TrackPointExtension>
            <ns3:hr>78</ns3:hr>
          </ns3:TrackPointExtension>
        </extensions>
      </trkpt>
      <trkpt lat="33.141045682132244110107421875" lon="103.870521225035190582275390625">
        <ele>2616</ele>
        <time>2026-05-19T03:34:20.000Z</time>
        <extensions>
          <ns3:TrackPointExtension>
            <ns3:hr>82</ns3:hr>
          </ns3:TrackPointExtension>
        </extensions>
      </trkpt>
      <trkpt lat="33.14105163328349590301513671875" lon="103.87057092972099781036376953125">
        <ele>2616.199951171875</ele>
        <time>2026-05-19T03:34:24.000Z</time>
        <extensions>
          <ns3:TrackPointExtension>
            <ns3:hr>81</ns3:hr>
          </ns3:TrackPointExtension>
        </extensions>
      </trkpt>
      <trkpt lat="33.1410569138824939727783203125" lon="103.870630525052547454833984375">
        <ele>2616.199951171875</ele>
        <time>2026-05-19T03:34:31.000Z</time>
        <extensions>
          <ns3:TrackPointExtension>
            <ns3:hr>82</ns3:hr>
          </ns3:TrackPointExtension>
        </extensions>
      </trkpt>
      <trkpt lat="33.14108784310519695281982421875" lon="103.8706886954605579376220703125">
        <ele>2615.800048828125</ele>
        <time>2026-05-19T03:34:38.000Z</time>
        <extensions>
          <ns3:TrackPointExtension>
            <ns3:hr>84</ns3:hr>
          </ns3:TrackPointExtension>
        </extensions>
      </trkpt>
      <trkpt lat="33.1410874240100383758544921875" lon="103.87074896134436130523681640625">
        <ele>2616</ele>
        <time>2026-05-19T03:34:43.000Z</time>
        <extensions>
          <ns3:TrackPointExtension>
            <ns3:hr>86</ns3:hr>
          </ns3:TrackPointExtension>
        </extensions>
      </trkpt>
      <trkpt lat="33.14107476733624935150146484375" lon="103.8707892782986164093017578125">
        <ele>2616.39990234375</ele>
        <time>2026-05-19T03:34:49.000Z</time>
        <extensions>
          <ns3:TrackPointExtension>
            <ns3:hr>89</ns3:hr>
          </ns3:TrackPointExtension>
        </extensions>
      </trkpt>
      <trkpt lat="33.14107107929885387420654296875" lon="103.87078751809895038604736328125">
        <ele>2616.39990234375</ele>
        <time>2026-05-19T03:34:50.000Z</time>
        <extensions>
          <ns3:TrackPointExtension>
            <ns3:hr>87</ns3:hr>
          </ns3:TrackPointExtension>
        </extensions>
      </trkpt>
      <trkpt lat="33.14105984754860401153564453125" lon="103.870786763727664947509765625">
        <ele>2616.60009765625</ele>
        <time>2026-05-19T03:34:58.000Z</time>
        <extensions>
          <ns3:TrackPointExtension>
            <ns3:hr>88</ns3:hr>
          </ns3:TrackPointExtension>
        </extensions>
      </trkpt>
      <trkpt lat="33.14101810567080974578857421875" lon="103.8707929663360118865966796875">
        <ele>2617.39990234375</ele>
        <time>2026-05-19T03:35:05.000Z</time>
        <extensions>
          <ns3:TrackPointExtension>
            <ns3:hr>86</ns3:hr>
          </ns3:TrackPointExtension>
        </extensions>
      </trkpt>
      <trkpt lat="33.14101039431989192962646484375" lon="103.870782069861888885498046875">
        <ele>2617.39990234375</ele>
        <time>2026-05-19T03:35:13.000Z</time>
        <extensions>
          <ns3:TrackPointExtension>
            <ns3:hr>87</ns3:hr>
          </ns3:TrackPointExtension>
        </extensions>
      </trkpt>
      <trkpt lat="33.14101005904376506805419921875" lon="103.8707825727760791778564453125">
        <ele>2617.39990234375</ele>
        <time>2026-05-19T03:35:15.000Z</time>
        <extensions>
          <ns3:TrackPointExtension>
            <ns3:hr>84</ns3:hr>
          </ns3:TrackPointExtension>
        </extensions>
      </trkpt>
      <trkpt lat="33.14101005904376506805419921875" lon="103.8707825727760791778564453125">
        <ele>2617.39990234375</ele>
        <time>2026-05-19T03:35:16.000Z</time>
        <extensions>
          <ns3:TrackPointExtension>
            <ns3:hr>87</ns3:hr>
          </ns3:TrackPointExtension>
        </extensions>
      </trkpt>
      <trkpt lat="33.14101005904376506805419921875" lon="103.8707825727760791778564453125">
        <ele>2617.39990234375</ele>
        <time>2026-05-19T03:35:27.000Z</time>
        <extensions>
          <ns3:TrackPointExtension>
            <ns3:hr>90</ns3:hr>
          </ns3:TrackPointExtension>
        </extensions>
      </trkpt>
      <trkpt lat="33.141012154519557952880859375" lon="103.8707772083580493927001953125">
        <ele>2617.39990234375</ele>
        <time>2026-05-19T03:35:57.000Z</time>
        <extensions>
          <ns3:TrackPointExtension>
            <ns3:hr>87</ns3:hr>
          </ns3:TrackPointExtension>
        </extensions>
      </trkpt>
      <trkpt lat="33.141012154519557952880859375" lon="103.87077695690095424652099609375">
        <ele>2617.39990234375</ele>
        <time>2026-05-19T03:36:00.000Z</time>
        <extensions>
          <ns3:TrackPointExtension>
            <ns3:hr>84</ns3:hr>
          </ns3:TrackPointExtension>
        </extensions>
      </trkpt>
      <trkpt lat="33.14101190306246280670166015625" lon="103.87077678926289081573486328125">
        <ele>2617.39990234375</ele>
        <time>2026-05-19T03:36:03.000Z</time>
        <extensions>
          <ns3:TrackPointExtension>
            <ns3:hr>81</ns3:hr>
          </ns3:TrackPointExtension>
        </extensions>
      </trkpt>
      <trkpt lat="33.14099664799869060516357421875" lon="103.87077695690095424652099609375">
        <ele>2617.60009765625</ele>
        <time>2026-05-19T03:36:15.000Z</time>
        <extensions>
          <ns3:TrackPointExtension>
            <ns3:hr>78</ns3:hr>
          </ns3:TrackPointExtension>
        </extensions>
      </trkpt>
      <trkpt lat="33.14099614508450031280517578125" lon="103.87077695690095424652099609375">
        <ele>2617.60009765625</ele>
        <time>2026-05-19T03:36:19.000Z</time>
        <extensions>
          <ns3:TrackPointExtension>
            <ns3:hr>75</ns3:hr>
          </ns3:TrackPointExtension>
        </extensions>
      </trkpt>
      <trkpt lat="33.14099614508450031280517578125" lon="103.87078030966222286224365234375">
        <ele>2617.60009765625</ele>
        <time>2026-05-19T03:36:27.000Z</time>
        <extensions>
          <ns3:TrackPointExtension>
            <ns3:hr>78</ns3:hr>
          </ns3:TrackPointExtension>
        </extensions>
      </trkpt>
      <trkpt lat="33.141000084578990936279296875" lon="103.87078433297574520111083984375">
        <ele>2617.60009765625</ele>
        <time>2026-05-19T03:36:32.000Z</time>
        <extensions>
          <ns3:TrackPointExtension>
            <ns3:hr>84</ns3:hr>
          </ns3:TrackPointExtension>
        </extensions>
      </trkpt>
      <trkpt lat="33.14100016839802265167236328125" lon="103.8707849197089672088623046875">
        <ele>2617.60009765625</ele>
        <time>2026-05-19T03:36:33.000Z</time>
        <extensions>
          <ns3:TrackPointExtension>
            <ns3:hr>81</ns3:hr>
          </ns3:TrackPointExtension>
        </extensions>
      </trkpt>
      <trkpt lat="33.14099974930286407470703125" lon="103.8707872666418552398681640625">
        <ele>2617.60009765625</ele>
        <time>2026-05-19T03:36:47.000Z</time>
        <extensions>
          <ns3:TrackPointExtension>
            <ns3:hr>84</ns3:hr>
          </ns3:TrackPointExtension>
        </extensions>
      </trkpt>
      <trkpt lat="33.14102648757398128509521484375" lon="103.8708697445690631866455078125">
        <ele>2617.39990234375</ele>
        <time>2026-05-19T03:37:10.000Z</time>
        <extensions>
          <ns3:TrackPointExtension>
            <ns3:hr>81</ns3:hr>
          </ns3:TrackPointExtension>
        </extensions>
      </trkpt>
      <trkpt lat="33.141030929982662200927734375" lon="103.8708754442632198333740234375">
        <ele>2617.39990234375</ele>
        <time>2026-05-19T03:37:11.000Z</time>
        <extensions>
          <ns3:TrackPointExtension>
            <ns3:hr>80</ns3:hr>
          </ns3:TrackPointExtension>
        </extensions>
      </trkpt>
      <trkpt lat="33.141039647161960601806640625" lon="103.87088960967957973480224609375">
        <ele>2617.39990234375</ele>
        <time>2026-05-19T03:37:16.000Z</time>
        <extensions>
          <ns3:TrackPointExtension>
            <ns3:hr>78</ns3:hr>
          </ns3:TrackPointExtension>
        </extensions>
      </trkpt>
      <trkpt lat="33.1410408206284046173095703125" lon="103.87088835239410400390625">
        <ele>2617.199951171875</ele>
        <time>2026-05-19T03:37:30.000Z</time>
        <extensions>
          <ns3:TrackPointExtension>
            <ns3:hr>75</ns3:hr>
          </ns3:TrackPointExtension>
        </extensions>
      </trkpt>
      <trkpt lat="33.1410408206284046173095703125" lon="103.8708905316889286041259765625">
        <ele>2617.39990234375</ele>
        <time>2026-05-19T03:37:38.000Z</time>
        <extensions>
          <ns3:TrackPointExtension>
            <ns3:hr>76</ns3:hr>
          </ns3:TrackPointExtension>
        </extensions>
      </trkpt>
      <trkpt lat="33.14104123972356319427490234375" lon="103.870891369879245758056640625">
        <ele>2617.39990234375</ele>
        <time>2026-05-19T03:37:44.000Z</time>
        <extensions>
          <ns3:TrackPointExtension>
            <ns3:hr>79</ns3:hr>
          </ns3:TrackPointExtension>
        </extensions>
      </trkpt>
      <trkpt lat="33.141041658818721771240234375" lon="103.87089313007891178131103515625">
        <ele>2617.39990234375</ele>
        <time>2026-05-19T03:38:00.000Z</time>
        <extensions>
          <ns3:TrackPointExtension>
            <ns3:hr>83</ns3:hr>
          </ns3:TrackPointExtension>
        </extensions>
      </trkpt>
      <trkpt lat="33.1410421617329120635986328125" lon="103.8709022663533687591552734375">
        <ele>2617.39990234375</ele>
        <time>2026-05-19T03:38:03.000Z</time>
        <extensions>
          <ns3:TrackPointExtension>
            <ns3:hr>80</ns3:hr>
          </ns3:TrackPointExtension>
        </extensions>
      </trkpt>
      <trkpt lat="33.14104476012289524078369140625" lon="103.8709585927426815032958984375">
        <ele>2617.39990234375</ele>
        <time>2026-05-19T03:38:06.000Z</time>
        <extensions>
          <ns3:TrackPointExtension>
            <ns3:hr>82</ns3:hr>
          </ns3:TrackPointExtension>
        </extensions>
      </trkpt>
      <trkpt lat="33.141034282743930816650390625" lon="103.87103847227990627288818359375">
        <ele>2618</ele>
        <time>2026-05-19T03:38:11.000Z</time>
        <extensions>
          <ns3:TrackPointExtension>
            <ns3:hr>82</ns3:hr>
          </ns3:TrackPointExtension>
        </extensions>
      </trkpt>
      <trkpt lat="33.14102984033524990081787109375" lon="103.8710920326411724090576171875">
        <ele>2618.199951171875</ele>
        <time>2026-05-19T03:38:18.000Z</time>
        <extensions>
          <ns3:TrackPointExtension>
            <ns3:hr>81</ns3:hr>
          </ns3:TrackPointExtension>
        </extensions>
      </trkpt>
      <trkpt lat="33.1410310976207256317138671875" lon="103.8710893504321575164794921875">
        <ele>2618.199951171875</ele>
        <time>2026-05-19T03:38:28.000Z</time>
        <extensions>
          <ns3:TrackPointExtension>
            <ns3:hr>82</ns3:hr>
          </ns3:TrackPointExtension>
        </extensions>
      </trkpt>
      <trkpt lat="33.1410352885723114013671875" lon="103.8710868358612060546875">
        <ele>2618.199951171875</ele>
        <time>2026-05-19T03:38:43.000Z</time>
        <extensions>
          <ns3:TrackPointExtension>
            <ns3:hr>83</ns3:hr>
          </ns3:TrackPointExtension>
        </extensions>
      </trkpt>
      <trkpt lat="33.1410352885723114013671875" lon="103.8710868358612060546875">
        <ele>2618.199951171875</ele>
        <time>2026-05-19T03:38:49.000Z</time>
        <extensions>
          <ns3:TrackPointExtension>
            <ns3:hr>80</ns3:hr>
          </ns3:TrackPointExtension>
        </extensions>
      </trkpt>
      <trkpt lat="33.14103604294359683990478515625" lon="103.871086500585079193115234375">
        <ele>2618</ele>
        <time>2026-05-19T03:38:55.000Z</time>
        <extensions>
          <ns3:TrackPointExtension>
            <ns3:hr>77</ns3:hr>
          </ns3:TrackPointExtension>
        </extensions>
      </trkpt>
      <trkpt lat="33.14104400575160980224609375" lon="103.87113603763282299041748046875">
        <ele>2618.199951171875</ele>
        <time>2026-05-19T03:39:05.000Z</time>
        <extensions>
          <ns3:TrackPointExtension>
            <ns3:hr>77</ns3:hr>
          </ns3:TrackPointExtension>
        </extensions>
      </trkpt>
      <trkpt lat="33.1410461850464344024658203125" lon="103.87120393104851245880126953125">
        <ele>2618.39990234375</ele>
        <time>2026-05-19T03:39:09.000Z</time>
        <extensions>
          <ns3:TrackPointExtension>
            <ns3:hr>80</ns3:hr>
          </ns3:TrackPointExtension>
        </extensions>
      </trkpt>
      <trkpt lat="33.1410562433302402496337890625" lon="103.87125053443014621734619140625">
        <ele>2618.39990234375</ele>
        <time>2026-05-19T03:39:13.000Z</time>
        <extensions>
          <ns3:TrackPointExtension>
            <ns3:hr>79</ns3:hr>
          </ns3:TrackPointExtension>
        </extensions>
      </trkpt>
      <trkpt lat="33.14108398742973804473876953125" lon="103.8712767697870731353759765625">
        <ele>2618</ele>
        <time>2026-05-19T03:39:18.000Z</time>
        <extensions>
          <ns3:TrackPointExtension>
            <ns3:hr>82</ns3:hr>
          </ns3:TrackPointExtension>
        </extensions>
      </trkpt>
      <trkpt lat="33.141109049320220947265625" lon="103.871282301843166351318359375">
        <ele>2617.39990234375</ele>
        <time>2026-05-19T03:39:21.000Z</time>
        <extensions>
          <ns3:TrackPointExtension>
            <ns3:hr>82</ns3:hr>
          </ns3:TrackPointExtension>
        </extensions>
      </trkpt>
      <trkpt lat="33.14114266075193881988525390625" lon="103.8712920248508453369140625">
        <ele>2617</ele>
        <time>2026-05-19T03:39:26.000Z</time>
        <extensions>
          <ns3:TrackPointExtension>
            <ns3:hr>79</ns3:hr>
          </ns3:TrackPointExtension>
        </extensions>
      </trkpt>
      <trkpt lat="33.1411494500935077667236328125" lon="103.87128791771829128265380859375">
        <ele>2616.800048828125</ele>
        <time>2026-05-19T03:39:28.000Z</time>
        <extensions>
          <ns3:TrackPointExtension>
            <ns3:hr>82</ns3:hr>
          </ns3:TrackPointExtension>
        </extensions>
      </trkpt>
      <trkpt lat="33.141156323254108428955078125" lon="103.87127970345318317413330078125">
        <ele>2616.60009765625</ele>
        <time>2026-05-19T03:39:30.000Z</time>
        <extensions>
          <ns3:TrackPointExtension>
            <ns3:hr>82</ns3:hr>
          </ns3:TrackPointExtension>
        </extensions>
      </trkpt>
      <trkpt lat="33.14117677509784698486328125" lon="103.8712730817496776580810546875">
        <ele>2616.199951171875</ele>
        <time>2026-05-19T03:39:39.000Z</time>
        <extensions>
          <ns3:TrackPointExtension>
            <ns3:hr>84</ns3:hr>
          </ns3:TrackPointExtension>
        </extensions>
      </trkpt>
      <trkpt lat="33.1412403099238872528076171875" lon="103.87127936817705631256103515625">
        <ele>2615.199951171875</ele>
        <time>2026-05-19T03:39:47.000Z</time>
        <extensions>
          <ns3:TrackPointExtension>
            <ns3:hr>86</ns3:hr>
          </ns3:TrackPointExtension>
        </extensions>
      </trkpt>
      <trkpt lat="33.14130376093089580535888671875" lon="103.87128657661378383636474609375">
        <ele>2614</ele>
        <time>2026-05-19T03:39:54.000Z</time>
        <extensions>
          <ns3:TrackPointExtension>
            <ns3:hr>89</ns3:hr>
          </ns3:TrackPointExtension>
        </extensions>
      </trkpt>
      <trkpt lat="33.14132303930819034576416015625" lon="103.87128238566219806671142578125">
        <ele>2613.60009765625</ele>
        <time>2026-05-19T03:39:56.000Z</time>
        <extensions>
          <ns3:TrackPointExtension>
            <ns3:hr>87</ns3:hr>
          </ns3:TrackPointExtension>
        </extensions>
      </trkpt>
      <trkpt lat="33.14138657413423061370849609375" lon="103.87128598988056182861328125">
        <ele>2612.60009765625</ele>
        <time>2026-05-19T03:40:04.000Z</time>
        <extensions>
          <ns3:TrackPointExtension>
            <ns3:hr>87</ns3:hr>
          </ns3:TrackPointExtension>
        </extensions>
      </trkpt>
      <trkpt lat="33.14143351279199123382568359375" lon="103.87126922607421875">
        <ele>2611.60009765625</ele>
        <time>2026-05-19T03:40:11.000Z</time>
        <extensions>
          <ns3:TrackPointExtension>
            <ns3:hr>85</ns3:hr>
          </ns3:TrackPointExtension>
        </extensions>
      </trkpt>
      <trkpt lat="33.14152839593589305877685546875" lon="103.87126998044550418853759765625">
        <ele>2609.800048828125</ele>
        <time>2026-05-19T03:40:21.000Z</time>
        <extensions>
          <ns3:TrackPointExtension>
            <ns3:hr>84</ns3:hr>
          </ns3:TrackPointExtension>
        </extensions>
      </trkpt>
      <trkpt lat="33.141576088964939117431640625" lon="103.8712539710104465484619140625">
        <ele>2609</ele>
        <time>2026-05-19T03:40:27.000Z</time>
        <extensions>
          <ns3:TrackPointExtension>
            <ns3:hr>87</ns3:hr>
          </ns3:TrackPointExtension>
        </extensions>
      </trkpt>
      <trkpt lat="33.1415876559913158416748046875" lon="103.87125405482947826385498046875">
        <ele>2608.800048828125</ele>
        <time>2026-05-19T03:40:28.000Z</time>
        <extensions>
          <ns3:TrackPointExtension>
            <ns3:hr>86</ns3:hr>
          </ns3:TrackPointExtension>
        </extensions>
      </trkpt>
      <trkpt lat="33.1416657753288745880126953125" lon="103.87127794325351715087890625">
        <ele>2608</ele>
        <time>2026-05-19T03:40:36.000Z</time>
        <extensions>
          <ns3:TrackPointExtension>
            <ns3:hr>84</ns3:hr>
          </ns3:TrackPointExtension>
        </extensions>
      </trkpt>
      <trkpt lat="33.14177700318396091461181640625" lon="103.8712492771446704864501953125">
        <ele>2606.800048828125</ele>
        <time>2026-05-19T03:40:45.000Z</time>
        <extensions>
          <ns3:TrackPointExtension>
            <ns3:hr>82</ns3:hr>
          </ns3:TrackPointExtension>
        </extensions>
      </trkpt>
      <trkpt lat="33.141797371208667755126953125" lon="103.8712383806705474853515625">
        <ele>2606.60009765625</ele>
        <time>2026-05-19T03:40:47.000Z</time>
        <extensions>
          <ns3:TrackPointExtension>
            <ns3:hr>84</ns3:hr>
          </ns3:TrackPointExtension>
        </extensions>
      </trkpt>
      <trkpt lat="33.14184305258095264434814453125" lon="103.8712449185550212860107421875">
        <ele>2606</ele>
        <time>2026-05-19T03:40:51.000Z</time>
        <extensions>
          <ns3:TrackPointExtension>
            <ns3:hr>85</ns3:hr>
          </ns3:TrackPointExtension>
        </extensions>
      </trkpt>
      <trkpt lat="33.1418649293482303619384765625" lon="103.87124299071729183197021484375">
        <ele>2605.800048828125</ele>
        <time>2026-05-19T03:40:53.000Z</time>
        <extensions>
          <ns3:TrackPointExtension>
            <ns3:hr>84</ns3:hr>
          </ns3:TrackPointExtension>
        </extensions>
      </trkpt>
      <trkpt lat="33.141937516629695892333984375" lon="103.87123779393732547760009765625">
        <ele>2605.199951171875</ele>
        <time>2026-05-19T03:40:59.000Z</time>
        <extensions>
          <ns3:TrackPointExtension>
            <ns3:hr>85</ns3:hr>
          </ns3:TrackPointExtension>
        </extensions>
      </trkpt>
      <trkpt lat="33.1420610658824443817138671875" lon="103.8712298311293125152587890625">
        <ele>2604.39990234375</ele>
        <time>2026-05-19T03:41:09.000Z</time>
        <extensions>
          <ns3:TrackPointExtension>
            <ns3:hr>86</ns3:hr>
          </ns3:TrackPointExtension>
        </extensions>
      </trkpt>
      <trkpt lat="33.14214513637125492095947265625" lon="103.87124843895435333251953125">
        <ele>2603.60009765625</ele>
        <time>2026-05-19T03:41:14.000Z</time>
        <extensions>
          <ns3:TrackPointExtension>
            <ns3:hr>82</ns3:hr>
          </ns3:TrackPointExtension>
        </extensions>
      </trkpt>
      <trkpt lat="33.14216374419629573822021484375" lon="103.8712496124207973480224609375">
        <ele>2603.39990234375</ele>
        <time>2026-05-19T03:41:16.000Z</time>
        <extensions>
          <ns3:TrackPointExtension>
            <ns3:hr>85</ns3:hr>
          </ns3:TrackPointExtension>
        </extensions>
      </trkpt>
      <trkpt lat="33.14217866398394107818603515625" lon="103.871245421469211578369140625">
        <ele>2603.39990234375</ele>
        <time>2026-05-19T03:41:18.000Z</time>
        <extensions>
          <ns3:TrackPointExtension>
            <ns3:hr>85</ns3:hr>
          </ns3:TrackPointExtension>
        </extensions>
      </trkpt>
      <trkpt lat="33.1422038935124874114990234375" lon="103.8712462596595287322998046875">
        <ele>2603.199951171875</ele>
        <time>2026-05-19T03:41:21.000Z</time>
        <extensions>
          <ns3:TrackPointExtension>
            <ns3:hr>88</ns3:hr>
          </ns3:TrackPointExtension>
        </extensions>
      </trkpt>
      <trkpt lat="33.1422089226543903350830078125" lon="103.8712486065924167633056640625">
        <ele>2603.199951171875</ele>
        <time>2026-05-19T03:41:22.000Z</time>
        <extensions>
          <ns3:TrackPointExtension>
            <ns3:hr>85</ns3:hr>
          </ns3:TrackPointExtension>
        </extensions>
      </trkpt>
      <trkpt lat="33.142214119434356689453125" lon="103.871246762573719024658203125">
        <ele>2603.199951171875</ele>
        <time>2026-05-19T03:41:24.000Z</time>
        <extensions>
          <ns3:TrackPointExtension>
            <ns3:hr>88</ns3:hr>
          </ns3:TrackPointExtension>
        </extensions>
      </trkpt>
      <trkpt lat="33.142225183546543121337890625" lon="103.8712465949356555938720703125">
        <ele>2603</ele>
        <time>2026-05-19T03:41:26.000Z</time>
        <extensions>
          <ns3:TrackPointExtension>
            <ns3:hr>87</ns3:hr>
          </ns3:TrackPointExtension>
        </extensions>
      </trkpt>
      <trkpt lat="33.14224429428577423095703125" lon="103.8712496124207973480224609375">
        <ele>2602.800048828125</ele>
        <time>2026-05-19T03:41:29.000Z</time>
        <extensions>
          <ns3:TrackPointExtension>
            <ns3:hr>90</ns3:hr>
          </ns3:TrackPointExtension>
        </extensions>
      </trkpt>
      <trkpt lat="33.1422504968941211700439453125" lon="103.87124533765017986297607421875">
        <ele>2602.800048828125</ele>
        <time>2026-05-19T03:41:30.000Z</time>
        <extensions>
          <ns3:TrackPointExtension>
            <ns3:hr>87</ns3:hr>
          </ns3:TrackPointExtension>
        </extensions>
      </trkpt>
      <trkpt lat="33.14229525625705718994140625" lon="103.87123980559408664703369140625">
        <ele>2602.60009765625</ele>
        <time>2026-05-19T03:41:34.000Z</time>
        <extensions>
          <ns3:TrackPointExtension>
            <ns3:hr>87</ns3:hr>
          </ns3:TrackPointExtension>
        </extensions>
      </trkpt>
      <trkpt lat="33.1423011235892772674560546875" lon="103.87124164961278438568115234375">
        <ele>2602.60009765625</ele>
        <time>2026-05-19T03:41:35.000Z</time>
        <extensions>
          <ns3:TrackPointExtension>
            <ns3:hr>84</ns3:hr>
          </ns3:TrackPointExtension>
        </extensions>
      </trkpt>
      <trkpt lat="33.14230439253151416778564453125" lon="103.8712432421743869781494140625">
        <ele>2602.39990234375</ele>
        <time>2026-05-19T03:41:36.000Z</time>
        <extensions>
          <ns3:TrackPointExtension>
            <ns3:hr>87</ns3:hr>
          </ns3:TrackPointExtension>
        </extensions>
      </trkpt>
      <trkpt lat="33.14233825542032718658447265625" lon="103.87125472538173198699951171875">
        <ele>2602.199951171875</ele>
        <time>2026-05-19T03:41:40.000Z</time>
        <extensions>
          <ns3:TrackPointExtension>
            <ns3:hr>85</ns3:hr>
          </ns3:TrackPointExtension>
        </extensions>
      </trkpt>
      <trkpt lat="33.14238016493618488311767578125" lon="103.87126495130360126495361328125">
        <ele>2601.800048828125</ele>
        <time>2026-05-19T03:41:44.000Z</time>
        <extensions>
          <ns3:TrackPointExtension>
            <ns3:hr>88</ns3:hr>
          </ns3:TrackPointExtension>
        </extensions>
      </trkpt>
      <trkpt lat="33.14239005558192729949951171875" lon="103.87126964516937732696533203125">
        <ele>2601.60009765625</ele>
        <time>2026-05-19T03:41:45.000Z</time>
        <extensions>
          <ns3:TrackPointExtension>
            <ns3:hr>85</ns3:hr>
          </ns3:TrackPointExtension>
        </extensions>
      </trkpt>
      <trkpt lat="33.14244705252349376678466796875" lon="103.87129093520343303680419921875">
        <ele>2601</ele>
        <time>2026-05-19T03:41:51.000Z</time>
        <extensions>
          <ns3:TrackPointExtension>
            <ns3:hr>84</ns3:hr>
          </ns3:TrackPointExtension>
        </extensions>
      </trkpt>
      <trkpt lat="33.14253338612616062164306640625" lon="103.87133200652897357940673828125">
        <ele>2599.800048828125</ele>
        <time>2026-05-19T03:41:59.000Z</time>
        <extensions>
          <ns3:TrackPointExtension>
            <ns3:hr>83</ns3:hr>
          </ns3:TrackPointExtension>
        </extensions>
      </trkpt>
      <trkpt lat="33.1425800733268260955810546875" lon="103.87136218138039112091064453125">
        <ele>2599.199951171875</ele>
        <time>2026-05-19T03:42:03.000Z</time>
        <extensions>
          <ns3:TrackPointExtension>
            <ns3:hr>86</ns3:hr>
          </ns3:TrackPointExtension>
        </extensions>
      </trkpt>
      <trkpt lat="33.14267068170011043548583984375" lon="103.87140828184783458709716796875">
        <ele>2598</ele>
        <time>2026-05-19T03:42:10.000Z</time>
        <extensions>
          <ns3:TrackPointExtension>
            <ns3:hr>82</ns3:hr>
          </ns3:TrackPointExtension>
        </extensions>
      </trkpt>
      <trkpt lat="33.14273647964000701904296875" lon="103.8714390434324741363525390625">
        <ele>2597.199951171875</ele>
        <time>2026-05-19T03:42:15.000Z</time>
        <extensions>
          <ns3:TrackPointExtension>
            <ns3:hr>85</ns3:hr>
          </ns3:TrackPointExtension>
        </extensions>
      </trkpt>
      <trkpt lat="33.1427503935992717742919921875" lon="103.871445246040821075439453125">
        <ele>2597</ele>
        <time>2026-05-19T03:42:16.000Z</time>
        <extensions>
          <ns3:TrackPointExtension>
            <ns3:hr>82</ns3:hr>
          </ns3:TrackPointExtension>
        </extensions>
      </trkpt>
      <trkpt lat="33.1427733600139617919921875" lon="103.87145488522946834564208984375">
        <ele>2596.800048828125</ele>
        <time>2026-05-19T03:42:18.000Z</time>
        <extensions>
          <ns3:TrackPointExtension>
            <ns3:hr>85</ns3:hr>
          </ns3:TrackPointExtension>
        </extensions>
      </trkpt>
      <trkpt lat="33.14281317405402660369873046875" lon="103.8714735768735408782958984375">
        <ele>2596.199951171875</ele>
        <time>2026-05-19T03:42:22.000Z</time>
        <extensions>
          <ns3:TrackPointExtension>
            <ns3:hr>84</ns3:hr>
          </ns3:TrackPointExtension>
        </extensions>
      </trkpt>
      <trkpt lat="33.1428241543471813201904296875" lon="103.8714779354631900787353515625">
        <ele>2596.199951171875</ele>
        <time>2026-05-19T03:42:23.000Z</time>
        <extensions>
          <ns3:TrackPointExtension>
            <ns3:hr>87</ns3:hr>
          </ns3:TrackPointExtension>
        </extensions>
      </trkpt>
      <trkpt lat="33.1429143436253070831298828125" lon="103.871510960161685943603515625">
        <ele>2595.199951171875</ele>
        <time>2026-05-19T03:42:31.000Z</time>
        <extensions>
          <ns3:TrackPointExtension>
            <ns3:hr>88</ns3:hr>
          </ns3:TrackPointExtension>
        </extensions>
      </trkpt>
      <trkpt lat="33.14299137331545352935791015625" lon="103.87154482305049896240234375">
        <ele>2594.60009765625</ele>
        <time>2026-05-19T03:42:36.000Z</time>
        <extensions>
          <ns3:TrackPointExtension>
            <ns3:hr>85</ns3:hr>
          </ns3:TrackPointExtension>
        </extensions>
      </trkpt>
      <trkpt lat="33.1430166028439998626708984375" lon="103.8715637661516666412353515625">
        <ele>2594.60009765625</ele>
        <time>2026-05-19T03:42:38.000Z</time>
        <extensions>
          <ns3:TrackPointExtension>
            <ns3:hr>89</ns3:hr>
          </ns3:TrackPointExtension>
        </extensions>
      </trkpt>
      <trkpt lat="33.14303462393581867218017578125" lon="103.8715698011219501495361328125">
        <ele>2594.39990234375</ele>
        <time>2026-05-19T03:42:40.000Z</time>
        <extensions>
          <ns3:TrackPointExtension>
            <ns3:hr>87</ns3:hr>
          </ns3:TrackPointExtension>
        </extensions>
      </trkpt>
      <trkpt lat="33.1430590152740478515625" lon="103.8715771771967411041259765625">
        <ele>2594.39990234375</ele>
        <time>2026-05-19T03:42:43.000Z</time>
        <extensions>
          <ns3:TrackPointExtension>
            <ns3:hr>82</ns3:hr>
          </ns3:TrackPointExtension>
        </extensions>
      </trkpt>
      <trkpt lat="33.14311777241528034210205078125" lon="103.87160374782979488372802734375">
        <ele>2594</ele>
        <time>2026-05-19T03:42:48.000Z</time>
        <extensions>
          <ns3:TrackPointExtension>
            <ns3:hr>86</ns3:hr>
          </ns3:TrackPointExtension>
        </extensions>
      </trkpt>
      <trkpt lat="33.14312900416553020477294921875" lon="103.87160995043814182281494140625">
        <ele>2594</ele>
        <time>2026-05-19T03:42:49.000Z</time>
        <extensions>
          <ns3:TrackPointExtension>
            <ns3:hr>84</ns3:hr>
          </ns3:TrackPointExtension>
        </extensions>
      </trkpt>
      <trkpt lat="33.14320242963731288909912109375" lon="103.87164247222244739532470703125">
        <ele>2593.60009765625</ele>
        <time>2026-05-19T03:42:58.000Z</time>
        <extensions>
          <ns3:TrackPointExtension>
            <ns3:hr>85</ns3:hr>
          </ns3:TrackPointExtension>
        </extensions>
      </trkpt>
      <trkpt lat="33.14323780126869678497314453125" lon="103.8716780953109264373779296875">
        <ele>2593.39990234375</ele>
        <time>2026-05-19T03:43:03.000Z</time>
        <extensions>
          <ns3:TrackPointExtension>
            <ns3:hr>82</ns3:hr>
          </ns3:TrackPointExtension>
        </extensions>
      </trkpt>
      <trkpt lat="33.143242411315441131591796875" lon="103.8716858066618442535400390625">
        <ele>2593.39990234375</ele>
        <time>2026-05-19T03:43:05.000Z</time>
        <extensions>
          <ns3:TrackPointExtension>
            <ns3:hr>85</ns3:hr>
          </ns3:TrackPointExtension>
        </extensions>
      </trkpt>
      <trkpt lat="33.14324283041059970855712890625" lon="103.8716876506805419921875">
        <ele>2593.39990234375</ele>
        <time>2026-05-19T03:43:07.000Z</time>
        <extensions>
          <ns3:TrackPointExtension>
            <ns3:hr>81</ns3:hr>
          </ns3:TrackPointExtension>
        </extensions>
      </trkpt>
      <trkpt lat="33.14324886538088321685791015625" lon="103.8716928474605083465576171875">
        <ele>2593.39990234375</ele>
        <time>2026-05-19T03:43:11.000Z</time>
        <extensions>
          <ns3:TrackPointExtension>
            <ns3:hr>85</ns3:hr>
          </ns3:TrackPointExtension>
        </extensions>
      </trkpt>
      <trkpt lat="33.14323897473514080047607421875" lon="103.8717179931700229644775390625">
        <ele>2593.199951171875</ele>
        <time>2026-05-19T03:43:15.000Z</time>
        <extensions>
          <ns3:TrackPointExtension>
            <ns3:hr>82</ns3:hr>
          </ns3:TrackPointExtension>
        </extensions>
      </trkpt>
      <trkpt lat="33.143233023583889007568359375" lon="103.87172444723546504974365234375">
        <ele>2593.199951171875</ele>
        <time>2026-05-19T03:43:16.000Z</time>
        <extensions>
          <ns3:TrackPointExtension>
            <ns3:hr>82</ns3:hr>
          </ns3:TrackPointExtension>
        </extensions>
      </trkpt>
      <trkpt lat="33.14321902580559253692626953125" lon="103.871757723391056060791015625">
        <ele>2593</ele>
        <time>2026-05-19T03:43:21.000Z</time>
        <extensions>
          <ns3:TrackPointExtension>
            <ns3:hr>79</ns3:hr>
          </ns3:TrackPointExtension>
        </extensions>
      </trkpt>
      <trkpt lat="33.14320988953113555908203125" lon="103.87179829180240631103515625">
        <ele>2593</ele>
        <time>2026-05-19T03:43:24.000Z</time>
        <extensions>
          <ns3:TrackPointExtension>
            <ns3:hr>79</ns3:hr>
          </ns3:TrackPointExtension>
        </extensions>
      </trkpt>
      <trkpt lat="33.143175356090068817138671875" lon="103.8719325698912143707275390625">
        <ele>2593.199951171875</ele>
        <time>2026-05-19T03:43:33.000Z</time>
        <extensions>
          <ns3:TrackPointExtension>
            <ns3:hr>80</ns3:hr>
          </ns3:TrackPointExtension>
        </extensions>
      </trkpt>
      <trkpt lat="33.143177367746829986572265625" lon="103.871949501335620880126953125">
        <ele>2593.199951171875</ele>
        <time>2026-05-19T03:43:34.000Z</time>
        <extensions>
          <ns3:TrackPointExtension>
            <ns3:hr>79</ns3:hr>
          </ns3:TrackPointExtension>
        </extensions>
      </trkpt>
      <trkpt lat="33.14317929558455944061279296875" lon="103.87197573669254779815673828125">
        <ele>2593.199951171875</ele>
        <time>2026-05-19T03:43:36.000Z</time>
        <extensions>
          <ns3:TrackPointExtension>
            <ns3:hr>80</ns3:hr>
          </ns3:TrackPointExtension>
        </extensions>
      </trkpt>
      <trkpt lat="33.143176026642322540283203125" lon="103.8720043189823627471923828125">
        <ele>2593.199951171875</ele>
        <time>2026-05-19T03:43:38.000Z</time>
        <extensions>
          <ns3:TrackPointExtension>
            <ns3:hr>80</ns3:hr>
          </ns3:TrackPointExtension>
        </extensions>
      </trkpt>
      <trkpt lat="33.143147192895412445068359375" lon="103.87208268977701663970947265625">
        <ele>2592.800048828125</ele>
        <time>2026-05-19T03:43:43.000Z</time>
        <extensions>
          <ns3:TrackPointExtension>
            <ns3:hr>83</ns3:hr>
          </ns3:TrackPointExtension>
        </extensions>
      </trkpt>
      <trkpt lat="33.1431198678910732269287109375" lon="103.87213490903377532958984375">
        <ele>2592.60009765625</ele>
        <time>2026-05-19T03:43:47.000Z</time>
        <extensions>
          <ns3:TrackPointExtension>
            <ns3:hr>82</ns3:hr>
          </ns3:TrackPointExtension>
        </extensions>
      </trkpt>
      <trkpt lat="33.143051303923130035400390625" lon="103.87224328704178333282470703125">
        <ele>2592.199951171875</ele>
        <time>2026-05-19T03:43:56.000Z</time>
        <extensions>
          <ns3:TrackPointExtension>
            <ns3:hr>80</ns3:hr>
          </ns3:TrackPointExtension>
        </extensions>
      </trkpt>
      <trkpt lat="33.142964132130146026611328125" lon="103.87231822125613689422607421875">
        <ele>2592</ele>
        <time>2026-05-19T03:44:05.000Z</time>
        <extensions>
          <ns3:TrackPointExtension>
            <ns3:hr>79</ns3:hr>
          </ns3:TrackPointExtension>
        </extensions>
      </trkpt>
      <trkpt lat="33.14293672330677509307861328125" lon="103.87235308997333049774169921875">
        <ele>2592.39990234375</ele>
        <time>2026-05-19T03:44:09.000Z</time>
        <extensions>
          <ns3:TrackPointExtension>
            <ns3:hr>82</ns3:hr>
          </ns3:TrackPointExtension>
        </extensions>
      </trkpt>
      <trkpt lat="33.14289984293282032012939453125" lon="103.87238435447216033935546875">
        <ele>2592.800048828125</ele>
        <time>2026-05-19T03:44:13.000Z</time>
        <extensions>
          <ns3:TrackPointExtension>
            <ns3:hr>84</ns3:hr>
          </ns3:TrackPointExtension>
        </extensions>
      </trkpt>
      <trkpt lat="33.14285441301763057708740234375" lon="103.87248854152858257293701171875">
        <ele>2594</ele>
        <time>2026-05-19T03:44:22.000Z</time>
        <extensions>
          <ns3:TrackPointExtension>
            <ns3:hr>85</ns3:hr>
          </ns3:TrackPointExtension>
        </extensions>
      </trkpt>
      <trkpt lat="33.14281619153916835784912109375" lon="103.87252424843609333038330078125">
        <ele>2594.199951171875</ele>
        <time>2026-05-19T03:44:26.000Z</time>
        <extensions>
          <ns3:TrackPointExtension>
            <ns3:hr>86</ns3:hr>
          </ns3:TrackPointExtension>
        </extensions>
      </trkpt>
      <trkpt lat="33.1427939794957637786865234375" lon="103.87255978770554065704345703125">
        <ele>2594.39990234375</ele>
        <time>2026-05-19T03:44:30.000Z</time>
        <extensions>
          <ns3:TrackPointExtension>
            <ns3:hr>88</ns3:hr>
          </ns3:TrackPointExtension>
        </extensions>
      </trkpt>
      <trkpt lat="33.1427886150777339935302734375" lon="103.8725655712187290191650390625">
        <ele>2594.39990234375</ele>
        <time>2026-05-19T03:44:32.000Z</time>
        <extensions>
          <ns3:TrackPointExtension>
            <ns3:hr>85</ns3:hr>
          </ns3:TrackPointExtension>
        </extensions>
      </trkpt>
      <trkpt lat="33.14278517849743366241455078125" lon="103.87256984598934650421142578125">
        <ele>2594.39990234375</ele>
        <time>2026-05-19T03:44:37.000Z</time>
        <extensions>
          <ns3:TrackPointExtension>
            <ns3:hr>86</ns3:hr>
          </ns3:TrackPointExtension>
        </extensions>
      </trkpt>
      <trkpt lat="33.14274293370544910430908203125" lon="103.872623406350612640380859375">
        <ele>2595.199951171875</ele>
        <time>2026-05-19T03:44:44.000Z</time>
        <extensions>
          <ns3:TrackPointExtension>
            <ns3:hr>87</ns3:hr>
          </ns3:TrackPointExtension>
        </extensions>
      </trkpt>
      <trkpt lat="33.14274377189576625823974609375" lon="103.87266506440937519073486328125">
        <ele>2596</ele>
        <time>2026-05-19T03:44:50.000Z</time>
        <extensions>
          <ns3:TrackPointExtension>
            <ns3:hr>87</ns3:hr>
          </ns3:TrackPointExtension>
        </extensions>
      </trkpt>
      <trkpt lat="33.1427560932934284210205078125" lon="103.87268342077732086181640625">
        <ele>2596.39990234375</ele>
        <time>2026-05-19T03:44:54.000Z</time>
        <extensions>
          <ns3:TrackPointExtension>
            <ns3:hr>83</ns3:hr>
          </ns3:TrackPointExtension>
        </extensions>
      </trkpt>
      <trkpt lat="33.14276522956788539886474609375" lon="103.87267797254025936126708984375">
        <ele>2596.199951171875</ele>
        <time>2026-05-19T03:44:56.000Z</time>
        <extensions>
          <ns3:TrackPointExtension>
            <ns3:hr>83</ns3:hr>
          </ns3:TrackPointExtension>
        </extensions>
      </trkpt>
      <trkpt lat="33.1427706778049468994140625" lon="103.87267805635929107666015625">
        <ele>2596.199951171875</ele>
        <time>2026-05-19T03:44:58.000Z</time>
        <extensions>
          <ns3:TrackPointExtension>
            <ns3:hr>87</ns3:hr>
          </ns3:TrackPointExtension>
        </extensions>
      </trkpt>
      <trkpt lat="33.1427715159952640533447265625" lon="103.87268048711121082305908203125">
        <ele>2596.39990234375</ele>
        <time>2026-05-19T03:45:04.000Z</time>
        <extensions>
          <ns3:TrackPointExtension>
            <ns3:hr>85</ns3:hr>
          </ns3:TrackPointExtension>
        </extensions>
      </trkpt>
      <trkpt lat="33.142782412469387054443359375" lon="103.87270630337297916412353515625">
        <ele>2596.800048828125</ele>
        <time>2026-05-19T03:45:34.000Z</time>
        <extensions>
          <ns3:TrackPointExtension>
            <ns3:hr>85</ns3:hr>
          </ns3:TrackPointExtension>
        </extensions>
      </trkpt>
      <trkpt lat="33.1428028643131256103515625" lon="103.87273094616830348968505859375">
        <ele>2597.39990234375</ele>
        <time>2026-05-19T03:45:41.000Z</time>
        <extensions>
          <ns3:TrackPointExtension>
            <ns3:hr>83</ns3:hr>
          </ns3:TrackPointExtension>
        </extensions>
      </trkpt>
      <trkpt lat="33.1428506411612033843994140625" lon="103.872768580913543701171875">
        <ele>2598</ele>
        <time>2026-05-19T03:45:47.000Z</time>
        <extensions>
          <ns3:TrackPointExtension>
            <ns3:hr>81</ns3:hr>
          </ns3:TrackPointExtension>
        </extensions>
      </trkpt>
      <trkpt lat="33.14287100918591022491455078125" lon="103.8727962411940097808837890625">
        <ele>2598.39990234375</ele>
        <time>2026-05-19T03:45:53.000Z</time>
        <extensions>
          <ns3:TrackPointExtension>
            <ns3:hr>82</ns3:hr>
          </ns3:TrackPointExtension>
        </extensions>
      </trkpt>
      <trkpt lat="33.14288257621228694915771484375" lon="103.872792385518550872802734375">
        <ele>2598.39990234375</ele>
        <time>2026-05-19T03:45:57.000Z</time>
        <extensions>
          <ns3:TrackPointExtension>
            <ns3:hr>84</ns3:hr>
          </ns3:TrackPointExtension>
        </extensions>
      </trkpt>
      <trkpt lat="33.1429772078990936279296875" lon="103.87282666750252246856689453125">
        <ele>2598.60009765625</ele>
        <time>2026-05-19T03:46:05.000Z</time>
        <extensions>
          <ns3:TrackPointExtension>
            <ns3:hr>85</ns3:hr>
          </ns3:TrackPointExtension>
        </extensions>
      </trkpt>
      <trkpt lat="33.1430447660386562347412109375" lon="103.8728331215679645538330078125">
        <ele>2598</ele>
        <time>2026-05-19T03:46:13.000Z</time>
        <extensions>
          <ns3:TrackPointExtension>
            <ns3:hr>82</ns3:hr>
          </ns3:TrackPointExtension>
        </extensions>
      </trkpt>
      <trkpt lat="33.14305658452212810516357421875" lon="103.87283287011086940765380859375">
        <ele>2597.800048828125</ele>
        <time>2026-05-19T03:46:14.000Z</time>
        <extensions>
          <ns3:TrackPointExtension>
            <ns3:hr>83</ns3:hr>
          </ns3:TrackPointExtension>
        </extensions>
      </trkpt>
      <trkpt lat="33.14307443797588348388671875" lon="103.8728301040828227996826171875">
        <ele>2597.60009765625</ele>
        <time>2026-05-19T03:46:16.000Z</time>
        <extensions>
          <ns3:TrackPointExtension>
            <ns3:hr>84</ns3:hr>
          </ns3:TrackPointExtension>
        </extensions>
      </trkpt>
      <trkpt lat="33.14308960922062397003173828125" lon="103.87283605523407459259033203125">
        <ele>2597.60009765625</ele>
        <time>2026-05-19T03:46:18.000Z</time>
        <extensions>
          <ns3:TrackPointExtension>
            <ns3:hr>87</ns3:hr>
          </ns3:TrackPointExtension>
        </extensions>
      </trkpt>
      <trkpt lat="33.1431356258690357208251953125" lon="103.87283354066312313079833984375">
        <ele>2597</ele>
        <time>2026-05-19T03:46:24.000Z</time>
        <extensions>
          <ns3:TrackPointExtension>
            <ns3:hr>85</ns3:hr>
          </ns3:TrackPointExtension>
        </extensions>
      </trkpt>
      <trkpt lat="33.1431621126830577850341796875" lon="103.87283362448215484619140625">
        <ele>2596.800048828125</ele>
        <time>2026-05-19T03:46:25.000Z</time>
        <extensions>
          <ns3:TrackPointExtension>
            <ns3:hr>86</ns3:hr>
          </ns3:TrackPointExtension>
        </extensions>
      </trkpt>
      <trkpt lat="33.14324500970542430877685546875" lon="103.87278593145310878753662109375">
        <ele>2595</ele>
        <time>2026-05-19T03:46:31.000Z</time>
        <extensions>
          <ns3:TrackPointExtension>
            <ns3:hr>87</ns3:hr>
          </ns3:TrackPointExtension>
        </extensions>
      </trkpt>
      <trkpt lat="33.14332815818488597869873046875" lon="103.872739411890506744384765625">
        <ele>2592.800048828125</ele>
        <time>2026-05-19T03:46:43.000Z</time>
        <extensions>
          <ns3:TrackPointExtension>
            <ns3:hr>89</ns3:hr>
          </ns3:TrackPointExtension>
        </extensions>
      </trkpt>
      <trkpt lat="33.14340895973145961761474609375" lon="103.8726973347365856170654296875">
        <ele>2591.39990234375</ele>
        <time>2026-05-19T03:46:53.000Z</time>
        <extensions>
          <ns3:TrackPointExtension>
            <ns3:hr>91</ns3:hr>
          </ns3:TrackPointExtension>
        </extensions>
      </trkpt>
      <trkpt lat="33.14348557032644748687744140625" lon="103.8727224804461002349853515625">
        <ele>2591</ele>
        <time>2026-05-19T03:47:01.000Z</time>
        <extensions>
          <ns3:TrackPointExtension>
            <ns3:hr>93</ns3:hr>
          </ns3:TrackPointExtension>
        </extensions>
      </trkpt>
      <trkpt lat="33.14351708628237247467041015625" lon="103.87274821288883686065673828125">
        <ele>2591</ele>
        <time>2026-05-19T03:47:05.000Z</time>
        <extensions>
          <ns3:TrackPointExtension>
            <ns3:hr>92</ns3:hr>
          </ns3:TrackPointExtension>
        </extensions>
      </trkpt>
      <trkpt lat="33.1435366161167621612548828125" lon="103.87275047600269317626953125">
        <ele>2590.800048828125</ele>
        <time>2026-05-19T03:47:07.000Z</time>
        <extensions>
          <ns3:TrackPointExtension>
            <ns3:hr>93</ns3:hr>
          </ns3:TrackPointExtension>
        </extensions>
      </trkpt>
      <trkpt lat="33.14358984120190143585205078125" lon="103.87276413850486278533935546875">
        <ele>2590.39990234375</ele>
        <time>2026-05-19T03:47:13.000Z</time>
        <extensions>
          <ns3:TrackPointExtension>
            <ns3:hr>90</ns3:hr>
          </ns3:TrackPointExtension>
        </extensions>
      </trkpt>
      <trkpt lat="33.14364901743829250335693359375" lon="103.872778974473476409912109375">
        <ele>2589.800048828125</ele>
        <time>2026-05-19T03:47:18.000Z</time>
        <extensions>
          <ns3:TrackPointExtension>
            <ns3:hr>91</ns3:hr>
          </ns3:TrackPointExtension>
        </extensions>
      </trkpt>
      <trkpt lat="33.1437443196773529052734375" lon="103.8727902062237262725830078125">
        <ele>2588.60009765625</ele>
        <time>2026-05-19T03:47:27.000Z</time>
        <extensions>
          <ns3:TrackPointExtension>
            <ns3:hr>87</ns3:hr>
          </ns3:TrackPointExtension>
        </extensions>
      </trkpt>
      <trkpt lat="33.1437947787344455718994140625" lon="103.87279515154659748077392578125">
        <ele>2588</ele>
        <time>2026-05-19T03:47:34.000Z</time>
        <extensions>
          <ns3:TrackPointExtension>
            <ns3:hr>87</ns3:hr>
          </ns3:TrackPointExtension>
        </extensions>
      </trkpt>
      <trkpt lat="33.14386971294879913330078125" lon="103.87282448820769786834716796875">
        <ele>2588</ele>
        <time>2026-05-19T03:47:43.000Z</time>
        <extensions>
          <ns3:TrackPointExtension>
            <ns3:hr>83</ns3:hr>
          </ns3:TrackPointExtension>
        </extensions>
      </trkpt>
      <trkpt lat="33.14392327331006526947021484375" lon="103.87288031168282032012939453125">
        <ele>2588.60009765625</ele>
        <time>2026-05-19T03:47:49.000Z</time>
        <extensions>
          <ns3:TrackPointExtension>
            <ns3:hr>83</ns3:hr>
          </ns3:TrackPointExtension>
        </extensions>
      </trkpt>
      <trkpt lat="33.14402570016682147979736328125" lon="103.872931860387325286865234375">
        <ele>2591.60009765625</ele>
        <time>2026-05-19T03:48:01.000Z</time>
        <extensions>
          <ns3:TrackPointExtension>
            <ns3:hr>86</ns3:hr>
          </ns3:TrackPointExtension>
        </extensions>
      </trkpt>
      <trkpt lat="33.1440824456512928009033203125" lon="103.87295926921069622039794921875">
        <ele>2593.199951171875</ele>
        <time>2026-05-19T03:48:08.000Z</time>
        <extensions>
          <ns3:TrackPointExtension>
            <ns3:hr>88</ns3:hr>
          </ns3:TrackPointExtension>
        </extensions>
      </trkpt>
      <trkpt lat="33.144132904708385467529296875" lon="103.87298542074859142303466796875">
        <ele>2594.800048828125</ele>
        <time>2026-05-19T03:48:17.000Z</time>
        <extensions>
          <ns3:TrackPointExtension>
            <ns3:hr>86</ns3:hr>
          </ns3:TrackPointExtension>
        </extensions>
      </trkpt>
      <trkpt lat="33.1441609002649784088134765625" lon="103.87297720648348331451416015625">
        <ele>2594.199951171875</ele>
        <time>2026-05-19T03:48:24.000Z</time>
        <extensions>
          <ns3:TrackPointExtension>
            <ns3:hr>86</ns3:hr>
          </ns3:TrackPointExtension>
        </extensions>
      </trkpt>
      <trkpt lat="33.14416131936013698577880859375" lon="103.87297452427446842193603515625">
        <ele>2594</ele>
        <time>2026-05-19T03:48:42.000Z</time>
        <extensions>
          <ns3:TrackPointExtension>
            <ns3:hr>83</ns3:hr>
          </ns3:TrackPointExtension>
        </extensions>
      </trkpt>
      <trkpt lat="33.1441625766456127166748046875" lon="103.87297636829316616058349609375">
        <ele>2594.199951171875</ele>
        <time>2026-05-19T03:48:49.000Z</time>
        <extensions>
          <ns3:TrackPointExtension>
            <ns3:hr>86</ns3:hr>
          </ns3:TrackPointExtension>
        </extensions>
      </trkpt>
      <trkpt lat="33.14416098408401012420654296875" lon="103.87297653593122959136962890625">
        <ele>2594.199951171875</ele>
        <time>2026-05-19T03:49:07.000Z</time>
        <extensions>
          <ns3:TrackPointExtension>
            <ns3:hr>88</ns3:hr>
          </ns3:TrackPointExtension>
        </extensions>
      </trkpt>
      <trkpt lat="33.14415696077048778533935546875" lon="103.87297871522605419158935546875">
        <ele>2594.39990234375</ele>
        <time>2026-05-19T03:49:21.000Z</time>
        <extensions>
          <ns3:TrackPointExtension>
            <ns3:hr>85</ns3:hr>
          </ns3:TrackPointExtension>
        </extensions>
      </trkpt>
      <trkpt lat="33.144191913306713104248046875" lon="103.872978799045085906982421875">
        <ele>2594.199951171875</ele>
        <time>2026-05-19T03:49:44.000Z</time>
        <extensions>
          <ns3:TrackPointExtension>
            <ns3:hr>88</ns3:hr>
          </ns3:TrackPointExtension>
        </extensions>
      </trkpt>
      <trkpt lat="33.1442111916840076446533203125" lon="103.87297100387513637542724609375">
        <ele>2593.39990234375</ele>
        <time>2026-05-19T03:49:46.000Z</time>
        <extensions>
          <ns3:TrackPointExtension>
            <ns3:hr>87</ns3:hr>
          </ns3:TrackPointExtension>
        </extensions>
      </trkpt>
      <trkpt lat="33.1442893110215663909912109375" lon="103.87293010018765926361083984375">
        <ele>2590</ele>
        <time>2026-05-19T03:49:53.000Z</time>
        <extensions>
          <ns3:TrackPointExtension>
            <ns3:hr>89</ns3:hr>
          </ns3:TrackPointExtension>
        </extensions>
      </trkpt>
      <trkpt lat="33.144364915788173675537109375" lon="103.8728706724941730499267578125">
        <ele>2586.199951171875</ele>
        <time>2026-05-19T03:50:02.000Z</time>
        <extensions>
          <ns3:TrackPointExtension>
            <ns3:hr>89</ns3:hr>
          </ns3:TrackPointExtension>
        </extensions>
      </trkpt>
      <trkpt lat="33.14439349807798862457275390625" lon="103.87283152900636196136474609375">
        <ele>2586.199951171875</ele>
        <time>2026-05-19T03:50:07.000Z</time>
        <extensions>
          <ns3:TrackPointExtension>
            <ns3:hr>87</ns3:hr>
          </ns3:TrackPointExtension>
        </extensions>
      </trkpt>
      <trkpt lat="33.144402801990509033203125" lon="103.87281350791454315185546875">
        <ele>2586</ele>
        <time>2026-05-19T03:50:09.000Z</time>
        <extensions>
          <ns3:TrackPointExtension>
            <ns3:hr>86</ns3:hr>
          </ns3:TrackPointExtension>
        </extensions>
      </trkpt>
      <trkpt lat="33.14441428519785404205322265625" lon="103.87278375215828418731689453125">
        <ele>2585.800048828125</ele>
        <time>2026-05-19T03:50:12.000Z</time>
        <extensions>
          <ns3:TrackPointExtension>
            <ns3:hr>86</ns3:hr>
          </ns3:TrackPointExtension>
        </extensions>
      </trkpt>
      <trkpt lat="33.14441679976880550384521484375" lon="103.87272943742573261260986328125">
        <ele>2585</ele>
        <time>2026-05-19T03:50:16.000Z</time>
        <extensions>
          <ns3:TrackPointExtension>
            <ns3:hr>86</ns3:hr>
          </ns3:TrackPointExtension>
        </extensions>
      </trkpt>
      <trkpt lat="33.14443171955645084381103515625" lon="103.87269574217498302459716796875">
        <ele>2584.800048828125</ele>
        <time>2026-05-19T03:50:22.000Z</time>
        <extensions>
          <ns3:TrackPointExtension>
            <ns3:hr>87</ns3:hr>
          </ns3:TrackPointExtension>
        </extensions>
      </trkpt>
      <trkpt lat="33.1444673426449298858642578125" lon="103.8726825825870037078857421875">
        <ele>2585</ele>
        <time>2026-05-19T03:50:27.000Z</time>
        <extensions>
          <ns3:TrackPointExtension>
            <ns3:hr>87</ns3:hr>
          </ns3:TrackPointExtension>
        </extensions>
      </trkpt>
      <trkpt lat="33.14448955468833446502685546875" lon="103.87268610298633575439453125">
        <ele>2585.39990234375</ele>
        <time>2026-05-19T03:50:29.000Z</time>
        <extensions>
          <ns3:TrackPointExtension>
            <ns3:hr>86</ns3:hr>
          </ns3:TrackPointExtension>
        </extensions>
      </trkpt>
      <trkpt lat="33.14453615806996822357177734375" lon="103.8726975023746490478515625">
        <ele>2586</ele>
        <time>2026-05-19T03:50:33.000Z</time>
        <extensions>
          <ns3:TrackPointExtension>
            <ns3:hr>89</ns3:hr>
          </ns3:TrackPointExtension>
        </extensions>
      </trkpt>
      <trkpt lat="33.1446115113794803619384765625" lon="103.872680403292179107666015625">
        <ele>2586.60009765625</ele>
        <time>2026-05-19T03:50:40.000Z</time>
        <extensions>
          <ns3:TrackPointExtension>
            <ns3:hr>88</ns3:hr>
          </ns3:TrackPointExtension>
        </extensions>
      </trkpt>
      <trkpt lat="33.14474352635443210601806640625" lon="103.87261846102774143218994140625">
        <ele>2585.199951171875</ele>
        <time>2026-05-19T03:50:54.000Z</time>
        <extensions>
          <ns3:TrackPointExtension>
            <ns3:hr>86</ns3:hr>
          </ns3:TrackPointExtension>
        </extensions>
      </trkpt>
      <trkpt lat="33.14478945918381214141845703125" lon="103.8725930638611316680908203125">
        <ele>2585</ele>
        <time>2026-05-19T03:50:59.000Z</time>
        <extensions>
          <ns3:TrackPointExtension>
            <ns3:hr>89</ns3:hr>
          </ns3:TrackPointExtension>
        </extensions>
      </trkpt>
      <trkpt lat="33.14480580389499664306640625" lon="103.87258225120604038238525390625">
        <ele>2585</ele>
        <time>2026-05-19T03:51:01.000Z</time>
        <extensions>
          <ns3:TrackPointExtension>
            <ns3:hr>87</ns3:hr>
          </ns3:TrackPointExtension>
        </extensions>
      </trkpt>
      <trkpt lat="33.14483656547963619232177734375" lon="103.8725628890097141265869140625">
        <ele>2585.199951171875</ele>
        <time>2026-05-19T03:51:05.000Z</time>
        <extensions>
          <ns3:TrackPointExtension>
            <ns3:hr>82</ns3:hr>
          </ns3:TrackPointExtension>
        </extensions>
      </trkpt>
      <trkpt lat="33.14486640505492687225341796875" lon="103.8725387491285800933837890625">
        <ele>2585</ele>
        <time>2026-05-19T03:51:09.000Z</time>
        <extensions>
          <ns3:TrackPointExtension>
            <ns3:hr>84</ns3:hr>
          </ns3:TrackPointExtension>
        </extensions>
      </trkpt>
      <trkpt lat="33.14487277530133724212646484375" lon="103.87252994813024997711181640625">
        <ele>2584.800048828125</ele>
        <time>2026-05-19T03:51:10.000Z</time>
        <extensions>
          <ns3:TrackPointExtension>
            <ns3:hr>82</ns3:hr>
          </ns3:TrackPointExtension>
        </extensions>
      </trkpt>
      <trkpt lat="33.1449243240058422088623046875" lon="103.8724475540220737457275390625">
        <ele>2583.39990234375</ele>
        <time>2026-05-19T03:51:18.000Z</time>
        <extensions>
          <ns3:TrackPointExtension>
            <ns3:hr>80</ns3:hr>
          </ns3:TrackPointExtension>
        </extensions>
      </trkpt>
      <trkpt lat="33.14497402869164943695068359375" lon="103.87239701114594936370849609375">
        <ele>2582</ele>
        <time>2026-05-19T03:51:25.000Z</time>
        <extensions>
          <ns3:TrackPointExtension>
            <ns3:hr>77</ns3:hr>
          </ns3:TrackPointExtension>
        </extensions>
      </trkpt>
      <trkpt lat="33.144991211593151092529296875" lon="103.872388042509555816650390625">
        <ele>2581.39990234375</ele>
        <time>2026-05-19T03:51:27.000Z</time>
        <extensions>
          <ns3:TrackPointExtension>
            <ns3:hr>77</ns3:hr>
          </ns3:TrackPointExtension>
        </extensions>
      </trkpt>
      <trkpt lat="33.14501392655074596405029296875" lon="103.87236499227583408355712890625">
        <ele>2580.60009765625</ele>
        <time>2026-05-19T03:51:33.000Z</time>
        <extensions>
          <ns3:TrackPointExtension>
            <ns3:hr>77</ns3:hr>
          </ns3:TrackPointExtension>
        </extensions>
      </trkpt>
      <trkpt lat="33.14503136090934276580810546875" lon="103.8723600469529628753662109375">
        <ele>2580</ele>
        <time>2026-05-19T03:51:35.000Z</time>
        <extensions>
          <ns3:TrackPointExtension>
            <ns3:hr>80</ns3:hr>
          </ns3:TrackPointExtension>
        </extensions>
      </trkpt>
      <trkpt lat="33.1450440175831317901611328125" lon="103.87235350906848907470703125">
        <ele>2579.800048828125</ele>
        <time>2026-05-19T03:51:36.000Z</time>
        <extensions>
          <ns3:TrackPointExtension>
            <ns3:hr>77</ns3:hr>
          </ns3:TrackPointExtension>
        </extensions>
      </trkpt>
      <trkpt lat="33.1450698338449001312255859375" lon="103.87234856374561786651611328125">
        <ele>2579</ele>
        <time>2026-05-19T03:51:39.000Z</time>
        <extensions>
          <ns3:TrackPointExtension>
            <ns3:hr>77</ns3:hr>
          </ns3:TrackPointExtension>
        </extensions>
      </trkpt>
      <trkpt lat="33.14512901008129119873046875" lon="103.87236985377967357635498046875">
        <ele>2577.800048828125</ele>
        <time>2026-05-19T03:51:43.000Z</time>
        <extensions>
          <ns3:TrackPointExtension>
            <ns3:hr>76</ns3:hr>
          </ns3:TrackPointExtension>
        </extensions>
      </trkpt>
      <trkpt lat="33.14514971338212490081787109375" lon="103.8723997771739959716796875">
        <ele>2577.60009765625</ele>
        <time>2026-05-19T03:51:45.000Z</time>
        <extensions>
          <ns3:TrackPointExtension>
            <ns3:hr>78</ns3:hr>
          </ns3:TrackPointExtension>
        </extensions>
      </trkpt>
      <trkpt lat="33.1451553292572498321533203125" lon="103.87244160287082195281982421875">
        <ele>2577.800048828125</ele>
        <time>2026-05-19T03:51:48.000Z</time>
        <extensions>
          <ns3:TrackPointExtension>
            <ns3:hr>81</ns3:hr>
          </ns3:TrackPointExtension>
        </extensions>
      </trkpt>
      <trkpt lat="33.14515038393437862396240234375" lon="103.872471190989017486572265625">
        <ele>2578.199951171875</ele>
        <time>2026-05-19T03:51:50.000Z</time>
        <extensions>
          <ns3:TrackPointExtension>
            <ns3:hr>83</ns3:hr>
          </ns3:TrackPointExtension>
        </extensions>
      </trkpt>
      <trkpt lat="33.14514770172536373138427734375" lon="103.8724874518811702728271484375">
        <ele>2578.60009765625</ele>
        <time>2026-05-19T03:51:51.000Z</time>
        <extensions>
          <ns3:TrackPointExtension>
            <ns3:hr>82</ns3:hr>
          </ns3:TrackPointExtension>
        </extensions>
      </trkpt>
      <trkpt lat="33.145166896283626556396484375" lon="103.872525505721569061279296875">
        <ele>2578.39990234375</ele>
        <time>2026-05-19T03:51:56.000Z</time>
        <extensions>
          <ns3:TrackPointExtension>
            <ns3:hr>84</ns3:hr>
          </ns3:TrackPointExtension>
        </extensions>
      </trkpt>
      <trkpt lat="33.14516245387494564056396484375" lon="103.87253263033926486968994140625">
        <ele>2578.60009765625</ele>
        <time>2026-05-19T03:51:57.000Z</time>
        <extensions>
          <ns3:TrackPointExtension>
            <ns3:hr>84</ns3:hr>
          </ns3:TrackPointExtension>
        </extensions>
      </trkpt>
      <trkpt lat="33.1451549939811229705810546875" lon="103.872572444379329681396484375">
        <ele>2579.199951171875</ele>
        <time>2026-05-19T03:52:00.000Z</time>
        <extensions>
          <ns3:TrackPointExtension>
            <ns3:hr>85</ns3:hr>
          </ns3:TrackPointExtension>
        </extensions>
      </trkpt>
      <trkpt lat="33.14514501951634883880615234375" lon="103.87259532697498798370361328125">
        <ele>2579.60009765625</ele>
        <time>2026-05-19T03:52:02.000Z</time>
        <extensions>
          <ns3:TrackPointExtension>
            <ns3:hr>85</ns3:hr>
          </ns3:TrackPointExtension>
        </extensions>
      </trkpt>
      <trkpt lat="33.1451486237347126007080078125" lon="103.8726353086531162261962890625">
        <ele>2580.39990234375</ele>
        <time>2026-05-19T03:52:05.000Z</time>
        <extensions>
          <ns3:TrackPointExtension>
            <ns3:hr>85</ns3:hr>
          </ns3:TrackPointExtension>
        </extensions>
      </trkpt>
      <trkpt lat="33.14516228623688220977783203125" lon="103.872742094099521636962890625">
        <ele>2582.800048828125</ele>
        <time>2026-05-19T03:52:14.000Z</time>
        <extensions>
          <ns3:TrackPointExtension>
            <ns3:hr>86</ns3:hr>
          </ns3:TrackPointExtension>
        </extensions>
      </trkpt>
      <trkpt lat="33.14515926875174045562744140625" lon="103.8727928884327411651611328125">
        <ele>2584.199951171875</ele>
        <time>2026-05-19T03:52:21.000Z</time>
        <extensions>
          <ns3:TrackPointExtension>
            <ns3:hr>89</ns3:hr>
          </ns3:TrackPointExtension>
        </extensions>
      </trkpt>
      <trkpt lat="33.14517066814005374908447265625" lon="103.87283764779567718505859375">
        <ele>2585</ele>
        <time>2026-05-19T03:52:27.000Z</time>
        <extensions>
          <ns3:TrackPointExtension>
            <ns3:hr>86</ns3:hr>
          </ns3:TrackPointExtension>
        </extensions>
      </trkpt>
      <trkpt lat="33.14517192542552947998046875" lon="103.87286069802939891815185546875">
        <ele>2585.60009765625</ele>
        <time>2026-05-19T03:52:30.000Z</time>
        <extensions>
          <ns3:TrackPointExtension>
            <ns3:hr>87</ns3:hr>
          </ns3:TrackPointExtension>
        </extensions>
      </trkpt>
      <trkpt lat="33.1451777927577495574951171875" lon="103.872906379401683807373046875">
        <ele>2586.60009765625</ele>
        <time>2026-05-19T03:52:37.000Z</time>
        <extensions>
          <ns3:TrackPointExtension>
            <ns3:hr>87</ns3:hr>
          </ns3:TrackPointExtension>
        </extensions>
      </trkpt>
      <trkpt lat="33.14518776722252368927001953125" lon="103.87293680571019649505615234375">
        <ele>2587.199951171875</ele>
        <time>2026-05-19T03:52:44.000Z</time>
        <extensions>
          <ns3:TrackPointExtension>
            <ns3:hr>86</ns3:hr>
          </ns3:TrackPointExtension>
        </extensions>
      </trkpt>
      <trkpt lat="33.14522548578679561614990234375" lon="103.8729360513389110565185546875">
        <ele>2586.39990234375</ele>
        <time>2026-05-19T03:52:51.000Z</time>
        <extensions>
          <ns3:TrackPointExtension>
            <ns3:hr>86</ns3:hr>
          </ns3:TrackPointExtension>
        </extensions>
      </trkpt>
      <trkpt lat="33.14528985880315303802490234375" lon="103.87299112044274806976318359375">
        <ele>2586.39990234375</ele>
        <time>2026-05-19T03:52:59.000Z</time>
        <extensions>
          <ns3:TrackPointExtension>
            <ns3:hr>84</ns3:hr>
          </ns3:TrackPointExtension>
        </extensions>
      </trkpt>
      <trkpt lat="33.1453253142535686492919921875" lon="103.8730242289602756500244140625">
        <ele>2586.39990234375</ele>
        <time>2026-05-19T03:53:07.000Z</time>
        <extensions>
          <ns3:TrackPointExtension>
            <ns3:hr>84</ns3:hr>
          </ns3:TrackPointExtension>
        </extensions>
      </trkpt>
      <trkpt lat="33.14531316049396991729736328125" lon="103.87296815402805805206298828125">
        <ele>2585</ele>
        <time>2026-05-19T03:53:11.000Z</time>
        <extensions>
          <ns3:TrackPointExtension>
            <ns3:hr>84</ns3:hr>
          </ns3:TrackPointExtension>
        </extensions>
      </trkpt>
      <trkpt lat="33.14534601755440235137939453125" lon="103.87311265803873538970947265625">
        <ele>2588.199951171875</ele>
        <time>2026-05-19T03:53:17.000Z</time>
        <extensions>
          <ns3:TrackPointExtension>
            <ns3:hr>85</ns3:hr>
          </ns3:TrackPointExtension>
        </extensions>
      </trkpt>
      <trkpt lat="33.14537904225289821624755859375" lon="103.8732163421809673309326171875">
        <ele>2593.199951171875</ele>
        <time>2026-05-19T03:53:20.000Z</time>
        <extensions>
          <ns3:TrackPointExtension>
            <ns3:hr>84</ns3:hr>
          </ns3:TrackPointExtension>
        </extensions>
      </trkpt>
      <trkpt lat="33.14538759179413318634033203125" lon="103.8732066191732883453369140625">
        <ele>2592.199951171875</ele>
        <time>2026-05-19T03:53:22.000Z</time>
        <extensions>
          <ns3:TrackPointExtension>
            <ns3:hr>82</ns3:hr>
          </ns3:TrackPointExtension>
        </extensions>
      </trkpt>
      <trkpt lat="33.1453927047550678253173828125" lon="103.87320234440267086029052734375">
        <ele>2591.800048828125</ele>
        <time>2026-05-19T03:53:23.000Z</time>
        <extensions>
          <ns3:TrackPointExtension>
            <ns3:hr>83</ns3:hr>
          </ns3:TrackPointExtension>
        </extensions>
      </trkpt>
      <trkpt lat="33.1453970633447170257568359375" lon="103.87315708212554454803466796875">
        <ele>2588.199951171875</ele>
        <time>2026-05-19T03:53:25.000Z</time>
        <extensions>
          <ns3:TrackPointExtension>
            <ns3:hr>85</ns3:hr>
          </ns3:TrackPointExtension>
        </extensions>
      </trkpt>
      <trkpt lat="33.145400583744049072265625" lon="103.87308566831052303314208984375">
        <ele>2586.199951171875</ele>
        <time>2026-05-19T03:53:27.000Z</time>
        <extensions>
          <ns3:TrackPointExtension>
            <ns3:hr>84</ns3:hr>
          </ns3:TrackPointExtension>
        </extensions>
      </trkpt>
      <trkpt lat="33.1454099714756011962890625" lon="103.873045854270458221435546875">
        <ele>2584.60009765625</ele>
        <time>2026-05-19T03:53:29.000Z</time>
        <extensions>
          <ns3:TrackPointExtension>
            <ns3:hr>81</ns3:hr>
          </ns3:TrackPointExtension>
        </extensions>
      </trkpt>
      <trkpt lat="33.14542748965322971343994140625" lon="103.8730124942958354949951171875">
        <ele>2583.199951171875</ele>
        <time>2026-05-19T03:53:31.000Z</time>
        <extensions>
          <ns3:TrackPointExtension>
            <ns3:hr>82</ns3:hr>
          </ns3:TrackPointExtension>
        </extensions>
      </trkpt>
      <trkpt lat="33.145433776080608367919921875" lon="103.87297335080802440643310546875">
        <ele>2581.60009765625</ele>
        <time>2026-05-19T03:53:33.000Z</time>
        <extensions>
          <ns3:TrackPointExtension>
            <ns3:hr>84</ns3:hr>
          </ns3:TrackPointExtension>
        </extensions>
      </trkpt>
      <trkpt lat="33.145435787737369537353515625" lon="103.87296195141971111297607421875">
        <ele>2581.199951171875</ele>
        <time>2026-05-19T03:53:34.000Z</time>
        <extensions>
          <ns3:TrackPointExtension>
            <ns3:hr>84</ns3:hr>
          </ns3:TrackPointExtension>
        </extensions>
      </trkpt>
      <trkpt lat="33.145452551543712615966796875" lon="103.87294937856495380401611328125">
        <ele>2580.39990234375</ele>
        <time>2026-05-19T03:53:37.000Z</time>
        <extensions>
          <ns3:TrackPointExtension>
            <ns3:hr>84</ns3:hr>
          </ns3:TrackPointExtension>
        </extensions>
      </trkpt>
      <trkpt lat="33.14545028842985630035400390625" lon="103.87291886843740940093994140625">
        <ele>2579.39990234375</ele>
        <time>2026-05-19T03:53:38.000Z</time>
        <extensions>
          <ns3:TrackPointExtension>
            <ns3:hr>85</ns3:hr>
          </ns3:TrackPointExtension>
        </extensions>
      </trkpt>
      <trkpt lat="33.14543067477643489837646484375" lon="103.8728341273963451385498046875">
        <ele>2577.60009765625</ele>
        <time>2026-05-19T03:53:43.000Z</time>
        <extensions>
          <ns3:TrackPointExtension>
            <ns3:hr>85</ns3:hr>
          </ns3:TrackPointExtension>
        </extensions>
      </trkpt>
      <trkpt lat="33.14542916603386402130126953125" lon="103.87283362448215484619140625">
        <ele>2577.60009765625</ele>
        <time>2026-05-19T03:53:51.000Z</time>
        <extensions>
          <ns3:TrackPointExtension>
            <ns3:hr>85</ns3:hr>
          </ns3:TrackPointExtension>
        </extensions>
      </trkpt>
      <trkpt lat="33.14542983658611774444580078125" lon="103.8728304393589496612548828125">
        <ele>2577.60009765625</ele>
        <time>2026-05-19T03:54:01.000Z</time>
        <extensions>
          <ns3:TrackPointExtension>
            <ns3:hr>86</ns3:hr>
          </ns3:TrackPointExtension>
        </extensions>
      </trkpt>
      <trkpt lat="33.1454356200993061065673828125" lon="103.87284795753657817840576171875">
        <ele>2577.800048828125</ele>
        <time>2026-05-19T03:54:06.000Z</time>
        <extensions>
          <ns3:TrackPointExtension>
            <ns3:hr>86</ns3:hr>
          </ns3:TrackPointExtension>
        </extensions>
      </trkpt>
      <trkpt lat="33.14543344080448150634765625" lon="103.87282532639801502227783203125">
        <ele>2577.39990234375</ele>
        <time>2026-05-19T03:54:26.000Z</time>
        <extensions>
          <ns3:TrackPointExtension>
            <ns3:hr>87</ns3:hr>
          </ns3:TrackPointExtension>
        </extensions>
      </trkpt>
      <trkpt lat="33.14548498950898647308349609375" lon="103.8728002645075321197509765625">
        <ele>2576.199951171875</ele>
        <time>2026-05-19T03:54:30.000Z</time>
        <extensions>
          <ns3:TrackPointExtension>
            <ns3:hr>86</ns3:hr>
          </ns3:TrackPointExtension>
        </extensions>
      </trkpt>
      <trkpt lat="33.1455680541694164276123046875" lon="103.8727972470223903656005859375">
        <ele>2575.800048828125</ele>
        <time>2026-05-19T03:54:36.000Z</time>
        <extensions>
          <ns3:TrackPointExtension>
            <ns3:hr>87</ns3:hr>
          </ns3:TrackPointExtension>
        </extensions>
      </trkpt>
      <trkpt lat="33.14557752572000026702880859375" lon="103.87269238941371440887451171875">
        <ele>2573.39990234375</ele>
        <time>2026-05-19T03:54:40.000Z</time>
        <extensions>
          <ns3:TrackPointExtension>
            <ns3:hr>88</ns3:hr>
          </ns3:TrackPointExtension>
        </extensions>
      </trkpt>
      <trkpt lat="33.14559646882116794586181640625" lon="103.8725779764354228973388671875">
        <ele>2571.39990234375</ele>
        <time>2026-05-19T03:54:45.000Z</time>
        <extensions>
          <ns3:TrackPointExtension>
            <ns3:hr>88</ns3:hr>
          </ns3:TrackPointExtension>
        </extensions>
      </trkpt>
      <trkpt lat="33.1456186808645725250244140625" lon="103.8726089894771575927734375">
        <ele>2571.60009765625</ele>
        <time>2026-05-19T03:54:47.000Z</time>
        <extensions>
          <ns3:TrackPointExtension>
            <ns3:hr>89</ns3:hr>
          </ns3:TrackPointExtension>
        </extensions>
      </trkpt>
      <trkpt lat="33.145642988383769989013671875" lon="103.8726584427058696746826171875">
        <ele>2572.60009765625</ele>
        <time>2026-05-19T03:54:50.000Z</time>
        <extensions>
          <ns3:TrackPointExtension>
            <ns3:hr>89</ns3:hr>
          </ns3:TrackPointExtension>
        </extensions>
      </trkpt>
      <trkpt lat="33.1456857360899448394775390625" lon="103.8726386614143848419189453125">
        <ele>2572</ele>
        <time>2026-05-19T03:54:55.000Z</time>
        <extensions>
          <ns3:TrackPointExtension>
            <ns3:hr>89</ns3:hr>
          </ns3:TrackPointExtension>
        </extensions>
      </trkpt>
      <trkpt lat="33.1456914357841014862060546875" lon="103.87261636555194854736328125">
        <ele>2571.39990234375</ele>
        <time>2026-05-19T03:54:56.000Z</time>
        <extensions>
          <ns3:TrackPointExtension>
            <ns3:hr>89</ns3:hr>
          </ns3:TrackPointExtension>
        </extensions>
      </trkpt>
      <trkpt lat="33.14570970833301544189453125" lon="103.872627429664134979248046875">
        <ele>2571.60009765625</ele>
        <time>2026-05-19T03:54:58.000Z</time>
        <extensions>
          <ns3:TrackPointExtension>
            <ns3:hr>88</ns3:hr>
          </ns3:TrackPointExtension>
        </extensions>
      </trkpt>
      <trkpt lat="33.14572219736874103546142578125" lon="103.87263572774827480316162109375">
        <ele>2571.800048828125</ele>
        <time>2026-05-19T03:54:59.000Z</time>
        <extensions>
          <ns3:TrackPointExtension>
            <ns3:hr>88</ns3:hr>
          </ns3:TrackPointExtension>
        </extensions>
      </trkpt>
      <trkpt lat="33.145795874297618865966796875" lon="103.87268719263374805450439453125">
        <ele>2573.60009765625</ele>
        <time>2026-05-19T03:55:04.000Z</time>
        <extensions>
          <ns3:TrackPointExtension>
            <ns3:hr>85</ns3:hr>
          </ns3:TrackPointExtension>
        </extensions>
      </trkpt>
      <trkpt lat="33.14582026563584804534912109375" lon="103.8727157749235630035400390625">
        <ele>2574.60009765625</ele>
        <time>2026-05-19T03:55:06.000Z</time>
        <extensions>
          <ns3:TrackPointExtension>
            <ns3:hr>85</ns3:hr>
          </ns3:TrackPointExtension>
        </extensions>
      </trkpt>
      <trkpt lat="33.14585513435304164886474609375" lon="103.8727100752294063568115234375">
        <ele>2575</ele>
        <time>2026-05-19T03:55:10.000Z</time>
        <extensions>
          <ns3:TrackPointExtension>
            <ns3:hr>84</ns3:hr>
          </ns3:TrackPointExtension>
        </extensions>
      </trkpt>
      <trkpt lat="33.1458845548331737518310546875" lon="103.87272709049284458160400390625">
        <ele>2575.800048828125</ele>
        <time>2026-05-19T03:55:12.000Z</time>
        <extensions>
          <ns3:TrackPointExtension>
            <ns3:hr>84</ns3:hr>
          </ns3:TrackPointExtension>
        </extensions>
      </trkpt>
      <trkpt lat="33.1459358520805835723876953125" lon="103.87278643436729907989501953125">
        <ele>2577.800048828125</ele>
        <time>2026-05-19T03:55:14.000Z</time>
        <extensions>
          <ns3:TrackPointExtension>
            <ns3:hr>84</ns3:hr>
          </ns3:TrackPointExtension>
        </extensions>
      </trkpt>
      <trkpt lat="33.14597264863550662994384765625" lon="103.87280202470719814300537109375">
        <ele>2578.800048828125</ele>
        <time>2026-05-19T03:55:17.000Z</time>
        <extensions>
          <ns3:TrackPointExtension>
            <ns3:hr>85</ns3:hr>
          </ns3:TrackPointExtension>
        </extensions>
      </trkpt>
      <trkpt lat="33.14599511213600635528564453125" lon="103.8729048706591129302978515625">
        <ele>2581.39990234375</ele>
        <time>2026-05-19T03:55:18.000Z</time>
        <extensions>
          <ns3:TrackPointExtension>
            <ns3:hr>85</ns3:hr>
          </ns3:TrackPointExtension>
        </extensions>
      </trkpt>
      <trkpt lat="33.1460169889032840728759765625" lon="103.87292741797864437103271484375">
        <ele>2582.39990234375</ele>
        <time>2026-05-19T03:55:20.000Z</time>
        <extensions>
          <ns3:TrackPointExtension>
            <ns3:hr>85</ns3:hr>
          </ns3:TrackPointExtension>
        </extensions>
      </trkpt>
      <trkpt lat="33.1460347585380077362060546875" lon="103.8729501329362392425537109375">
        <ele>2583.199951171875</ele>
        <time>2026-05-19T03:55:21.000Z</time>
        <extensions>
          <ns3:TrackPointExtension>
            <ns3:hr>88</ns3:hr>
          </ns3:TrackPointExtension>
        </extensions>
      </trkpt>
      <trkpt lat="33.14604758284986019134521484375" lon="103.87296983040869235992431640625">
        <ele>2584</ele>
        <time>2026-05-19T03:55:22.000Z</time>
        <extensions>
          <ns3:TrackPointExtension>
            <ns3:hr>85</ns3:hr>
          </ns3:TrackPointExtension>
        </extensions>
      </trkpt>
      <trkpt lat="33.14605948515236377716064453125" lon="103.87298223562538623809814453125">
        <ele>2584.39990234375</ele>
        <time>2026-05-19T03:55:23.000Z</time>
        <extensions>
          <ns3:TrackPointExtension>
            <ns3:hr>89</ns3:hr>
          </ns3:TrackPointExtension>
        </extensions>
      </trkpt>
      <trkpt lat="33.14607105217874050140380859375" lon="103.87297335080802440643310546875">
        <ele>2584.199951171875</ele>
        <time>2026-05-19T03:55:24.000Z</time>
        <extensions>
          <ns3:TrackPointExtension>
            <ns3:hr>85</ns3:hr>
          </ns3:TrackPointExtension>
        </extensions>
      </trkpt>
      <trkpt lat="33.1460803560912609100341796875" lon="103.872961699962615966796875">
        <ele>2584</ele>
        <time>2026-05-19T03:55:25.000Z</time>
        <extensions>
          <ns3:TrackPointExtension>
            <ns3:hr>86</ns3:hr>
          </ns3:TrackPointExtension>
        </extensions>
      </trkpt>
      <trkpt lat="33.1460971198976039886474609375" lon="103.87294552288949489593505859375">
        <ele>2583.199951171875</ele>
        <time>2026-05-19T03:55:27.000Z</time>
        <extensions>
          <ns3:TrackPointExtension>
            <ns3:hr>86</ns3:hr>
          </ns3:TrackPointExtension>
        </extensions>
      </trkpt>
      <trkpt lat="33.1461115367710590362548828125" lon="103.87291065417230129241943359375">
        <ele>2581.199951171875</ele>
        <time>2026-05-19T03:55:29.000Z</time>
        <extensions>
          <ns3:TrackPointExtension>
            <ns3:hr>82</ns3:hr>
          </ns3:TrackPointExtension>
        </extensions>
      </trkpt>
      <trkpt lat="33.14612888731062412261962890625" lon="103.87295700609683990478515625">
        <ele>2583.39990234375</ele>
        <time>2026-05-19T03:55:30.000Z</time>
        <extensions>
          <ns3:TrackPointExtension>
            <ns3:hr>85</ns3:hr>
          </ns3:TrackPointExtension>
        </extensions>
      </trkpt>
      <trkpt lat="33.1461500935256481170654296875" lon="103.87301106937229633331298828125">
        <ele>2586</ele>
        <time>2026-05-19T03:55:31.000Z</time>
        <extensions>
          <ns3:TrackPointExtension>
            <ns3:hr>85</ns3:hr>
          </ns3:TrackPointExtension>
        </extensions>
      </trkpt>
      <trkpt lat="33.14618445932865142822265625" lon="103.87305247597396373748779296875">
        <ele>2587.800048828125</ele>
        <time>2026-05-19T03:55:33.000Z</time>
        <extensions>
          <ns3:TrackPointExtension>
            <ns3:hr>85</ns3:hr>
          </ns3:TrackPointExtension>
        </extensions>
      </trkpt>
      <trkpt lat="33.14624388702213764190673828125" lon="103.87306303717195987701416015625">
        <ele>2587.39990234375</ele>
        <time>2026-05-19T03:55:38.000Z</time>
        <extensions>
          <ns3:TrackPointExtension>
            <ns3:hr>85</ns3:hr>
          </ns3:TrackPointExtension>
        </extensions>
      </trkpt>
      <trkpt lat="33.146349750459194183349609375" lon="103.873098827898502349853515625">
        <ele>2586</ele>
        <time>2026-05-19T03:55:47.000Z</time>
        <extensions>
          <ns3:TrackPointExtension>
            <ns3:hr>88</ns3:hr>
          </ns3:TrackPointExtension>
        </extensions>
      </trkpt>
      <trkpt lat="33.1463821046054363250732421875" lon="103.873097486793994903564453125">
        <ele>2584.39990234375</ele>
        <time>2026-05-19T03:55:50.000Z</time>
        <extensions>
          <ns3:TrackPointExtension>
            <ns3:hr>91</ns3:hr>
          </ns3:TrackPointExtension>
        </extensions>
      </trkpt>
      <trkpt lat="33.14638336189091205596923828125" lon="103.8730912841856479644775390625">
        <ele>2584</ele>
        <time>2026-05-19T03:55:59.000Z</time>
        <extensions>
          <ns3:TrackPointExtension>
            <ns3:hr>90</ns3:hr>
          </ns3:TrackPointExtension>
        </extensions>
      </trkpt>
      <trkpt lat="33.146383278071880340576171875" lon="103.8730917870998382568359375">
        <ele>2584</ele>
        <time>2026-05-19T03:56:06.000Z</time>
        <extensions>
          <ns3:TrackPointExtension>
            <ns3:hr>87</ns3:hr>
          </ns3:TrackPointExtension>
        </extensions>
      </trkpt>
      <trkpt lat="33.14638386480510234832763671875" lon="103.87309187091886997222900390625">
        <ele>2584</ele>
        <time>2026-05-19T03:56:18.000Z</time>
        <extensions>
          <ns3:TrackPointExtension>
            <ns3:hr>83</ns3:hr>
          </ns3:TrackPointExtension>
        </extensions>
      </trkpt>
      <trkpt lat="33.1464518420398235321044921875" lon="103.8731264881789684295654296875">
        <ele>2582.60009765625</ele>
        <time>2026-05-19T03:56:34.000Z</time>
        <extensions>
          <ns3:TrackPointExtension>
            <ns3:hr>84</ns3:hr>
          </ns3:TrackPointExtension>
        </extensions>
      </trkpt>
      <trkpt lat="33.14655452035367488861083984375" lon="103.8731749355792999267578125">
        <ele>2583.199951171875</ele>
        <time>2026-05-19T03:56:42.000Z</time>
        <extensions>
          <ns3:TrackPointExtension>
            <ns3:hr>87</ns3:hr>
          </ns3:TrackPointExtension>
        </extensions>
      </trkpt>
      <trkpt lat="33.146567009389400482177734375" lon="103.87318558059632778167724609375">
        <ele>2584.800048828125</ele>
        <time>2026-05-19T03:56:44.000Z</time>
        <extensions>
          <ns3:TrackPointExtension>
            <ns3:hr>89</ns3:hr>
          </ns3:TrackPointExtension>
        </extensions>
      </trkpt>
      <trkpt lat="33.14659886062145233154296875" lon="103.87320653535425662994384765625">
        <ele>2583</ele>
        <time>2026-05-19T03:56:50.000Z</time>
        <extensions>
          <ns3:TrackPointExtension>
            <ns3:hr>90</ns3:hr>
          </ns3:TrackPointExtension>
        </extensions>
      </trkpt>
      <trkpt lat="33.1466466374695301055908203125" lon="103.8732143305242061614990234375">
        <ele>2579.60009765625</ele>
        <time>2026-05-19T03:56:54.000Z</time>
        <extensions>
          <ns3:TrackPointExtension>
            <ns3:hr>90</ns3:hr>
          </ns3:TrackPointExtension>
        </extensions>
      </trkpt>
      <trkpt lat="33.146711178123950958251953125" lon="103.8732113130390644073486328125">
        <ele>2579.60009765625</ele>
        <time>2026-05-19T03:56:59.000Z</time>
        <extensions>
          <ns3:TrackPointExtension>
            <ns3:hr>91</ns3:hr>
          </ns3:TrackPointExtension>
        </extensions>
      </trkpt>
      <trkpt lat="33.1468196399509906768798828125" lon="103.87327375821769237518310546875">
        <ele>2580.199951171875</ele>
        <time>2026-05-19T03:57:10.000Z</time>
        <extensions>
          <ns3:TrackPointExtension>
            <ns3:hr>94</ns3:hr>
          </ns3:TrackPointExtension>
        </extensions>
      </trkpt>
      <trkpt lat="33.14682994969189167022705078125" lon="103.87327753007411956787109375">
        <ele>2580.199951171875</ele>
        <time>2026-05-19T03:57:11.000Z</time>
        <extensions>
          <ns3:TrackPointExtension>
            <ns3:hr>91</ns3:hr>
          </ns3:TrackPointExtension>
        </extensions>
      </trkpt>
      <trkpt lat="33.146840594708919525146484375" lon="103.87327929027378559112548828125">
        <ele>2580.199951171875</ele>
        <time>2026-05-19T03:57:12.000Z</time>
        <extensions>
          <ns3:TrackPointExtension>
            <ns3:hr>94</ns3:hr>
          </ns3:TrackPointExtension>
        </extensions>
      </trkpt>
      <trkpt lat="33.14685157500207424163818359375" lon="103.87328498996794223785400390625">
        <ele>2580.39990234375</ele>
        <time>2026-05-19T03:57:13.000Z</time>
        <extensions>
          <ns3:TrackPointExtension>
            <ns3:hr>91</ns3:hr>
          </ns3:TrackPointExtension>
        </extensions>
      </trkpt>
      <trkpt lat="33.1469037942588329315185546875" lon="103.8733202777802944183349609375">
        <ele>2580.60009765625</ele>
        <time>2026-05-19T03:57:20.000Z</time>
        <extensions>
          <ns3:TrackPointExtension>
            <ns3:hr>91</ns3:hr>
          </ns3:TrackPointExtension>
        </extensions>
      </trkpt>
      <trkpt lat="33.14695651642978191375732421875" lon="103.87336746789515018463134765625">
        <ele>2580.800048828125</ele>
        <time>2026-05-19T03:57:26.000Z</time>
        <extensions>
          <ns3:TrackPointExtension>
            <ns3:hr>88</ns3:hr>
          </ns3:TrackPointExtension>
        </extensions>
      </trkpt>
      <trkpt lat="33.1469681672751903533935546875" lon="103.87337408959865570068359375">
        <ele>2580.800048828125</ele>
        <time>2026-05-19T03:57:27.000Z</time>
        <extensions>
          <ns3:TrackPointExtension>
            <ns3:hr>87</ns3:hr>
          </ns3:TrackPointExtension>
        </extensions>
      </trkpt>
      <trkpt lat="33.14706833101809024810791015625" lon="103.87341172434389591217041015625">
        <ele>2581</ele>
        <time>2026-05-19T03:57:36.000Z</time>
        <extensions>
          <ns3:TrackPointExtension>
            <ns3:hr>87</ns3:hr>
          </ns3:TrackPointExtension>
        </extensions>
      </trkpt>
      <trkpt lat="33.14713840372860431671142578125" lon="103.87346067465841770172119140625">
        <ele>2581.800048828125</ele>
        <time>2026-05-19T03:57:43.000Z</time>
        <extensions>
          <ns3:TrackPointExtension>
            <ns3:hr>87</ns3:hr>
          </ns3:TrackPointExtension>
        </extensions>
      </trkpt>
      <trkpt lat="33.147273771464824676513671875" lon="103.87351800687611103057861328125">
        <ele>2582.199951171875</ele>
        <time>2026-05-19T03:57:54.000Z</time>
        <extensions>
          <ns3:TrackPointExtension>
            <ns3:hr>87</ns3:hr>
          </ns3:TrackPointExtension>
        </extensions>
      </trkpt>
      <trkpt lat="33.147344179451465606689453125" lon="103.87356989085674285888671875">
        <ele>2583.199951171875</ele>
        <time>2026-05-19T03:58:03.000Z</time>
        <extensions>
          <ns3:TrackPointExtension>
            <ns3:hr>87</ns3:hr>
          </ns3:TrackPointExtension>
        </extensions>
      </trkpt>
      <trkpt lat="33.14737024717032909393310546875" lon="103.87357600964605808258056640625">
        <ele>2583.199951171875</ele>
        <time>2026-05-19T03:58:05.000Z</time>
        <extensions>
          <ns3:TrackPointExtension>
            <ns3:hr>90</ns3:hr>
          </ns3:TrackPointExtension>
        </extensions>
      </trkpt>
      <trkpt lat="33.14744233153760433197021484375" lon="103.873619176447391510009765625">
        <ele>2583.60009765625</ele>
        <time>2026-05-19T03:58:12.000Z</time>
        <extensions>
          <ns3:TrackPointExtension>
            <ns3:hr>86</ns3:hr>
          </ns3:TrackPointExtension>
        </extensions>
      </trkpt>
      <trkpt lat="33.14746865071356296539306640625" lon="103.87362219393253326416015625">
        <ele>2583.199951171875</ele>
        <time>2026-05-19T03:58:14.000Z</time>
        <extensions>
          <ns3:TrackPointExtension>
            <ns3:hr>88</ns3:hr>
          </ns3:TrackPointExtension>
        </extensions>
      </trkpt>
      <trkpt lat="33.1475944630801677703857421875" lon="103.87363317422568798065185546875">
        <ele>2581.199951171875</ele>
        <time>2026-05-19T03:58:25.000Z</time>
        <extensions>
          <ns3:TrackPointExtension>
            <ns3:hr>89</ns3:hr>
          </ns3:TrackPointExtension>
        </extensions>
      </trkpt>
      <trkpt lat="33.1476683914661407470703125" lon="103.87362881563603878021240234375">
        <ele>2580.800048828125</ele>
        <time>2026-05-19T03:58:32.000Z</time>
        <extensions>
          <ns3:TrackPointExtension>
            <ns3:hr>90</ns3:hr>
          </ns3:TrackPointExtension>
        </extensions>
      </trkpt>
      <trkpt lat="33.147722370922565460205078125" lon="103.8736290670931339263916015625">
        <ele>2580.39990234375</ele>
        <time>2026-05-19T03:58:38.000Z</time>
        <extensions>
          <ns3:TrackPointExtension>
            <ns3:hr>89</ns3:hr>
          </ns3:TrackPointExtension>
        </extensions>
      </trkpt>
      <trkpt lat="33.14780225045979022979736328125" lon="103.87364306487143039703369140625">
        <ele>2580</ele>
        <time>2026-05-19T03:58:47.000Z</time>
        <extensions>
          <ns3:TrackPointExtension>
            <ns3:hr>90</ns3:hr>
          </ns3:TrackPointExtension>
        </extensions>
      </trkpt>
      <trkpt lat="33.14787249080836772918701171875" lon="103.87367273680865764617919921875">
        <ele>2580</ele>
        <time>2026-05-19T03:58:54.000Z</time>
        <extensions>
          <ns3:TrackPointExtension>
            <ns3:hr>89</ns3:hr>
          </ns3:TrackPointExtension>
        </extensions>
      </trkpt>
      <trkpt lat="33.14794239588081836700439453125" lon="103.87368849478662014007568359375">
        <ele>2579.60009765625</ele>
        <time>2026-05-19T03:58:58.000Z</time>
        <extensions>
          <ns3:TrackPointExtension>
            <ns3:hr>86</ns3:hr>
          </ns3:TrackPointExtension>
        </extensions>
      </trkpt>
      <trkpt lat="33.14797139726579189300537109375" lon="103.87368430383503437042236328125">
        <ele>2579.199951171875</ele>
        <time>2026-05-19T03:59:01.000Z</time>
        <extensions>
          <ns3:TrackPointExtension>
            <ns3:hr>84</ns3:hr>
          </ns3:TrackPointExtension>
        </extensions>
      </trkpt>
      <trkpt lat="33.14801372587680816650390625" lon="103.87367491610348224639892578125">
        <ele>2578.39990234375</ele>
        <time>2026-05-19T03:59:03.000Z</time>
        <extensions>
          <ns3:TrackPointExtension>
            <ns3:hr>85</ns3:hr>
          </ns3:TrackPointExtension>
        </extensions>
      </trkpt>
      <trkpt lat="33.14805286936461925506591796875" lon="103.87366913259029388427734375">
        <ele>2577.800048828125</ele>
        <time>2026-05-19T03:59:07.000Z</time>
        <extensions>
          <ns3:TrackPointExtension>
            <ns3:hr>85</ns3:hr>
          </ns3:TrackPointExtension>
        </extensions>
      </trkpt>
      <trkpt lat="33.1481302343308925628662109375" lon="103.87367072515189647674560546875">
        <ele>2576.800048828125</ele>
        <time>2026-05-19T03:59:13.000Z</time>
        <extensions>
          <ns3:TrackPointExtension>
            <ns3:hr>86</ns3:hr>
          </ns3:TrackPointExtension>
        </extensions>
      </trkpt>
      <trkpt lat="33.14814507029950618743896484375" lon="103.8736765086650848388671875">
        <ele>2576.60009765625</ele>
        <time>2026-05-19T03:59:14.000Z</time>
        <extensions>
          <ns3:TrackPointExtension>
            <ns3:hr>86</ns3:hr>
          </ns3:TrackPointExtension>
        </extensions>
      </trkpt>
      <trkpt lat="33.14820944331586360931396484375" lon="103.8736920990049839019775390625">
        <ele>2576</ele>
        <time>2026-05-19T03:59:21.000Z</time>
        <extensions>
          <ns3:TrackPointExtension>
            <ns3:hr>86</ns3:hr>
          </ns3:TrackPointExtension>
        </extensions>
      </trkpt>
      <trkpt lat="33.14822972752153873443603515625" lon="103.873700313270092010498046875">
        <ele>2575.800048828125</ele>
        <time>2026-05-19T03:59:23.000Z</time>
        <extensions>
          <ns3:TrackPointExtension>
            <ns3:hr>89</ns3:hr>
          </ns3:TrackPointExtension>
        </extensions>
      </trkpt>
      <trkpt lat="33.14829133450984954833984375" lon="103.87373560108244419097900390625">
        <ele>2575.39990234375</ele>
        <time>2026-05-19T03:59:29.000Z</time>
        <extensions>
          <ns3:TrackPointExtension>
            <ns3:hr>87</ns3:hr>
          </ns3:TrackPointExtension>
        </extensions>
      </trkpt>
      <trkpt lat="33.1483055837452411651611328125" lon="103.87374348007142543792724609375">
        <ele>2575.39990234375</ele>
        <time>2026-05-19T03:59:30.000Z</time>
        <extensions>
          <ns3:TrackPointExtension>
            <ns3:hr>87</ns3:hr>
          </ns3:TrackPointExtension>
        </extensions>
      </trkpt>
      <trkpt lat="33.1483531929552555084228515625" lon="103.87377751059830188751220703125">
        <ele>2575.199951171875</ele>
        <time>2026-05-19T03:59:34.000Z</time>
        <extensions>
          <ns3:TrackPointExtension>
            <ns3:hr>86</ns3:hr>
          </ns3:TrackPointExtension>
        </extensions>
      </trkpt>
      <trkpt lat="33.1483930908143520355224609375" lon="103.87380081228911876678466796875">
        <ele>2575</ele>
        <time>2026-05-19T03:59:38.000Z</time>
        <extensions>
          <ns3:TrackPointExtension>
            <ns3:hr>86</ns3:hr>
          </ns3:TrackPointExtension>
        </extensions>
      </trkpt>
      <trkpt lat="33.14850079827010631561279296875" lon="103.8738775067031383514404296875">
        <ele>2574.800048828125</ele>
        <time>2026-05-19T03:59:48.000Z</time>
        <extensions>
          <ns3:TrackPointExtension>
            <ns3:hr>86</ns3:hr>
          </ns3:TrackPointExtension>
        </extensions>
      </trkpt>
      <trkpt lat="33.14859383739531040191650390625" lon="103.8739670254290103912353515625">
        <ele>2575.60009765625</ele>
        <time>2026-05-19T03:59:58.000Z</time>
        <extensions>
          <ns3:TrackPointExtension>
            <ns3:hr>89</ns3:hr>
          </ns3:TrackPointExtension>
        </extensions>
      </trkpt>
      <trkpt lat="33.148630969226360321044921875" lon="103.87399041093885898590087890625">
        <ele>2575.60009765625</ele>
        <time>2026-05-19T04:00:01.000Z</time>
        <extensions>
          <ns3:TrackPointExtension>
            <ns3:hr>92</ns3:hr>
          </ns3:TrackPointExtension>
        </extensions>
      </trkpt>
      <trkpt lat="33.1486753933131694793701171875" lon="103.8740250281989574432373046875">
        <ele>2576.199951171875</ele>
        <time>2026-05-19T04:00:07.000Z</time>
        <extensions>
          <ns3:TrackPointExtension>
            <ns3:hr>91</ns3:hr>
          </ns3:TrackPointExtension>
        </extensions>
      </trkpt>
      <trkpt lat="33.148779161274433135986328125" lon="103.87406735680997371673583984375">
        <ele>2576.60009765625</ele>
        <time>2026-05-19T04:00:18.000Z</time>
        <extensions>
          <ns3:TrackPointExtension>
            <ns3:hr>89</ns3:hr>
          </ns3:TrackPointExtension>
        </extensions>
      </trkpt>
      <trkpt lat="33.1489037163555622100830078125" lon="103.87410289607942104339599609375">
        <ele>2577.199951171875</ele>
        <time>2026-05-19T04:00:30.000Z</time>
        <extensions>
          <ns3:TrackPointExtension>
            <ns3:hr>89</ns3:hr>
          </ns3:TrackPointExtension>
        </extensions>
      </trkpt>
      <trkpt lat="33.14894252456724643707275390625" lon="103.87412284500896930694580078125">
        <ele>2577.800048828125</ele>
        <time>2026-05-19T04:00:33.000Z</time>
        <extensions>
          <ns3:TrackPointExtension>
            <ns3:hr>92</ns3:hr>
          </ns3:TrackPointExtension>
        </extensions>
      </trkpt>
      <trkpt lat="33.14899398945271968841552734375" lon="103.87413675896823406219482421875">
        <ele>2578.60009765625</ele>
        <time>2026-05-19T04:00:38.000Z</time>
        <extensions>
          <ns3:TrackPointExtension>
            <ns3:hr>93</ns3:hr>
          </ns3:TrackPointExtension>
        </extensions>
      </trkpt>
      <trkpt lat="33.14910161308944225311279296875" lon="103.87417850084602832794189453125">
        <ele>2579.800048828125</ele>
        <time>2026-05-19T04:00:49.000Z</time>
        <extensions>
          <ns3:TrackPointExtension>
            <ns3:hr>92</ns3:hr>
          </ns3:TrackPointExtension>
        </extensions>
      </trkpt>
      <trkpt lat="33.14914427697658538818359375" lon="103.8741826079785823822021484375">
        <ele>2579.60009765625</ele>
        <time>2026-05-19T04:00:54.000Z</time>
        <extensions>
          <ns3:TrackPointExtension>
            <ns3:hr>93</ns3:hr>
          </ns3:TrackPointExtension>
        </extensions>
      </trkpt>
      <trkpt lat="33.14919096417725086212158203125" lon="103.874202556908130645751953125">
        <ele>2579.60009765625</ele>
        <time>2026-05-19T04:00:58.000Z</time>
        <extensions>
          <ns3:TrackPointExtension>
            <ns3:hr>93</ns3:hr>
          </ns3:TrackPointExtension>
        </extensions>
      </trkpt>
      <trkpt lat="33.1493221409618854522705078125" lon="103.8742593862116336822509765625">
        <ele>2580</ele>
        <time>2026-05-19T04:01:10.000Z</time>
        <extensions>
          <ns3:TrackPointExtension>
            <ns3:hr>92</ns3:hr>
          </ns3:TrackPointExtension>
        </extensions>
      </trkpt>
      <trkpt lat="33.1494133360683917999267578125" lon="103.87428042478859424591064453125">
        <ele>2580.60009765625</ele>
        <time>2026-05-19T04:01:17.000Z</time>
        <extensions>
          <ns3:TrackPointExtension>
            <ns3:hr>89</ns3:hr>
          </ns3:TrackPointExtension>
        </extensions>
      </trkpt>
      <trkpt lat="33.14946153201162815093994140625" lon="103.87429316528141498565673828125">
        <ele>2581</ele>
        <time>2026-05-19T04:01:21.000Z</time>
        <extensions>
          <ns3:TrackPointExtension>
            <ns3:hr>91</ns3:hr>
          </ns3:TrackPointExtension>
        </extensions>
      </trkpt>
      <trkpt lat="33.149515427649021148681640625" lon="103.874305151402950286865234375">
        <ele>2581.60009765625</ele>
        <time>2026-05-19T04:01:26.000Z</time>
        <extensions>
          <ns3:TrackPointExtension>
            <ns3:hr>94</ns3:hr>
          </ns3:TrackPointExtension>
        </extensions>
      </trkpt>
      <trkpt lat="33.1495313532650470733642578125" lon="103.87432350777089595794677734375">
        <ele>2581.800048828125</ele>
        <time>2026-05-19T04:01:29.000Z</time>
        <extensions>
          <ns3:TrackPointExtension>
            <ns3:hr>91</ns3:hr>
          </ns3:TrackPointExtension>
        </extensions>
      </trkpt>
      <trkpt lat="33.149552643299102783203125" lon="103.87432417832314968109130859375">
        <ele>2582</ele>
        <time>2026-05-19T04:01:31.000Z</time>
        <extensions>
          <ns3:TrackPointExtension>
            <ns3:hr>90</ns3:hr>
          </ns3:TrackPointExtension>
        </extensions>
      </trkpt>
      <trkpt lat="33.14967040903866291046142578125" lon="103.874329961836338043212890625">
        <ele>2582.199951171875</ele>
        <time>2026-05-19T04:01:42.000Z</time>
        <extensions>
          <ns3:TrackPointExtension>
            <ns3:hr>87</ns3:hr>
          </ns3:TrackPointExtension>
        </extensions>
      </trkpt>
      <trkpt lat="33.14967946149408817291259765625" lon="103.87433691881597042083740234375">
        <ele>2582.199951171875</ele>
        <time>2026-05-19T04:01:43.000Z</time>
        <extensions>
          <ns3:TrackPointExtension>
            <ns3:hr>87</ns3:hr>
          </ns3:TrackPointExtension>
        </extensions>
      </trkpt>
      <trkpt lat="33.14979060553014278411865234375" lon="103.87433758936822414398193359375">
        <ele>2582.39990234375</ele>
        <time>2026-05-19T04:01:52.000Z</time>
        <extensions>
          <ns3:TrackPointExtension>
            <ns3:hr>87</ns3:hr>
          </ns3:TrackPointExtension>
        </extensions>
      </trkpt>
      <trkpt lat="33.1498703174293041229248046875" lon="103.874336667358875274658203125">
        <ele>2582.60009765625</ele>
        <time>2026-05-19T04:01:59.000Z</time>
        <extensions>
          <ns3:TrackPointExtension>
            <ns3:hr>84</ns3:hr>
          </ns3:TrackPointExtension>
        </extensions>
      </trkpt>
      <trkpt lat="33.14991449005901813507080078125" lon="103.8743472285568714141845703125">
        <ele>2582.60009765625</ele>
        <time>2026-05-19T04:02:03.000Z</time>
        <extensions>
          <ns3:TrackPointExtension>
            <ns3:hr>85</ns3:hr>
          </ns3:TrackPointExtension>
        </extensions>
      </trkpt>
      <trkpt lat="33.149994872510433197021484375" lon="103.874366171658039093017578125">
        <ele>2581.39990234375</ele>
        <time>2026-05-19T04:02:10.000Z</time>
        <extensions>
          <ns3:TrackPointExtension>
            <ns3:hr>85</ns3:hr>
          </ns3:TrackPointExtension>
        </extensions>
      </trkpt>
      <trkpt lat="33.15000501461327075958251953125" lon="103.87436860240995883941650390625">
        <ele>2581.199951171875</ele>
        <time>2026-05-19T04:02:11.000Z</time>
        <extensions>
          <ns3:TrackPointExtension>
            <ns3:hr>85</ns3:hr>
          </ns3:TrackPointExtension>
        </extensions>
      </trkpt>
      <trkpt lat="33.15009704791009426116943359375" lon="103.874397017061710357666015625">
        <ele>2579.60009765625</ele>
        <time>2026-05-19T04:02:20.000Z</time>
        <extensions>
          <ns3:TrackPointExtension>
            <ns3:hr>86</ns3:hr>
          </ns3:TrackPointExtension>
        </extensions>
      </trkpt>
      <trkpt lat="33.1501026637852191925048828125" lon="103.87439341284334659576416015625">
        <ele>2579.39990234375</ele>
        <time>2026-05-19T04:02:29.000Z</time>
        <extensions>
          <ns3:TrackPointExtension>
            <ns3:hr>85</ns3:hr>
          </ns3:TrackPointExtension>
        </extensions>
      </trkpt>
      <trkpt lat="33.150102831423282623291015625" lon="103.87439332902431488037109375">
        <ele>2579.39990234375</ele>
        <time>2026-05-19T04:02:39.000Z</time>
        <extensions>
          <ns3:TrackPointExtension>
            <ns3:hr>88</ns3:hr>
          </ns3:TrackPointExtension>
        </extensions>
      </trkpt>
      <trkpt lat="33.150102831423282623291015625" lon="103.87439332902431488037109375">
        <ele>2579.39990234375</ele>
        <time>2026-05-19T04:02:42.000Z</time>
        <extensions>
          <ns3:TrackPointExtension>
            <ns3:hr>85</ns3:hr>
          </ns3:TrackPointExtension>
        </extensions>
      </trkpt>
      <trkpt lat="33.150102831423282623291015625" lon="103.87439332902431488037109375">
        <ele>2579.39990234375</ele>
        <time>2026-05-19T04:02:50.000Z</time>
        <extensions>
          <ns3:TrackPointExtension>
            <ns3:hr>88</ns3:hr>
          </ns3:TrackPointExtension>
        </extensions>
      </trkpt>
      <trkpt lat="33.1501244567334651947021484375" lon="103.8744069077074527740478515625">
        <ele>2579</ele>
        <time>2026-05-19T04:02:55.000Z</time>
        <extensions>
          <ns3:TrackPointExtension>
            <ns3:hr>85</ns3:hr>
          </ns3:TrackPointExtension>
        </extensions>
      </trkpt>
      <trkpt lat="33.15016024746000766754150390625" lon="103.8744317181408405303955078125">
        <ele>2578.39990234375</ele>
        <time>2026-05-19T04:02:58.000Z</time>
        <extensions>
          <ns3:TrackPointExtension>
            <ns3:hr>87</ns3:hr>
          </ns3:TrackPointExtension>
        </extensions>
      </trkpt>
      <trkpt lat="33.1502833776175975799560546875" lon="103.874477483332157135009765625">
        <ele>2575</ele>
        <time>2026-05-19T04:03:07.000Z</time>
        <extensions>
          <ns3:TrackPointExtension>
            <ns3:hr>87</ns3:hr>
          </ns3:TrackPointExtension>
        </extensions>
      </trkpt>
      <trkpt lat="33.1504176557064056396484375" lon="103.87454797513782978057861328125">
        <ele>2571.199951171875</ele>
        <time>2026-05-19T04:03:17.000Z</time>
        <extensions>
          <ns3:TrackPointExtension>
            <ns3:hr>89</ns3:hr>
          </ns3:TrackPointExtension>
        </extensions>
      </trkpt>
      <trkpt lat="33.1504728086292743682861328125" lon="103.8745705224573612213134765625">
        <ele>2570.800048828125</ele>
        <time>2026-05-19T04:03:21.000Z</time>
        <extensions>
          <ns3:TrackPointExtension>
            <ns3:hr>83</ns3:hr>
          </ns3:TrackPointExtension>
        </extensions>
      </trkpt>
      <trkpt lat="33.15048127435147762298583984375" lon="103.874574042856693267822265625">
        <ele>2571.199951171875</ele>
        <time>2026-05-19T04:03:22.000Z</time>
        <extensions>
          <ns3:TrackPointExtension>
            <ns3:hr>87</ns3:hr>
          </ns3:TrackPointExtension>
        </extensions>
      </trkpt>
      <trkpt lat="33.15050105564296245574951171875" lon="103.87458778917789459228515625">
        <ele>2572</ele>
        <time>2026-05-19T04:03:26.000Z</time>
        <extensions>
          <ns3:TrackPointExtension>
            <ns3:hr>84</ns3:hr>
          </ns3:TrackPointExtension>
        </extensions>
      </trkpt>
      <trkpt lat="33.15050390549004077911376953125" lon="103.87459072284400463104248046875">
        <ele>2572.199951171875</ele>
        <time>2026-05-19T04:03:27.000Z</time>
        <extensions>
          <ns3:TrackPointExtension>
            <ns3:hr>85</ns3:hr>
          </ns3:TrackPointExtension>
        </extensions>
      </trkpt>
      <trkpt lat="33.15052972175180912017822265625" lon="103.87455836869776248931884765625">
        <ele>2573.800048828125</ele>
        <time>2026-05-19T04:03:34.000Z</time>
        <extensions>
          <ns3:TrackPointExtension>
            <ns3:hr>82</ns3:hr>
          </ns3:TrackPointExtension>
        </extensions>
      </trkpt>
      <trkpt lat="33.150532655417919158935546875" lon="103.87455015443265438079833984375">
        <ele>2574</ele>
        <time>2026-05-19T04:03:35.000Z</time>
        <extensions>
          <ns3:TrackPointExtension>
            <ns3:hr>84</ns3:hr>
          </ns3:TrackPointExtension>
        </extensions>
      </trkpt>
      <trkpt lat="33.15053743310272693634033203125" lon="103.874529115855693817138671875">
        <ele>2574.199951171875</ele>
        <time>2026-05-19T04:03:37.000Z</time>
        <extensions>
          <ns3:TrackPointExtension>
            <ns3:hr>85</ns3:hr>
          </ns3:TrackPointExtension>
        </extensions>
      </trkpt>
      <trkpt lat="33.15054531209170818328857421875" lon="103.87451000511646270751953125">
        <ele>2574.60009765625</ele>
        <time>2026-05-19T04:03:39.000Z</time>
        <extensions>
          <ns3:TrackPointExtension>
            <ns3:hr>89</ns3:hr>
          </ns3:TrackPointExtension>
        </extensions>
      </trkpt>
      <trkpt lat="33.15054749138653278350830078125" lon="103.8744934089481830596923828125">
        <ele>2574.60009765625</ele>
        <time>2026-05-19T04:03:41.000Z</time>
        <extensions>
          <ns3:TrackPointExtension>
            <ns3:hr>86</ns3:hr>
          </ns3:TrackPointExtension>
        </extensions>
      </trkpt>
      <trkpt lat="33.1505532748997211456298828125" lon="103.87446952052414417266845703125">
        <ele>2574.800048828125</ele>
        <time>2026-05-19T04:03:43.000Z</time>
        <extensions>
          <ns3:TrackPointExtension>
            <ns3:hr>88</ns3:hr>
          </ns3:TrackPointExtension>
        </extensions>
      </trkpt>
      <trkpt lat="33.15056316554546356201171875" lon="103.87441051192581653594970703125">
        <ele>2575.199951171875</ele>
        <time>2026-05-19T04:03:51.000Z</time>
        <extensions>
          <ns3:TrackPointExtension>
            <ns3:hr>88</ns3:hr>
          </ns3:TrackPointExtension>
        </extensions>
      </trkpt>
      <trkpt lat="33.1505492515861988067626953125" lon="103.8743810914456844329833984375">
        <ele>2574.199951171875</ele>
        <time>2026-05-19T04:03:55.000Z</time>
        <extensions>
          <ns3:TrackPointExtension>
            <ns3:hr>85</ns3:hr>
          </ns3:TrackPointExtension>
        </extensions>
      </trkpt>
      <trkpt lat="33.15054975450038909912109375" lon="103.8743720389902591705322265625">
        <ele>2574.199951171875</ele>
        <time>2026-05-19T04:03:59.000Z</time>
        <extensions>
          <ns3:TrackPointExtension>
            <ns3:hr>81</ns3:hr>
          </ns3:TrackPointExtension>
        </extensions>
      </trkpt>
      <trkpt lat="33.1505519337952136993408203125" lon="103.874368183314800262451171875">
        <ele>2574.39990234375</ele>
        <time>2026-05-19T04:04:05.000Z</time>
        <extensions>
          <ns3:TrackPointExtension>
            <ns3:hr>77</ns3:hr>
          </ns3:TrackPointExtension>
        </extensions>
      </trkpt>
      <trkpt lat="33.15056023187935352325439453125" lon="103.8743757270276546478271484375">
        <ele>2574.800048828125</ele>
        <time>2026-05-19T04:04:09.000Z</time>
        <extensions>
          <ns3:TrackPointExtension>
            <ns3:hr>80</ns3:hr>
          </ns3:TrackPointExtension>
        </extensions>
      </trkpt>
      <trkpt lat="33.150567524135112762451171875" lon="103.8743696920573711395263671875">
        <ele>2575.39990234375</ele>
        <time>2026-05-19T04:04:17.000Z</time>
        <extensions>
          <ns3:TrackPointExtension>
            <ns3:hr>80</ns3:hr>
          </ns3:TrackPointExtension>
        </extensions>
      </trkpt>
      <trkpt lat="33.15064036287367343902587890625" lon="103.8743693567812442779541015625">
        <ele>2580.60009765625</ele>
        <time>2026-05-19T04:04:47.000Z</time>
        <extensions>
          <ns3:TrackPointExtension>
            <ns3:hr>79</ns3:hr>
          </ns3:TrackPointExtension>
        </extensions>
      </trkpt>
      <trkpt lat="33.15075150690972805023193359375" lon="103.8743546046316623687744140625">
        <ele>2587.60009765625</ele>
        <time>2026-05-19T04:04:55.000Z</time>
        <extensions>
          <ns3:TrackPointExtension>
            <ns3:hr>78</ns3:hr>
          </ns3:TrackPointExtension>
        </extensions>
      </trkpt>
      <trkpt lat="33.15076055936515331268310546875" lon="103.87436307035386562347412109375">
        <ele>2587.199951171875</ele>
        <time>2026-05-19T04:04:58.000Z</time>
        <extensions>
          <ns3:TrackPointExtension>
            <ns3:hr>81</ns3:hr>
          </ns3:TrackPointExtension>
        </extensions>
      </trkpt>
      <trkpt lat="33.1507675163447856903076171875" lon="103.87437145225703716278076171875">
        <ele>2587</ele>
        <time>2026-05-19T04:05:00.000Z</time>
        <extensions>
          <ns3:TrackPointExtension>
            <ns3:hr>80</ns3:hr>
          </ns3:TrackPointExtension>
        </extensions>
      </trkpt>
      <trkpt lat="33.1507671810686588287353515625" lon="103.87438251636922359466552734375">
        <ele>2586.800048828125</ele>
        <time>2026-05-19T04:05:05.000Z</time>
        <extensions>
          <ns3:TrackPointExtension>
            <ns3:hr>84</ns3:hr>
          </ns3:TrackPointExtension>
        </extensions>
      </trkpt>
      <trkpt lat="33.15077028237283229827880859375" lon="103.8743824325501918792724609375">
        <ele>2586.800048828125</ele>
        <time>2026-05-19T04:05:06.000Z</time>
        <extensions>
          <ns3:TrackPointExtension>
            <ns3:hr>84</ns3:hr>
          </ns3:TrackPointExtension>
        </extensions>
      </trkpt>
      <trkpt lat="33.15077296458184719085693359375" lon="103.87439089827239513397216796875">
        <ele>2586.60009765625</ele>
        <time>2026-05-19T04:05:10.000Z</time>
        <extensions>
          <ns3:TrackPointExtension>
            <ns3:hr>88</ns3:hr>
          </ns3:TrackPointExtension>
        </extensions>
      </trkpt>
      <trkpt lat="33.15078654326498508453369140625" lon="103.874416463077068328857421875">
        <ele>2586</ele>
        <time>2026-05-19T04:05:14.000Z</time>
        <extensions>
          <ns3:TrackPointExtension>
            <ns3:hr>87</ns3:hr>
          </ns3:TrackPointExtension>
        </extensions>
      </trkpt>
      <trkpt lat="33.15081655047833919525146484375" lon="103.8744516670703887939453125">
        <ele>2585</ele>
        <time>2026-05-19T04:05:21.000Z</time>
        <extensions>
          <ns3:TrackPointExtension>
            <ns3:hr>88</ns3:hr>
          </ns3:TrackPointExtension>
        </extensions>
      </trkpt>
      <trkpt lat="33.15084555186331272125244140625" lon="103.87450908310711383819580078125">
        <ele>2583.60009765625</ele>
        <time>2026-05-19T04:05:28.000Z</time>
        <extensions>
          <ns3:TrackPointExtension>
            <ns3:hr>88</ns3:hr>
          </ns3:TrackPointExtension>
        </extensions>
      </trkpt>
      <trkpt lat="33.1508727930486202239990234375" lon="103.8745822571218013763427734375">
        <ele>2582</ele>
        <time>2026-05-19T04:05:35.000Z</time>
        <extensions>
          <ns3:TrackPointExtension>
            <ns3:hr>90</ns3:hr>
          </ns3:TrackPointExtension>
        </extensions>
      </trkpt>
      <trkpt lat="33.15087388269603252410888671875" lon="103.87460413388907909393310546875">
        <ele>2581.60009765625</ele>
        <time>2026-05-19T04:05:39.000Z</time>
        <extensions>
          <ns3:TrackPointExtension>
            <ns3:hr>93</ns3:hr>
          </ns3:TrackPointExtension>
        </extensions>
      </trkpt>
      <trkpt lat="33.1508731283247470855712890625" lon="103.87460782192647457122802734375">
        <ele>2581.39990234375</ele>
        <time>2026-05-19T04:05:41.000Z</time>
        <extensions>
          <ns3:TrackPointExtension>
            <ns3:hr>93</ns3:hr>
          </ns3:TrackPointExtension>
        </extensions>
      </trkpt>
      <trkpt lat="33.15088477917015552520751953125" lon="103.87463062070310115814208984375">
        <ele>2580.800048828125</ele>
        <time>2026-05-19T04:05:44.000Z</time>
        <extensions>
          <ns3:TrackPointExtension>
            <ns3:hr>90</ns3:hr>
          </ns3:TrackPointExtension>
        </extensions>
      </trkpt>
      <trkpt lat="33.15090254880487918853759765625" lon="103.87465274892747402191162109375">
        <ele>2580.199951171875</ele>
        <time>2026-05-19T04:05:46.000Z</time>
        <extensions>
          <ns3:TrackPointExtension>
            <ns3:hr>91</ns3:hr>
          </ns3:TrackPointExtension>
        </extensions>
      </trkpt>
      <trkpt lat="33.15093490295112133026123046875" lon="103.87469583190977573394775390625">
        <ele>2578.800048828125</ele>
        <time>2026-05-19T04:05:52.000Z</time>
        <extensions>
          <ns3:TrackPointExtension>
            <ns3:hr>90</ns3:hr>
          </ns3:TrackPointExtension>
        </extensions>
      </trkpt>
      <trkpt lat="33.1509512476623058319091796875" lon="103.87476288713514804840087890625">
        <ele>2577.199951171875</ele>
        <time>2026-05-19T04:06:01.000Z</time>
        <extensions>
          <ns3:TrackPointExtension>
            <ns3:hr>89</ns3:hr>
          </ns3:TrackPointExtension>
        </extensions>
      </trkpt>
      <trkpt lat="33.15095200203359127044677734375" lon="103.87480010278522968292236328125">
        <ele>2577</ele>
        <time>2026-05-19T04:06:07.000Z</time>
        <extensions>
          <ns3:TrackPointExtension>
            <ns3:hr>88</ns3:hr>
          </ns3:TrackPointExtension>
        </extensions>
      </trkpt>
      <trkpt lat="33.15095267258584499359130859375" lon="103.8748102448880672454833984375">
        <ele>2576.800048828125</ele>
        <time>2026-05-19T04:06:10.000Z</time>
        <extensions>
          <ns3:TrackPointExtension>
            <ns3:hr>91</ns3:hr>
          </ns3:TrackPointExtension>
        </extensions>
      </trkpt>
      <trkpt lat="33.1507715396583080291748046875" lon="103.8749617896974086761474609375">
        <ele>2583.39990234375</ele>
        <time>2026-05-19T04:06:26.000Z</time>
        <extensions>
          <ns3:TrackPointExtension>
            <ns3:hr>89</ns3:hr>
          </ns3:TrackPointExtension>
        </extensions>
      </trkpt>
      <trkpt lat="33.15089064650237560272216796875" lon="103.8749961555004119873046875">
        <ele>2578.800048828125</ele>
        <time>2026-05-19T04:06:27.000Z</time>
        <extensions>
          <ns3:TrackPointExtension>
            <ns3:hr>84</ns3:hr>
          </ns3:TrackPointExtension>
        </extensions>
      </trkpt>
      <trkpt lat="33.15093641169369220733642578125" lon="103.8750318624079227447509765625">
        <ele>2577.39990234375</ele>
        <time>2026-05-19T04:06:29.000Z</time>
        <extensions>
          <ns3:TrackPointExtension>
            <ns3:hr>88</ns3:hr>
          </ns3:TrackPointExtension>
        </extensions>
      </trkpt>
      <trkpt lat="33.15100430510938167572021484375" lon="103.8750586844980716705322265625">
        <ele>2575.199951171875</ele>
        <time>2026-05-19T04:06:32.000Z</time>
        <extensions>
          <ns3:TrackPointExtension>
            <ns3:hr>87</ns3:hr>
          </ns3:TrackPointExtension>
        </extensions>
      </trkpt>
    </trkseg>
  </trk>
</gpx>
