<?xml version="1.0" encoding="UTF-8"?>
<gpx creator="Garmin Connect" version="1.1"
  xsi:schemaLocation="http://www.topografix.com/GPX/1/1 http://www.topografix.com/GPX/11.xsd"
  xmlns:ns3="http://www.garmin.com/xmlschemas/TrackPointExtension/v1"
  xmlns="http://www.topografix.com/GPX/1/1"
  xmlns:xsi="http://www.w3.org/2001/XMLSchema-instance" xmlns:ns2="http://www.garmin.com/xmlschemas/GpxExtensions/v3">
  <metadata>
    <link href="connect.garmin.com">
      <text>Garmin Connect</text>
    </link>
    <time>2026-05-20T02:11:29.000Z</time>
  </metadata>
  <trk>
    <name>Aba Walking</name>
    <type>walking</type>
    <trkseg>
      <trkpt lat="33.1913600675761699676513671875" lon="103.8912381045520305633544921875">
        <ele>2299.60009765625</ele>
        <time>2026-05-20T02:11:29.000Z</time>
        <extensions>
          <ns3:TrackPointExtension>
            <ns3:hr>99</ns3:hr>
          </ns3:TrackPointExtension>
        </extensions>
      </trkpt>
      <trkpt lat="33.19135822355747222900390625" lon="103.89124925248324871063232421875">
        <ele>2299.39990234375</ele>
        <time>2026-05-20T02:11:30.000Z</time>
        <extensions>
          <ns3:TrackPointExtension>
            <ns3:hr>99</ns3:hr>
          </ns3:TrackPointExtension>
        </extensions>
      </trkpt>
      <trkpt lat="33.191354535520076751708984375" lon="103.8912619091570377349853515625">
        <ele>2299.39990234375</ele>
        <time>2026-05-20T02:11:31.000Z</time>
        <extensions>
          <ns3:TrackPointExtension>
            <ns3:hr>103</ns3:hr>
          </ns3:TrackPointExtension>
        </extensions>
      </trkpt>
      <trkpt lat="33.19133668206632137298583984375" lon="103.8913603127002716064453125">
        <ele>2299.60009765625</ele>
        <time>2026-05-20T02:11:38.000Z</time>
        <extensions>
          <ns3:TrackPointExtension>
            <ns3:hr>101</ns3:hr>
          </ns3:TrackPointExtension>
        </extensions>
      </trkpt>
      <trkpt lat="33.191303908824920654296875" lon="103.89156206510961055755615234375">
        <ele>2300</ele>
        <time>2026-05-20T02:11:50.000Z</time>
        <extensions>
          <ns3:TrackPointExtension>
            <ns3:hr>101</ns3:hr>
          </ns3:TrackPointExtension>
        </extensions>
      </trkpt>
      <trkpt lat="33.19129049777984619140625" lon="103.89167874120175838470458984375">
        <ele>2300</ele>
        <time>2026-05-20T02:11:57.000Z</time>
        <extensions>
          <ns3:TrackPointExtension>
            <ns3:hr>97</ns3:hr>
          </ns3:TrackPointExtension>
        </extensions>
      </trkpt>
      <trkpt lat="33.191288150846958160400390625" lon="103.8916870392858982086181640625">
        <ele>2300.199951171875</ele>
        <time>2026-05-20T02:11:58.000Z</time>
        <extensions>
          <ns3:TrackPointExtension>
            <ns3:hr>98</ns3:hr>
          </ns3:TrackPointExtension>
        </extensions>
      </trkpt>
      <trkpt lat="33.19128722883760929107666015625" lon="103.8917011208832263946533203125">
        <ele>2300.199951171875</ele>
        <time>2026-05-20T02:11:59.000Z</time>
        <extensions>
          <ns3:TrackPointExtension>
            <ns3:hr>100</ns3:hr>
          </ns3:TrackPointExtension>
        </extensions>
      </trkpt>
      <trkpt lat="33.19127616472542285919189453125" lon="103.8917814195156097412109375">
        <ele>2300.39990234375</ele>
        <time>2026-05-20T02:12:04.000Z</time>
        <extensions>
          <ns3:TrackPointExtension>
            <ns3:hr>97</ns3:hr>
          </ns3:TrackPointExtension>
        </extensions>
      </trkpt>
      <trkpt lat="33.191257975995540618896484375" lon="103.89184470288455486297607421875">
        <ele>2301.60009765625</ele>
        <time>2026-05-20T02:12:09.000Z</time>
        <extensions>
          <ns3:TrackPointExtension>
            <ns3:hr>100</ns3:hr>
          </ns3:TrackPointExtension>
        </extensions>
      </trkpt>
      <trkpt lat="33.19125068373978137969970703125" lon="103.891851492226123809814453125">
        <ele>2301.800048828125</ele>
        <time>2026-05-20T02:12:10.000Z</time>
        <extensions>
          <ns3:TrackPointExtension>
            <ns3:hr>99</ns3:hr>
          </ns3:TrackPointExtension>
        </extensions>
      </trkpt>
      <trkpt lat="33.19124297238886356353759765625" lon="103.89187320135533809661865234375">
        <ele>2302.199951171875</ele>
        <time>2026-05-20T02:12:12.000Z</time>
        <extensions>
          <ns3:TrackPointExtension>
            <ns3:hr>102</ns3:hr>
          </ns3:TrackPointExtension>
        </extensions>
      </trkpt>
      <trkpt lat="33.1912447325885295867919921875" lon="103.891872949898242950439453125">
        <ele>2302.199951171875</ele>
        <time>2026-05-20T02:12:13.000Z</time>
        <extensions>
          <ns3:TrackPointExtension>
            <ns3:hr>99</ns3:hr>
          </ns3:TrackPointExtension>
        </extensions>
      </trkpt>
      <trkpt lat="33.19124766625463962554931640625" lon="103.89188108034431934356689453125">
        <ele>2302.39990234375</ele>
        <time>2026-05-20T02:12:14.000Z</time>
        <extensions>
          <ns3:TrackPointExtension>
            <ns3:hr>103</ns3:hr>
          </ns3:TrackPointExtension>
        </extensions>
      </trkpt>
      <trkpt lat="33.191250264644622802734375" lon="103.89188577421009540557861328125">
        <ele>2302.39990234375</ele>
        <time>2026-05-20T02:12:16.000Z</time>
        <extensions>
          <ns3:TrackPointExtension>
            <ns3:hr>103</ns3:hr>
          </ns3:TrackPointExtension>
        </extensions>
      </trkpt>
      <trkpt lat="33.19125588051974773406982421875" lon="103.891875632107257843017578125">
        <ele>2302.199951171875</ele>
        <time>2026-05-20T02:12:19.000Z</time>
        <extensions>
          <ns3:TrackPointExtension>
            <ns3:hr>100</ns3:hr>
          </ns3:TrackPointExtension>
        </extensions>
      </trkpt>
      <trkpt lat="33.19126443006098270416259765625" lon="103.891872949898242950439453125">
        <ele>2302</ele>
        <time>2026-05-20T02:12:21.000Z</time>
        <extensions>
          <ns3:TrackPointExtension>
            <ns3:hr>100</ns3:hr>
          </ns3:TrackPointExtension>
        </extensions>
      </trkpt>
      <trkpt lat="33.19132712669670581817626953125" lon="103.8918871991336345672607421875">
        <ele>2301.39990234375</ele>
        <time>2026-05-20T02:12:29.000Z</time>
        <extensions>
          <ns3:TrackPointExtension>
            <ns3:hr>102</ns3:hr>
          </ns3:TrackPointExtension>
        </extensions>
      </trkpt>
      <trkpt lat="33.1913935951888561248779296875" lon="103.89188946224749088287353515625">
        <ele>2300</ele>
        <time>2026-05-20T02:12:34.000Z</time>
        <extensions>
          <ns3:TrackPointExtension>
            <ns3:hr>105</ns3:hr>
          </ns3:TrackPointExtension>
        </extensions>
      </trkpt>
      <trkpt lat="33.19142469204962253570556640625" lon="103.89189206063747406005859375">
        <ele>2299.60009765625</ele>
        <time>2026-05-20T02:12:37.000Z</time>
        <extensions>
          <ns3:TrackPointExtension>
            <ns3:hr>108</ns3:hr>
          </ns3:TrackPointExtension>
        </extensions>
      </trkpt>
      <trkpt lat="33.191435001790523529052734375" lon="103.89189465902745723724365234375">
        <ele>2299.39990234375</ele>
        <time>2026-05-20T02:12:38.000Z</time>
        <extensions>
          <ns3:TrackPointExtension>
            <ns3:hr>109</ns3:hr>
          </ns3:TrackPointExtension>
        </extensions>
      </trkpt>
      <trkpt lat="33.19156877696514129638671875" lon="103.89196322299540042877197265625">
        <ele>2298.199951171875</ele>
        <time>2026-05-20T02:12:51.000Z</time>
        <extensions>
          <ns3:TrackPointExtension>
            <ns3:hr>110</ns3:hr>
          </ns3:TrackPointExtension>
        </extensions>
      </trkpt>
      <trkpt lat="33.19161898456513881683349609375" lon="103.8919897936284542083740234375">
        <ele>2297.800048828125</ele>
        <time>2026-05-20T02:12:58.000Z</time>
        <extensions>
          <ns3:TrackPointExtension>
            <ns3:hr>108</ns3:hr>
          </ns3:TrackPointExtension>
        </extensions>
      </trkpt>
      <trkpt lat="33.19168067537248134613037109375" lon="103.8920454494655132293701171875">
        <ele>2297.39990234375</ele>
        <time>2026-05-20T02:13:06.000Z</time>
        <extensions>
          <ns3:TrackPointExtension>
            <ns3:hr>108</ns3:hr>
          </ns3:TrackPointExtension>
        </extensions>
      </trkpt>
      <trkpt lat="33.1917013786733150482177734375" lon="103.89209431596100330352783203125">
        <ele>2298.199951171875</ele>
        <time>2026-05-20T02:13:11.000Z</time>
        <extensions>
          <ns3:TrackPointExtension>
            <ns3:hr>107</ns3:hr>
          </ns3:TrackPointExtension>
        </extensions>
      </trkpt>
      <trkpt lat="33.19175477139651775360107421875" lon="103.8921202160418033599853515625">
        <ele>2298</ele>
        <time>2026-05-20T02:13:17.000Z</time>
        <extensions>
          <ns3:TrackPointExtension>
            <ns3:hr>107</ns3:hr>
          </ns3:TrackPointExtension>
        </extensions>
      </trkpt>
      <trkpt lat="33.1918073259294033050537109375" lon="103.89218819327652454376220703125">
        <ele>2298.60009765625</ele>
        <time>2026-05-20T02:13:25.000Z</time>
        <extensions>
          <ns3:TrackPointExtension>
            <ns3:hr>106</ns3:hr>
          </ns3:TrackPointExtension>
        </extensions>
      </trkpt>
      <trkpt lat="33.1918505765497684478759765625" lon="103.8922362215816974639892578125">
        <ele>2299</ele>
        <time>2026-05-20T02:13:30.000Z</time>
        <extensions>
          <ns3:TrackPointExtension>
            <ns3:hr>103</ns3:hr>
          </ns3:TrackPointExtension>
        </extensions>
      </trkpt>
      <trkpt lat="33.19185669533908367156982421875" lon="103.8922422565519809722900390625">
        <ele>2299.199951171875</ele>
        <time>2026-05-20T02:13:31.000Z</time>
        <extensions>
          <ns3:TrackPointExtension>
            <ns3:hr>104</ns3:hr>
          </ns3:TrackPointExtension>
        </extensions>
      </trkpt>
      <trkpt lat="33.19187195040285587310791015625" lon="103.89225457794964313507080078125">
        <ele>2299</ele>
        <time>2026-05-20T02:13:32.000Z</time>
        <extensions>
          <ns3:TrackPointExtension>
            <ns3:hr>100</ns3:hr>
          </ns3:TrackPointExtension>
        </extensions>
      </trkpt>
      <trkpt lat="33.19191101007163524627685546875" lon="103.89229833148419857025146484375">
        <ele>2299.199951171875</ele>
        <time>2026-05-20T02:13:36.000Z</time>
        <extensions>
          <ns3:TrackPointExtension>
            <ns3:hr>97</ns3:hr>
          </ns3:TrackPointExtension>
        </extensions>
      </trkpt>
      <trkpt lat="33.19192794151604175567626953125" lon="103.89229900203645229339599609375">
        <ele>2298.800048828125</ele>
        <time>2026-05-20T02:13:39.000Z</time>
        <extensions>
          <ns3:TrackPointExtension>
            <ns3:hr>96</ns3:hr>
          </ns3:TrackPointExtension>
        </extensions>
      </trkpt>
      <trkpt lat="33.19194956682622432708740234375" lon="103.89232364483177661895751953125">
        <ele>2298.800048828125</ele>
        <time>2026-05-20T02:13:44.000Z</time>
        <extensions>
          <ns3:TrackPointExtension>
            <ns3:hr>95</ns3:hr>
          </ns3:TrackPointExtension>
        </extensions>
      </trkpt>
      <trkpt lat="33.19196834228932857513427734375" lon="103.89234946109354496002197265625">
        <ele>2299</ele>
        <time>2026-05-20T02:13:47.000Z</time>
        <extensions>
          <ns3:TrackPointExtension>
            <ns3:hr>92</ns3:hr>
          </ns3:TrackPointExtension>
        </extensions>
      </trkpt>
      <trkpt lat="33.1919732876121997833251953125" lon="103.89235784299671649932861328125">
        <ele>2299.199951171875</ele>
        <time>2026-05-20T02:13:48.000Z</time>
        <extensions>
          <ns3:TrackPointExtension>
            <ns3:hr>95</ns3:hr>
          </ns3:TrackPointExtension>
        </extensions>
      </trkpt>
      <trkpt lat="33.19199197925627231597900390625" lon="103.8923894427716732025146484375">
        <ele>2299.60009765625</ele>
        <time>2026-05-20T02:13:53.000Z</time>
        <extensions>
          <ns3:TrackPointExtension>
            <ns3:hr>96</ns3:hr>
          </ns3:TrackPointExtension>
        </extensions>
      </trkpt>
      <trkpt lat="33.19196767173707485198974609375" lon="103.8923881016671657562255859375">
        <ele>2300</ele>
        <time>2026-05-20T02:13:56.000Z</time>
        <extensions>
          <ns3:TrackPointExtension>
            <ns3:hr>95</ns3:hr>
          </ns3:TrackPointExtension>
        </extensions>
      </trkpt>
      <trkpt lat="33.19197203032672405242919921875" lon="103.892400003969669342041015625">
        <ele>2300.199951171875</ele>
        <time>2026-05-20T02:13:57.000Z</time>
        <extensions>
          <ns3:TrackPointExtension>
            <ns3:hr>94</ns3:hr>
          </ns3:TrackPointExtension>
        </extensions>
      </trkpt>
      <trkpt lat="33.191994242370128631591796875" lon="103.89241953380405902862548828125">
        <ele>2300.39990234375</ele>
        <time>2026-05-20T02:14:00.000Z</time>
        <extensions>
          <ns3:TrackPointExtension>
            <ns3:hr>93</ns3:hr>
          </ns3:TrackPointExtension>
        </extensions>
      </trkpt>
      <trkpt lat="33.19202466867864131927490234375" lon="103.89238667674362659454345703125">
        <ele>2298.800048828125</ele>
        <time>2026-05-20T02:14:03.000Z</time>
        <extensions>
          <ns3:TrackPointExtension>
            <ns3:hr>91</ns3:hr>
          </ns3:TrackPointExtension>
        </extensions>
      </trkpt>
      <trkpt lat="33.19203791208565235137939453125" lon="103.89239338226616382598876953125">
        <ele>2298.800048828125</ele>
        <time>2026-05-20T02:14:04.000Z</time>
        <extensions>
          <ns3:TrackPointExtension>
            <ns3:hr>91</ns3:hr>
          </ns3:TrackPointExtension>
        </extensions>
      </trkpt>
      <trkpt lat="33.19207948632538318634033203125" lon="103.89241869561374187469482421875">
        <ele>2298.39990234375</ele>
        <time>2026-05-20T02:14:07.000Z</time>
        <extensions>
          <ns3:TrackPointExtension>
            <ns3:hr>92</ns3:hr>
          </ns3:TrackPointExtension>
        </extensions>
      </trkpt>
      <trkpt lat="33.19217135198414325714111328125" lon="103.8924930430948734283447265625">
        <ele>2299</ele>
        <time>2026-05-20T02:14:12.000Z</time>
        <extensions>
          <ns3:TrackPointExtension>
            <ns3:hr>92</ns3:hr>
          </ns3:TrackPointExtension>
        </extensions>
      </trkpt>
      <trkpt lat="33.19228283129632472991943359375" lon="103.8925855793058872222900390625">
        <ele>2301.39990234375</ele>
        <time>2026-05-20T02:14:21.000Z</time>
        <extensions>
          <ns3:TrackPointExtension>
            <ns3:hr>93</ns3:hr>
          </ns3:TrackPointExtension>
        </extensions>
      </trkpt>
      <trkpt lat="33.19236271083354949951171875" lon="103.89265389181673526763916015625">
        <ele>2303.199951171875</ele>
        <time>2026-05-20T02:14:28.000Z</time>
        <extensions>
          <ns3:TrackPointExtension>
            <ns3:hr>95</ns3:hr>
          </ns3:TrackPointExtension>
        </extensions>
      </trkpt>
      <trkpt lat="33.192379474639892578125" lon="103.8926449231803417205810546875">
        <ele>2303</ele>
        <time>2026-05-20T02:14:35.000Z</time>
        <extensions>
          <ns3:TrackPointExtension>
            <ns3:hr>96</ns3:hr>
          </ns3:TrackPointExtension>
        </extensions>
      </trkpt>
      <trkpt lat="33.1924161873757839202880859375" lon="103.89270636253058910369873046875">
        <ele>2304.39990234375</ele>
        <time>2026-05-20T02:14:42.000Z</time>
        <extensions>
          <ns3:TrackPointExtension>
            <ns3:hr>96</ns3:hr>
          </ns3:TrackPointExtension>
        </extensions>
      </trkpt>
      <trkpt lat="33.19241845048964023590087890625" lon="103.89272832311689853668212890625">
        <ele>2305</ele>
        <time>2026-05-20T02:14:46.000Z</time>
        <extensions>
          <ns3:TrackPointExtension>
            <ns3:hr>97</ns3:hr>
          </ns3:TrackPointExtension>
        </extensions>
      </trkpt>
      <trkpt lat="33.1924946419894695281982421875" lon="103.89282152988016605377197265625">
        <ele>2308</ele>
        <time>2026-05-20T02:14:51.000Z</time>
        <extensions>
          <ns3:TrackPointExtension>
            <ns3:hr>97</ns3:hr>
          </ns3:TrackPointExtension>
        </extensions>
      </trkpt>
      <trkpt lat="33.19252909161150455474853515625" lon="103.8928838074207305908203125">
        <ele>2309.800048828125</ele>
        <time>2026-05-20T02:14:55.000Z</time>
        <extensions>
          <ns3:TrackPointExtension>
            <ns3:hr>97</ns3:hr>
          </ns3:TrackPointExtension>
        </extensions>
      </trkpt>
      <trkpt lat="33.1925214640796184539794921875" lon="103.89289252460002899169921875">
        <ele>2310</ele>
        <time>2026-05-20T02:14:56.000Z</time>
        <extensions>
          <ns3:TrackPointExtension>
            <ns3:hr>97</ns3:hr>
          </ns3:TrackPointExtension>
        </extensions>
      </trkpt>
      <trkpt lat="33.19251953624188899993896484375" lon="103.89289193786680698394775390625">
        <ele>2309.800048828125</ele>
        <time>2026-05-20T02:14:58.000Z</time>
        <extensions>
          <ns3:TrackPointExtension>
            <ns3:hr>97</ns3:hr>
          </ns3:TrackPointExtension>
        </extensions>
      </trkpt>
      <trkpt lat="33.1925214640796184539794921875" lon="103.89288908801972866058349609375">
        <ele>2309.800048828125</ele>
        <time>2026-05-20T02:14:59.000Z</time>
        <extensions>
          <ns3:TrackPointExtension>
            <ns3:hr>97</ns3:hr>
          </ns3:TrackPointExtension>
        </extensions>
      </trkpt>
      <trkpt lat="33.1925238110125064849853515625" lon="103.89289881102740764617919921875">
        <ele>2310</ele>
        <time>2026-05-20T02:15:00.000Z</time>
        <extensions>
          <ns3:TrackPointExtension>
            <ns3:hr>97</ns3:hr>
          </ns3:TrackPointExtension>
        </extensions>
      </trkpt>
      <trkpt lat="33.19255960173904895782470703125" lon="103.892941810190677642822265625">
        <ele>2311.39990234375</ele>
        <time>2026-05-20T02:15:03.000Z</time>
        <extensions>
          <ns3:TrackPointExtension>
            <ns3:hr>97</ns3:hr>
          </ns3:TrackPointExtension>
        </extensions>
      </trkpt>
      <trkpt lat="33.19261743687093257904052734375" lon="103.8929791934788227081298828125">
        <ele>2312.800048828125</ele>
        <time>2026-05-20T02:15:09.000Z</time>
        <extensions>
          <ns3:TrackPointExtension>
            <ns3:hr>97</ns3:hr>
          </ns3:TrackPointExtension>
        </extensions>
      </trkpt>
      <trkpt lat="33.192620538175106048583984375" lon="103.89295061118900775909423828125">
        <ele>2312</ele>
        <time>2026-05-20T02:15:13.000Z</time>
        <extensions>
          <ns3:TrackPointExtension>
            <ns3:hr>96</ns3:hr>
          </ns3:TrackPointExtension>
        </extensions>
      </trkpt>
      <trkpt lat="33.19261525757610797882080078125" lon="103.8929362781345844268798828125">
        <ele>2311.60009765625</ele>
        <time>2026-05-20T02:15:14.000Z</time>
        <extensions>
          <ns3:TrackPointExtension>
            <ns3:hr>95</ns3:hr>
          </ns3:TrackPointExtension>
        </extensions>
      </trkpt>
      <trkpt lat="33.19261207245290279388427734375" lon="103.89291725121438503265380859375">
        <ele>2311.199951171875</ele>
        <time>2026-05-20T02:15:15.000Z</time>
        <extensions>
          <ns3:TrackPointExtension>
            <ns3:hr>97</ns3:hr>
          </ns3:TrackPointExtension>
        </extensions>
      </trkpt>
      <trkpt lat="33.19264702498912811279296875" lon="103.89294147491455078125">
        <ele>2312</ele>
        <time>2026-05-20T02:15:17.000Z</time>
        <extensions>
          <ns3:TrackPointExtension>
            <ns3:hr>97</ns3:hr>
          </ns3:TrackPointExtension>
        </extensions>
      </trkpt>
      <trkpt lat="33.1927001662552356719970703125" lon="103.8930110447108745574951171875">
        <ele>2313.800048828125</ele>
        <time>2026-05-20T02:15:21.000Z</time>
        <extensions>
          <ns3:TrackPointExtension>
            <ns3:hr>94</ns3:hr>
          </ns3:TrackPointExtension>
        </extensions>
      </trkpt>
      <trkpt lat="33.19271986372768878936767578125" lon="103.8930331729352474212646484375">
        <ele>2313.60009765625</ele>
        <time>2026-05-20T02:15:23.000Z</time>
        <extensions>
          <ns3:TrackPointExtension>
            <ns3:hr>93</ns3:hr>
          </ns3:TrackPointExtension>
        </extensions>
      </trkpt>
      <trkpt lat="33.19272288121283054351806640625" lon="103.89302386902272701263427734375">
        <ele>2313.199951171875</ele>
        <time>2026-05-20T02:15:24.000Z</time>
        <extensions>
          <ns3:TrackPointExtension>
            <ns3:hr>92</ns3:hr>
          </ns3:TrackPointExtension>
        </extensions>
      </trkpt>
      <trkpt lat="33.19275171495974063873291015625" lon="103.8930509425699710845947265625">
        <ele>2312.60009765625</ele>
        <time>2026-05-20T02:15:29.000Z</time>
        <extensions>
          <ns3:TrackPointExtension>
            <ns3:hr>90</ns3:hr>
          </ns3:TrackPointExtension>
        </extensions>
      </trkpt>
      <trkpt lat="33.1927777826786041259765625" lon="103.8930559717118740081787109375">
        <ele>2311.60009765625</ele>
        <time>2026-05-20T02:15:32.000Z</time>
        <extensions>
          <ns3:TrackPointExtension>
            <ns3:hr>87</ns3:hr>
          </ns3:TrackPointExtension>
        </extensions>
      </trkpt>
      <trkpt lat="33.192780129611492156982421875" lon="103.89304817654192447662353515625">
        <ele>2311.199951171875</ele>
        <time>2026-05-20T02:15:33.000Z</time>
        <extensions>
          <ns3:TrackPointExtension>
            <ns3:hr>90</ns3:hr>
          </ns3:TrackPointExtension>
        </extensions>
      </trkpt>
      <trkpt lat="33.19278515875339508056640625" lon="103.8930382020771503448486328125">
        <ele>2310.800048828125</ele>
        <time>2026-05-20T02:15:34.000Z</time>
        <extensions>
          <ns3:TrackPointExtension>
            <ns3:hr>86</ns3:hr>
          </ns3:TrackPointExtension>
        </extensions>
      </trkpt>
      <trkpt lat="33.1927885115146636962890625" lon="103.89303526841104030609130859375">
        <ele>2310.60009765625</ele>
        <time>2026-05-20T02:15:35.000Z</time>
        <extensions>
          <ns3:TrackPointExtension>
            <ns3:hr>87</ns3:hr>
          </ns3:TrackPointExtension>
        </extensions>
      </trkpt>
      <trkpt lat="33.19279060699045658111572265625" lon="103.89304046519100666046142578125">
        <ele>2310.60009765625</ele>
        <time>2026-05-20T02:15:36.000Z</time>
        <extensions>
          <ns3:TrackPointExtension>
            <ns3:hr>90</ns3:hr>
          </ns3:TrackPointExtension>
        </extensions>
      </trkpt>
      <trkpt lat="33.19279815070331096649169921875" lon="103.8931091129779815673828125">
        <ele>2312</ele>
        <time>2026-05-20T02:15:38.000Z</time>
        <extensions>
          <ns3:TrackPointExtension>
            <ns3:hr>90</ns3:hr>
          </ns3:TrackPointExtension>
        </extensions>
      </trkpt>
      <trkpt lat="33.19282229058444499969482421875" lon="103.893151022493839263916015625">
        <ele>2312</ele>
        <time>2026-05-20T02:15:40.000Z</time>
        <extensions>
          <ns3:TrackPointExtension>
            <ns3:hr>90</ns3:hr>
          </ns3:TrackPointExtension>
        </extensions>
      </trkpt>
      <trkpt lat="33.19282983429729938507080078125" lon="103.8931344263255596160888671875">
        <ele>2311.39990234375</ele>
        <time>2026-05-20T02:15:42.000Z</time>
        <extensions>
          <ns3:TrackPointExtension>
            <ns3:hr>90</ns3:hr>
          </ns3:TrackPointExtension>
        </extensions>
      </trkpt>
      <trkpt lat="33.1928470171988010406494140625" lon="103.8931273855268955230712890625">
        <ele>2310.39990234375</ele>
        <time>2026-05-20T02:15:44.000Z</time>
        <extensions>
          <ns3:TrackPointExtension>
            <ns3:hr>90</ns3:hr>
          </ns3:TrackPointExtension>
        </extensions>
      </trkpt>
      <trkpt lat="33.19286352954804897308349609375" lon="103.89313836582005023956298828125">
        <ele>2310</ele>
        <time>2026-05-20T02:15:46.000Z</time>
        <extensions>
          <ns3:TrackPointExtension>
            <ns3:hr>88</ns3:hr>
          </ns3:TrackPointExtension>
        </extensions>
      </trkpt>
      <trkpt lat="33.19285632111132144927978515625" lon="103.89314440079033374786376953125">
        <ele>2310.39990234375</ele>
        <time>2026-05-20T02:15:47.000Z</time>
        <extensions>
          <ns3:TrackPointExtension>
            <ns3:hr>88</ns3:hr>
          </ns3:TrackPointExtension>
        </extensions>
      </trkpt>
      <trkpt lat="33.19285665638744831085205078125" lon="103.893188573420047760009765625">
        <ele>2312.800048828125</ele>
        <time>2026-05-20T02:15:49.000Z</time>
        <extensions>
          <ns3:TrackPointExtension>
            <ns3:hr>91</ns3:hr>
          </ns3:TrackPointExtension>
        </extensions>
      </trkpt>
      <trkpt lat="33.19285682402551174163818359375" lon="103.8932051695883274078369140625">
        <ele>2314.199951171875</ele>
        <time>2026-05-20T02:15:51.000Z</time>
        <extensions>
          <ns3:TrackPointExtension>
            <ns3:hr>91</ns3:hr>
          </ns3:TrackPointExtension>
        </extensions>
      </trkpt>
      <trkpt lat="33.1928540579974651336669921875" lon="103.89322503469884395599365234375">
        <ele>2315.800048828125</ele>
        <time>2026-05-20T02:15:53.000Z</time>
        <extensions>
          <ns3:TrackPointExtension>
            <ns3:hr>95</ns3:hr>
          </ns3:TrackPointExtension>
        </extensions>
      </trkpt>
      <trkpt lat="33.19289018400013446807861328125" lon="103.8932244479656219482421875">
        <ele>2314.199951171875</ele>
        <time>2026-05-20T02:15:56.000Z</time>
        <extensions>
          <ns3:TrackPointExtension>
            <ns3:hr>94</ns3:hr>
          </ns3:TrackPointExtension>
        </extensions>
      </trkpt>
      <trkpt lat="33.19290761835873126983642578125" lon="103.89322780072689056396484375">
        <ele>2313.60009765625</ele>
        <time>2026-05-20T02:15:57.000Z</time>
        <extensions>
          <ns3:TrackPointExtension>
            <ns3:hr>93</ns3:hr>
          </ns3:TrackPointExtension>
        </extensions>
      </trkpt>
      <trkpt lat="33.1929576583206653594970703125" lon="103.89321883209049701690673828125">
        <ele>2310.800048828125</ele>
        <time>2026-05-20T02:16:00.000Z</time>
        <extensions>
          <ns3:TrackPointExtension>
            <ns3:hr>93</ns3:hr>
          </ns3:TrackPointExtension>
        </extensions>
      </trkpt>
      <trkpt lat="33.19298506714403629302978515625" lon="103.89322050847113132476806640625">
        <ele>2310.39990234375</ele>
        <time>2026-05-20T02:16:02.000Z</time>
        <extensions>
          <ns3:TrackPointExtension>
            <ns3:hr>92</ns3:hr>
          </ns3:TrackPointExtension>
        </extensions>
      </trkpt>
      <trkpt lat="33.193046338856220245361328125" lon="103.89323961921036243438720703125">
        <ele>2312</ele>
        <time>2026-05-20T02:16:05.000Z</time>
        <extensions>
          <ns3:TrackPointExtension>
            <ns3:hr>94</ns3:hr>
          </ns3:TrackPointExtension>
        </extensions>
      </trkpt>
      <trkpt lat="33.19307508878409862518310546875" lon="103.8932459056377410888671875">
        <ele>2313.800048828125</ele>
        <time>2026-05-20T02:16:07.000Z</time>
        <extensions>
          <ns3:TrackPointExtension>
            <ns3:hr>96</ns3:hr>
          </ns3:TrackPointExtension>
        </extensions>
      </trkpt>
      <trkpt lat="33.1930927745997905731201171875" lon="103.89322721399366855621337890625">
        <ele>2314.199951171875</ele>
        <time>2026-05-20T02:16:09.000Z</time>
        <extensions>
          <ns3:TrackPointExtension>
            <ns3:hr>95</ns3:hr>
          </ns3:TrackPointExtension>
        </extensions>
      </trkpt>
      <trkpt lat="33.19312487728893756866455078125" lon="103.89320433139801025390625">
        <ele>2315.39990234375</ele>
        <time>2026-05-20T02:16:13.000Z</time>
        <extensions>
          <ns3:TrackPointExtension>
            <ns3:hr>95</ns3:hr>
          </ns3:TrackPointExtension>
        </extensions>
      </trkpt>
      <trkpt lat="33.19313912652432918548583984375" lon="103.89321162365376949310302734375">
        <ele>2316.199951171875</ele>
        <time>2026-05-20T02:16:14.000Z</time>
        <extensions>
          <ns3:TrackPointExtension>
            <ns3:hr>97</ns3:hr>
          </ns3:TrackPointExtension>
        </extensions>
      </trkpt>
      <trkpt lat="33.1931678764522075653076171875" lon="103.89320843853056430816650390625">
        <ele>2317.800048828125</ele>
        <time>2026-05-20T02:16:17.000Z</time>
        <extensions>
          <ns3:TrackPointExtension>
            <ns3:hr>99</ns3:hr>
          </ns3:TrackPointExtension>
        </extensions>
      </trkpt>
      <trkpt lat="33.1932030804455280303955078125" lon="103.89322780072689056396484375">
        <ele>2320.199951171875</ele>
        <time>2026-05-20T02:16:20.000Z</time>
        <extensions>
          <ns3:TrackPointExtension>
            <ns3:hr>102</ns3:hr>
          </ns3:TrackPointExtension>
        </extensions>
      </trkpt>
      <trkpt lat="33.19322411902248859405517578125" lon="103.893232829868793487548828125">
        <ele>2321.39990234375</ele>
        <time>2026-05-20T02:16:23.000Z</time>
        <extensions>
          <ns3:TrackPointExtension>
            <ns3:hr>104</ns3:hr>
          </ns3:TrackPointExtension>
        </extensions>
      </trkpt>
      <trkpt lat="33.19326351396739482879638671875" lon="103.89324582181870937347412109375">
        <ele>2322.800048828125</ele>
        <time>2026-05-20T02:16:25.000Z</time>
        <extensions>
          <ns3:TrackPointExtension>
            <ns3:hr>105</ns3:hr>
          </ns3:TrackPointExtension>
        </extensions>
      </trkpt>
      <trkpt lat="33.19329486228525638580322265625" lon="103.893273733556270599365234375">
        <ele>2323.199951171875</ele>
        <time>2026-05-20T02:16:28.000Z</time>
        <extensions>
          <ns3:TrackPointExtension>
            <ns3:hr>104</ns3:hr>
          </ns3:TrackPointExtension>
        </extensions>
      </trkpt>
      <trkpt lat="33.19335378706455230712890625" lon="103.89334539882838726043701171875">
        <ele>2324.39990234375</ele>
        <time>2026-05-20T02:16:35.000Z</time>
        <extensions>
          <ns3:TrackPointExtension>
            <ns3:hr>103</ns3:hr>
          </ns3:TrackPointExtension>
        </extensions>
      </trkpt>
      <trkpt lat="33.1933759152889251708984375" lon="103.89334003441035747528076171875">
        <ele>2324</ele>
        <time>2026-05-20T02:16:39.000Z</time>
        <extensions>
          <ns3:TrackPointExtension>
            <ns3:hr>100</ns3:hr>
          </ns3:TrackPointExtension>
        </extensions>
      </trkpt>
      <trkpt lat="33.19337801076471805572509765625" lon="103.89334070496261119842529296875">
        <ele>2324</ele>
        <time>2026-05-20T02:16:40.000Z</time>
        <extensions>
          <ns3:TrackPointExtension>
            <ns3:hr>100</ns3:hr>
          </ns3:TrackPointExtension>
        </extensions>
      </trkpt>
      <trkpt lat="33.193409778177738189697265625" lon="103.8933671079576015472412109375">
        <ele>2324.39990234375</ele>
        <time>2026-05-20T02:16:45.000Z</time>
        <extensions>
          <ns3:TrackPointExtension>
            <ns3:hr>97</ns3:hr>
          </ns3:TrackPointExtension>
        </extensions>
      </trkpt>
      <trkpt lat="33.193407766520977020263671875" lon="103.8933614082634449005126953125">
        <ele>2324.199951171875</ele>
        <time>2026-05-20T02:16:46.000Z</time>
        <extensions>
          <ns3:TrackPointExtension>
            <ns3:hr>97</ns3:hr>
          </ns3:TrackPointExtension>
        </extensions>
      </trkpt>
      <trkpt lat="33.19343199022114276885986328125" lon="103.893358893692493438720703125">
        <ele>2324</ele>
        <time>2026-05-20T02:16:52.000Z</time>
        <extensions>
          <ns3:TrackPointExtension>
            <ns3:hr>97</ns3:hr>
          </ns3:TrackPointExtension>
        </extensions>
      </trkpt>
      <trkpt lat="33.19345772266387939453125" lon="103.8933748193085193634033203125">
        <ele>2324</ele>
        <time>2026-05-20T02:16:56.000Z</time>
        <extensions>
          <ns3:TrackPointExtension>
            <ns3:hr>99</ns3:hr>
          </ns3:TrackPointExtension>
        </extensions>
      </trkpt>
      <trkpt lat="33.193476833403110504150390625" lon="103.893367946147918701171875">
        <ele>2323.199951171875</ele>
        <time>2026-05-20T02:17:05.000Z</time>
        <extensions>
          <ns3:TrackPointExtension>
            <ns3:hr>97</ns3:hr>
          </ns3:TrackPointExtension>
        </extensions>
      </trkpt>
      <trkpt lat="33.1935021467506885528564453125" lon="103.8933889009058475494384765625">
        <ele>2323.39990234375</ele>
        <time>2026-05-20T02:17:10.000Z</time>
        <extensions>
          <ns3:TrackPointExtension>
            <ns3:hr>98</ns3:hr>
          </ns3:TrackPointExtension>
        </extensions>
      </trkpt>
      <trkpt lat="33.19356501102447509765625" lon="103.89340876601636409759521484375">
        <ele>2323.39990234375</ele>
        <time>2026-05-20T02:17:17.000Z</time>
        <extensions>
          <ns3:TrackPointExtension>
            <ns3:hr>97</ns3:hr>
          </ns3:TrackPointExtension>
        </extensions>
      </trkpt>
      <trkpt lat="33.19358202628791332244873046875" lon="103.8934163935482501983642578125">
        <ele>2323.60009765625</ele>
        <time>2026-05-20T02:17:18.000Z</time>
        <extensions>
          <ns3:TrackPointExtension>
            <ns3:hr>98</ns3:hr>
          </ns3:TrackPointExtension>
        </extensions>
      </trkpt>
      <trkpt lat="33.1935953535139560699462890625" lon="103.893415890634059906005859375">
        <ele>2323.39990234375</ele>
        <time>2026-05-20T02:17:20.000Z</time>
        <extensions>
          <ns3:TrackPointExtension>
            <ns3:hr>98</ns3:hr>
          </ns3:TrackPointExtension>
        </extensions>
      </trkpt>
      <trkpt lat="33.1935997121036052703857421875" lon="103.893409855663776397705078125">
        <ele>2323.199951171875</ele>
        <time>2026-05-20T02:17:22.000Z</time>
        <extensions>
          <ns3:TrackPointExtension>
            <ns3:hr>98</ns3:hr>
          </ns3:TrackPointExtension>
        </extensions>
      </trkpt>
      <trkpt lat="33.19363248534500598907470703125" lon="103.8934241048991680145263671875">
        <ele>2323.60009765625</ele>
        <time>2026-05-20T02:17:27.000Z</time>
        <extensions>
          <ns3:TrackPointExtension>
            <ns3:hr>97</ns3:hr>
          </ns3:TrackPointExtension>
        </extensions>
      </trkpt>
      <trkpt lat="33.193659894168376922607421875" lon="103.8934804312884807586669921875">
        <ele>2324.39990234375</ele>
        <time>2026-05-20T02:17:33.000Z</time>
        <extensions>
          <ns3:TrackPointExtension>
            <ns3:hr>96</ns3:hr>
          </ns3:TrackPointExtension>
        </extensions>
      </trkpt>
      <trkpt lat="33.1937137059867382049560546875" lon="103.89348152093589305877685546875">
        <ele>2324</ele>
        <time>2026-05-20T02:17:38.000Z</time>
        <extensions>
          <ns3:TrackPointExtension>
            <ns3:hr>96</ns3:hr>
          </ns3:TrackPointExtension>
        </extensions>
      </trkpt>
      <trkpt lat="33.19374932907521724700927734375" lon="103.8935035653412342071533203125">
        <ele>2324</ele>
        <time>2026-05-20T02:17:40.000Z</time>
        <extensions>
          <ns3:TrackPointExtension>
            <ns3:hr>97</ns3:hr>
          </ns3:TrackPointExtension>
        </extensions>
      </trkpt>
      <trkpt lat="33.193771876394748687744140625" lon="103.89351722784340381622314453125">
        <ele>2324</ele>
        <time>2026-05-20T02:17:42.000Z</time>
        <extensions>
          <ns3:TrackPointExtension>
            <ns3:hr>98</ns3:hr>
          </ns3:TrackPointExtension>
        </extensions>
      </trkpt>
      <trkpt lat="33.193819485604763031005859375" lon="103.89351856894791126251220703125">
        <ele>2323.39990234375</ele>
        <time>2026-05-20T02:17:46.000Z</time>
        <extensions>
          <ns3:TrackPointExtension>
            <ns3:hr>96</ns3:hr>
          </ns3:TrackPointExtension>
        </extensions>
      </trkpt>
      <trkpt lat="33.1938280351459980010986328125" lon="103.89351622201502323150634765625">
        <ele>2323.199951171875</ele>
        <time>2026-05-20T02:17:50.000Z</time>
        <extensions>
          <ns3:TrackPointExtension>
            <ns3:hr>96</ns3:hr>
          </ns3:TrackPointExtension>
        </extensions>
      </trkpt>
      <trkpt lat="33.19383381865918636322021484375" lon="103.8935082592070102691650390625">
        <ele>2323</ele>
        <time>2026-05-20T02:17:57.000Z</time>
        <extensions>
          <ns3:TrackPointExtension>
            <ns3:hr>98</ns3:hr>
          </ns3:TrackPointExtension>
        </extensions>
      </trkpt>
      <trkpt lat="33.193808086216449737548828125" lon="103.8934388570487499237060546875">
        <ele>2322.60009765625</ele>
        <time>2026-05-20T02:18:01.000Z</time>
        <extensions>
          <ns3:TrackPointExtension>
            <ns3:hr>94</ns3:hr>
          </ns3:TrackPointExtension>
        </extensions>
      </trkpt>
      <trkpt lat="33.19381068460643291473388671875" lon="103.893443383276462554931640625">
        <ele>2322.800048828125</ele>
        <time>2026-05-20T02:18:02.000Z</time>
        <extensions>
          <ns3:TrackPointExtension>
            <ns3:hr>96</ns3:hr>
          </ns3:TrackPointExtension>
        </extensions>
      </trkpt>
      <trkpt lat="33.19381621666252613067626953125" lon="103.89343910850584506988525390625">
        <ele>2322.199951171875</ele>
        <time>2026-05-20T02:18:09.000Z</time>
        <extensions>
          <ns3:TrackPointExtension>
            <ns3:hr>95</ns3:hr>
          </ns3:TrackPointExtension>
        </extensions>
      </trkpt>
      <trkpt lat="33.1939078308641910552978515625" lon="103.893415220081806182861328125">
        <ele>2317.199951171875</ele>
        <time>2026-05-20T02:18:15.000Z</time>
        <extensions>
          <ns3:TrackPointExtension>
            <ns3:hr>95</ns3:hr>
          </ns3:TrackPointExtension>
        </extensions>
      </trkpt>
      <trkpt lat="33.19399877451360225677490234375" lon="103.89340373687446117401123046875">
        <ele>2312.39990234375</ele>
        <time>2026-05-20T02:18:22.000Z</time>
        <extensions>
          <ns3:TrackPointExtension>
            <ns3:hr>96</ns3:hr>
          </ns3:TrackPointExtension>
        </extensions>
      </trkpt>
      <trkpt lat="33.19407789967954158782958984375" lon="103.893435001373291015625">
        <ele>2310</ele>
        <time>2026-05-20T02:18:27.000Z</time>
        <extensions>
          <ns3:TrackPointExtension>
            <ns3:hr>96</ns3:hr>
          </ns3:TrackPointExtension>
        </extensions>
      </trkpt>
      <trkpt lat="33.19410857744514942169189453125" lon="103.8934685289859771728515625">
        <ele>2309.60009765625</ele>
        <time>2026-05-20T02:18:30.000Z</time>
        <extensions>
          <ns3:TrackPointExtension>
            <ns3:hr>97</ns3:hr>
          </ns3:TrackPointExtension>
        </extensions>
      </trkpt>
      <trkpt lat="33.194143362343311309814453125" lon="103.89347531832754611968994140625">
        <ele>2309.39990234375</ele>
        <time>2026-05-20T02:18:32.000Z</time>
        <extensions>
          <ns3:TrackPointExtension>
            <ns3:hr>97</ns3:hr>
          </ns3:TrackPointExtension>
        </extensions>
      </trkpt>
      <trkpt lat="33.1941944919526576995849609375" lon="103.89352812431752681732177734375">
        <ele>2308.60009765625</ele>
        <time>2026-05-20T02:18:36.000Z</time>
        <extensions>
          <ns3:TrackPointExtension>
            <ns3:hr>98</ns3:hr>
          </ns3:TrackPointExtension>
        </extensions>
      </trkpt>
      <trkpt lat="33.19421586580574512481689453125" lon="103.8935474865138530731201171875">
        <ele>2308.199951171875</ele>
        <time>2026-05-20T02:18:38.000Z</time>
        <extensions>
          <ns3:TrackPointExtension>
            <ns3:hr>98</ns3:hr>
          </ns3:TrackPointExtension>
        </extensions>
      </trkpt>
      <trkpt lat="33.19425744004547595977783203125" lon="103.89357221312820911407470703125">
        <ele>2307.800048828125</ele>
        <time>2026-05-20T02:18:44.000Z</time>
        <extensions>
          <ns3:TrackPointExtension>
            <ns3:hr>98</ns3:hr>
          </ns3:TrackPointExtension>
        </extensions>
      </trkpt>
      <trkpt lat="33.1942655704915523529052734375" lon="103.893578834831714630126953125">
        <ele>2307.60009765625</ele>
        <time>2026-05-20T02:18:49.000Z</time>
        <extensions>
          <ns3:TrackPointExtension>
            <ns3:hr>96</ns3:hr>
          </ns3:TrackPointExtension>
        </extensions>
      </trkpt>
      <trkpt lat="33.19427604787051677703857421875" lon="103.89359585009515285491943359375">
        <ele>2307.39990234375</ele>
        <time>2026-05-20T02:18:52.000Z</time>
        <extensions>
          <ns3:TrackPointExtension>
            <ns3:hr>93</ns3:hr>
          </ns3:TrackPointExtension>
        </extensions>
      </trkpt>
      <trkpt lat="33.1942863576114177703857421875" lon="103.89360205270349979400634765625">
        <ele>2307.39990234375</ele>
        <time>2026-05-20T02:18:56.000Z</time>
        <extensions>
          <ns3:TrackPointExtension>
            <ns3:hr>90</ns3:hr>
          </ns3:TrackPointExtension>
        </extensions>
      </trkpt>
      <trkpt lat="33.19428811781108379364013671875" lon="103.89359350316226482391357421875">
        <ele>2307.39990234375</ele>
        <time>2026-05-20T02:19:01.000Z</time>
        <extensions>
          <ns3:TrackPointExtension>
            <ns3:hr>87</ns3:hr>
          </ns3:TrackPointExtension>
        </extensions>
      </trkpt>
      <trkpt lat="33.194290213286876678466796875" lon="103.8935843668878078460693359375">
        <ele>2307.39990234375</ele>
        <time>2026-05-20T02:19:04.000Z</time>
        <extensions>
          <ns3:TrackPointExtension>
            <ns3:hr>86</ns3:hr>
          </ns3:TrackPointExtension>
        </extensions>
      </trkpt>
      <trkpt lat="33.19428929127752780914306640625" lon="103.89358813874423503875732421875">
        <ele>2307.39990234375</ele>
        <time>2026-05-20T02:19:08.000Z</time>
        <extensions>
          <ns3:TrackPointExtension>
            <ns3:hr>83</ns3:hr>
          </ns3:TrackPointExtension>
        </extensions>
      </trkpt>
      <trkpt lat="33.19428929127752780914306640625" lon="103.89358813874423503875732421875">
        <ele>2307.39990234375</ele>
        <time>2026-05-20T02:19:16.000Z</time>
        <extensions>
          <ns3:TrackPointExtension>
            <ns3:hr>80</ns3:hr>
          </ns3:TrackPointExtension>
        </extensions>
      </trkpt>
      <trkpt lat="33.1942890398204326629638671875" lon="103.89358813874423503875732421875">
        <ele>2307.39990234375</ele>
        <time>2026-05-20T02:19:19.000Z</time>
        <extensions>
          <ns3:TrackPointExtension>
            <ns3:hr>80</ns3:hr>
          </ns3:TrackPointExtension>
        </extensions>
      </trkpt>
      <trkpt lat="33.19428593851625919342041015625" lon="103.89358847402036190032958984375">
        <ele>2307.39990234375</ele>
        <time>2026-05-20T02:19:36.000Z</time>
        <extensions>
          <ns3:TrackPointExtension>
            <ns3:hr>83</ns3:hr>
          </ns3:TrackPointExtension>
        </extensions>
      </trkpt>
      <trkpt lat="33.194310665130615234375" lon="103.89355628751218318939208984375">
        <ele>2307.60009765625</ele>
        <time>2026-05-20T02:19:57.000Z</time>
        <extensions>
          <ns3:TrackPointExtension>
            <ns3:hr>80</ns3:hr>
          </ns3:TrackPointExtension>
        </extensions>
      </trkpt>
      <trkpt lat="33.19431577809154987335205078125" lon="103.89354564249515533447265625">
        <ele>2307.60009765625</ele>
        <time>2026-05-20T02:20:04.000Z</time>
        <extensions>
          <ns3:TrackPointExtension>
            <ns3:hr>77</ns3:hr>
          </ns3:TrackPointExtension>
        </extensions>
      </trkpt>
      <trkpt lat="33.1943262554705142974853515625" lon="103.893534243106842041015625">
        <ele>2307.60009765625</ele>
        <time>2026-05-20T02:20:13.000Z</time>
        <extensions>
          <ns3:TrackPointExtension>
            <ns3:hr>80</ns3:hr>
          </ns3:TrackPointExtension>
        </extensions>
      </trkpt>
      <trkpt lat="33.19433120079338550567626953125" lon="103.89352560974657535552978515625">
        <ele>2307.60009765625</ele>
        <time>2026-05-20T02:20:29.000Z</time>
        <extensions>
          <ns3:TrackPointExtension>
            <ns3:hr>77</ns3:hr>
          </ns3:TrackPointExtension>
        </extensions>
      </trkpt>
      <trkpt lat="33.19439456798136234283447265625" lon="103.89355477876961231231689453125">
        <ele>2306</ele>
        <time>2026-05-20T02:20:49.000Z</time>
        <extensions>
          <ns3:TrackPointExtension>
            <ns3:hr>81</ns3:hr>
          </ns3:TrackPointExtension>
        </extensions>
      </trkpt>
      <trkpt lat="33.19441351108253002166748046875" lon="103.89355544932186603546142578125">
        <ele>2305.39990234375</ele>
        <time>2026-05-20T02:20:50.000Z</time>
        <extensions>
          <ns3:TrackPointExtension>
            <ns3:hr>78</ns3:hr>
          </ns3:TrackPointExtension>
        </extensions>
      </trkpt>
      <trkpt lat="33.194485343992710113525390625" lon="103.89354296028614044189453125">
        <ele>2303.199951171875</ele>
        <time>2026-05-20T02:20:56.000Z</time>
        <extensions>
          <ns3:TrackPointExtension>
            <ns3:hr>79</ns3:hr>
          </ns3:TrackPointExtension>
        </extensions>
      </trkpt>
      <trkpt lat="33.19448626600205898284912109375" lon="103.8935329020023345947265625">
        <ele>2303.199951171875</ele>
        <time>2026-05-20T02:21:02.000Z</time>
        <extensions>
          <ns3:TrackPointExtension>
            <ns3:hr>79</ns3:hr>
          </ns3:TrackPointExtension>
        </extensions>
      </trkpt>
      <trkpt lat="33.194488026201725006103515625" lon="103.89353315345942974090576171875">
        <ele>2303</ele>
        <time>2026-05-20T02:21:06.000Z</time>
        <extensions>
          <ns3:TrackPointExtension>
            <ns3:hr>75</ns3:hr>
          </ns3:TrackPointExtension>
        </extensions>
      </trkpt>
      <trkpt lat="33.194488026201725006103515625" lon="103.89353315345942974090576171875">
        <ele>2303</ele>
        <time>2026-05-20T02:21:07.000Z</time>
        <extensions>
          <ns3:TrackPointExtension>
            <ns3:hr>78</ns3:hr>
          </ns3:TrackPointExtension>
        </extensions>
      </trkpt>
      <trkpt lat="33.194488026201725006103515625" lon="103.89353315345942974090576171875">
        <ele>2303</ele>
        <time>2026-05-20T02:21:13.000Z</time>
        <extensions>
          <ns3:TrackPointExtension>
            <ns3:hr>80</ns3:hr>
          </ns3:TrackPointExtension>
        </extensions>
      </trkpt>
      <trkpt lat="33.19451987743377685546875" lon="103.8935850374400615692138671875">
        <ele>2301.800048828125</ele>
        <time>2026-05-20T02:21:21.000Z</time>
        <extensions>
          <ns3:TrackPointExtension>
            <ns3:hr>83</ns3:hr>
          </ns3:TrackPointExtension>
        </extensions>
      </trkpt>
      <trkpt lat="33.19453001953661441802978515625" lon="103.89359618537127971649169921875">
        <ele>2301.39990234375</ele>
        <time>2026-05-20T02:21:22.000Z</time>
        <extensions>
          <ns3:TrackPointExtension>
            <ns3:hr>80</ns3:hr>
          </ns3:TrackPointExtension>
        </extensions>
      </trkpt>
      <trkpt lat="33.19454795680940151214599609375" lon="103.89363348484039306640625">
        <ele>2300.60009765625</ele>
        <time>2026-05-20T02:21:26.000Z</time>
        <extensions>
          <ns3:TrackPointExtension>
            <ns3:hr>80</ns3:hr>
          </ns3:TrackPointExtension>
        </extensions>
      </trkpt>
      <trkpt lat="33.19458852522075176239013671875" lon="103.89367883093655109405517578125">
        <ele>2298.800048828125</ele>
        <time>2026-05-20T02:21:32.000Z</time>
        <extensions>
          <ns3:TrackPointExtension>
            <ns3:hr>82</ns3:hr>
          </ns3:TrackPointExtension>
        </extensions>
      </trkpt>
      <trkpt lat="33.19461350329220294952392578125" lon="103.8937134481966495513916015625">
        <ele>2297.800048828125</ele>
        <time>2026-05-20T02:21:36.000Z</time>
        <extensions>
          <ns3:TrackPointExtension>
            <ns3:hr>79</ns3:hr>
          </ns3:TrackPointExtension>
        </extensions>
      </trkpt>
      <trkpt lat="33.19462674669921398162841796875" lon="103.89373247511684894561767578125">
        <ele>2297.800048828125</ele>
        <time>2026-05-20T02:21:38.000Z</time>
        <extensions>
          <ns3:TrackPointExtension>
            <ns3:hr>79</ns3:hr>
          </ns3:TrackPointExtension>
        </extensions>
      </trkpt>
      <trkpt lat="33.19464300759136676788330078125" lon="103.893773965537548065185546875">
        <ele>2298.60009765625</ele>
        <time>2026-05-20T02:21:44.000Z</time>
        <extensions>
          <ns3:TrackPointExtension>
            <ns3:hr>79</ns3:hr>
          </ns3:TrackPointExtension>
        </extensions>
      </trkpt>
      <trkpt lat="33.19464795291423797607421875" lon="103.89383322559297084808349609375">
        <ele>2300.39990234375</ele>
        <time>2026-05-20T02:21:49.000Z</time>
        <extensions>
          <ns3:TrackPointExtension>
            <ns3:hr>79</ns3:hr>
          </ns3:TrackPointExtension>
        </extensions>
      </trkpt>
      <trkpt lat="33.194657675921916961669921875" lon="103.893853761255741119384765625">
        <ele>2300.800048828125</ele>
        <time>2026-05-20T02:21:51.000Z</time>
        <extensions>
          <ns3:TrackPointExtension>
            <ns3:hr>78</ns3:hr>
          </ns3:TrackPointExtension>
        </extensions>
      </trkpt>
      <trkpt lat="33.1946625374257564544677734375" lon="103.89386926777660846710205078125">
        <ele>2301.199951171875</ele>
        <time>2026-05-20T02:21:53.000Z</time>
        <extensions>
          <ns3:TrackPointExtension>
            <ns3:hr>81</ns3:hr>
          </ns3:TrackPointExtension>
        </extensions>
      </trkpt>
      <trkpt lat="33.1946658901870250701904296875" lon="103.89388502575457096099853515625">
        <ele>2301.60009765625</ele>
        <time>2026-05-20T02:21:57.000Z</time>
        <extensions>
          <ns3:TrackPointExtension>
            <ns3:hr>82</ns3:hr>
          </ns3:TrackPointExtension>
        </extensions>
      </trkpt>
      <trkpt lat="33.19468692876398563385009765625" lon="103.89390681870281696319580078125">
        <ele>2301.800048828125</ele>
        <time>2026-05-20T02:22:02.000Z</time>
        <extensions>
          <ns3:TrackPointExtension>
            <ns3:hr>83</ns3:hr>
          </ns3:TrackPointExtension>
        </extensions>
      </trkpt>
      <trkpt lat="33.19468206726014614105224609375" lon="103.89396850951015949249267578125">
        <ele>2304</ele>
        <time>2026-05-20T02:22:07.000Z</time>
        <extensions>
          <ns3:TrackPointExtension>
            <ns3:hr>88</ns3:hr>
          </ns3:TrackPointExtension>
        </extensions>
      </trkpt>
      <trkpt lat="33.19468659348785877227783203125" lon="103.89397202990949153900146484375">
        <ele>2304</ele>
        <time>2026-05-20T02:22:08.000Z</time>
        <extensions>
          <ns3:TrackPointExtension>
            <ns3:hr>92</ns3:hr>
          </ns3:TrackPointExtension>
        </extensions>
      </trkpt>
      <trkpt lat="33.194694556295871734619140625" lon="103.89397555030882358551025390625">
        <ele>2303.800048828125</ele>
        <time>2026-05-20T02:22:09.000Z</time>
        <extensions>
          <ns3:TrackPointExtension>
            <ns3:hr>95</ns3:hr>
          </ns3:TrackPointExtension>
        </extensions>
      </trkpt>
      <trkpt lat="33.1947128288447856903076171875" lon="103.8939890451729297637939453125">
        <ele>2303.800048828125</ele>
        <time>2026-05-20T02:22:12.000Z</time>
        <extensions>
          <ns3:TrackPointExtension>
            <ns3:hr>98</ns3:hr>
          </ns3:TrackPointExtension>
        </extensions>
      </trkpt>
      <trkpt lat="33.194709308445453643798828125" lon="103.89399751089513301849365234375">
        <ele>2304.199951171875</ele>
        <time>2026-05-20T02:22:14.000Z</time>
        <extensions>
          <ns3:TrackPointExtension>
            <ns3:hr>99</ns3:hr>
          </ns3:TrackPointExtension>
        </extensions>
      </trkpt>
      <trkpt lat="33.194712661206722259521484375" lon="103.89400119893252849578857421875">
        <ele>2304.199951171875</ele>
        <time>2026-05-20T02:22:15.000Z</time>
        <extensions>
          <ns3:TrackPointExtension>
            <ns3:hr>103</ns3:hr>
          </ns3:TrackPointExtension>
        </extensions>
      </trkpt>
      <trkpt lat="33.19472313858568668365478515625" lon="103.89400673098862171173095703125">
        <ele>2304.199951171875</ele>
        <time>2026-05-20T02:22:18.000Z</time>
        <extensions>
          <ns3:TrackPointExtension>
            <ns3:hr>108</ns3:hr>
          </ns3:TrackPointExtension>
        </extensions>
      </trkpt>
      <trkpt lat="33.19472380913794040679931640625" lon="103.894006647169589996337890625">
        <ele>2304</ele>
        <time>2026-05-20T02:22:20.000Z</time>
        <extensions>
          <ns3:TrackPointExtension>
            <ns3:hr>111</ns3:hr>
          </ns3:TrackPointExtension>
        </extensions>
      </trkpt>
      <trkpt lat="33.19471844471991062164306640625" lon="103.89400304295122623443603515625">
        <ele>2304.199951171875</ele>
        <time>2026-05-20T02:22:27.000Z</time>
        <extensions>
          <ns3:TrackPointExtension>
            <ns3:hr>110</ns3:hr>
          </ns3:TrackPointExtension>
        </extensions>
      </trkpt>
      <trkpt lat="33.19472028873860836029052734375" lon="103.89400304295122623443603515625">
        <ele>2304</ele>
        <time>2026-05-20T02:22:36.000Z</time>
        <extensions>
          <ns3:TrackPointExtension>
            <ns3:hr>107</ns3:hr>
          </ns3:TrackPointExtension>
        </extensions>
      </trkpt>
      <trkpt lat="33.19472380913794040679931640625" lon="103.8940014503896236419677734375">
        <ele>2304</ele>
        <time>2026-05-20T02:22:43.000Z</time>
        <extensions>
          <ns3:TrackPointExtension>
            <ns3:hr>104</ns3:hr>
          </ns3:TrackPointExtension>
        </extensions>
      </trkpt>
      <trkpt lat="33.1948492862284183502197265625" lon="103.893966414034366607666015625">
        <ele>2299.60009765625</ele>
        <time>2026-05-20T02:23:14.000Z</time>
        <extensions>
          <ns3:TrackPointExtension>
            <ns3:hr>103</ns3:hr>
          </ns3:TrackPointExtension>
        </extensions>
      </trkpt>
      <trkpt lat="33.19487568922340869903564453125" lon="103.89394621364772319793701171875">
        <ele>2298.60009765625</ele>
        <time>2026-05-20T02:23:20.000Z</time>
        <extensions>
          <ns3:TrackPointExtension>
            <ns3:hr>102</ns3:hr>
          </ns3:TrackPointExtension>
        </extensions>
      </trkpt>
      <trkpt lat="33.19487401284277439117431640625" lon="103.893945626914501190185546875">
        <ele>2298.60009765625</ele>
        <time>2026-05-20T02:23:25.000Z</time>
        <extensions>
          <ns3:TrackPointExtension>
            <ns3:hr>98</ns3:hr>
          </ns3:TrackPointExtension>
        </extensions>
      </trkpt>
      <trkpt lat="33.19487401284277439117431640625" lon="103.893945626914501190185546875">
        <ele>2298.60009765625</ele>
        <time>2026-05-20T02:23:26.000Z</time>
        <extensions>
          <ns3:TrackPointExtension>
            <ns3:hr>101</ns3:hr>
          </ns3:TrackPointExtension>
        </extensions>
      </trkpt>
      <trkpt lat="33.19487401284277439117431640625" lon="103.893945626914501190185546875">
        <ele>2298.60009765625</ele>
        <time>2026-05-20T02:23:27.000Z</time>
        <extensions>
          <ns3:TrackPointExtension>
            <ns3:hr>100</ns3:hr>
          </ns3:TrackPointExtension>
        </extensions>
      </trkpt>
      <trkpt lat="33.19487971253693103790283203125" lon="103.89394931495189666748046875">
        <ele>2298.60009765625</ele>
        <time>2026-05-20T02:23:43.000Z</time>
        <extensions>
          <ns3:TrackPointExtension>
            <ns3:hr>95</ns3:hr>
          </ns3:TrackPointExtension>
        </extensions>
      </trkpt>
      <trkpt lat="33.19488801062107086181640625" lon="103.8939525000751018524169921875">
        <ele>2298.60009765625</ele>
        <time>2026-05-20T02:23:45.000Z</time>
        <extensions>
          <ns3:TrackPointExtension>
            <ns3:hr>98</ns3:hr>
          </ns3:TrackPointExtension>
        </extensions>
      </trkpt>
      <trkpt lat="33.19489538669586181640625" lon="103.89396247453987598419189453125">
        <ele>2298.60009765625</ele>
        <time>2026-05-20T02:23:46.000Z</time>
        <extensions>
          <ns3:TrackPointExtension>
            <ns3:hr>96</ns3:hr>
          </ns3:TrackPointExtension>
        </extensions>
      </trkpt>
      <trkpt lat="33.19492614828050136566162109375" lon="103.8939836807548999786376953125">
        <ele>2298.800048828125</ele>
        <time>2026-05-20T02:23:49.000Z</time>
        <extensions>
          <ns3:TrackPointExtension>
            <ns3:hr>100</ns3:hr>
          </ns3:TrackPointExtension>
        </extensions>
      </trkpt>
      <trkpt lat="33.19494944997131824493408203125" lon="103.8940121792256832122802734375">
        <ele>2299</ele>
        <time>2026-05-20T02:23:53.000Z</time>
        <extensions>
          <ns3:TrackPointExtension>
            <ns3:hr>100</ns3:hr>
          </ns3:TrackPointExtension>
        </extensions>
      </trkpt>
      <trkpt lat="33.19496001116931438446044921875" lon="103.89401528052985668182373046875">
        <ele>2299</ele>
        <time>2026-05-20T02:23:54.000Z</time>
        <extensions>
          <ns3:TrackPointExtension>
            <ns3:hr>98</ns3:hr>
          </ns3:TrackPointExtension>
        </extensions>
      </trkpt>
      <trkpt lat="33.194982893764972686767578125" lon="103.89402600936591625213623046875">
        <ele>2299.199951171875</ele>
        <time>2026-05-20T02:23:56.000Z</time>
        <extensions>
          <ns3:TrackPointExtension>
            <ns3:hr>100</ns3:hr>
          </ns3:TrackPointExtension>
        </extensions>
      </trkpt>
      <trkpt lat="33.19501432590186595916748046875" lon="103.89404294081032276153564453125">
        <ele>2299.39990234375</ele>
        <time>2026-05-20T02:24:00.000Z</time>
        <extensions>
          <ns3:TrackPointExtension>
            <ns3:hr>97</ns3:hr>
          </ns3:TrackPointExtension>
        </extensions>
      </trkpt>
      <trkpt lat="33.1950222887098789215087890625" lon="103.894043527543544769287109375">
        <ele>2299.39990234375</ele>
        <time>2026-05-20T02:24:02.000Z</time>
        <extensions>
          <ns3:TrackPointExtension>
            <ns3:hr>96</ns3:hr>
          </ns3:TrackPointExtension>
        </extensions>
      </trkpt>
      <trkpt lat="33.1950615160167217254638671875" lon="103.89408652670681476593017578125">
        <ele>2300.199951171875</ele>
        <time>2026-05-20T02:24:08.000Z</time>
        <extensions>
          <ns3:TrackPointExtension>
            <ns3:hr>95</ns3:hr>
          </ns3:TrackPointExtension>
        </extensions>
      </trkpt>
      <trkpt lat="33.19514608941972255706787109375" lon="103.894168920814990997314453125">
        <ele>2302</ele>
        <time>2026-05-20T02:24:16.000Z</time>
        <extensions>
          <ns3:TrackPointExtension>
            <ns3:hr>96</ns3:hr>
          </ns3:TrackPointExtension>
        </extensions>
      </trkpt>
      <trkpt lat="33.1951905973255634307861328125" lon="103.8941969163715839385986328125">
        <ele>2302.39990234375</ele>
        <time>2026-05-20T02:24:20.000Z</time>
        <extensions>
          <ns3:TrackPointExtension>
            <ns3:hr>94</ns3:hr>
          </ns3:TrackPointExtension>
        </extensions>
      </trkpt>
      <trkpt lat="33.1952239573001861572265625" lon="103.8942222297191619873046875">
        <ele>2303</ele>
        <time>2026-05-20T02:24:23.000Z</time>
        <extensions>
          <ns3:TrackPointExtension>
            <ns3:hr>95</ns3:hr>
          </ns3:TrackPointExtension>
        </extensions>
      </trkpt>
      <trkpt lat="33.195295035839080810546875" lon="103.89426841400563716888427734375">
        <ele>2304</ele>
        <time>2026-05-20T02:24:31.000Z</time>
        <extensions>
          <ns3:TrackPointExtension>
            <ns3:hr>93</ns3:hr>
          </ns3:TrackPointExtension>
        </extensions>
      </trkpt>
      <trkpt lat="33.19533920846879482269287109375" lon="103.8942750357091426849365234375">
        <ele>2304</ele>
        <time>2026-05-20T02:24:37.000Z</time>
        <extensions>
          <ns3:TrackPointExtension>
            <ns3:hr>93</ns3:hr>
          </ns3:TrackPointExtension>
        </extensions>
      </trkpt>
      <trkpt lat="33.19536938332021236419677734375" lon="103.8943025283515453338623046875">
        <ele>2305.199951171875</ele>
        <time>2026-05-20T02:24:42.000Z</time>
        <extensions>
          <ns3:TrackPointExtension>
            <ns3:hr>94</ns3:hr>
          </ns3:TrackPointExtension>
        </extensions>
      </trkpt>
      <trkpt lat="33.1953991390764713287353515625" lon="103.89430881477892398834228515625">
        <ele>2305.39990234375</ele>
        <time>2026-05-20T02:24:47.000Z</time>
        <extensions>
          <ns3:TrackPointExtension>
            <ns3:hr>94</ns3:hr>
          </ns3:TrackPointExtension>
        </extensions>
      </trkpt>
      <trkpt lat="33.195408023893833160400390625" lon="103.8943115808069705963134765625">
        <ele>2305.39990234375</ele>
        <time>2026-05-20T02:24:49.000Z</time>
        <extensions>
          <ns3:TrackPointExtension>
            <ns3:hr>97</ns3:hr>
          </ns3:TrackPointExtension>
        </extensions>
      </trkpt>
      <trkpt lat="33.1954304873943328857421875" lon="103.8943062163889408111572265625">
        <ele>2305</ele>
        <time>2026-05-20T02:24:52.000Z</time>
        <extensions>
          <ns3:TrackPointExtension>
            <ns3:hr>97</ns3:hr>
          </ns3:TrackPointExtension>
        </extensions>
      </trkpt>
      <trkpt lat="33.19546602666378021240234375" lon="103.89425718225538730621337890625">
        <ele>2302.39990234375</ele>
        <time>2026-05-20T02:24:58.000Z</time>
        <extensions>
          <ns3:TrackPointExtension>
            <ns3:hr>98</ns3:hr>
          </ns3:TrackPointExtension>
        </extensions>
      </trkpt>
      <trkpt lat="33.195485137403011322021484375" lon="103.89423170126974582672119140625">
        <ele>2301.60009765625</ele>
        <time>2026-05-20T02:25:00.000Z</time>
        <extensions>
          <ns3:TrackPointExtension>
            <ns3:hr>98</ns3:hr>
          </ns3:TrackPointExtension>
        </extensions>
      </trkpt>
      <trkpt lat="33.1955067627131938934326171875" lon="103.894197754561901092529296875">
        <ele>2300.60009765625</ele>
        <time>2026-05-20T02:25:04.000Z</time>
        <extensions>
          <ns3:TrackPointExtension>
            <ns3:hr>99</ns3:hr>
          </ns3:TrackPointExtension>
        </extensions>
      </trkpt>
      <trkpt lat="33.1955188326537609100341796875" lon="103.89420739375054836273193359375">
        <ele>2301</ele>
        <time>2026-05-20T02:25:08.000Z</time>
        <extensions>
          <ns3:TrackPointExtension>
            <ns3:hr>97</ns3:hr>
          </ns3:TrackPointExtension>
        </extensions>
      </trkpt>
      <trkpt lat="33.19555093534290790557861328125" lon="103.89420420862734317779541015625">
        <ele>2301.199951171875</ele>
        <time>2026-05-20T02:25:14.000Z</time>
        <extensions>
          <ns3:TrackPointExtension>
            <ns3:hr>96</ns3:hr>
          </ns3:TrackPointExtension>
        </extensions>
      </trkpt>
      <trkpt lat="33.19560625590384006500244140625" lon="103.8941570185124874114990234375">
        <ele>2300.199951171875</ele>
        <time>2026-05-20T02:25:20.000Z</time>
        <extensions>
          <ns3:TrackPointExtension>
            <ns3:hr>93</ns3:hr>
          </ns3:TrackPointExtension>
        </extensions>
      </trkpt>
      <trkpt lat="33.19560910575091838836669921875" lon="103.89415509067475795745849609375">
        <ele>2300.199951171875</ele>
        <time>2026-05-20T02:25:21.000Z</time>
        <extensions>
          <ns3:TrackPointExtension>
            <ns3:hr>92</ns3:hr>
          </ns3:TrackPointExtension>
        </extensions>
      </trkpt>
      <trkpt lat="33.195613883435726165771484375" lon="103.89415316283702850341796875">
        <ele>2300.199951171875</ele>
        <time>2026-05-20T02:25:23.000Z</time>
        <extensions>
          <ns3:TrackPointExtension>
            <ns3:hr>96</ns3:hr>
          </ns3:TrackPointExtension>
        </extensions>
      </trkpt>
      <trkpt lat="33.19564514793455600738525390625" lon="103.89413782395422458648681640625">
        <ele>2299.199951171875</ele>
        <time>2026-05-20T02:25:26.000Z</time>
        <extensions>
          <ns3:TrackPointExtension>
            <ns3:hr>93</ns3:hr>
          </ns3:TrackPointExtension>
        </extensions>
      </trkpt>
      <trkpt lat="33.19567180238664150238037109375" lon="103.89414369128644466400146484375">
        <ele>2299.39990234375</ele>
        <time>2026-05-20T02:25:28.000Z</time>
        <extensions>
          <ns3:TrackPointExtension>
            <ns3:hr>92</ns3:hr>
          </ns3:TrackPointExtension>
        </extensions>
      </trkpt>
      <trkpt lat="33.19569895975291728973388671875" lon="103.8941513188183307647705078125">
        <ele>2299.60009765625</ele>
        <time>2026-05-20T02:25:33.000Z</time>
        <extensions>
          <ns3:TrackPointExtension>
            <ns3:hr>91</ns3:hr>
          </ns3:TrackPointExtension>
        </extensions>
      </trkpt>
      <trkpt lat="33.19578562863171100616455078125" lon="103.89411963522434234619140625">
        <ele>2296.39990234375</ele>
        <time>2026-05-20T02:25:41.000Z</time>
        <extensions>
          <ns3:TrackPointExtension>
            <ns3:hr>88</ns3:hr>
          </ns3:TrackPointExtension>
        </extensions>
      </trkpt>
      <trkpt lat="33.195871375501155853271484375" lon="103.89412659220397472381591796875">
        <ele>2294.39990234375</ele>
        <time>2026-05-20T02:25:49.000Z</time>
        <extensions>
          <ns3:TrackPointExtension>
            <ns3:hr>91</ns3:hr>
          </ns3:TrackPointExtension>
        </extensions>
      </trkpt>
      <trkpt lat="33.1958770751953125" lon="103.89413396827876567840576171875">
        <ele>2294.60009765625</ele>
        <time>2026-05-20T02:25:50.000Z</time>
        <extensions>
          <ns3:TrackPointExtension>
            <ns3:hr>91</ns3:hr>
          </ns3:TrackPointExtension>
        </extensions>
      </trkpt>
      <trkpt lat="33.1959154643118381500244140625" lon="103.8941610418260097503662109375">
        <ele>2295</ele>
        <time>2026-05-20T02:25:53.000Z</time>
        <extensions>
          <ns3:TrackPointExtension>
            <ns3:hr>91</ns3:hr>
          </ns3:TrackPointExtension>
        </extensions>
      </trkpt>
      <trkpt lat="33.1959392689168453216552734375" lon="103.89416464604437351226806640625">
        <ele>2294.60009765625</ele>
        <time>2026-05-20T02:25:55.000Z</time>
        <extensions>
          <ns3:TrackPointExtension>
            <ns3:hr>90</ns3:hr>
          </ns3:TrackPointExtension>
        </extensions>
      </trkpt>
      <trkpt lat="33.196015544235706329345703125" lon="103.894182331860065460205078125">
        <ele>2293.60009765625</ele>
        <time>2026-05-20T02:26:00.000Z</time>
        <extensions>
          <ns3:TrackPointExtension>
            <ns3:hr>89</ns3:hr>
          </ns3:TrackPointExtension>
        </extensions>
      </trkpt>
      <trkpt lat="33.1960173882544040679931640625" lon="103.89418275095522403717041015625">
        <ele>2293.60009765625</ele>
        <time>2026-05-20T02:26:01.000Z</time>
        <extensions>
          <ns3:TrackPointExtension>
            <ns3:hr>92</ns3:hr>
          </ns3:TrackPointExtension>
        </extensions>
      </trkpt>
      <trkpt lat="33.1960500776767730712890625" lon="103.894180990755558013916015625">
        <ele>2292.60009765625</ele>
        <time>2026-05-20T02:26:07.000Z</time>
        <extensions>
          <ns3:TrackPointExtension>
            <ns3:hr>89</ns3:hr>
          </ns3:TrackPointExtension>
        </extensions>
      </trkpt>
      <trkpt lat="33.1960535980761051177978515625" lon="103.89417822472751140594482421875">
        <ele>2292.39990234375</ele>
        <time>2026-05-20T02:26:08.000Z</time>
        <extensions>
          <ns3:TrackPointExtension>
            <ns3:hr>89</ns3:hr>
          </ns3:TrackPointExtension>
        </extensions>
      </trkpt>
      <trkpt lat="33.19607933051884174346923828125" lon="103.89418576844036579132080078125">
        <ele>2292.199951171875</ele>
        <time>2026-05-20T02:26:13.000Z</time>
        <extensions>
          <ns3:TrackPointExtension>
            <ns3:hr>91</ns3:hr>
          </ns3:TrackPointExtension>
        </extensions>
      </trkpt>
      <trkpt lat="33.19609005935490131378173828125" lon="103.894189707934856414794921875">
        <ele>2292</ele>
        <time>2026-05-20T02:26:14.000Z</time>
        <extensions>
          <ns3:TrackPointExtension>
            <ns3:hr>91</ns3:hr>
          </ns3:TrackPointExtension>
        </extensions>
      </trkpt>
      <trkpt lat="33.196168430149555206298828125" lon="103.8941967487335205078125">
        <ele>2290.39990234375</ele>
        <time>2026-05-20T02:26:19.000Z</time>
        <extensions>
          <ns3:TrackPointExtension>
            <ns3:hr>89</ns3:hr>
          </ns3:TrackPointExtension>
        </extensions>
      </trkpt>
      <trkpt lat="33.19618360139429569244384765625" lon="103.8941865228116512298583984375">
        <ele>2289.60009765625</ele>
        <time>2026-05-20T02:26:20.000Z</time>
        <extensions>
          <ns3:TrackPointExtension>
            <ns3:hr>87</ns3:hr>
          </ns3:TrackPointExtension>
        </extensions>
      </trkpt>
      <trkpt lat="33.1962190568447113037109375" lon="103.89417730271816253662109375">
        <ele>2288.39990234375</ele>
        <time>2026-05-20T02:26:22.000Z</time>
        <extensions>
          <ns3:TrackPointExtension>
            <ns3:hr>87</ns3:hr>
          </ns3:TrackPointExtension>
        </extensions>
      </trkpt>
      <trkpt lat="33.196242861449718475341796875" lon="103.894210495054721832275390625">
        <ele>2289.199951171875</ele>
        <time>2026-05-20T02:26:25.000Z</time>
        <extensions>
          <ns3:TrackPointExtension>
            <ns3:hr>86</ns3:hr>
          </ns3:TrackPointExtension>
        </extensions>
      </trkpt>
      <trkpt lat="33.1962574459612369537353515625" lon="103.89421476982533931732177734375">
        <ele>2289.199951171875</ele>
        <time>2026-05-20T02:26:26.000Z</time>
        <extensions>
          <ns3:TrackPointExtension>
            <ns3:hr>86</ns3:hr>
          </ns3:TrackPointExtension>
        </extensions>
      </trkpt>
      <trkpt lat="33.19626758806407451629638671875" lon="103.89422197826206684112548828125">
        <ele>2289.39990234375</ele>
        <time>2026-05-20T02:26:28.000Z</time>
        <extensions>
          <ns3:TrackPointExtension>
            <ns3:hr>84</ns3:hr>
          </ns3:TrackPointExtension>
        </extensions>
      </trkpt>
      <trkpt lat="33.19627203047275543212890625" lon="103.89422013424336910247802734375">
        <ele>2289.199951171875</ele>
        <time>2026-05-20T02:26:29.000Z</time>
        <extensions>
          <ns3:TrackPointExtension>
            <ns3:hr>87</ns3:hr>
          </ns3:TrackPointExtension>
        </extensions>
      </trkpt>
      <trkpt lat="33.19628410041332244873046875" lon="103.89422214590013027191162109375">
        <ele>2289.199951171875</ele>
        <time>2026-05-20T02:26:30.000Z</time>
        <extensions>
          <ns3:TrackPointExtension>
            <ns3:hr>87</ns3:hr>
          </ns3:TrackPointExtension>
        </extensions>
      </trkpt>
      <trkpt lat="33.1963405944406986236572265625" lon="103.89426539652049541473388671875">
        <ele>2290.199951171875</ele>
        <time>2026-05-20T02:26:34.000Z</time>
        <extensions>
          <ns3:TrackPointExtension>
            <ns3:hr>87</ns3:hr>
          </ns3:TrackPointExtension>
        </extensions>
      </trkpt>
      <trkpt lat="33.1964384950697422027587890625" lon="103.8942919671535491943359375">
        <ele>2290.39990234375</ele>
        <time>2026-05-20T02:26:43.000Z</time>
        <extensions>
          <ns3:TrackPointExtension>
            <ns3:hr>86</ns3:hr>
          </ns3:TrackPointExtension>
        </extensions>
      </trkpt>
      <trkpt lat="33.19647227413952350616455078125" lon="103.89427193440496921539306640625">
        <ele>2289</ele>
        <time>2026-05-20T02:26:51.000Z</time>
        <extensions>
          <ns3:TrackPointExtension>
            <ns3:hr>87</ns3:hr>
          </ns3:TrackPointExtension>
        </extensions>
      </trkpt>
      <trkpt lat="33.19650697521865367889404296875" lon="103.89426087029278278350830078125">
        <ele>2288.199951171875</ele>
        <time>2026-05-20T02:26:55.000Z</time>
        <extensions>
          <ns3:TrackPointExtension>
            <ns3:hr>82</ns3:hr>
          </ns3:TrackPointExtension>
        </extensions>
      </trkpt>
      <trkpt lat="33.19651032797992229461669921875" lon="103.8942626304924488067626953125">
        <ele>2288.199951171875</ele>
        <time>2026-05-20T02:26:56.000Z</time>
        <extensions>
          <ns3:TrackPointExtension>
            <ns3:hr>87</ns3:hr>
          </ns3:TrackPointExtension>
        </extensions>
      </trkpt>
      <trkpt lat="33.1965315341949462890625" lon="103.8942576013505458831787109375">
        <ele>2287.800048828125</ele>
        <time>2026-05-20T02:26:59.000Z</time>
        <extensions>
          <ns3:TrackPointExtension>
            <ns3:hr>87</ns3:hr>
          </ns3:TrackPointExtension>
        </extensions>
      </trkpt>
      <trkpt lat="33.1965769641101360321044921875" lon="103.89422834850847721099853515625">
        <ele>2286.39990234375</ele>
        <time>2026-05-20T02:27:05.000Z</time>
        <extensions>
          <ns3:TrackPointExtension>
            <ns3:hr>88</ns3:hr>
          </ns3:TrackPointExtension>
        </extensions>
      </trkpt>
      <trkpt lat="33.196637146174907684326171875" lon="103.8942267559468746185302734375">
        <ele>2286.199951171875</ele>
        <time>2026-05-20T02:27:10.000Z</time>
        <extensions>
          <ns3:TrackPointExtension>
            <ns3:hr>91</ns3:hr>
          </ns3:TrackPointExtension>
        </extensions>
      </trkpt>
      <trkpt lat="33.19666472263634204864501953125" lon="103.89422801323235034942626953125">
        <ele>2286.199951171875</ele>
        <time>2026-05-20T02:27:17.000Z</time>
        <extensions>
          <ns3:TrackPointExtension>
            <ns3:hr>93</ns3:hr>
          </ns3:TrackPointExtension>
        </extensions>
      </trkpt>
      <trkpt lat="33.196702189743518829345703125" lon="103.89423673041164875030517578125">
        <ele>2286.199951171875</ele>
        <time>2026-05-20T02:27:24.000Z</time>
        <extensions>
          <ns3:TrackPointExtension>
            <ns3:hr>95</ns3:hr>
          </ns3:TrackPointExtension>
        </extensions>
      </trkpt>
      <trkpt lat="33.1967553310096263885498046875" lon="103.8942341320216655731201171875">
        <ele>2286</ele>
        <time>2026-05-20T02:27:30.000Z</time>
        <extensions>
          <ns3:TrackPointExtension>
            <ns3:hr>93</ns3:hr>
          </ns3:TrackPointExtension>
        </extensions>
      </trkpt>
      <trkpt lat="33.19682322442531585693359375" lon="103.8942287676036357879638671875">
        <ele>2285.60009765625</ele>
        <time>2026-05-20T02:27:38.000Z</time>
        <extensions>
          <ns3:TrackPointExtension>
            <ns3:hr>96</ns3:hr>
          </ns3:TrackPointExtension>
        </extensions>
      </trkpt>
      <trkpt lat="33.19687024690210819244384765625" lon="103.894187696278095245361328125">
        <ele>2283.199951171875</ele>
        <time>2026-05-20T02:27:47.000Z</time>
        <extensions>
          <ns3:TrackPointExtension>
            <ns3:hr>97</ns3:hr>
          </ns3:TrackPointExtension>
        </extensions>
      </trkpt>
      <trkpt lat="33.19687678478658199310302734375" lon="103.89418576844036579132080078125">
        <ele>2283</ele>
        <time>2026-05-20T02:27:53.000Z</time>
        <extensions>
          <ns3:TrackPointExtension>
            <ns3:hr>96</ns3:hr>
          </ns3:TrackPointExtension>
        </extensions>
      </trkpt>
      <trkpt lat="33.1968740187585353851318359375" lon="103.89418761245906352996826171875">
        <ele>2283</ele>
        <time>2026-05-20T02:28:01.000Z</time>
        <extensions>
          <ns3:TrackPointExtension>
            <ns3:hr>96</ns3:hr>
          </ns3:TrackPointExtension>
        </extensions>
      </trkpt>
      <trkpt lat="33.1968777067959308624267578125" lon="103.89418710954487323760986328125">
        <ele>2283</ele>
        <time>2026-05-20T02:28:14.000Z</time>
        <extensions>
          <ns3:TrackPointExtension>
            <ns3:hr>92</ns3:hr>
          </ns3:TrackPointExtension>
        </extensions>
      </trkpt>
      <trkpt lat="33.19688013754785060882568359375" lon="103.89418669044971466064453125">
        <ele>2282.800048828125</ele>
        <time>2026-05-20T02:28:16.000Z</time>
        <extensions>
          <ns3:TrackPointExtension>
            <ns3:hr>89</ns3:hr>
          </ns3:TrackPointExtension>
        </extensions>
      </trkpt>
      <trkpt lat="33.1968924589455127716064453125" lon="103.894182331860065460205078125">
        <ele>2282.39990234375</ele>
        <time>2026-05-20T02:28:19.000Z</time>
        <extensions>
          <ns3:TrackPointExtension>
            <ns3:hr>86</ns3:hr>
          </ns3:TrackPointExtension>
        </extensions>
      </trkpt>
      <trkpt lat="33.19697921164333820343017578125" lon="103.89415324665606021881103515625">
        <ele>2278.800048828125</ele>
        <time>2026-05-20T02:28:26.000Z</time>
        <extensions>
          <ns3:TrackPointExtension>
            <ns3:hr>85</ns3:hr>
          </ns3:TrackPointExtension>
        </extensions>
      </trkpt>
      <trkpt lat="33.19710359908640384674072265625" lon="103.89410027302801609039306640625">
        <ele>2275.60009765625</ele>
        <time>2026-05-20T02:28:34.000Z</time>
        <extensions>
          <ns3:TrackPointExtension>
            <ns3:hr>82</ns3:hr>
          </ns3:TrackPointExtension>
        </extensions>
      </trkpt>
      <trkpt lat="33.19714785553514957427978515625" lon="103.8940614648163318634033203125">
        <ele>2274.199951171875</ele>
        <time>2026-05-20T02:28:42.000Z</time>
        <extensions>
          <ns3:TrackPointExtension>
            <ns3:hr>82</ns3:hr>
          </ns3:TrackPointExtension>
        </extensions>
      </trkpt>
      <trkpt lat="33.19718758575618267059326171875" lon="103.89404428191483020782470703125">
        <ele>2273.199951171875</ele>
        <time>2026-05-20T02:28:48.000Z</time>
        <extensions>
          <ns3:TrackPointExtension>
            <ns3:hr>83</ns3:hr>
          </ns3:TrackPointExtension>
        </extensions>
      </trkpt>
      <trkpt lat="33.197259418666362762451171875" lon="103.89404453337192535400390625">
        <ele>2272</ele>
        <time>2026-05-20T02:28:56.000Z</time>
        <extensions>
          <ns3:TrackPointExtension>
            <ns3:hr>83</ns3:hr>
          </ns3:TrackPointExtension>
        </extensions>
      </trkpt>
      <trkpt lat="33.1973299942910671234130859375" lon="103.8940908014774322509765625">
        <ele>2272</ele>
        <time>2026-05-20T02:29:03.000Z</time>
        <extensions>
          <ns3:TrackPointExtension>
            <ns3:hr>84</ns3:hr>
          </ns3:TrackPointExtension>
        </extensions>
      </trkpt>
      <trkpt lat="33.19741222076117992401123046875" lon="103.89416883699595928192138671875">
        <ele>2272.199951171875</ele>
        <time>2026-05-20T02:29:09.000Z</time>
        <extensions>
          <ns3:TrackPointExtension>
            <ns3:hr>84</ns3:hr>
          </ns3:TrackPointExtension>
        </extensions>
      </trkpt>
      <trkpt lat="33.19742596708238124847412109375" lon="103.89418342150747776031494140625">
        <ele>2272.199951171875</ele>
        <time>2026-05-20T02:29:11.000Z</time>
        <extensions>
          <ns3:TrackPointExtension>
            <ns3:hr>81</ns3:hr>
          </ns3:TrackPointExtension>
        </extensions>
      </trkpt>
      <trkpt lat="33.19743476808071136474609375" lon="103.8941888697445392608642578125">
        <ele>2272.199951171875</ele>
        <time>2026-05-20T02:29:12.000Z</time>
        <extensions>
          <ns3:TrackPointExtension>
            <ns3:hr>85</ns3:hr>
          </ns3:TrackPointExtension>
        </extensions>
      </trkpt>
      <trkpt lat="33.197441138327121734619140625" lon="103.8941959105432033538818359375">
        <ele>2272.199951171875</ele>
        <time>2026-05-20T02:29:13.000Z</time>
        <extensions>
          <ns3:TrackPointExtension>
            <ns3:hr>80</ns3:hr>
          </ns3:TrackPointExtension>
        </extensions>
      </trkpt>
      <trkpt lat="33.19746837951242923736572265625" lon="103.89421996660530567169189453125">
        <ele>2272.39990234375</ele>
        <time>2026-05-20T02:29:16.000Z</time>
        <extensions>
          <ns3:TrackPointExtension>
            <ns3:hr>82</ns3:hr>
          </ns3:TrackPointExtension>
        </extensions>
      </trkpt>
      <trkpt lat="33.1974711455404758453369140625" lon="103.89423002488911151885986328125">
        <ele>2272.60009765625</ele>
        <time>2026-05-20T02:29:17.000Z</time>
        <extensions>
          <ns3:TrackPointExtension>
            <ns3:hr>81</ns3:hr>
          </ns3:TrackPointExtension>
        </extensions>
      </trkpt>
      <trkpt lat="33.19747458212077617645263671875" lon="103.89425634406507015228271484375">
        <ele>2273</ele>
        <time>2026-05-20T02:29:21.000Z</time>
        <extensions>
          <ns3:TrackPointExtension>
            <ns3:hr>85</ns3:hr>
          </ns3:TrackPointExtension>
        </extensions>
      </trkpt>
      <trkpt lat="33.19750207476317882537841796875" lon="103.89426606707274913787841796875">
        <ele>2272.800048828125</ele>
        <time>2026-05-20T02:29:23.000Z</time>
        <extensions>
          <ns3:TrackPointExtension>
            <ns3:hr>84</ns3:hr>
          </ns3:TrackPointExtension>
        </extensions>
      </trkpt>
      <trkpt lat="33.1975459121167659759521484375" lon="103.89429607428610324859619140625">
        <ele>2273</ele>
        <time>2026-05-20T02:29:27.000Z</time>
        <extensions>
          <ns3:TrackPointExtension>
            <ns3:hr>88</ns3:hr>
          </ns3:TrackPointExtension>
        </extensions>
      </trkpt>
      <trkpt lat="33.19755278527736663818359375" lon="103.89429867267608642578125">
        <ele>2273</ele>
        <time>2026-05-20T02:29:28.000Z</time>
        <extensions>
          <ns3:TrackPointExtension>
            <ns3:hr>88</ns3:hr>
          </ns3:TrackPointExtension>
        </extensions>
      </trkpt>
      <trkpt lat="33.197595365345478057861328125" lon="103.89436732046306133270263671875">
        <ele>2274</ele>
        <time>2026-05-20T02:29:36.000Z</time>
        <extensions>
          <ns3:TrackPointExtension>
            <ns3:hr>87</ns3:hr>
          </ns3:TrackPointExtension>
        </extensions>
      </trkpt>
      <trkpt lat="33.1976218521595001220703125" lon="103.8944046199321746826171875">
        <ele>2274.60009765625</ele>
        <time>2026-05-20T02:29:42.000Z</time>
        <extensions>
          <ns3:TrackPointExtension>
            <ns3:hr>85</ns3:hr>
          </ns3:TrackPointExtension>
        </extensions>
      </trkpt>
      <trkpt lat="33.19766300730407238006591796875" lon="103.89440855942666530609130859375">
        <ele>2274.199951171875</ele>
        <time>2026-05-20T02:29:46.000Z</time>
        <extensions>
          <ns3:TrackPointExtension>
            <ns3:hr>88</ns3:hr>
          </ns3:TrackPointExtension>
        </extensions>
      </trkpt>
      <trkpt lat="33.1976652704179286956787109375" lon="103.89440889470279216766357421875">
        <ele>2274.199951171875</ele>
        <time>2026-05-20T02:29:48.000Z</time>
        <extensions>
          <ns3:TrackPointExtension>
            <ns3:hr>89</ns3:hr>
          </ns3:TrackPointExtension>
        </extensions>
      </trkpt>
      <trkpt lat="33.19770005531609058380126953125" lon="103.89444309286773204803466796875">
        <ele>2274.39990234375</ele>
        <time>2026-05-20T02:29:56.000Z</time>
        <extensions>
          <ns3:TrackPointExtension>
            <ns3:hr>92</ns3:hr>
          </ns3:TrackPointExtension>
        </extensions>
      </trkpt>
      <trkpt lat="33.19769972003996372222900390625" lon="103.89444225467741489410400390625">
        <ele>2274.39990234375</ele>
        <time>2026-05-20T02:29:57.000Z</time>
        <extensions>
          <ns3:TrackPointExtension>
            <ns3:hr>92</ns3:hr>
          </ns3:TrackPointExtension>
        </extensions>
      </trkpt>
      <trkpt lat="33.19770189933478832244873046875" lon="103.894445858895778656005859375">
        <ele>2274.39990234375</ele>
        <time>2026-05-20T02:30:02.000Z</time>
        <extensions>
          <ns3:TrackPointExtension>
            <ns3:hr>95</ns3:hr>
          </ns3:TrackPointExtension>
        </extensions>
      </trkpt>
      <trkpt lat="33.19774246774613857269287109375" lon="103.8944634608924388885498046875">
        <ele>2273.60009765625</ele>
        <time>2026-05-20T02:30:07.000Z</time>
        <extensions>
          <ns3:TrackPointExtension>
            <ns3:hr>97</ns3:hr>
          </ns3:TrackPointExtension>
        </extensions>
      </trkpt>
      <trkpt lat="33.1978017278015613555908203125" lon="103.89449405483901500701904296875">
        <ele>2272.60009765625</ele>
        <time>2026-05-20T02:30:13.000Z</time>
        <extensions>
          <ns3:TrackPointExtension>
            <ns3:hr>98</ns3:hr>
          </ns3:TrackPointExtension>
        </extensions>
      </trkpt>
      <trkpt lat="33.197862915694713592529296875" lon="103.8945127464830875396728515625">
        <ele>2271.199951171875</ele>
        <time>2026-05-20T02:30:18.000Z</time>
        <extensions>
          <ns3:TrackPointExtension>
            <ns3:hr>97</ns3:hr>
          </ns3:TrackPointExtension>
        </extensions>
      </trkpt>
      <trkpt lat="33.1978900730609893798828125" lon="103.89452758245170116424560546875">
        <ele>2270.800048828125</ele>
        <time>2026-05-20T02:30:20.000Z</time>
        <extensions>
          <ns3:TrackPointExtension>
            <ns3:hr>95</ns3:hr>
          </ns3:TrackPointExtension>
        </extensions>
      </trkpt>
      <trkpt lat="33.1979435496032238006591796875" lon="103.894578628242015838623046875">
        <ele>2270.199951171875</ele>
        <time>2026-05-20T02:30:25.000Z</time>
        <extensions>
          <ns3:TrackPointExtension>
            <ns3:hr>99</ns3:hr>
          </ns3:TrackPointExtension>
        </extensions>
      </trkpt>
      <trkpt lat="33.19797565229237079620361328125" lon="103.89459027908742427825927734375">
        <ele>2269.39990234375</ele>
        <time>2026-05-20T02:30:27.000Z</time>
        <extensions>
          <ns3:TrackPointExtension>
            <ns3:hr>99</ns3:hr>
          </ns3:TrackPointExtension>
        </extensions>
      </trkpt>
      <trkpt lat="33.19800280965864658355712890625" lon="103.89459078200161457061767578125">
        <ele>2269.39990234375</ele>
        <time>2026-05-20T02:30:29.000Z</time>
        <extensions>
          <ns3:TrackPointExtension>
            <ns3:hr>96</ns3:hr>
          </ns3:TrackPointExtension>
        </extensions>
      </trkpt>
      <trkpt lat="33.1980179809033870697021484375" lon="103.89460419304668903350830078125">
        <ele>2269.39990234375</ele>
        <time>2026-05-20T02:30:31.000Z</time>
        <extensions>
          <ns3:TrackPointExtension>
            <ns3:hr>96</ns3:hr>
          </ns3:TrackPointExtension>
        </extensions>
      </trkpt>
      <trkpt lat="33.19804765284061431884765625" lon="103.8946538977324962615966796875">
        <ele>2269.800048828125</ele>
        <time>2026-05-20T02:30:37.000Z</time>
        <extensions>
          <ns3:TrackPointExtension>
            <ns3:hr>94</ns3:hr>
          </ns3:TrackPointExtension>
        </extensions>
      </trkpt>
      <trkpt lat="33.19807858206331729888916015625" lon="103.89469857327640056610107421875">
        <ele>2270.39990234375</ele>
        <time>2026-05-20T02:30:43.000Z</time>
        <extensions>
          <ns3:TrackPointExtension>
            <ns3:hr>97</ns3:hr>
          </ns3:TrackPointExtension>
        </extensions>
      </trkpt>
      <trkpt lat="33.19808042608201503753662109375" lon="103.89470435678958892822265625">
        <ele>2270.39990234375</ele>
        <time>2026-05-20T02:30:44.000Z</time>
        <extensions>
          <ns3:TrackPointExtension>
            <ns3:hr>96</ns3:hr>
          </ns3:TrackPointExtension>
        </extensions>
      </trkpt>
      <trkpt lat="33.198165334761142730712890625" lon="103.894785158336162567138671875">
        <ele>2271</ele>
        <time>2026-05-20T02:30:52.000Z</time>
        <extensions>
          <ns3:TrackPointExtension>
            <ns3:hr>95</ns3:hr>
          </ns3:TrackPointExtension>
        </extensions>
      </trkpt>
      <trkpt lat="33.19822476245462894439697265625" lon="103.894801922142505645751953125">
        <ele>2270.800048828125</ele>
        <time>2026-05-20T02:30:57.000Z</time>
        <extensions>
          <ns3:TrackPointExtension>
            <ns3:hr>92</ns3:hr>
          </ns3:TrackPointExtension>
        </extensions>
      </trkpt>
      <trkpt lat="33.19823767058551311492919921875" lon="103.89480334706604480743408203125">
        <ele>2270.800048828125</ele>
        <time>2026-05-20T02:30:58.000Z</time>
        <extensions>
          <ns3:TrackPointExtension>
            <ns3:hr>92</ns3:hr>
          </ns3:TrackPointExtension>
        </extensions>
      </trkpt>
      <trkpt lat="33.19827639497816562652587890625" lon="103.8947826437652111053466796875">
        <ele>2270.39990234375</ele>
        <time>2026-05-20T02:31:04.000Z</time>
        <extensions>
          <ns3:TrackPointExtension>
            <ns3:hr>92</ns3:hr>
          </ns3:TrackPointExtension>
        </extensions>
      </trkpt>
      <trkpt lat="33.198279999196529388427734375" lon="103.8947675563395023345947265625">
        <ele>2270.199951171875</ele>
        <time>2026-05-20T02:31:08.000Z</time>
        <extensions>
          <ns3:TrackPointExtension>
            <ns3:hr>92</ns3:hr>
          </ns3:TrackPointExtension>
        </extensions>
      </trkpt>
      <trkpt lat="33.19828527979552745819091796875" lon="103.89476110227406024932861328125">
        <ele>2270.199951171875</ele>
        <time>2026-05-20T02:31:14.000Z</time>
        <extensions>
          <ns3:TrackPointExtension>
            <ns3:hr>90</ns3:hr>
          </ns3:TrackPointExtension>
        </extensions>
      </trkpt>
      <trkpt lat="33.1982902251183986663818359375" lon="103.89479555189609527587890625">
        <ele>2270.39990234375</ele>
        <time>2026-05-20T02:31:19.000Z</time>
        <extensions>
          <ns3:TrackPointExtension>
            <ns3:hr>89</ns3:hr>
          </ns3:TrackPointExtension>
        </extensions>
      </trkpt>
      <trkpt lat="33.19829936139285564422607421875" lon="103.894778788089752197265625">
        <ele>2270.199951171875</ele>
        <time>2026-05-20T02:31:23.000Z</time>
        <extensions>
          <ns3:TrackPointExtension>
            <ns3:hr>88</ns3:hr>
          </ns3:TrackPointExtension>
        </extensions>
      </trkpt>
      <trkpt lat="33.19828108884394168853759765625" lon="103.8947866670787334442138671875">
        <ele>2270.39990234375</ele>
        <time>2026-05-20T02:31:26.000Z</time>
        <extensions>
          <ns3:TrackPointExtension>
            <ns3:hr>91</ns3:hr>
          </ns3:TrackPointExtension>
        </extensions>
      </trkpt>
      <trkpt lat="33.19827136583626270294189453125" lon="103.89479178003966808319091796875">
        <ele>2270.39990234375</ele>
        <time>2026-05-20T02:31:27.000Z</time>
        <extensions>
          <ns3:TrackPointExtension>
            <ns3:hr>90</ns3:hr>
          </ns3:TrackPointExtension>
        </extensions>
      </trkpt>
      <trkpt lat="33.198260553181171417236328125" lon="103.89478742145001888275146484375">
        <ele>2270.39990234375</ele>
        <time>2026-05-20T02:31:32.000Z</time>
        <extensions>
          <ns3:TrackPointExtension>
            <ns3:hr>89</ns3:hr>
          </ns3:TrackPointExtension>
        </extensions>
      </trkpt>
      <trkpt lat="33.1983197294175624847412109375" lon="103.894764371216297149658203125">
        <ele>2270</ele>
        <time>2026-05-20T02:31:37.000Z</time>
        <extensions>
          <ns3:TrackPointExtension>
            <ns3:hr>92</ns3:hr>
          </ns3:TrackPointExtension>
        </extensions>
      </trkpt>
      <trkpt lat="33.19832316599786281585693359375" lon="103.89476244337856769561767578125">
        <ele>2270</ele>
        <time>2026-05-20T02:31:38.000Z</time>
        <extensions>
          <ns3:TrackPointExtension>
            <ns3:hr>93</ns3:hr>
          </ns3:TrackPointExtension>
        </extensions>
      </trkpt>
      <trkpt lat="33.19832802750170230865478515625" lon="103.89476872980594635009765625">
        <ele>2270</ele>
        <time>2026-05-20T02:31:39.000Z</time>
        <extensions>
          <ns3:TrackPointExtension>
            <ns3:hr>90</ns3:hr>
          </ns3:TrackPointExtension>
        </extensions>
      </trkpt>
      <trkpt lat="33.19833892397582530975341796875" lon="103.89478214085102081298828125">
        <ele>2270.199951171875</ele>
        <time>2026-05-20T02:31:42.000Z</time>
        <extensions>
          <ns3:TrackPointExtension>
            <ns3:hr>90</ns3:hr>
          </ns3:TrackPointExtension>
        </extensions>
      </trkpt>
      <trkpt lat="33.19834060035645961761474609375" lon="103.89478105120360851287841796875">
        <ele>2270.199951171875</ele>
        <time>2026-05-20T02:31:47.000Z</time>
        <extensions>
          <ns3:TrackPointExtension>
            <ns3:hr>87</ns3:hr>
          </ns3:TrackPointExtension>
        </extensions>
      </trkpt>
      <trkpt lat="33.19834060035645961761474609375" lon="103.89478105120360851287841796875">
        <ele>2270.199951171875</ele>
        <time>2026-05-20T02:31:51.000Z</time>
        <extensions>
          <ns3:TrackPointExtension>
            <ns3:hr>89</ns3:hr>
          </ns3:TrackPointExtension>
        </extensions>
      </trkpt>
      <trkpt lat="33.1983224116265773773193359375" lon="103.894783817231655120849609375">
        <ele>2270.199951171875</ele>
        <time>2026-05-20T02:32:00.000Z</time>
        <extensions>
          <ns3:TrackPointExtension>
            <ns3:hr>85</ns3:hr>
          </ns3:TrackPointExtension>
        </extensions>
      </trkpt>
      <trkpt lat="33.19831830449402332305908203125" lon="103.894790522754192352294921875">
        <ele>2270.39990234375</ele>
        <time>2026-05-20T02:32:01.000Z</time>
        <extensions>
          <ns3:TrackPointExtension>
            <ns3:hr>86</ns3:hr>
          </ns3:TrackPointExtension>
        </extensions>
      </trkpt>
      <trkpt lat="33.19831361062824726104736328125" lon="103.894805945456027984619140625">
        <ele>2270.39990234375</ele>
        <time>2026-05-20T02:32:07.000Z</time>
        <extensions>
          <ns3:TrackPointExtension>
            <ns3:hr>87</ns3:hr>
          </ns3:TrackPointExtension>
        </extensions>
      </trkpt>
      <trkpt lat="33.19833875633776187896728515625" lon="103.89479865320026874542236328125">
        <ele>2270.39990234375</ele>
        <time>2026-05-20T02:32:10.000Z</time>
        <extensions>
          <ns3:TrackPointExtension>
            <ns3:hr>84</ns3:hr>
          </ns3:TrackPointExtension>
        </extensions>
      </trkpt>
      <trkpt lat="33.19835384376347064971923828125" lon="103.89478809200227260589599609375">
        <ele>2270.199951171875</ele>
        <time>2026-05-20T02:32:12.000Z</time>
        <extensions>
          <ns3:TrackPointExtension>
            <ns3:hr>86</ns3:hr>
          </ns3:TrackPointExtension>
        </extensions>
      </trkpt>
      <trkpt lat="33.19839097559452056884765625" lon="103.89475557021796703338623046875">
        <ele>2269.60009765625</ele>
        <time>2026-05-20T02:32:16.000Z</time>
        <extensions>
          <ns3:TrackPointExtension>
            <ns3:hr>84</ns3:hr>
          </ns3:TrackPointExtension>
        </extensions>
      </trkpt>
      <trkpt lat="33.19839390926063060760498046875" lon="103.8947625271975994110107421875">
        <ele>2269.800048828125</ele>
        <time>2026-05-20T02:32:20.000Z</time>
        <extensions>
          <ns3:TrackPointExtension>
            <ns3:hr>84</ns3:hr>
          </ns3:TrackPointExtension>
        </extensions>
      </trkpt>
      <trkpt lat="33.19833791814744472503662109375" lon="103.89478708617389202117919921875">
        <ele>2270.199951171875</ele>
        <time>2026-05-20T02:32:27.000Z</time>
        <extensions>
          <ns3:TrackPointExtension>
            <ns3:hr>85</ns3:hr>
          </ns3:TrackPointExtension>
        </extensions>
      </trkpt>
      <trkpt lat="33.198342360556125640869140625" lon="103.89478440396487712860107421875">
        <ele>2270.199951171875</ele>
        <time>2026-05-20T02:32:37.000Z</time>
        <extensions>
          <ns3:TrackPointExtension>
            <ns3:hr>86</ns3:hr>
          </ns3:TrackPointExtension>
        </extensions>
      </trkpt>
      <trkpt lat="33.198342360556125640869140625" lon="103.8947856612503528594970703125">
        <ele>2270.199951171875</ele>
        <time>2026-05-20T02:32:44.000Z</time>
        <extensions>
          <ns3:TrackPointExtension>
            <ns3:hr>83</ns3:hr>
          </ns3:TrackPointExtension>
        </extensions>
      </trkpt>
      <trkpt lat="33.1983120180666446685791015625" lon="103.894810639321804046630859375">
        <ele>2270.60009765625</ele>
        <time>2026-05-20T02:32:50.000Z</time>
        <extensions>
          <ns3:TrackPointExtension>
            <ns3:hr>84</ns3:hr>
          </ns3:TrackPointExtension>
        </extensions>
      </trkpt>
      <trkpt lat="33.1982816755771636962890625" lon="103.8948386348783969879150390625">
        <ele>2271</ele>
        <time>2026-05-20T02:32:57.000Z</time>
        <extensions>
          <ns3:TrackPointExtension>
            <ns3:hr>84</ns3:hr>
          </ns3:TrackPointExtension>
        </extensions>
      </trkpt>
      <trkpt lat="33.1982816755771636962890625" lon="103.8948386348783969879150390625">
        <ele>2271</ele>
        <time>2026-05-20T02:32:59.000Z</time>
        <extensions>
          <ns3:TrackPointExtension>
            <ns3:hr>88</ns3:hr>
          </ns3:TrackPointExtension>
        </extensions>
      </trkpt>
      <trkpt lat="33.1982816755771636962890625" lon="103.8948386348783969879150390625">
        <ele>2271</ele>
        <time>2026-05-20T02:33:01.000Z</time>
        <extensions>
          <ns3:TrackPointExtension>
            <ns3:hr>85</ns3:hr>
          </ns3:TrackPointExtension>
        </extensions>
      </trkpt>
      <trkpt lat="33.1982979364693164825439453125" lon="103.89481407590210437774658203125">
        <ele>2270.60009765625</ele>
        <time>2026-05-20T02:33:16.000Z</time>
        <extensions>
          <ns3:TrackPointExtension>
            <ns3:hr>88</ns3:hr>
          </ns3:TrackPointExtension>
        </extensions>
      </trkpt>
      <trkpt lat="33.19830782711505889892578125" lon="103.8948118127882480621337890625">
        <ele>2270.60009765625</ele>
        <time>2026-05-20T02:33:22.000Z</time>
        <extensions>
          <ns3:TrackPointExtension>
            <ns3:hr>84</ns3:hr>
          </ns3:TrackPointExtension>
        </extensions>
      </trkpt>
      <trkpt lat="33.198308162391185760498046875" lon="103.89480720274150371551513671875">
        <ele>2270.60009765625</ele>
        <time>2026-05-20T02:33:24.000Z</time>
        <extensions>
          <ns3:TrackPointExtension>
            <ns3:hr>87</ns3:hr>
          </ns3:TrackPointExtension>
        </extensions>
      </trkpt>
      <trkpt lat="33.198293745517730712890625" lon="103.894832096993923187255859375">
        <ele>2270.800048828125</ele>
        <time>2026-05-20T02:33:31.000Z</time>
        <extensions>
          <ns3:TrackPointExtension>
            <ns3:hr>87</ns3:hr>
          </ns3:TrackPointExtension>
        </extensions>
      </trkpt>
      <trkpt lat="33.19828880019485950469970703125" lon="103.8948579132556915283203125">
        <ele>2271.60009765625</ele>
        <time>2026-05-20T02:33:37.000Z</time>
        <extensions>
          <ns3:TrackPointExtension>
            <ns3:hr>84</ns3:hr>
          </ns3:TrackPointExtension>
        </extensions>
      </trkpt>
      <trkpt lat="33.1982915662229061126708984375" lon="103.89484190382063388824462890625">
        <ele>2271.199951171875</ele>
        <time>2026-05-20T02:33:40.000Z</time>
        <extensions>
          <ns3:TrackPointExtension>
            <ns3:hr>85</ns3:hr>
          </ns3:TrackPointExtension>
        </extensions>
      </trkpt>
      <trkpt lat="33.1982915662229061126708984375" lon="103.89484089799225330352783203125">
        <ele>2271</ele>
        <time>2026-05-20T02:33:53.000Z</time>
        <extensions>
          <ns3:TrackPointExtension>
            <ns3:hr>86</ns3:hr>
          </ns3:TrackPointExtension>
        </extensions>
      </trkpt>
      <trkpt lat="33.19828997366130352020263671875" lon="103.89484089799225330352783203125">
        <ele>2271</ele>
        <time>2026-05-20T02:33:57.000Z</time>
        <extensions>
          <ns3:TrackPointExtension>
            <ns3:hr>83</ns3:hr>
          </ns3:TrackPointExtension>
        </extensions>
      </trkpt>
      <trkpt lat="33.198288716375827789306640625" lon="103.89484173618257045745849609375">
        <ele>2271.199951171875</ele>
        <time>2026-05-20T02:34:05.000Z</time>
        <extensions>
          <ns3:TrackPointExtension>
            <ns3:hr>86</ns3:hr>
          </ns3:TrackPointExtension>
        </extensions>
      </trkpt>
      <trkpt lat="33.1982882134616374969482421875" lon="103.894842155277729034423828125">
        <ele>2271.199951171875</ele>
        <time>2026-05-20T02:34:12.000Z</time>
        <extensions>
          <ns3:TrackPointExtension>
            <ns3:hr>83</ns3:hr>
          </ns3:TrackPointExtension>
        </extensions>
      </trkpt>
      <trkpt lat="33.1982862018048763275146484375" lon="103.89485430903732776641845703125">
        <ele>2271.39990234375</ele>
        <time>2026-05-20T02:34:29.000Z</time>
        <extensions>
          <ns3:TrackPointExtension>
            <ns3:hr>86</ns3:hr>
          </ns3:TrackPointExtension>
        </extensions>
      </trkpt>
      <trkpt lat="33.19828662090003490447998046875" lon="103.89485816471278667449951171875">
        <ele>2271.60009765625</ele>
        <time>2026-05-20T02:34:46.000Z</time>
        <extensions>
          <ns3:TrackPointExtension>
            <ns3:hr>89</ns3:hr>
          </ns3:TrackPointExtension>
        </extensions>
      </trkpt>
      <trkpt lat="33.1983361579477787017822265625" lon="103.89475456438958644866943359375">
        <ele>2269.800048828125</ele>
        <time>2026-05-20T02:35:03.000Z</time>
        <extensions>
          <ns3:TrackPointExtension>
            <ns3:hr>90</ns3:hr>
          </ns3:TrackPointExtension>
        </extensions>
      </trkpt>
      <trkpt lat="33.19841503165662288665771484375" lon="103.89467510394752025604248046875">
        <ele>2268.800048828125</ele>
        <time>2026-05-20T02:35:13.000Z</time>
        <extensions>
          <ns3:TrackPointExtension>
            <ns3:hr>90</ns3:hr>
          </ns3:TrackPointExtension>
        </extensions>
      </trkpt>
      <trkpt lat="33.19847823120653629302978515625" lon="103.89467862434685230255126953125">
        <ele>2268.60009765625</ele>
        <time>2026-05-20T02:35:20.000Z</time>
        <extensions>
          <ns3:TrackPointExtension>
            <ns3:hr>93</ns3:hr>
          </ns3:TrackPointExtension>
        </extensions>
      </trkpt>
      <trkpt lat="33.198486529290676116943359375" lon="103.89468130655586719512939453125">
        <ele>2268.60009765625</ele>
        <time>2026-05-20T02:35:21.000Z</time>
        <extensions>
          <ns3:TrackPointExtension>
            <ns3:hr>93</ns3:hr>
          </ns3:TrackPointExtension>
        </extensions>
      </trkpt>
      <trkpt lat="33.19849013350903987884521484375" lon="103.89467778615653514862060546875">
        <ele>2268.39990234375</ele>
        <time>2026-05-20T02:35:28.000Z</time>
        <extensions>
          <ns3:TrackPointExtension>
            <ns3:hr>94</ns3:hr>
          </ns3:TrackPointExtension>
        </extensions>
      </trkpt>
      <trkpt lat="33.19849449209868907928466796875" lon="103.89468080364167690277099609375">
        <ele>2268.39990234375</ele>
        <time>2026-05-20T02:35:29.000Z</time>
        <extensions>
          <ns3:TrackPointExtension>
            <ns3:hr>98</ns3:hr>
          </ns3:TrackPointExtension>
        </extensions>
      </trkpt>
      <trkpt lat="33.19850094616413116455078125" lon="103.894682228565216064453125">
        <ele>2268.39990234375</ele>
        <time>2026-05-20T02:35:30.000Z</time>
        <extensions>
          <ns3:TrackPointExtension>
            <ns3:hr>103</ns3:hr>
          </ns3:TrackPointExtension>
        </extensions>
      </trkpt>
      <trkpt lat="33.19851041771471500396728515625" lon="103.8946830667555332183837890625">
        <ele>2268.39990234375</ele>
        <time>2026-05-20T02:35:31.000Z</time>
        <extensions>
          <ns3:TrackPointExtension>
            <ns3:hr>101</ns3:hr>
          </ns3:TrackPointExtension>
        </extensions>
      </trkpt>
      <trkpt lat="33.198546208441257476806640625" lon="103.8947008363902568817138671875">
        <ele>2268.39990234375</ele>
        <time>2026-05-20T02:35:35.000Z</time>
        <extensions>
          <ns3:TrackPointExtension>
            <ns3:hr>98</ns3:hr>
          </ns3:TrackPointExtension>
        </extensions>
      </trkpt>
      <trkpt lat="33.198610246181488037109375" lon="103.8947273232042789459228515625">
        <ele>2267.60009765625</ele>
        <time>2026-05-20T02:35:42.000Z</time>
        <extensions>
          <ns3:TrackPointExtension>
            <ns3:hr>101</ns3:hr>
          </ns3:TrackPointExtension>
        </extensions>
      </trkpt>
      <trkpt lat="33.19864033721387386322021484375" lon="103.89476613141596317291259765625">
        <ele>2267.60009765625</ele>
        <time>2026-05-20T02:35:46.000Z</time>
        <extensions>
          <ns3:TrackPointExtension>
            <ns3:hr>99</ns3:hr>
          </ns3:TrackPointExtension>
        </extensions>
      </trkpt>
      <trkpt lat="33.19866950623691082000732421875" lon="103.89479957520961761474609375">
        <ele>2267.60009765625</ele>
        <time>2026-05-20T02:35:52.000Z</time>
        <extensions>
          <ns3:TrackPointExtension>
            <ns3:hr>95</ns3:hr>
          </ns3:TrackPointExtension>
        </extensions>
      </trkpt>
      <trkpt lat="33.19867872633039951324462890625" lon="103.89480770565569400787353515625">
        <ele>2267.60009765625</ele>
        <time>2026-05-20T02:35:53.000Z</time>
        <extensions>
          <ns3:TrackPointExtension>
            <ns3:hr>93</ns3:hr>
          </ns3:TrackPointExtension>
        </extensions>
      </trkpt>
      <trkpt lat="33.1986920535564422607421875" lon="103.89481357298791408538818359375">
        <ele>2267.39990234375</ele>
        <time>2026-05-20T02:35:54.000Z</time>
        <extensions>
          <ns3:TrackPointExtension>
            <ns3:hr>95</ns3:hr>
          </ns3:TrackPointExtension>
        </extensions>
      </trkpt>
      <trkpt lat="33.19874092005193233489990234375" lon="103.894836790859699249267578125">
        <ele>2267</ele>
        <time>2026-05-20T02:36:00.000Z</time>
        <extensions>
          <ns3:TrackPointExtension>
            <ns3:hr>95</ns3:hr>
          </ns3:TrackPointExtension>
        </extensions>
      </trkpt>
      <trkpt lat="33.1987793929874897003173828125" lon="103.89485347084701061248779296875">
        <ele>2266.39990234375</ele>
        <time>2026-05-20T02:36:06.000Z</time>
        <extensions>
          <ns3:TrackPointExtension>
            <ns3:hr>96</ns3:hr>
          </ns3:TrackPointExtension>
        </extensions>
      </trkpt>
      <trkpt lat="33.19880126975476741790771484375" lon="103.89485330320894718170166015625">
        <ele>2266</ele>
        <time>2026-05-20T02:36:09.000Z</time>
        <extensions>
          <ns3:TrackPointExtension>
            <ns3:hr>93</ns3:hr>
          </ns3:TrackPointExtension>
        </extensions>
      </trkpt>
      <trkpt lat="33.1988202966749668121337890625" lon="103.8948577456176280975341796875">
        <ele>2265.60009765625</ele>
        <time>2026-05-20T02:36:11.000Z</time>
        <extensions>
          <ns3:TrackPointExtension>
            <ns3:hr>97</ns3:hr>
          </ns3:TrackPointExtension>
        </extensions>
      </trkpt>
      <trkpt lat="33.19882792420685291290283203125" lon="103.89486051164567470550537109375">
        <ele>2265.60009765625</ele>
        <time>2026-05-20T02:36:12.000Z</time>
        <extensions>
          <ns3:TrackPointExtension>
            <ns3:hr>99</ns3:hr>
          </ns3:TrackPointExtension>
        </extensions>
      </trkpt>
      <trkpt lat="33.198849298059940338134765625" lon="103.894915916025638580322265625">
        <ele>2265</ele>
        <time>2026-05-20T02:36:17.000Z</time>
        <extensions>
          <ns3:TrackPointExtension>
            <ns3:hr>99</ns3:hr>
          </ns3:TrackPointExtension>
        </extensions>
      </trkpt>
      <trkpt lat="33.19885826669633388519287109375" lon="103.8949221186339855194091796875">
        <ele>2264.800048828125</ele>
        <time>2026-05-20T02:36:19.000Z</time>
        <extensions>
          <ns3:TrackPointExtension>
            <ns3:hr>99</ns3:hr>
          </ns3:TrackPointExtension>
        </extensions>
      </trkpt>
      <trkpt lat="33.19889699108898639678955078125" lon="103.89495304785668849945068359375">
        <ele>2264</ele>
        <time>2026-05-20T02:36:27.000Z</time>
        <extensions>
          <ns3:TrackPointExtension>
            <ns3:hr>97</ns3:hr>
          </ns3:TrackPointExtension>
        </extensions>
      </trkpt>
      <trkpt lat="33.19889531470835208892822265625" lon="103.8949620164930820465087890625">
        <ele>2264</ele>
        <time>2026-05-20T02:36:35.000Z</time>
        <extensions>
          <ns3:TrackPointExtension>
            <ns3:hr>97</ns3:hr>
          </ns3:TrackPointExtension>
        </extensions>
      </trkpt>
      <trkpt lat="33.198923729360103607177734375" lon="103.8949335180222988128662109375">
        <ele>2263.60009765625</ele>
        <time>2026-05-20T02:36:45.000Z</time>
        <extensions>
          <ns3:TrackPointExtension>
            <ns3:hr>97</ns3:hr>
          </ns3:TrackPointExtension>
        </extensions>
      </trkpt>
      <trkpt lat="33.198955915868282318115234375" lon="103.894866295158863067626953125">
        <ele>2263.199951171875</ele>
        <time>2026-05-20T02:36:51.000Z</time>
        <extensions>
          <ns3:TrackPointExtension>
            <ns3:hr>100</ns3:hr>
          </ns3:TrackPointExtension>
        </extensions>
      </trkpt>
      <trkpt lat="33.19897410459816455841064453125" lon="103.89477669261395931243896484375">
        <ele>2263</ele>
        <time>2026-05-20T02:37:00.000Z</time>
        <extensions>
          <ns3:TrackPointExtension>
            <ns3:hr>101</ns3:hr>
          </ns3:TrackPointExtension>
        </extensions>
      </trkpt>
      <trkpt lat="33.19897930137813091278076171875" lon="103.894718103110790252685546875">
        <ele>2263</ele>
        <time>2026-05-20T02:37:05.000Z</time>
        <extensions>
          <ns3:TrackPointExtension>
            <ns3:hr>104</ns3:hr>
          </ns3:TrackPointExtension>
        </extensions>
      </trkpt>
      <trkpt lat="33.1989919580519199371337890625" lon="103.89468750916421413421630859375">
        <ele>2263.199951171875</ele>
        <time>2026-05-20T02:37:08.000Z</time>
        <extensions>
          <ns3:TrackPointExtension>
            <ns3:hr>105</ns3:hr>
          </ns3:TrackPointExtension>
        </extensions>
      </trkpt>
      <trkpt lat="33.1989902816712856292724609375" lon="103.89468147419393062591552734375">
        <ele>2263.199951171875</ele>
        <time>2026-05-20T02:37:09.000Z</time>
        <extensions>
          <ns3:TrackPointExtension>
            <ns3:hr>105</ns3:hr>
          </ns3:TrackPointExtension>
        </extensions>
      </trkpt>
      <trkpt lat="33.1989973224699497222900390625" lon="103.894667141139507293701171875">
        <ele>2263.39990234375</ele>
        <time>2026-05-20T02:37:12.000Z</time>
        <extensions>
          <ns3:TrackPointExtension>
            <ns3:hr>107</ns3:hr>
          </ns3:TrackPointExtension>
        </extensions>
      </trkpt>
      <trkpt lat="33.19901735521852970123291015625" lon="103.89460251666605472564697265625">
        <ele>2264</ele>
        <time>2026-05-20T02:37:18.000Z</time>
        <extensions>
          <ns3:TrackPointExtension>
            <ns3:hr>107</ns3:hr>
          </ns3:TrackPointExtension>
        </extensions>
      </trkpt>
      <trkpt lat="33.19902707822620868682861328125" lon="103.8945684023201465606689453125">
        <ele>2264.199951171875</ele>
        <time>2026-05-20T02:37:21.000Z</time>
        <extensions>
          <ns3:TrackPointExtension>
            <ns3:hr>108</ns3:hr>
          </ns3:TrackPointExtension>
        </extensions>
      </trkpt>
      <trkpt lat="33.19903965108096599578857421875" lon="103.8944460265338420867919921875">
        <ele>2266.39990234375</ele>
        <time>2026-05-20T02:37:32.000Z</time>
        <extensions>
          <ns3:TrackPointExtension>
            <ns3:hr>105</ns3:hr>
          </ns3:TrackPointExtension>
        </extensions>
      </trkpt>
      <trkpt lat="33.1990375556051731109619140625" lon="103.89444024302065372467041015625">
        <ele>2266.60009765625</ele>
        <time>2026-05-20T02:37:35.000Z</time>
        <extensions>
          <ns3:TrackPointExtension>
            <ns3:hr>102</ns3:hr>
          </ns3:TrackPointExtension>
        </extensions>
      </trkpt>
      <trkpt lat="33.19903512485325336456298828125" lon="103.89443881809711456298828125">
        <ele>2266.60009765625</ele>
        <time>2026-05-20T02:37:40.000Z</time>
        <extensions>
          <ns3:TrackPointExtension>
            <ns3:hr>100</ns3:hr>
          </ns3:TrackPointExtension>
        </extensions>
      </trkpt>
      <trkpt lat="33.1990251503884792327880859375" lon="103.89444376341998577117919921875">
        <ele>2266.39990234375</ele>
        <time>2026-05-20T02:37:49.000Z</time>
        <extensions>
          <ns3:TrackPointExtension>
            <ns3:hr>97</ns3:hr>
          </ns3:TrackPointExtension>
        </extensions>
      </trkpt>
      <trkpt lat="33.1990251503884792327880859375" lon="103.89444376341998577117919921875">
        <ele>2266.39990234375</ele>
        <time>2026-05-20T02:37:54.000Z</time>
        <extensions>
          <ns3:TrackPointExtension>
            <ns3:hr>98</ns3:hr>
          </ns3:TrackPointExtension>
        </extensions>
      </trkpt>
      <trkpt lat="33.1990251503884792327880859375" lon="103.89444284141063690185546875">
        <ele>2266.39990234375</ele>
        <time>2026-05-20T02:38:00.000Z</time>
        <extensions>
          <ns3:TrackPointExtension>
            <ns3:hr>95</ns3:hr>
          </ns3:TrackPointExtension>
        </extensions>
      </trkpt>
      <trkpt lat="33.1990251503884792327880859375" lon="103.89444284141063690185546875">
        <ele>2266.39990234375</ele>
        <time>2026-05-20T02:38:03.000Z</time>
        <extensions>
          <ns3:TrackPointExtension>
            <ns3:hr>92</ns3:hr>
          </ns3:TrackPointExtension>
        </extensions>
      </trkpt>
      <trkpt lat="33.1990258209407329559326171875" lon="103.89444309286773204803466796875">
        <ele>2266.39990234375</ele>
        <time>2026-05-20T02:38:10.000Z</time>
        <extensions>
          <ns3:TrackPointExtension>
            <ns3:hr>89</ns3:hr>
          </ns3:TrackPointExtension>
        </extensions>
      </trkpt>
      <trkpt lat="33.19902942515909671783447265625" lon="103.8944487087428569793701171875">
        <ele>2266.199951171875</ele>
        <time>2026-05-20T02:38:22.000Z</time>
        <extensions>
          <ns3:TrackPointExtension>
            <ns3:hr>86</ns3:hr>
          </ns3:TrackPointExtension>
        </extensions>
      </trkpt>
      <trkpt lat="33.19903344847261905670166015625" lon="103.89445046894252300262451171875">
        <ele>2266.199951171875</ele>
        <time>2026-05-20T02:38:30.000Z</time>
        <extensions>
          <ns3:TrackPointExtension>
            <ns3:hr>83</ns3:hr>
          </ns3:TrackPointExtension>
        </extensions>
      </trkpt>
      <trkpt lat="33.1990335322916507720947265625" lon="103.89445046894252300262451171875">
        <ele>2266.199951171875</ele>
        <time>2026-05-20T02:38:32.000Z</time>
        <extensions>
          <ns3:TrackPointExtension>
            <ns3:hr>80</ns3:hr>
          </ns3:TrackPointExtension>
        </extensions>
      </trkpt>
      <trkpt lat="33.19903378374874591827392578125" lon="103.89445080421864986419677734375">
        <ele>2266.199951171875</ele>
        <time>2026-05-20T02:38:40.000Z</time>
        <extensions>
          <ns3:TrackPointExtension>
            <ns3:hr>77</ns3:hr>
          </ns3:TrackPointExtension>
        </extensions>
      </trkpt>
      <trkpt lat="33.19907451979815959930419921875" lon="103.89438542537391185760498046875">
        <ele>2268.199951171875</ele>
        <time>2026-05-20T02:38:45.000Z</time>
        <extensions>
          <ns3:TrackPointExtension>
            <ns3:hr>75</ns3:hr>
          </ns3:TrackPointExtension>
        </extensions>
      </trkpt>
      <trkpt lat="33.19908072240650653839111328125" lon="103.89437369070947170257568359375">
        <ele>2268.60009765625</ele>
        <time>2026-05-20T02:38:46.000Z</time>
        <extensions>
          <ns3:TrackPointExtension>
            <ns3:hr>78</ns3:hr>
          </ns3:TrackPointExtension>
        </extensions>
      </trkpt>
      <trkpt lat="33.1991113163530826568603515625" lon="103.89429003931581974029541015625">
        <ele>2270.800048828125</ele>
        <time>2026-05-20T02:38:54.000Z</time>
        <extensions>
          <ns3:TrackPointExtension>
            <ns3:hr>78</ns3:hr>
          </ns3:TrackPointExtension>
        </extensions>
      </trkpt>
      <trkpt lat="33.19911106489598751068115234375" lon="103.8942750357091426849365234375">
        <ele>2271.199951171875</ele>
        <time>2026-05-20T02:39:01.000Z</time>
        <extensions>
          <ns3:TrackPointExtension>
            <ns3:hr>77</ns3:hr>
          </ns3:TrackPointExtension>
        </extensions>
      </trkpt>
      <trkpt lat="33.19912682287395000457763671875" lon="103.89422424137592315673828125">
        <ele>2272.199951171875</ele>
        <time>2026-05-20T02:39:07.000Z</time>
        <extensions>
          <ns3:TrackPointExtension>
            <ns3:hr>74</ns3:hr>
          </ns3:TrackPointExtension>
        </extensions>
      </trkpt>
      <trkpt lat="33.1991267390549182891845703125" lon="103.89421275816857814788818359375">
        <ele>2272.39990234375</ele>
        <time>2026-05-20T02:39:08.000Z</time>
        <extensions>
          <ns3:TrackPointExtension>
            <ns3:hr>76</ns3:hr>
          </ns3:TrackPointExtension>
        </extensions>
      </trkpt>
      <trkpt lat="33.1990999169647693634033203125" lon="103.8941767998039722442626953125">
        <ele>2273</ele>
        <time>2026-05-20T02:39:12.000Z</time>
        <extensions>
          <ns3:TrackPointExtension>
            <ns3:hr>80</ns3:hr>
          </ns3:TrackPointExtension>
        </extensions>
      </trkpt>
      <trkpt lat="33.1990756094455718994140625" lon="103.8941422663629055023193359375">
        <ele>2273.39990234375</ele>
        <time>2026-05-20T02:39:15.000Z</time>
        <extensions>
          <ns3:TrackPointExtension>
            <ns3:hr>81</ns3:hr>
          </ns3:TrackPointExtension>
        </extensions>
      </trkpt>
      <trkpt lat="33.199022971093654632568359375" lon="103.894086442887783050537109375">
        <ele>2273.60009765625</ele>
        <time>2026-05-20T02:39:24.000Z</time>
        <extensions>
          <ns3:TrackPointExtension>
            <ns3:hr>84</ns3:hr>
          </ns3:TrackPointExtension>
        </extensions>
      </trkpt>
      <trkpt lat="33.1990150921046733856201171875" lon="103.89407806098461151123046875">
        <ele>2273.60009765625</ele>
        <time>2026-05-20T02:39:25.000Z</time>
        <extensions>
          <ns3:TrackPointExtension>
            <ns3:hr>85</ns3:hr>
          </ns3:TrackPointExtension>
        </extensions>
      </trkpt>
      <trkpt lat="33.19897024892270565032958984375" lon="103.89405392110347747802734375">
        <ele>2273.39990234375</ele>
        <time>2026-05-20T02:39:32.000Z</time>
        <extensions>
          <ns3:TrackPointExtension>
            <ns3:hr>85</ns3:hr>
          </ns3:TrackPointExtension>
        </extensions>
      </trkpt>
      <trkpt lat="33.1989292614161968231201171875" lon="103.89402315951883792877197265625">
        <ele>2273.39990234375</ele>
        <time>2026-05-20T02:39:40.000Z</time>
        <extensions>
          <ns3:TrackPointExtension>
            <ns3:hr>84</ns3:hr>
          </ns3:TrackPointExtension>
        </extensions>
      </trkpt>
      <trkpt lat="33.19887511432170867919921875" lon="103.8939947448670864105224609375">
        <ele>2273</ele>
        <time>2026-05-20T02:39:46.000Z</time>
        <extensions>
          <ns3:TrackPointExtension>
            <ns3:hr>81</ns3:hr>
          </ns3:TrackPointExtension>
        </extensions>
      </trkpt>
      <trkpt lat="33.19883546791970729827880859375" lon="103.8939702697098255157470703125">
        <ele>2273.199951171875</ele>
        <time>2026-05-20T02:39:49.000Z</time>
        <extensions>
          <ns3:TrackPointExtension>
            <ns3:hr>79</ns3:hr>
          </ns3:TrackPointExtension>
        </extensions>
      </trkpt>
      <trkpt lat="33.19877562113106250762939453125" lon="103.89394923113286495208740234375">
        <ele>2273</ele>
        <time>2026-05-20T02:39:57.000Z</time>
        <extensions>
          <ns3:TrackPointExtension>
            <ns3:hr>78</ns3:hr>
          </ns3:TrackPointExtension>
        </extensions>
      </trkpt>
      <trkpt lat="33.19876606576144695281982421875" lon="103.8939727842807769775390625">
        <ele>2272.39990234375</ele>
        <time>2026-05-20T02:40:04.000Z</time>
        <extensions>
          <ns3:TrackPointExtension>
            <ns3:hr>78</ns3:hr>
          </ns3:TrackPointExtension>
        </extensions>
      </trkpt>
      <trkpt lat="33.1987663172185420989990234375" lon="103.8939719460904598236083984375">
        <ele>2272.39990234375</ele>
        <time>2026-05-20T02:40:10.000Z</time>
        <extensions>
          <ns3:TrackPointExtension>
            <ns3:hr>73</ns3:hr>
          </ns3:TrackPointExtension>
        </extensions>
      </trkpt>
      <trkpt lat="33.1987663172185420989990234375" lon="103.8939719460904598236083984375">
        <ele>2272.39990234375</ele>
        <time>2026-05-20T02:40:16.000Z</time>
        <extensions>
          <ns3:TrackPointExtension>
            <ns3:hr>76</ns3:hr>
          </ns3:TrackPointExtension>
        </extensions>
      </trkpt>
      <trkpt lat="33.1987663172185420989990234375" lon="103.8939719460904598236083984375">
        <ele>2272.39990234375</ele>
        <time>2026-05-20T02:40:21.000Z</time>
        <extensions>
          <ns3:TrackPointExtension>
            <ns3:hr>78</ns3:hr>
          </ns3:TrackPointExtension>
        </extensions>
      </trkpt>
      <trkpt lat="33.19874502718448638916015625" lon="103.89397211372852325439453125">
        <ele>2272.199951171875</ele>
        <time>2026-05-20T02:40:33.000Z</time>
        <extensions>
          <ns3:TrackPointExtension>
            <ns3:hr>81</ns3:hr>
          </ns3:TrackPointExtension>
        </extensions>
      </trkpt>
      <trkpt lat="33.198735974729061126708984375" lon="103.89397219754755496978759765625">
        <ele>2272.199951171875</ele>
        <time>2026-05-20T02:40:36.000Z</time>
        <extensions>
          <ns3:TrackPointExtension>
            <ns3:hr>84</ns3:hr>
          </ns3:TrackPointExtension>
        </extensions>
      </trkpt>
      <trkpt lat="33.19870211184024810791015625" lon="103.8939840160310268402099609375">
        <ele>2271.60009765625</ele>
        <time>2026-05-20T02:40:54.000Z</time>
        <extensions>
          <ns3:TrackPointExtension>
            <ns3:hr>87</ns3:hr>
          </ns3:TrackPointExtension>
        </extensions>
      </trkpt>
      <trkpt lat="33.1986992619931697845458984375" lon="103.89398762024939060211181640625">
        <ele>2271.60009765625</ele>
        <time>2026-05-20T02:41:18.000Z</time>
        <extensions>
          <ns3:TrackPointExtension>
            <ns3:hr>84</ns3:hr>
          </ns3:TrackPointExtension>
        </extensions>
      </trkpt>
      <trkpt lat="33.19869297556579113006591796875" lon="103.89397881925106048583984375">
        <ele>2271.60009765625</ele>
        <time>2026-05-20T02:41:20.000Z</time>
        <extensions>
          <ns3:TrackPointExtension>
            <ns3:hr>81</ns3:hr>
          </ns3:TrackPointExtension>
        </extensions>
      </trkpt>
      <trkpt lat="33.19867973215878009796142578125" lon="103.89396540820598602294921875">
        <ele>2272</ele>
        <time>2026-05-20T02:41:22.000Z</time>
        <extensions>
          <ns3:TrackPointExtension>
            <ns3:hr>80</ns3:hr>
          </ns3:TrackPointExtension>
        </extensions>
      </trkpt>
      <trkpt lat="33.19865894503891468048095703125" lon="103.89393129386007785797119140625">
        <ele>2272.60009765625</ele>
        <time>2026-05-20T02:41:28.000Z</time>
        <extensions>
          <ns3:TrackPointExtension>
            <ns3:hr>79</ns3:hr>
          </ns3:TrackPointExtension>
        </extensions>
      </trkpt>
      <trkpt lat="33.1986110843718051910400390625" lon="103.8939364068210124969482421875">
        <ele>2272.199951171875</ele>
        <time>2026-05-20T02:41:35.000Z</time>
        <extensions>
          <ns3:TrackPointExtension>
            <ns3:hr>79</ns3:hr>
          </ns3:TrackPointExtension>
        </extensions>
      </trkpt>
      <trkpt lat="33.1986134313046932220458984375" lon="103.89392316341400146484375">
        <ele>2272.60009765625</ele>
        <time>2026-05-20T02:41:42.000Z</time>
        <extensions>
          <ns3:TrackPointExtension>
            <ns3:hr>78</ns3:hr>
          </ns3:TrackPointExtension>
        </extensions>
      </trkpt>
      <trkpt lat="33.19861401803791522979736328125" lon="103.89391972683370113372802734375">
        <ele>2272.60009765625</ele>
        <time>2026-05-20T02:41:49.000Z</time>
        <extensions>
          <ns3:TrackPointExtension>
            <ns3:hr>75</ns3:hr>
          </ns3:TrackPointExtension>
        </extensions>
      </trkpt>
      <trkpt lat="33.19861401803791522979736328125" lon="103.89391972683370113372802734375">
        <ele>2272.60009765625</ele>
        <time>2026-05-20T02:41:50.000Z</time>
        <extensions>
          <ns3:TrackPointExtension>
            <ns3:hr>79</ns3:hr>
          </ns3:TrackPointExtension>
        </extensions>
      </trkpt>
      <trkpt lat="33.198604546487331390380859375" lon="103.8939164578914642333984375">
        <ele>2272.60009765625</ele>
        <time>2026-05-20T02:41:58.000Z</time>
        <extensions>
          <ns3:TrackPointExtension>
            <ns3:hr>82</ns3:hr>
          </ns3:TrackPointExtension>
        </extensions>
      </trkpt>
      <trkpt lat="33.19850689731538295745849609375" lon="103.89385820366442203521728515625">
        <ele>2273.39990234375</ele>
        <time>2026-05-20T02:42:04.000Z</time>
        <extensions>
          <ns3:TrackPointExtension>
            <ns3:hr>85</ns3:hr>
          </ns3:TrackPointExtension>
        </extensions>
      </trkpt>
      <trkpt lat="33.1984841823577880859375" lon="103.8938452117145061492919921875">
        <ele>2273.60009765625</ele>
        <time>2026-05-20T02:42:05.000Z</time>
        <extensions>
          <ns3:TrackPointExtension>
            <ns3:hr>85</ns3:hr>
          </ns3:TrackPointExtension>
        </extensions>
      </trkpt>
      <trkpt lat="33.19846850819885730743408203125" lon="103.89383557252585887908935546875">
        <ele>2273.60009765625</ele>
        <time>2026-05-20T02:42:06.000Z</time>
        <extensions>
          <ns3:TrackPointExtension>
            <ns3:hr>87</ns3:hr>
          </ns3:TrackPointExtension>
        </extensions>
      </trkpt>
      <trkpt lat="33.19836591370403766632080078125" lon="103.89381176792085170745849609375">
        <ele>2273.60009765625</ele>
        <time>2026-05-20T02:42:15.000Z</time>
        <extensions>
          <ns3:TrackPointExtension>
            <ns3:hr>88</ns3:hr>
          </ns3:TrackPointExtension>
        </extensions>
      </trkpt>
      <trkpt lat="33.198330290615558624267578125" lon="103.89382333494722843170166015625">
        <ele>2273</ele>
        <time>2026-05-20T02:42:18.000Z</time>
        <extensions>
          <ns3:TrackPointExtension>
            <ns3:hr>88</ns3:hr>
          </ns3:TrackPointExtension>
        </extensions>
      </trkpt>
      <trkpt lat="33.198321573436260223388671875" lon="103.8938311301171779632568359375">
        <ele>2272.800048828125</ele>
        <time>2026-05-20T02:42:19.000Z</time>
        <extensions>
          <ns3:TrackPointExtension>
            <ns3:hr>91</ns3:hr>
          </ns3:TrackPointExtension>
        </extensions>
      </trkpt>
      <trkpt lat="33.1983103416860103607177734375" lon="103.89382735826075077056884765625">
        <ele>2273</ele>
        <time>2026-05-20T02:42:20.000Z</time>
        <extensions>
          <ns3:TrackPointExtension>
            <ns3:hr>88</ns3:hr>
          </ns3:TrackPointExtension>
        </extensions>
      </trkpt>
      <trkpt lat="33.1983004510402679443359375" lon="103.89381478540599346160888671875">
        <ele>2273.199951171875</ele>
        <time>2026-05-20T02:42:21.000Z</time>
        <extensions>
          <ns3:TrackPointExtension>
            <ns3:hr>89</ns3:hr>
          </ns3:TrackPointExtension>
        </extensions>
      </trkpt>
      <trkpt lat="33.198200203478336334228515625" lon="103.8937784917652606964111328125">
        <ele>2272.800048828125</ele>
        <time>2026-05-20T02:42:28.000Z</time>
        <extensions>
          <ns3:TrackPointExtension>
            <ns3:hr>90</ns3:hr>
          </ns3:TrackPointExtension>
        </extensions>
      </trkpt>
      <trkpt lat="33.19810666143894195556640625" lon="103.8937238417565822601318359375">
        <ele>2272.39990234375</ele>
        <time>2026-05-20T02:42:35.000Z</time>
        <extensions>
          <ns3:TrackPointExtension>
            <ns3:hr>93</ns3:hr>
          </ns3:TrackPointExtension>
        </extensions>
      </trkpt>
      <trkpt lat="33.198071457445621490478515625" lon="103.8936913199722766876220703125">
        <ele>2273.39990234375</ele>
        <time>2026-05-20T02:42:39.000Z</time>
        <extensions>
          <ns3:TrackPointExtension>
            <ns3:hr>94</ns3:hr>
          </ns3:TrackPointExtension>
        </extensions>
      </trkpt>
      <trkpt lat="33.19800549186766147613525390625" lon="103.8936225883662700653076171875">
        <ele>2275.800048828125</ele>
        <time>2026-05-20T02:42:49.000Z</time>
        <extensions>
          <ns3:TrackPointExtension>
            <ns3:hr>93</ns3:hr>
          </ns3:TrackPointExtension>
        </extensions>
      </trkpt>
      <trkpt lat="33.19794237613677978515625" lon="103.89361646957695484161376953125">
        <ele>2275.199951171875</ele>
        <time>2026-05-20T02:42:56.000Z</time>
        <extensions>
          <ns3:TrackPointExtension>
            <ns3:hr>96</ns3:hr>
          </ns3:TrackPointExtension>
        </extensions>
      </trkpt>
      <trkpt lat="33.1979329884052276611328125" lon="103.8935930840671062469482421875">
        <ele>2276.39990234375</ele>
        <time>2026-05-20T02:42:58.000Z</time>
        <extensions>
          <ns3:TrackPointExtension>
            <ns3:hr>92</ns3:hr>
          </ns3:TrackPointExtension>
        </extensions>
      </trkpt>
      <trkpt lat="33.19792301394045352935791015625" lon="103.8935972750186920166015625">
        <ele>2276.199951171875</ele>
        <time>2026-05-20T02:43:01.000Z</time>
        <extensions>
          <ns3:TrackPointExtension>
            <ns3:hr>90</ns3:hr>
          </ns3:TrackPointExtension>
        </extensions>
      </trkpt>
      <trkpt lat="33.19792200811207294464111328125" lon="103.89359786175191402435302734375">
        <ele>2276</ele>
        <time>2026-05-20T02:43:02.000Z</time>
        <extensions>
          <ns3:TrackPointExtension>
            <ns3:hr>95</ns3:hr>
          </ns3:TrackPointExtension>
        </extensions>
      </trkpt>
      <trkpt lat="33.19790138863027095794677734375" lon="103.89354974962770938873291015625">
        <ele>2278.39990234375</ele>
        <time>2026-05-20T02:43:11.000Z</time>
        <extensions>
          <ns3:TrackPointExtension>
            <ns3:hr>95</ns3:hr>
          </ns3:TrackPointExtension>
        </extensions>
      </trkpt>
      <trkpt lat="33.19785998202860355377197265625" lon="103.89351479709148406982421875">
        <ele>2279.800048828125</ele>
        <time>2026-05-20T02:43:15.000Z</time>
        <extensions>
          <ns3:TrackPointExtension>
            <ns3:hr>96</ns3:hr>
          </ns3:TrackPointExtension>
        </extensions>
      </trkpt>
      <trkpt lat="33.19782695733010768890380859375" lon="103.89351638965308666229248046875">
        <ele>2279.39990234375</ele>
        <time>2026-05-20T02:43:18.000Z</time>
        <extensions>
          <ns3:TrackPointExtension>
            <ns3:hr>96</ns3:hr>
          </ns3:TrackPointExtension>
        </extensions>
      </trkpt>
      <trkpt lat="33.19780667312443256378173828125" lon="103.89350901357829570770263671875">
        <ele>2279.60009765625</ele>
        <time>2026-05-20T02:43:20.000Z</time>
        <extensions>
          <ns3:TrackPointExtension>
            <ns3:hr>97</ns3:hr>
          </ns3:TrackPointExtension>
        </extensions>
      </trkpt>
      <trkpt lat="33.19772578775882720947265625" lon="103.89347665943205356597900390625">
        <ele>2280.60009765625</ele>
        <time>2026-05-20T02:43:26.000Z</time>
        <extensions>
          <ns3:TrackPointExtension>
            <ns3:hr>97</ns3:hr>
          </ns3:TrackPointExtension>
        </extensions>
      </trkpt>
      <trkpt lat="33.19769904948770999908447265625" lon="103.89346911571919918060302734375">
        <ele>2281</ele>
        <time>2026-05-20T02:43:29.000Z</time>
        <extensions>
          <ns3:TrackPointExtension>
            <ns3:hr>97</ns3:hr>
          </ns3:TrackPointExtension>
        </extensions>
      </trkpt>
      <trkpt lat="33.197674490511417388916015625" lon="103.89347883872687816619873046875">
        <ele>2280.39990234375</ele>
        <time>2026-05-20T02:43:32.000Z</time>
        <extensions>
          <ns3:TrackPointExtension>
            <ns3:hr>96</ns3:hr>
          </ns3:TrackPointExtension>
        </extensions>
      </trkpt>
      <trkpt lat="33.19765470921993255615234375" lon="103.893477581441402435302734375">
        <ele>2280.39990234375</ele>
        <time>2026-05-20T02:43:34.000Z</time>
        <extensions>
          <ns3:TrackPointExtension>
            <ns3:hr>97</ns3:hr>
          </ns3:TrackPointExtension>
        </extensions>
      </trkpt>
      <trkpt lat="33.19762629456818103790283203125" lon="103.893473558127880096435546875">
        <ele>2280.199951171875</ele>
        <time>2026-05-20T02:43:37.000Z</time>
        <extensions>
          <ns3:TrackPointExtension>
            <ns3:hr>96</ns3:hr>
          </ns3:TrackPointExtension>
        </extensions>
      </trkpt>
      <trkpt lat="33.19761958904564380645751953125" lon="103.8934690319001674652099609375">
        <ele>2280.39990234375</ele>
        <time>2026-05-20T02:43:38.000Z</time>
        <extensions>
          <ns3:TrackPointExtension>
            <ns3:hr>96</ns3:hr>
          </ns3:TrackPointExtension>
        </extensions>
      </trkpt>
      <trkpt lat="33.1976086087524890899658203125" lon="103.89346517622470855712890625">
        <ele>2280.39990234375</ele>
        <time>2026-05-20T02:43:40.000Z</time>
        <extensions>
          <ns3:TrackPointExtension>
            <ns3:hr>95</ns3:hr>
          </ns3:TrackPointExtension>
        </extensions>
      </trkpt>
      <trkpt lat="33.19757382385432720184326171875" lon="103.89344430528581142425537109375">
        <ele>2281</ele>
        <time>2026-05-20T02:43:44.000Z</time>
        <extensions>
          <ns3:TrackPointExtension>
            <ns3:hr>95</ns3:hr>
          </ns3:TrackPointExtension>
        </extensions>
      </trkpt>
      <trkpt lat="33.1975281424820423126220703125" lon="103.89341890811920166015625">
        <ele>2283.199951171875</ele>
        <time>2026-05-20T02:43:48.000Z</time>
        <extensions>
          <ns3:TrackPointExtension>
            <ns3:hr>97</ns3:hr>
          </ns3:TrackPointExtension>
        </extensions>
      </trkpt>
      <trkpt lat="33.19748883135616779327392578125" lon="103.8934355042874813079833984375">
        <ele>2281.199951171875</ele>
        <time>2026-05-20T02:43:51.000Z</time>
        <extensions>
          <ns3:TrackPointExtension>
            <ns3:hr>95</ns3:hr>
          </ns3:TrackPointExtension>
        </extensions>
      </trkpt>
      <trkpt lat="33.19741959683597087860107421875" lon="103.89346626587212085723876953125">
        <ele>2279.199951171875</ele>
        <time>2026-05-20T02:43:56.000Z</time>
        <extensions>
          <ns3:TrackPointExtension>
            <ns3:hr>96</ns3:hr>
          </ns3:TrackPointExtension>
        </extensions>
      </trkpt>
      <trkpt lat="33.197381459176540374755859375" lon="103.89343676157295703887939453125">
        <ele>2280</ele>
        <time>2026-05-20T02:43:59.000Z</time>
        <extensions>
          <ns3:TrackPointExtension>
            <ns3:hr>95</ns3:hr>
          </ns3:TrackPointExtension>
        </extensions>
      </trkpt>
      <trkpt lat="33.197329826653003692626953125" lon="103.8934308104217052459716796875">
        <ele>2279.60009765625</ele>
        <time>2026-05-20T02:44:04.000Z</time>
        <extensions>
          <ns3:TrackPointExtension>
            <ns3:hr>94</ns3:hr>
          </ns3:TrackPointExtension>
        </extensions>
      </trkpt>
      <trkpt lat="33.197316415607929229736328125" lon="103.8934282958507537841796875">
        <ele>2279.60009765625</ele>
        <time>2026-05-20T02:44:05.000Z</time>
        <extensions>
          <ns3:TrackPointExtension>
            <ns3:hr>95</ns3:hr>
          </ns3:TrackPointExtension>
        </extensions>
      </trkpt>
      <trkpt lat="33.197296299040317535400390625" lon="103.89342251233756542205810546875">
        <ele>2279.800048828125</ele>
        <time>2026-05-20T02:44:07.000Z</time>
        <extensions>
          <ns3:TrackPointExtension>
            <ns3:hr>93</ns3:hr>
          </ns3:TrackPointExtension>
        </extensions>
      </trkpt>
      <trkpt lat="33.19727140478789806365966796875" lon="103.8934073410928249359130859375">
        <ele>2281</ele>
        <time>2026-05-20T02:44:10.000Z</time>
        <extensions>
          <ns3:TrackPointExtension>
            <ns3:hr>91</ns3:hr>
          </ns3:TrackPointExtension>
        </extensions>
      </trkpt>
      <trkpt lat="33.19721843115985393524169921875" lon="103.893415890634059906005859375">
        <ele>2279.199951171875</ele>
        <time>2026-05-20T02:44:16.000Z</time>
        <extensions>
          <ns3:TrackPointExtension>
            <ns3:hr>91</ns3:hr>
          </ns3:TrackPointExtension>
        </extensions>
      </trkpt>
      <trkpt lat="33.19721709005534648895263671875" lon="103.89341413043439388275146484375">
        <ele>2279.199951171875</ele>
        <time>2026-05-20T02:44:23.000Z</time>
        <extensions>
          <ns3:TrackPointExtension>
            <ns3:hr>91</ns3:hr>
          </ns3:TrackPointExtension>
        </extensions>
      </trkpt>
      <trkpt lat="33.19721625186502933502197265625" lon="103.89341278932988643646240234375">
        <ele>2279.39990234375</ele>
        <time>2026-05-20T02:44:29.000Z</time>
        <extensions>
          <ns3:TrackPointExtension>
            <ns3:hr>88</ns3:hr>
          </ns3:TrackPointExtension>
        </extensions>
      </trkpt>
      <trkpt lat="33.19718037731945514678955078125" lon="103.8934083469212055206298828125">
        <ele>2279.199951171875</ele>
        <time>2026-05-20T02:44:34.000Z</time>
        <extensions>
          <ns3:TrackPointExtension>
            <ns3:hr>90</ns3:hr>
          </ns3:TrackPointExtension>
        </extensions>
      </trkpt>
      <trkpt lat="33.197085075080394744873046875" lon="103.89341966249048709869384765625">
        <ele>2277.39990234375</ele>
        <time>2026-05-20T02:44:41.000Z</time>
        <extensions>
          <ns3:TrackPointExtension>
            <ns3:hr>91</ns3:hr>
          </ns3:TrackPointExtension>
        </extensions>
      </trkpt>
      <trkpt lat="33.19703319109976291656494140625" lon="103.8933992944657802581787109375">
        <ele>2279.39990234375</ele>
        <time>2026-05-20T02:44:46.000Z</time>
        <extensions>
          <ns3:TrackPointExtension>
            <ns3:hr>90</ns3:hr>
          </ns3:TrackPointExtension>
        </extensions>
      </trkpt>
      <trkpt lat="33.19701097905635833740234375" lon="103.8934120349586009979248046875">
        <ele>2278.60009765625</ele>
        <time>2026-05-20T02:44:48.000Z</time>
        <extensions>
          <ns3:TrackPointExtension>
            <ns3:hr>90</ns3:hr>
          </ns3:TrackPointExtension>
        </extensions>
      </trkpt>
      <trkpt lat="33.19698415696620941162109375" lon="103.893424607813358306884765625">
        <ele>2278</ele>
        <time>2026-05-20T02:44:51.000Z</time>
        <extensions>
          <ns3:TrackPointExtension>
            <ns3:hr>89</ns3:hr>
          </ns3:TrackPointExtension>
        </extensions>
      </trkpt>
      <trkpt lat="33.1969672255218029022216796875" lon="103.89343055896461009979248046875">
        <ele>2277.800048828125</ele>
        <time>2026-05-20T02:44:53.000Z</time>
        <extensions>
          <ns3:TrackPointExtension>
            <ns3:hr>89</ns3:hr>
          </ns3:TrackPointExtension>
        </extensions>
      </trkpt>
      <trkpt lat="33.19695758633315563201904296875" lon="103.89342770911753177642822265625">
        <ele>2278</ele>
        <time>2026-05-20T02:44:55.000Z</time>
        <extensions>
          <ns3:TrackPointExtension>
            <ns3:hr>88</ns3:hr>
          </ns3:TrackPointExtension>
        </extensions>
      </trkpt>
      <trkpt lat="33.19698013365268707275390625" lon="103.89337440021336078643798828125">
        <ele>2281.800048828125</ele>
        <time>2026-05-20T02:45:01.000Z</time>
        <extensions>
          <ns3:TrackPointExtension>
            <ns3:hr>89</ns3:hr>
          </ns3:TrackPointExtension>
        </extensions>
      </trkpt>
      <trkpt lat="33.1969722546637058258056640625" lon="103.893401809036731719970703125">
        <ele>2279.800048828125</ele>
        <time>2026-05-20T02:45:06.000Z</time>
        <extensions>
          <ns3:TrackPointExtension>
            <ns3:hr>89</ns3:hr>
          </ns3:TrackPointExtension>
        </extensions>
      </trkpt>
      <trkpt lat="33.19695272482931613922119140625" lon="103.8934043236076831817626953125">
        <ele>2279.800048828125</ele>
        <time>2026-05-20T02:45:18.000Z</time>
        <extensions>
          <ns3:TrackPointExtension>
            <ns3:hr>86</ns3:hr>
          </ns3:TrackPointExtension>
        </extensions>
      </trkpt>
      <trkpt lat="33.19690980948507785797119140625" lon="103.89341094531118869781494140625">
        <ele>2279.800048828125</ele>
        <time>2026-05-20T02:45:21.000Z</time>
        <extensions>
          <ns3:TrackPointExtension>
            <ns3:hr>88</ns3:hr>
          </ns3:TrackPointExtension>
        </extensions>
      </trkpt>
      <trkpt lat="33.196893297135829925537109375" lon="103.8934133760631084442138671875">
        <ele>2279.800048828125</ele>
        <time>2026-05-20T02:45:22.000Z</time>
        <extensions>
          <ns3:TrackPointExtension>
            <ns3:hr>87</ns3:hr>
          </ns3:TrackPointExtension>
        </extensions>
      </trkpt>
      <trkpt lat="33.19684057496488094329833984375" lon="103.8933935947716236114501953125">
        <ele>2281.60009765625</ele>
        <time>2026-05-20T02:45:25.000Z</time>
        <extensions>
          <ns3:TrackPointExtension>
            <ns3:hr>87</ns3:hr>
          </ns3:TrackPointExtension>
        </extensions>
      </trkpt>
      <trkpt lat="33.1968314386904239654541015625" lon="103.8933785073459148406982421875">
        <ele>2282.800048828125</ele>
        <time>2026-05-20T02:45:26.000Z</time>
        <extensions>
          <ns3:TrackPointExtension>
            <ns3:hr>87</ns3:hr>
          </ns3:TrackPointExtension>
        </extensions>
      </trkpt>
      <trkpt lat="33.1967593543231487274169921875" lon="103.8933821953833103179931640625">
        <ele>2282.39990234375</ele>
        <time>2026-05-20T02:45:32.000Z</time>
        <extensions>
          <ns3:TrackPointExtension>
            <ns3:hr>90</ns3:hr>
          </ns3:TrackPointExtension>
        </extensions>
      </trkpt>
      <trkpt lat="33.19674250669777393341064453125" lon="103.89337993226945400238037109375">
        <ele>2282.800048828125</ele>
        <time>2026-05-20T02:45:34.000Z</time>
        <extensions>
          <ns3:TrackPointExtension>
            <ns3:hr>91</ns3:hr>
          </ns3:TrackPointExtension>
        </extensions>
      </trkpt>
      <trkpt lat="33.19672540761530399322509765625" lon="103.89338026754558086395263671875">
        <ele>2282.800048828125</ele>
        <time>2026-05-20T02:45:36.000Z</time>
        <extensions>
          <ns3:TrackPointExtension>
            <ns3:hr>91</ns3:hr>
          </ns3:TrackPointExtension>
        </extensions>
      </trkpt>
      <trkpt lat="33.1967083923518657684326171875" lon="103.89338127337396144866943359375">
        <ele>2282.800048828125</ele>
        <time>2026-05-20T02:45:38.000Z</time>
        <extensions>
          <ns3:TrackPointExtension>
            <ns3:hr>92</ns3:hr>
          </ns3:TrackPointExtension>
        </extensions>
      </trkpt>
      <trkpt lat="33.196695148944854736328125" lon="103.89338278211653232574462890625">
        <ele>2282.60009765625</ele>
        <time>2026-05-20T02:45:39.000Z</time>
        <extensions>
          <ns3:TrackPointExtension>
            <ns3:hr>92</ns3:hr>
          </ns3:TrackPointExtension>
        </extensions>
      </trkpt>
      <trkpt lat="33.1966611184179782867431640625" lon="103.89336819760501384735107421875">
        <ele>2283.800048828125</ele>
        <time>2026-05-20T02:45:43.000Z</time>
        <extensions>
          <ns3:TrackPointExtension>
            <ns3:hr>93</ns3:hr>
          </ns3:TrackPointExtension>
        </extensions>
      </trkpt>
      <trkpt lat="33.19662432186305522918701171875" lon="103.8933617435395717620849609375">
        <ele>2284.39990234375</ele>
        <time>2026-05-20T02:45:47.000Z</time>
        <extensions>
          <ns3:TrackPointExtension>
            <ns3:hr>92</ns3:hr>
          </ns3:TrackPointExtension>
        </extensions>
      </trkpt>
      <trkpt lat="33.19658853113651275634765625" lon="103.89336903579533100128173828125">
        <ele>2284</ele>
        <time>2026-05-20T02:45:50.000Z</time>
        <extensions>
          <ns3:TrackPointExtension>
            <ns3:hr>89</ns3:hr>
          </ns3:TrackPointExtension>
        </extensions>
      </trkpt>
      <trkpt lat="33.196572102606296539306640625" lon="103.8933855481445789337158203125">
        <ele>2282.39990234375</ele>
        <time>2026-05-20T02:45:52.000Z</time>
        <extensions>
          <ns3:TrackPointExtension>
            <ns3:hr>89</ns3:hr>
          </ns3:TrackPointExtension>
        </extensions>
      </trkpt>
      <trkpt lat="33.19654134102165699005126953125" lon="103.89340256340801715850830078125">
        <ele>2279.800048828125</ele>
        <time>2026-05-20T02:45:54.000Z</time>
        <extensions>
          <ns3:TrackPointExtension>
            <ns3:hr>88</ns3:hr>
          </ns3:TrackPointExtension>
        </extensions>
      </trkpt>
      <trkpt lat="33.19650596939027309417724609375" lon="103.89334875158965587615966796875">
        <ele>2281.800048828125</ele>
        <time>2026-05-20T02:46:00.000Z</time>
        <extensions>
          <ns3:TrackPointExtension>
            <ns3:hr>88</ns3:hr>
          </ns3:TrackPointExtension>
        </extensions>
      </trkpt>
      <trkpt lat="33.196498341858386993408203125" lon="103.89333902858197689056396484375">
        <ele>2282.199951171875</ele>
        <time>2026-05-20T02:46:01.000Z</time>
        <extensions>
          <ns3:TrackPointExtension>
            <ns3:hr>85</ns3:hr>
          </ns3:TrackPointExtension>
        </extensions>
      </trkpt>
      <trkpt lat="33.19647160358726978302001953125" lon="103.8933228515088558197021484375">
        <ele>2282</ele>
        <time>2026-05-20T02:46:04.000Z</time>
        <extensions>
          <ns3:TrackPointExtension>
            <ns3:hr>87</ns3:hr>
          </ns3:TrackPointExtension>
        </extensions>
      </trkpt>
      <trkpt lat="33.1964653171598911285400390625" lon="103.89332427643239498138427734375">
        <ele>2281.60009765625</ele>
        <time>2026-05-20T02:46:05.000Z</time>
        <extensions>
          <ns3:TrackPointExtension>
            <ns3:hr>83</ns3:hr>
          </ns3:TrackPointExtension>
        </extensions>
      </trkpt>
      <trkpt lat="33.19646171294152736663818359375" lon="103.893328048288822174072265625">
        <ele>2281.39990234375</ele>
        <time>2026-05-20T02:46:06.000Z</time>
        <extensions>
          <ns3:TrackPointExtension>
            <ns3:hr>87</ns3:hr>
          </ns3:TrackPointExtension>
        </extensions>
      </trkpt>
      <trkpt lat="33.19642885588109493255615234375" lon="103.8933215104043483734130859375">
        <ele>2281.800048828125</ele>
        <time>2026-05-20T02:46:13.000Z</time>
        <extensions>
          <ns3:TrackPointExtension>
            <ns3:hr>87</ns3:hr>
          </ns3:TrackPointExtension>
        </extensions>
      </trkpt>
      <trkpt lat="33.1963989324867725372314453125" lon="103.89329695142805576324462890625">
        <ele>2282.199951171875</ele>
        <time>2026-05-20T02:46:21.000Z</time>
        <extensions>
          <ns3:TrackPointExtension>
            <ns3:hr>90</ns3:hr>
          </ns3:TrackPointExtension>
        </extensions>
      </trkpt>
      <trkpt lat="33.19635978899896144866943359375" lon="103.8933084346354007720947265625">
        <ele>2282.199951171875</ele>
        <time>2026-05-20T02:46:28.000Z</time>
        <extensions>
          <ns3:TrackPointExtension>
            <ns3:hr>88</ns3:hr>
          </ns3:TrackPointExtension>
        </extensions>
      </trkpt>
      <trkpt lat="33.1963399238884449005126953125" lon="103.89331287704408168792724609375">
        <ele>2282.199951171875</ele>
        <time>2026-05-20T02:46:33.000Z</time>
        <extensions>
          <ns3:TrackPointExtension>
            <ns3:hr>85</ns3:hr>
          </ns3:TrackPointExtension>
        </extensions>
      </trkpt>
      <trkpt lat="33.19634042680263519287109375" lon="103.89331287704408168792724609375">
        <ele>2282.199951171875</ele>
        <time>2026-05-20T02:46:35.000Z</time>
        <extensions>
          <ns3:TrackPointExtension>
            <ns3:hr>82</ns3:hr>
          </ns3:TrackPointExtension>
        </extensions>
      </trkpt>
      <trkpt lat="33.1963365711271762847900390625" lon="103.8933050818741321563720703125">
        <ele>2282.39990234375</ele>
        <time>2026-05-20T02:46:45.000Z</time>
        <extensions>
          <ns3:TrackPointExtension>
            <ns3:hr>80</ns3:hr>
          </ns3:TrackPointExtension>
        </extensions>
      </trkpt>
      <trkpt lat="33.19632709957659244537353515625" lon="103.8932725600898265838623046875">
        <ele>2283</ele>
        <time>2026-05-20T02:46:53.000Z</time>
        <extensions>
          <ns3:TrackPointExtension>
            <ns3:hr>81</ns3:hr>
          </ns3:TrackPointExtension>
        </extensions>
      </trkpt>
      <trkpt lat="33.19631117396056652069091796875" lon="103.8932417146861553192138671875">
        <ele>2283.60009765625</ele>
        <time>2026-05-20T02:46:58.000Z</time>
        <extensions>
          <ns3:TrackPointExtension>
            <ns3:hr>81</ns3:hr>
          </ns3:TrackPointExtension>
        </extensions>
      </trkpt>
      <trkpt lat="33.19624797441065311431884765625" lon="103.89321765862405300140380859375">
        <ele>2284.39990234375</ele>
        <time>2026-05-20T02:47:04.000Z</time>
        <extensions>
          <ns3:TrackPointExtension>
            <ns3:hr>82</ns3:hr>
          </ns3:TrackPointExtension>
        </extensions>
      </trkpt>
      <trkpt lat="33.19618108682334423065185546875" lon="103.8932286389172077178955078125">
        <ele>2284.800048828125</ele>
        <time>2026-05-20T02:47:09.000Z</time>
        <extensions>
          <ns3:TrackPointExtension>
            <ns3:hr>84</ns3:hr>
          </ns3:TrackPointExtension>
        </extensions>
      </trkpt>
      <trkpt lat="33.19609609432518482208251953125" lon="103.89318144880235195159912109375">
        <ele>2286.199951171875</ele>
        <time>2026-05-20T02:47:16.000Z</time>
        <extensions>
          <ns3:TrackPointExtension>
            <ns3:hr>84</ns3:hr>
          </ns3:TrackPointExtension>
        </extensions>
      </trkpt>
      <trkpt lat="33.19608670659363269805908203125" lon="103.8931833766400814056396484375">
        <ele>2286.199951171875</ele>
        <time>2026-05-20T02:47:17.000Z</time>
        <extensions>
          <ns3:TrackPointExtension>
            <ns3:hr>84</ns3:hr>
          </ns3:TrackPointExtension>
        </extensions>
      </trkpt>
      <trkpt lat="33.19603289477527141571044921875" lon="103.89319896697998046875">
        <ele>2286.39990234375</ele>
        <time>2026-05-20T02:47:22.000Z</time>
        <extensions>
          <ns3:TrackPointExtension>
            <ns3:hr>84</ns3:hr>
          </ns3:TrackPointExtension>
        </extensions>
      </trkpt>
      <trkpt lat="33.19602183066308498382568359375" lon="103.893203325569629669189453125">
        <ele>2286.39990234375</ele>
        <time>2026-05-20T02:47:23.000Z</time>
        <extensions>
          <ns3:TrackPointExtension>
            <ns3:hr>87</ns3:hr>
          </ns3:TrackPointExtension>
        </extensions>
      </trkpt>
      <trkpt lat="33.1960137002170085906982421875" lon="103.89320726506412029266357421875">
        <ele>2286.39990234375</ele>
        <time>2026-05-20T02:47:24.000Z</time>
        <extensions>
          <ns3:TrackPointExtension>
            <ns3:hr>87</ns3:hr>
          </ns3:TrackPointExtension>
        </extensions>
      </trkpt>
      <trkpt lat="33.1960046477615833282470703125" lon="103.89321279712021350860595703125">
        <ele>2286.39990234375</ele>
        <time>2026-05-20T02:47:30.000Z</time>
        <extensions>
          <ns3:TrackPointExtension>
            <ns3:hr>87</ns3:hr>
          </ns3:TrackPointExtension>
        </extensions>
      </trkpt>
      <trkpt lat="33.1960043124854564666748046875" lon="103.89321447350084781646728515625">
        <ele>2286.39990234375</ele>
        <time>2026-05-20T02:47:31.000Z</time>
        <extensions>
          <ns3:TrackPointExtension>
            <ns3:hr>92</ns3:hr>
          </ns3:TrackPointExtension>
        </extensions>
      </trkpt>
      <trkpt lat="33.1960044801235198974609375" lon="103.89321531169116497039794921875">
        <ele>2286.39990234375</ele>
        <time>2026-05-20T02:47:32.000Z</time>
        <extensions>
          <ns3:TrackPointExtension>
            <ns3:hr>92</ns3:hr>
          </ns3:TrackPointExtension>
        </extensions>
      </trkpt>
      <trkpt lat="33.19599232636392116546630859375" lon="103.893194608390331268310546875">
        <ele>2287</ele>
        <time>2026-05-20T02:47:38.000Z</time>
        <extensions>
          <ns3:TrackPointExtension>
            <ns3:hr>93</ns3:hr>
          </ns3:TrackPointExtension>
        </extensions>
      </trkpt>
      <trkpt lat="33.19594438187777996063232421875" lon="103.8930861465632915496826171875">
        <ele>2290.800048828125</ele>
        <time>2026-05-20T02:47:47.000Z</time>
        <extensions>
          <ns3:TrackPointExtension>
            <ns3:hr>94</ns3:hr>
          </ns3:TrackPointExtension>
        </extensions>
      </trkpt>
      <trkpt lat="33.1959298811852931976318359375" lon="103.89305236749351024627685546875">
        <ele>2292.39990234375</ele>
        <time>2026-05-20T02:47:50.000Z</time>
        <extensions>
          <ns3:TrackPointExtension>
            <ns3:hr>97</ns3:hr>
          </ns3:TrackPointExtension>
        </extensions>
      </trkpt>
      <trkpt lat="33.1959251873195171356201171875" lon="103.8930392079055309295654296875">
        <ele>2293.199951171875</ele>
        <time>2026-05-20T02:47:52.000Z</time>
        <extensions>
          <ns3:TrackPointExtension>
            <ns3:hr>102</ns3:hr>
          </ns3:TrackPointExtension>
        </extensions>
      </trkpt>
      <trkpt lat="33.1959240138530731201171875" lon="103.8930358551442623138427734375">
        <ele>2293.39990234375</ele>
        <time>2026-05-20T02:47:54.000Z</time>
        <extensions>
          <ns3:TrackPointExtension>
            <ns3:hr>106</ns3:hr>
          </ns3:TrackPointExtension>
        </extensions>
      </trkpt>
      <trkpt lat="33.195927701890468597412109375" lon="103.8930422253906726837158203125">
        <ele>2293</ele>
        <time>2026-05-20T02:47:56.000Z</time>
        <extensions>
          <ns3:TrackPointExtension>
            <ns3:hr>109</ns3:hr>
          </ns3:TrackPointExtension>
        </extensions>
      </trkpt>
      <trkpt lat="33.19592543877661228179931640625" lon="103.89304549433290958404541015625">
        <ele>2292.800048828125</ele>
        <time>2026-05-20T02:47:59.000Z</time>
        <extensions>
          <ns3:TrackPointExtension>
            <ns3:hr>112</ns3:hr>
          </ns3:TrackPointExtension>
        </extensions>
      </trkpt>
      <trkpt lat="33.1959213316440582275390625" lon="103.89304800890386104583740234375">
        <ele>2292.60009765625</ele>
        <time>2026-05-20T02:48:02.000Z</time>
        <extensions>
          <ns3:TrackPointExtension>
            <ns3:hr>108</ns3:hr>
          </ns3:TrackPointExtension>
        </extensions>
      </trkpt>
      <trkpt lat="33.1959213316440582275390625" lon="103.89304800890386104583740234375">
        <ele>2292.60009765625</ele>
        <time>2026-05-20T02:48:03.000Z</time>
        <extensions>
          <ns3:TrackPointExtension>
            <ns3:hr>108</ns3:hr>
          </ns3:TrackPointExtension>
        </extensions>
      </trkpt>
      <trkpt lat="33.195921666920185089111328125" lon="103.8930474221706390380859375">
        <ele>2292.60009765625</ele>
        <time>2026-05-20T02:48:12.000Z</time>
        <extensions>
          <ns3:TrackPointExtension>
            <ns3:hr>105</ns3:hr>
          </ns3:TrackPointExtension>
        </extensions>
      </trkpt>
      <trkpt lat="33.19587933830916881561279296875" lon="103.892994113266468048095703125">
        <ele>2295.199951171875</ele>
        <time>2026-05-20T02:48:20.000Z</time>
        <extensions>
          <ns3:TrackPointExtension>
            <ns3:hr>104</ns3:hr>
          </ns3:TrackPointExtension>
        </extensions>
      </trkpt>
      <trkpt lat="33.19582854397594928741455078125" lon="103.8929164968430995941162109375">
        <ele>2299.199951171875</ele>
        <time>2026-05-20T02:48:27.000Z</time>
        <extensions>
          <ns3:TrackPointExtension>
            <ns3:hr>101</ns3:hr>
          </ns3:TrackPointExtension>
        </extensions>
      </trkpt>
      <trkpt lat="33.19579920731484889984130859375" lon="103.89288590289652347564697265625">
        <ele>2300.60009765625</ele>
        <time>2026-05-20T02:48:33.000Z</time>
        <extensions>
          <ns3:TrackPointExtension>
            <ns3:hr>100</ns3:hr>
          </ns3:TrackPointExtension>
        </extensions>
      </trkpt>
      <trkpt lat="33.19579652510583400726318359375" lon="103.89288573525846004486083984375">
        <ele>2300.60009765625</ele>
        <time>2026-05-20T02:48:36.000Z</time>
        <extensions>
          <ns3:TrackPointExtension>
            <ns3:hr>97</ns3:hr>
          </ns3:TrackPointExtension>
        </extensions>
      </trkpt>
      <trkpt lat="33.19579333998262882232666015625" lon="103.89287869445979595184326171875">
        <ele>2301</ele>
        <time>2026-05-20T02:48:43.000Z</time>
        <extensions>
          <ns3:TrackPointExtension>
            <ns3:hr>97</ns3:hr>
          </ns3:TrackPointExtension>
        </extensions>
      </trkpt>
      <trkpt lat="33.195792920887470245361328125" lon="103.892878107726573944091796875">
        <ele>2301</ele>
        <time>2026-05-20T02:48:46.000Z</time>
        <extensions>
          <ns3:TrackPointExtension>
            <ns3:hr>94</ns3:hr>
          </ns3:TrackPointExtension>
        </extensions>
      </trkpt>
      <trkpt lat="33.195792920887470245361328125" lon="103.892878107726573944091796875">
        <ele>2301</ele>
        <time>2026-05-20T02:48:50.000Z</time>
        <extensions>
          <ns3:TrackPointExtension>
            <ns3:hr>98</ns3:hr>
          </ns3:TrackPointExtension>
        </extensions>
      </trkpt>
      <trkpt lat="33.195792920887470245361328125" lon="103.892878107726573944091796875">
        <ele>2301</ele>
        <time>2026-05-20T02:48:52.000Z</time>
        <extensions>
          <ns3:TrackPointExtension>
            <ns3:hr>95</ns3:hr>
          </ns3:TrackPointExtension>
        </extensions>
      </trkpt>
      <trkpt lat="33.1957645900547504425048828125" lon="103.8928554765880107879638671875">
        <ele>2301.800048828125</ele>
        <time>2026-05-20T02:49:02.000Z</time>
        <extensions>
          <ns3:TrackPointExtension>
            <ns3:hr>99</ns3:hr>
          </ns3:TrackPointExtension>
        </extensions>
      </trkpt>
      <trkpt lat="33.1957438029348850250244140625" lon="103.8928350247442722320556640625">
        <ele>2302.60009765625</ele>
        <time>2026-05-20T02:49:04.000Z</time>
        <extensions>
          <ns3:TrackPointExtension>
            <ns3:hr>96</ns3:hr>
          </ns3:TrackPointExtension>
        </extensions>
      </trkpt>
      <trkpt lat="33.1957153044641017913818359375" lon="103.8928182609379291534423828125">
        <ele>2302.60009765625</ele>
        <time>2026-05-20T02:49:06.000Z</time>
        <extensions>
          <ns3:TrackPointExtension>
            <ns3:hr>97</ns3:hr>
          </ns3:TrackPointExtension>
        </extensions>
      </trkpt>
      <trkpt lat="33.1956569664180278778076171875" lon="103.89276268891990184783935546875">
        <ele>2303.800048828125</ele>
        <time>2026-05-20T02:49:10.000Z</time>
        <extensions>
          <ns3:TrackPointExtension>
            <ns3:hr>98</ns3:hr>
          </ns3:TrackPointExtension>
        </extensions>
      </trkpt>
      <trkpt lat="33.19554875604808330535888671875" lon="103.892713822424411773681640625">
        <ele>2303.199951171875</ele>
        <time>2026-05-20T02:49:18.000Z</time>
        <extensions>
          <ns3:TrackPointExtension>
            <ns3:hr>98</ns3:hr>
          </ns3:TrackPointExtension>
        </extensions>
      </trkpt>
      <trkpt lat="33.19551371969282627105712890625" lon="103.89266881160438060760498046875">
        <ele>2304.39990234375</ele>
        <time>2026-05-20T02:49:22.000Z</time>
        <extensions>
          <ns3:TrackPointExtension>
            <ns3:hr>101</ns3:hr>
          </ns3:TrackPointExtension>
        </extensions>
      </trkpt>
      <trkpt lat="33.195505253970623016357421875" lon="103.89266294427216053009033203125">
        <ele>2304.39990234375</ele>
        <time>2026-05-20T02:49:23.000Z</time>
        <extensions>
          <ns3:TrackPointExtension>
            <ns3:hr>101</ns3:hr>
          </ns3:TrackPointExtension>
        </extensions>
      </trkpt>
      <trkpt lat="33.19549997337162494659423828125" lon="103.892662525177001953125">
        <ele>2304.39990234375</ele>
        <time>2026-05-20T02:49:24.000Z</time>
        <extensions>
          <ns3:TrackPointExtension>
            <ns3:hr>102</ns3:hr>
          </ns3:TrackPointExtension>
        </extensions>
      </trkpt>
      <trkpt lat="33.19549511186778545379638671875" lon="103.892660848796367645263671875">
        <ele>2304.39990234375</ele>
        <time>2026-05-20T02:49:30.000Z</time>
        <extensions>
          <ns3:TrackPointExtension>
            <ns3:hr>102</ns3:hr>
          </ns3:TrackPointExtension>
        </extensions>
      </trkpt>
      <trkpt lat="33.19541799835860729217529296875" lon="103.89259748160839080810546875">
        <ele>2304.800048828125</ele>
        <time>2026-05-20T02:49:37.000Z</time>
        <extensions>
          <ns3:TrackPointExtension>
            <ns3:hr>105</ns3:hr>
          </ns3:TrackPointExtension>
        </extensions>
      </trkpt>
      <trkpt lat="33.19534658454358577728271484375" lon="103.8925230503082275390625">
        <ele>2304.800048828125</ele>
        <time>2026-05-20T02:49:41.000Z</time>
        <extensions>
          <ns3:TrackPointExtension>
            <ns3:hr>108</ns3:hr>
          </ns3:TrackPointExtension>
        </extensions>
      </trkpt>
      <trkpt lat="33.19531925953924655914306640625" lon="103.89249597676098346710205078125">
        <ele>2304.800048828125</ele>
        <time>2026-05-20T02:49:43.000Z</time>
        <extensions>
          <ns3:TrackPointExtension>
            <ns3:hr>111</ns3:hr>
          </ns3:TrackPointExtension>
        </extensions>
      </trkpt>
      <trkpt lat="33.19518649019300937652587890625" lon="103.89238424599170684814453125">
        <ele>2304.39990234375</ele>
        <time>2026-05-20T02:49:53.000Z</time>
        <extensions>
          <ns3:TrackPointExtension>
            <ns3:hr>113</ns3:hr>
          </ns3:TrackPointExtension>
        </extensions>
      </trkpt>
      <trkpt lat="33.19515313021838665008544921875" lon="103.89235381968319416046142578125">
        <ele>2304.800048828125</ele>
        <time>2026-05-20T02:49:56.000Z</time>
        <extensions>
          <ns3:TrackPointExtension>
            <ns3:hr>116</ns3:hr>
          </ns3:TrackPointExtension>
        </extensions>
      </trkpt>
      <trkpt lat="33.19507576525211334228515625" lon="103.89229045249521732330322265625">
        <ele>2304.800048828125</ele>
        <time>2026-05-20T02:50:02.000Z</time>
        <extensions>
          <ns3:TrackPointExtension>
            <ns3:hr>118</ns3:hr>
          </ns3:TrackPointExtension>
        </extensions>
      </trkpt>
      <trkpt lat="33.19496177136898040771484375" lon="103.8922154344618320465087890625">
        <ele>2304</ele>
        <time>2026-05-20T02:50:11.000Z</time>
        <extensions>
          <ns3:TrackPointExtension>
            <ns3:hr>115</ns3:hr>
          </ns3:TrackPointExtension>
        </extensions>
      </trkpt>
      <trkpt lat="33.19495045579969882965087890625" lon="103.89221451245248317718505859375">
        <ele>2303.800048828125</ele>
        <time>2026-05-20T02:50:12.000Z</time>
        <extensions>
          <ns3:TrackPointExtension>
            <ns3:hr>115</ns3:hr>
          </ns3:TrackPointExtension>
        </extensions>
      </trkpt>
      <trkpt lat="33.19491525180637836456298828125" lon="103.89222197234630584716796875">
        <ele>2303.199951171875</ele>
        <time>2026-05-20T02:50:19.000Z</time>
        <extensions>
          <ns3:TrackPointExtension>
            <ns3:hr>113</ns3:hr>
          </ns3:TrackPointExtension>
        </extensions>
      </trkpt>
      <trkpt lat="33.19491525180637836456298828125" lon="103.89222004450857639312744140625">
        <ele>2303.199951171875</ele>
        <time>2026-05-20T02:50:24.000Z</time>
        <extensions>
          <ns3:TrackPointExtension>
            <ns3:hr>110</ns3:hr>
          </ns3:TrackPointExtension>
        </extensions>
      </trkpt>
      <trkpt lat="33.19491558708250522613525390625" lon="103.89221937395632266998291015625">
        <ele>2303.199951171875</ele>
        <time>2026-05-20T02:50:29.000Z</time>
        <extensions>
          <ns3:TrackPointExtension>
            <ns3:hr>107</ns3:hr>
          </ns3:TrackPointExtension>
        </extensions>
      </trkpt>
      <trkpt lat="33.19491558708250522613525390625" lon="103.89221937395632266998291015625">
        <ele>2303.199951171875</ele>
        <time>2026-05-20T02:50:33.000Z</time>
        <extensions>
          <ns3:TrackPointExtension>
            <ns3:hr>104</ns3:hr>
          </ns3:TrackPointExtension>
        </extensions>
      </trkpt>
      <trkpt lat="33.1950075365602970123291015625" lon="103.8922365568578243255615234375">
        <ele>2304.39990234375</ele>
        <time>2026-05-20T02:51:02.000Z</time>
        <extensions>
          <ns3:TrackPointExtension>
            <ns3:hr>103</ns3:hr>
          </ns3:TrackPointExtension>
        </extensions>
      </trkpt>
      <trkpt lat="33.195088170468807220458984375" lon="103.89225818216800689697265625">
        <ele>2305.199951171875</ele>
        <time>2026-05-20T02:51:08.000Z</time>
        <extensions>
          <ns3:TrackPointExtension>
            <ns3:hr>101</ns3:hr>
          </ns3:TrackPointExtension>
        </extensions>
      </trkpt>
      <trkpt lat="33.19508926011621952056884765625" lon="103.89226882718503475189208984375">
        <ele>2305.199951171875</ele>
        <time>2026-05-20T02:51:13.000Z</time>
        <extensions>
          <ns3:TrackPointExtension>
            <ns3:hr>99</ns3:hr>
          </ns3:TrackPointExtension>
        </extensions>
      </trkpt>
      <trkpt lat="33.195087499916553497314453125" lon="103.89226832427084445953369140625">
        <ele>2305.199951171875</ele>
        <time>2026-05-20T02:51:23.000Z</time>
        <extensions>
          <ns3:TrackPointExtension>
            <ns3:hr>100</ns3:hr>
          </ns3:TrackPointExtension>
        </extensions>
      </trkpt>
      <trkpt lat="33.19503561593592166900634765625" lon="103.89223379082977771759033203125">
        <ele>2304.800048828125</ele>
        <time>2026-05-20T02:51:38.000Z</time>
        <extensions>
          <ns3:TrackPointExtension>
            <ns3:hr>100</ns3:hr>
          </ns3:TrackPointExtension>
        </extensions>
      </trkpt>
      <trkpt lat="33.1949421577155590057373046875" lon="103.89220579527318477630615234375">
        <ele>2303.800048828125</ele>
        <time>2026-05-20T02:51:47.000Z</time>
        <extensions>
          <ns3:TrackPointExtension>
            <ns3:hr>99</ns3:hr>
          </ns3:TrackPointExtension>
        </extensions>
      </trkpt>
      <trkpt lat="33.19492128677666187286376953125" lon="103.8922137580811977386474609375">
        <ele>2303.39990234375</ele>
        <time>2026-05-20T02:51:54.000Z</time>
        <extensions>
          <ns3:TrackPointExtension>
            <ns3:hr>100</ns3:hr>
          </ns3:TrackPointExtension>
        </extensions>
      </trkpt>
      <trkpt lat="33.1949207000434398651123046875" lon="103.892214931547641754150390625">
        <ele>2303.39990234375</ele>
        <time>2026-05-20T02:52:12.000Z</time>
        <extensions>
          <ns3:TrackPointExtension>
            <ns3:hr>97</ns3:hr>
          </ns3:TrackPointExtension>
        </extensions>
      </trkpt>
      <trkpt lat="33.19495330564677715301513671875" lon="103.89221635647118091583251953125">
        <ele>2303.800048828125</ele>
        <time>2026-05-20T02:52:43.000Z</time>
        <extensions>
          <ns3:TrackPointExtension>
            <ns3:hr>93</ns3:hr>
          </ns3:TrackPointExtension>
        </extensions>
      </trkpt>
      <trkpt lat="33.19497224874794483184814453125" lon="103.89222306199371814727783203125">
        <ele>2304</ele>
        <time>2026-05-20T02:52:44.000Z</time>
        <extensions>
          <ns3:TrackPointExtension>
            <ns3:hr>97</ns3:hr>
          </ns3:TrackPointExtension>
        </extensions>
      </trkpt>
      <trkpt lat="33.19499119184911251068115234375" lon="103.8922315277159214019775390625">
        <ele>2304.199951171875</ele>
        <time>2026-05-20T02:52:45.000Z</time>
        <extensions>
          <ns3:TrackPointExtension>
            <ns3:hr>97</ns3:hr>
          </ns3:TrackPointExtension>
        </extensions>
      </trkpt>
      <trkpt lat="33.195124380290508270263671875" lon="103.8922694139182567596435546875">
        <ele>2305.60009765625</ele>
        <time>2026-05-20T02:52:54.000Z</time>
        <extensions>
          <ns3:TrackPointExtension>
            <ns3:hr>98</ns3:hr>
          </ns3:TrackPointExtension>
        </extensions>
      </trkpt>
      <trkpt lat="33.19514416158199310302734375" lon="103.89227963984012603759765625">
        <ele>2306</ele>
        <time>2026-05-20T02:52:56.000Z</time>
        <extensions>
          <ns3:TrackPointExtension>
            <ns3:hr>95</ns3:hr>
          </ns3:TrackPointExtension>
        </extensions>
      </trkpt>
      <trkpt lat="33.1951971352100372314453125" lon="103.89232582412660121917724609375">
        <ele>2306.39990234375</ele>
        <time>2026-05-20T02:53:02.000Z</time>
        <extensions>
          <ns3:TrackPointExtension>
            <ns3:hr>97</ns3:hr>
          </ns3:TrackPointExtension>
        </extensions>
      </trkpt>
      <trkpt lat="33.195269890129566192626953125" lon="103.89237360097467899322509765625">
        <ele>2307.199951171875</ele>
        <time>2026-05-20T02:53:09.000Z</time>
        <extensions>
          <ns3:TrackPointExtension>
            <ns3:hr>96</ns3:hr>
          </ns3:TrackPointExtension>
        </extensions>
      </trkpt>
      <trkpt lat="33.1952878274023532867431640625" lon="103.892384581267833709716796875">
        <ele>2307.39990234375</ele>
        <time>2026-05-20T02:53:11.000Z</time>
        <extensions>
          <ns3:TrackPointExtension>
            <ns3:hr>96</ns3:hr>
          </ns3:TrackPointExtension>
        </extensions>
      </trkpt>
      <trkpt lat="33.19537290371954441070556640625" lon="103.89244752936065196990966796875">
        <ele>2308.199951171875</ele>
        <time>2026-05-20T02:53:20.000Z</time>
        <extensions>
          <ns3:TrackPointExtension>
            <ns3:hr>96</ns3:hr>
          </ns3:TrackPointExtension>
        </extensions>
      </trkpt>
      <trkpt lat="33.19538899697363376617431640625" lon="103.8924608565866947174072265625">
        <ele>2308.39990234375</ele>
        <time>2026-05-20T02:53:22.000Z</time>
        <extensions>
          <ns3:TrackPointExtension>
            <ns3:hr>100</ns3:hr>
          </ns3:TrackPointExtension>
        </extensions>
      </trkpt>
      <trkpt lat="33.19539737887680530548095703125" lon="103.89246873557567596435546875">
        <ele>2308.39990234375</ele>
        <time>2026-05-20T02:53:23.000Z</time>
        <extensions>
          <ns3:TrackPointExtension>
            <ns3:hr>97</ns3:hr>
          </ns3:TrackPointExtension>
        </extensions>
      </trkpt>
      <trkpt lat="33.19545789621770381927490234375" lon="103.8925071246922016143798828125">
        <ele>2309.199951171875</ele>
        <time>2026-05-20T02:53:29.000Z</time>
        <extensions>
          <ns3:TrackPointExtension>
            <ns3:hr>97</ns3:hr>
          </ns3:TrackPointExtension>
        </extensions>
      </trkpt>
      <trkpt lat="33.1955538690090179443359375" lon="103.89256537891924381256103515625">
        <ele>2310.199951171875</ele>
        <time>2026-05-20T02:53:39.000Z</time>
        <extensions>
          <ns3:TrackPointExtension>
            <ns3:hr>98</ns3:hr>
          </ns3:TrackPointExtension>
        </extensions>
      </trkpt>
      <trkpt lat="33.1956147216260433197021484375" lon="103.89261382631957530975341796875">
        <ele>2310.39990234375</ele>
        <time>2026-05-20T02:53:46.000Z</time>
        <extensions>
          <ns3:TrackPointExtension>
            <ns3:hr>98</ns3:hr>
          </ns3:TrackPointExtension>
        </extensions>
      </trkpt>
      <trkpt lat="33.19562771357595920562744140625" lon="103.89261835254728794097900390625">
        <ele>2310.60009765625</ele>
        <time>2026-05-20T02:53:47.000Z</time>
        <extensions>
          <ns3:TrackPointExtension>
            <ns3:hr>98</ns3:hr>
          </ns3:TrackPointExtension>
        </extensions>
      </trkpt>
      <trkpt lat="33.19569627754390239715576171875" lon="103.8926747627556324005126953125">
        <ele>2309.800048828125</ele>
        <time>2026-05-20T02:53:53.000Z</time>
        <extensions>
          <ns3:TrackPointExtension>
            <ns3:hr>99</ns3:hr>
          </ns3:TrackPointExtension>
        </extensions>
      </trkpt>
      <trkpt lat="33.19577774964272975921630859375" lon="103.89272161759436130523681640625">
        <ele>2309.199951171875</ele>
        <time>2026-05-20T02:54:01.000Z</time>
        <extensions>
          <ns3:TrackPointExtension>
            <ns3:hr>97</ns3:hr>
          </ns3:TrackPointExtension>
        </extensions>
      </trkpt>
      <trkpt lat="33.1957810185849666595458984375" lon="103.8927267305552959442138671875">
        <ele>2309</ele>
        <time>2026-05-20T02:54:02.000Z</time>
        <extensions>
          <ns3:TrackPointExtension>
            <ns3:hr>97</ns3:hr>
          </ns3:TrackPointExtension>
        </extensions>
      </trkpt>
      <trkpt lat="33.19583441130816936492919921875" lon="103.8927595876157283782958984375">
        <ele>2307.800048828125</ele>
        <time>2026-05-20T02:54:10.000Z</time>
        <extensions>
          <ns3:TrackPointExtension>
            <ns3:hr>95</ns3:hr>
          </ns3:TrackPointExtension>
        </extensions>
      </trkpt>
      <trkpt lat="33.195863328874111175537109375" lon="103.89280627481639385223388671875">
        <ele>2305.60009765625</ele>
        <time>2026-05-20T02:54:17.000Z</time>
        <extensions>
          <ns3:TrackPointExtension>
            <ns3:hr>95</ns3:hr>
          </ns3:TrackPointExtension>
        </extensions>
      </trkpt>
      <trkpt lat="33.19589459337294101715087890625" lon="103.89287173748016357421875">
        <ele>2302.39990234375</ele>
        <time>2026-05-20T02:54:25.000Z</time>
        <extensions>
          <ns3:TrackPointExtension>
            <ns3:hr>94</ns3:hr>
          </ns3:TrackPointExtension>
        </extensions>
      </trkpt>
      <trkpt lat="33.1959282048046588897705078125" lon="103.8929213583469390869140625">
        <ele>2300</ele>
        <time>2026-05-20T02:54:34.000Z</time>
        <extensions>
          <ns3:TrackPointExtension>
            <ns3:hr>92</ns3:hr>
          </ns3:TrackPointExtension>
        </extensions>
      </trkpt>
      <trkpt lat="33.19595561362802982330322265625" lon="103.89296636916697025299072265625">
        <ele>2297.60009765625</ele>
        <time>2026-05-20T02:54:40.000Z</time>
        <extensions>
          <ns3:TrackPointExtension>
            <ns3:hr>91</ns3:hr>
          </ns3:TrackPointExtension>
        </extensions>
      </trkpt>
      <trkpt lat="33.19598495028913021087646484375" lon="103.8930113799870014190673828125">
        <ele>2295.39990234375</ele>
        <time>2026-05-20T02:54:46.000Z</time>
        <extensions>
          <ns3:TrackPointExtension>
            <ns3:hr>91</ns3:hr>
          </ns3:TrackPointExtension>
        </extensions>
      </trkpt>
      <trkpt lat="33.1959962658584117889404296875" lon="103.8930259644985198974609375">
        <ele>2294.60009765625</ele>
        <time>2026-05-20T02:54:50.000Z</time>
        <extensions>
          <ns3:TrackPointExtension>
            <ns3:hr>91</ns3:hr>
          </ns3:TrackPointExtension>
        </extensions>
      </trkpt>
      <trkpt lat="33.19603331387042999267578125" lon="103.8930576480925083160400390625">
        <ele>2293.199951171875</ele>
        <time>2026-05-20T02:54:57.000Z</time>
        <extensions>
          <ns3:TrackPointExtension>
            <ns3:hr>89</ns3:hr>
          </ns3:TrackPointExtension>
        </extensions>
      </trkpt>
      <trkpt lat="33.1960877962410449981689453125" lon="103.8930573128163814544677734375">
        <ele>2292.800048828125</ele>
        <time>2026-05-20T02:55:04.000Z</time>
        <extensions>
          <ns3:TrackPointExtension>
            <ns3:hr>90</ns3:hr>
          </ns3:TrackPointExtension>
        </extensions>
      </trkpt>
      <trkpt lat="33.196089975535869598388671875" lon="103.89305991120636463165283203125">
        <ele>2292.60009765625</ele>
        <time>2026-05-20T02:55:05.000Z</time>
        <extensions>
          <ns3:TrackPointExtension>
            <ns3:hr>90</ns3:hr>
          </ns3:TrackPointExtension>
        </extensions>
      </trkpt>
      <trkpt lat="33.19610699079930782318115234375" lon="103.8930938579142093658447265625">
        <ele>2290.60009765625</ele>
        <time>2026-05-20T02:55:10.000Z</time>
        <extensions>
          <ns3:TrackPointExtension>
            <ns3:hr>89</ns3:hr>
          </ns3:TrackPointExtension>
        </extensions>
      </trkpt>
      <trkpt lat="33.19615610875189304351806640625" lon="103.89309913851320743560791015625">
        <ele>2289.800048828125</ele>
        <time>2026-05-20T02:55:16.000Z</time>
        <extensions>
          <ns3:TrackPointExtension>
            <ns3:hr>93</ns3:hr>
          </ns3:TrackPointExtension>
        </extensions>
      </trkpt>
      <trkpt lat="33.19619315676391124725341796875" lon="103.89309762977063655853271484375">
        <ele>2289.60009765625</ele>
        <time>2026-05-20T02:55:19.000Z</time>
        <extensions>
          <ns3:TrackPointExtension>
            <ns3:hr>90</ns3:hr>
          </ns3:TrackPointExtension>
        </extensions>
      </trkpt>
      <trkpt lat="33.1962041370570659637451171875" lon="103.89310115016996860504150390625">
        <ele>2289.39990234375</ele>
        <time>2026-05-20T02:55:20.000Z</time>
        <extensions>
          <ns3:TrackPointExtension>
            <ns3:hr>90</ns3:hr>
          </ns3:TrackPointExtension>
        </extensions>
      </trkpt>
      <trkpt lat="33.19621327333152294158935546875" lon="103.89311254955828189849853515625">
        <ele>2288.60009765625</ele>
        <time>2026-05-20T02:55:21.000Z</time>
        <extensions>
          <ns3:TrackPointExtension>
            <ns3:hr>89</ns3:hr>
          </ns3:TrackPointExtension>
        </extensions>
      </trkpt>
      <trkpt lat="33.196220733225345611572265625" lon="103.8931394554674625396728515625">
        <ele>2287</ele>
        <time>2026-05-20T02:55:23.000Z</time>
        <extensions>
          <ns3:TrackPointExtension>
            <ns3:hr>91</ns3:hr>
          </ns3:TrackPointExtension>
        </extensions>
      </trkpt>
      <trkpt lat="33.19622534327208995819091796875" lon="103.89315194450318813323974609375">
        <ele>2286.39990234375</ele>
        <time>2026-05-20T02:55:25.000Z</time>
        <extensions>
          <ns3:TrackPointExtension>
            <ns3:hr>92</ns3:hr>
          </ns3:TrackPointExtension>
        </extensions>
      </trkpt>
      <trkpt lat="33.19626792334020137786865234375" lon="103.89313233084976673126220703125">
        <ele>2287.199951171875</ele>
        <time>2026-05-20T02:55:29.000Z</time>
        <extensions>
          <ns3:TrackPointExtension>
            <ns3:hr>90</ns3:hr>
          </ns3:TrackPointExtension>
        </extensions>
      </trkpt>
      <trkpt lat="33.19628234021365642547607421875" lon="103.89313233084976673126220703125">
        <ele>2287.39990234375</ele>
        <time>2026-05-20T02:55:31.000Z</time>
        <extensions>
          <ns3:TrackPointExtension>
            <ns3:hr>91</ns3:hr>
          </ns3:TrackPointExtension>
        </extensions>
      </trkpt>
      <trkpt lat="33.19628703407943248748779296875" lon="103.8931565545499324798583984375">
        <ele>2285.60009765625</ele>
        <time>2026-05-20T02:55:36.000Z</time>
        <extensions>
          <ns3:TrackPointExtension>
            <ns3:hr>90</ns3:hr>
          </ns3:TrackPointExtension>
        </extensions>
      </trkpt>
      <trkpt lat="33.1962795741856098175048828125" lon="103.89317013323307037353515625">
        <ele>2285</ele>
        <time>2026-05-20T02:55:38.000Z</time>
        <extensions>
          <ns3:TrackPointExtension>
            <ns3:hr>90</ns3:hr>
          </ns3:TrackPointExtension>
        </extensions>
      </trkpt>
      <trkpt lat="33.1962785683572292327880859375" lon="103.8931783474981784820556640625">
        <ele>2285</ele>
        <time>2026-05-20T02:55:40.000Z</time>
        <extensions>
          <ns3:TrackPointExtension>
            <ns3:hr>90</ns3:hr>
          </ns3:TrackPointExtension>
        </extensions>
      </trkpt>
      <trkpt lat="33.1963047198951244354248046875" lon="103.8931934349238872528076171875">
        <ele>2284.39990234375</ele>
        <time>2026-05-20T02:55:45.000Z</time>
        <extensions>
          <ns3:TrackPointExtension>
            <ns3:hr>93</ns3:hr>
          </ns3:TrackPointExtension>
        </extensions>
      </trkpt>
      <trkpt lat="33.196309246122837066650390625" lon="103.8932096958160400390625">
        <ele>2284.199951171875</ele>
        <time>2026-05-20T02:55:47.000Z</time>
        <extensions>
          <ns3:TrackPointExtension>
            <ns3:hr>93</ns3:hr>
          </ns3:TrackPointExtension>
        </extensions>
      </trkpt>
      <trkpt lat="33.19632223807275295257568359375" lon="103.89324028976261615753173828125">
        <ele>2283.60009765625</ele>
        <time>2026-05-20T02:55:52.000Z</time>
        <extensions>
          <ns3:TrackPointExtension>
            <ns3:hr>96</ns3:hr>
          </ns3:TrackPointExtension>
        </extensions>
      </trkpt>
      <trkpt lat="33.19631385616958141326904296875" lon="103.89323961921036243438720703125">
        <ele>2283.60009765625</ele>
        <time>2026-05-20T02:55:55.000Z</time>
        <extensions>
          <ns3:TrackPointExtension>
            <ns3:hr>96</ns3:hr>
          </ns3:TrackPointExtension>
        </extensions>
      </trkpt>
      <trkpt lat="33.19630865938961505889892578125" lon="103.8932313211262226104736328125">
        <ele>2283.800048828125</ele>
        <time>2026-05-20T02:56:03.000Z</time>
        <extensions>
          <ns3:TrackPointExtension>
            <ns3:hr>95</ns3:hr>
          </ns3:TrackPointExtension>
        </extensions>
      </trkpt>
      <trkpt lat="33.1963332183659076690673828125" lon="103.89320625923573970794677734375">
        <ele>2284.199951171875</ele>
        <time>2026-05-20T02:56:09.000Z</time>
        <extensions>
          <ns3:TrackPointExtension>
            <ns3:hr>94</ns3:hr>
          </ns3:TrackPointExtension>
        </extensions>
      </trkpt>
      <trkpt lat="33.19633849896490573883056640625" lon="103.8932088576257228851318359375">
        <ele>2284</ele>
        <time>2026-05-20T02:56:10.000Z</time>
        <extensions>
          <ns3:TrackPointExtension>
            <ns3:hr>97</ns3:hr>
          </ns3:TrackPointExtension>
        </extensions>
      </trkpt>
      <trkpt lat="33.19634168408811092376708984375" lon="103.89320709742605686187744140625">
        <ele>2284.199951171875</ele>
        <time>2026-05-20T02:56:11.000Z</time>
        <extensions>
          <ns3:TrackPointExtension>
            <ns3:hr>94</ns3:hr>
          </ns3:TrackPointExtension>
        </extensions>
      </trkpt>
      <trkpt lat="33.19638141430914402008056640625" lon="103.89320676214993000030517578125">
        <ele>2285.800048828125</ele>
        <time>2026-05-20T02:56:18.000Z</time>
        <extensions>
          <ns3:TrackPointExtension>
            <ns3:hr>92</ns3:hr>
          </ns3:TrackPointExtension>
        </extensions>
      </trkpt>
      <trkpt lat="33.196413852274417877197265625" lon="103.8932311534881591796875">
        <ele>2285.60009765625</ele>
        <time>2026-05-20T02:56:23.000Z</time>
        <extensions>
          <ns3:TrackPointExtension>
            <ns3:hr>95</ns3:hr>
          </ns3:TrackPointExtension>
        </extensions>
      </trkpt>
      <trkpt lat="33.1964358128607273101806640625" lon="103.8932514376938343048095703125">
        <ele>2285.199951171875</ele>
        <time>2026-05-20T02:56:26.000Z</time>
        <extensions>
          <ns3:TrackPointExtension>
            <ns3:hr>97</ns3:hr>
          </ns3:TrackPointExtension>
        </extensions>
      </trkpt>
      <trkpt lat="33.19650647230446338653564453125" lon="103.893304578959941864013671875">
        <ele>2284.800048828125</ele>
        <time>2026-05-20T02:56:34.000Z</time>
        <extensions>
          <ns3:TrackPointExtension>
            <ns3:hr>97</ns3:hr>
          </ns3:TrackPointExtension>
        </extensions>
      </trkpt>
      <trkpt lat="33.19653832353651523590087890625" lon="103.89331924729049205780029296875">
        <ele>2285.39990234375</ele>
        <time>2026-05-20T02:56:38.000Z</time>
        <extensions>
          <ns3:TrackPointExtension>
            <ns3:hr>97</ns3:hr>
          </ns3:TrackPointExtension>
        </extensions>
      </trkpt>
      <trkpt lat="33.19656296633183956146240234375" lon="103.8933255337178707122802734375">
        <ele>2286</ele>
        <time>2026-05-20T02:56:40.000Z</time>
        <extensions>
          <ns3:TrackPointExtension>
            <ns3:hr>97</ns3:hr>
          </ns3:TrackPointExtension>
        </extensions>
      </trkpt>
      <trkpt lat="33.1966215558350086212158203125" lon="103.893336765468120574951171875">
        <ele>2286</ele>
        <time>2026-05-20T02:56:45.000Z</time>
        <extensions>
          <ns3:TrackPointExtension>
            <ns3:hr>100</ns3:hr>
          </ns3:TrackPointExtension>
        </extensions>
      </trkpt>
      <trkpt lat="33.1966416724026203155517578125" lon="103.89334992505609989166259765625">
        <ele>2285.199951171875</ele>
        <time>2026-05-20T02:56:47.000Z</time>
        <extensions>
          <ns3:TrackPointExtension>
            <ns3:hr>102</ns3:hr>
          </ns3:TrackPointExtension>
        </extensions>
      </trkpt>
      <trkpt lat="33.19668718613684177398681640625" lon="103.893350847065448760986328125">
        <ele>2284.800048828125</ele>
        <time>2026-05-20T02:56:54.000Z</time>
        <extensions>
          <ns3:TrackPointExtension>
            <ns3:hr>101</ns3:hr>
          </ns3:TrackPointExtension>
        </extensions>
      </trkpt>
      <trkpt lat="33.19677586667239665985107421875" lon="103.8933952711522579193115234375">
        <ele>2281.60009765625</ele>
        <time>2026-05-20T02:57:01.000Z</time>
        <extensions>
          <ns3:TrackPointExtension>
            <ns3:hr>101</ns3:hr>
          </ns3:TrackPointExtension>
        </extensions>
      </trkpt>
      <trkpt lat="33.19681911729276180267333984375" lon="103.893394768238067626953125">
        <ele>2281.39990234375</ele>
        <time>2026-05-20T02:57:05.000Z</time>
        <extensions>
          <ns3:TrackPointExtension>
            <ns3:hr>101</ns3:hr>
          </ns3:TrackPointExtension>
        </extensions>
      </trkpt>
      <trkpt lat="33.196830935776233673095703125" lon="103.89339870773255825042724609375">
        <ele>2281.199951171875</ele>
        <time>2026-05-20T02:57:06.000Z</time>
        <extensions>
          <ns3:TrackPointExtension>
            <ns3:hr>101</ns3:hr>
          </ns3:TrackPointExtension>
        </extensions>
      </trkpt>
      <trkpt lat="33.196864463388919830322265625" lon="103.89340340159833431243896484375">
        <ele>2281</ele>
        <time>2026-05-20T02:57:09.000Z</time>
        <extensions>
          <ns3:TrackPointExtension>
            <ns3:hr>103</ns3:hr>
          </ns3:TrackPointExtension>
        </extensions>
      </trkpt>
      <trkpt lat="33.1969357095658779144287109375" lon="103.89341446571052074432373046875">
        <ele>2279.39990234375</ele>
        <time>2026-05-20T02:57:14.000Z</time>
        <extensions>
          <ns3:TrackPointExtension>
            <ns3:hr>106</ns3:hr>
          </ns3:TrackPointExtension>
        </extensions>
      </trkpt>
      <trkpt lat="33.19698960520327091217041015625" lon="103.893419913947582244873046875">
        <ele>2278.39990234375</ele>
        <time>2026-05-20T02:57:19.000Z</time>
        <extensions>
          <ns3:TrackPointExtension>
            <ns3:hr>105</ns3:hr>
          </ns3:TrackPointExtension>
        </extensions>
      </trkpt>
      <trkpt lat="33.19699983112514019012451171875" lon="103.89342687092721462249755859375">
        <ele>2277.60009765625</ele>
        <time>2026-05-20T02:57:20.000Z</time>
        <extensions>
          <ns3:TrackPointExtension>
            <ns3:hr>104</ns3:hr>
          </ns3:TrackPointExtension>
        </extensions>
      </trkpt>
      <trkpt lat="33.19706571288406848907470703125" lon="103.8934277929365634918212890625">
        <ele>2277</ele>
        <time>2026-05-20T02:57:26.000Z</time>
        <extensions>
          <ns3:TrackPointExtension>
            <ns3:hr>103</ns3:hr>
          </ns3:TrackPointExtension>
        </extensions>
      </trkpt>
      <trkpt lat="33.19707811810076236724853515625" lon="103.89342360198497772216796875">
        <ele>2277</ele>
        <time>2026-05-20T02:57:27.000Z</time>
        <extensions>
          <ns3:TrackPointExtension>
            <ns3:hr>104</ns3:hr>
          </ns3:TrackPointExtension>
        </extensions>
      </trkpt>
      <trkpt lat="33.19716160185635089874267578125" lon="103.8934522680938243865966796875">
        <ele>2275</ele>
        <time>2026-05-20T02:57:35.000Z</time>
        <extensions>
          <ns3:TrackPointExtension>
            <ns3:hr>102</ns3:hr>
          </ns3:TrackPointExtension>
        </extensions>
      </trkpt>
      <trkpt lat="33.19721390493214130401611328125" lon="103.893447406589984893798828125">
        <ele>2276.199951171875</ele>
        <time>2026-05-20T02:57:42.000Z</time>
        <extensions>
          <ns3:TrackPointExtension>
            <ns3:hr>101</ns3:hr>
          </ns3:TrackPointExtension>
        </extensions>
      </trkpt>
      <trkpt lat="33.19724257104098796844482421875" lon="103.89344631694257259368896484375">
        <ele>2276.800048828125</ele>
        <time>2026-05-20T02:57:50.000Z</time>
        <extensions>
          <ns3:TrackPointExtension>
            <ns3:hr>98</ns3:hr>
          </ns3:TrackPointExtension>
        </extensions>
      </trkpt>
      <trkpt lat="33.1972478516399860382080078125" lon="103.8934318162500858306884765625">
        <ele>2278</ele>
        <time>2026-05-20T02:57:52.000Z</time>
        <extensions>
          <ns3:TrackPointExtension>
            <ns3:hr>99</ns3:hr>
          </ns3:TrackPointExtension>
        </extensions>
      </trkpt>
      <trkpt lat="33.197280876338481903076171875" lon="103.89342519454658031463623046875">
        <ele>2279.39990234375</ele>
        <time>2026-05-20T02:57:55.000Z</time>
        <extensions>
          <ns3:TrackPointExtension>
            <ns3:hr>98</ns3:hr>
          </ns3:TrackPointExtension>
        </extensions>
      </trkpt>
      <trkpt lat="33.1973843090236186981201171875" lon="103.89343173243105411529541015625">
        <ele>2280.60009765625</ele>
        <time>2026-05-20T02:58:03.000Z</time>
        <extensions>
          <ns3:TrackPointExtension>
            <ns3:hr>98</ns3:hr>
          </ns3:TrackPointExtension>
        </extensions>
      </trkpt>
      <trkpt lat="33.1974072754383087158203125" lon="103.8934281282126903533935546875">
        <ele>2281.39990234375</ele>
        <time>2026-05-20T02:58:05.000Z</time>
        <extensions>
          <ns3:TrackPointExtension>
            <ns3:hr>97</ns3:hr>
          </ns3:TrackPointExtension>
        </extensions>
      </trkpt>
      <trkpt lat="33.1974289007484912872314453125" lon="103.89343106187880039215087890625">
        <ele>2281.199951171875</ele>
        <time>2026-05-20T02:58:07.000Z</time>
        <extensions>
          <ns3:TrackPointExtension>
            <ns3:hr>97</ns3:hr>
          </ns3:TrackPointExtension>
        </extensions>
      </trkpt>
      <trkpt lat="33.19744038395583629608154296875" lon="103.89342896640300750732421875">
        <ele>2281.60009765625</ele>
        <time>2026-05-20T02:58:08.000Z</time>
        <extensions>
          <ns3:TrackPointExtension>
            <ns3:hr>99</ns3:hr>
          </ns3:TrackPointExtension>
        </extensions>
      </trkpt>
      <trkpt lat="33.1974919326603412628173828125" lon="103.8934023119509220123291015625">
        <ele>2284.60009765625</ele>
        <time>2026-05-20T02:58:12.000Z</time>
        <extensions>
          <ns3:TrackPointExtension>
            <ns3:hr>102</ns3:hr>
          </ns3:TrackPointExtension>
        </extensions>
      </trkpt>
      <trkpt lat="33.1975066848099231719970703125" lon="103.8933982886373996734619140625">
        <ele>2285.199951171875</ele>
        <time>2026-05-20T02:58:13.000Z</time>
        <extensions>
          <ns3:TrackPointExtension>
            <ns3:hr>99</ns3:hr>
          </ns3:TrackPointExtension>
        </extensions>
      </trkpt>
      <trkpt lat="33.1975333392620086669921875" lon="103.89339451678097248077392578125">
        <ele>2285.60009765625</ele>
        <time>2026-05-20T02:58:15.000Z</time>
        <extensions>
          <ns3:TrackPointExtension>
            <ns3:hr>99</ns3:hr>
          </ns3:TrackPointExtension>
        </extensions>
      </trkpt>
      <trkpt lat="33.19754499010741710662841796875" lon="103.89339619316160678863525390625">
        <ele>2285.60009765625</ele>
        <time>2026-05-20T02:58:16.000Z</time>
        <extensions>
          <ns3:TrackPointExtension>
            <ns3:hr>101</ns3:hr>
          </ns3:TrackPointExtension>
        </extensions>
      </trkpt>
      <trkpt lat="33.1976089440286159515380859375" lon="103.89342536218464374542236328125">
        <ele>2283.199951171875</ele>
        <time>2026-05-20T02:58:21.000Z</time>
        <extensions>
          <ns3:TrackPointExtension>
            <ns3:hr>99</ns3:hr>
          </ns3:TrackPointExtension>
        </extensions>
      </trkpt>
      <trkpt lat="33.19761975668370723724365234375" lon="103.89342402108013629913330078125">
        <ele>2283.39990234375</ele>
        <time>2026-05-20T02:58:22.000Z</time>
        <extensions>
          <ns3:TrackPointExtension>
            <ns3:hr>99</ns3:hr>
          </ns3:TrackPointExtension>
        </extensions>
      </trkpt>
      <trkpt lat="33.19763727486133575439453125" lon="103.8934190757572650909423828125">
        <ele>2284</ele>
        <time>2026-05-20T02:58:24.000Z</time>
        <extensions>
          <ns3:TrackPointExtension>
            <ns3:hr>96</ns3:hr>
          </ns3:TrackPointExtension>
        </extensions>
      </trkpt>
      <trkpt lat="33.19764490239322185516357421875" lon="103.8934230990707874298095703125">
        <ele>2283.60009765625</ele>
        <time>2026-05-20T02:58:25.000Z</time>
        <extensions>
          <ns3:TrackPointExtension>
            <ns3:hr>96</ns3:hr>
          </ns3:TrackPointExtension>
        </extensions>
      </trkpt>
      <trkpt lat="33.1976486742496490478515625" lon="103.8934336602687835693359375">
        <ele>2282.60009765625</ele>
        <time>2026-05-20T02:58:26.000Z</time>
        <extensions>
          <ns3:TrackPointExtension>
            <ns3:hr>99</ns3:hr>
          </ns3:TrackPointExtension>
        </extensions>
      </trkpt>
      <trkpt lat="33.19764657877385616302490234375" lon="103.893439359962940216064453125">
        <ele>2282</ele>
        <time>2026-05-20T02:58:31.000Z</time>
        <extensions>
          <ns3:TrackPointExtension>
            <ns3:hr>101</ns3:hr>
          </ns3:TrackPointExtension>
        </extensions>
      </trkpt>
      <trkpt lat="33.197652362287044525146484375" lon="103.8934224285185337066650390625">
        <ele>2283.800048828125</ele>
        <time>2026-05-20T02:58:39.000Z</time>
        <extensions>
          <ns3:TrackPointExtension>
            <ns3:hr>98</ns3:hr>
          </ns3:TrackPointExtension>
        </extensions>
      </trkpt>
      <trkpt lat="33.1976696290075778961181640625" lon="103.89342091977596282958984375">
        <ele>2284</ele>
        <time>2026-05-20T02:58:41.000Z</time>
        <extensions>
          <ns3:TrackPointExtension>
            <ns3:hr>95</ns3:hr>
          </ns3:TrackPointExtension>
        </extensions>
      </trkpt>
      <trkpt lat="33.19769703783094882965087890625" lon="103.89342963695526123046875">
        <ele>2283.199951171875</ele>
        <time>2026-05-20T02:58:43.000Z</time>
        <extensions>
          <ns3:TrackPointExtension>
            <ns3:hr>95</ns3:hr>
          </ns3:TrackPointExtension>
        </extensions>
      </trkpt>
      <trkpt lat="33.197725117206573486328125" lon="103.893429972231388092041015625">
        <ele>2283.60009765625</ele>
        <time>2026-05-20T02:58:46.000Z</time>
        <extensions>
          <ns3:TrackPointExtension>
            <ns3:hr>92</ns3:hr>
          </ns3:TrackPointExtension>
        </extensions>
      </trkpt>
      <trkpt lat="33.1977782584726810455322265625" lon="103.89343407936394214630126953125">
        <ele>2283.800048828125</ele>
        <time>2026-05-20T02:58:50.000Z</time>
        <extensions>
          <ns3:TrackPointExtension>
            <ns3:hr>92</ns3:hr>
          </ns3:TrackPointExtension>
        </extensions>
      </trkpt>
      <trkpt lat="33.1978630833327770233154296875" lon="103.8934846222400665283203125">
        <ele>2281.60009765625</ele>
        <time>2026-05-20T02:58:57.000Z</time>
        <extensions>
          <ns3:TrackPointExtension>
            <ns3:hr>89</ns3:hr>
          </ns3:TrackPointExtension>
        </extensions>
      </trkpt>
      <trkpt lat="33.1978768296539783477783203125" lon="103.89350817538797855377197265625">
        <ele>2280.39990234375</ele>
        <time>2026-05-20T02:58:59.000Z</time>
        <extensions>
          <ns3:TrackPointExtension>
            <ns3:hr>88</ns3:hr>
          </ns3:TrackPointExtension>
        </extensions>
      </trkpt>
      <trkpt lat="33.1978811882436275482177734375" lon="103.89351345598697662353515625">
        <ele>2280.199951171875</ele>
        <time>2026-05-20T02:59:00.000Z</time>
        <extensions>
          <ns3:TrackPointExtension>
            <ns3:hr>86</ns3:hr>
          </ns3:TrackPointExtension>
        </extensions>
      </trkpt>
      <trkpt lat="33.19787976332008838653564453125" lon="103.89352577738463878631591796875">
        <ele>2279.60009765625</ele>
        <time>2026-05-20T02:59:02.000Z</time>
        <extensions>
          <ns3:TrackPointExtension>
            <ns3:hr>89</ns3:hr>
          </ns3:TrackPointExtension>
        </extensions>
      </trkpt>
      <trkpt lat="33.19787465035915374755859375" lon="103.8935307227075099945068359375">
        <ele>2279.199951171875</ele>
        <time>2026-05-20T02:59:04.000Z</time>
        <extensions>
          <ns3:TrackPointExtension>
            <ns3:hr>90</ns3:hr>
          </ns3:TrackPointExtension>
        </extensions>
      </trkpt>
      <trkpt lat="33.19785143248736858367919921875" lon="103.8935498334467411041259765625">
        <ele>2278</ele>
        <time>2026-05-20T02:59:10.000Z</time>
        <extensions>
          <ns3:TrackPointExtension>
            <ns3:hr>87</ns3:hr>
          </ns3:TrackPointExtension>
        </extensions>
      </trkpt>
      <trkpt lat="33.1978493370115756988525390625" lon="103.8935491628944873809814453125">
        <ele>2278</ele>
        <time>2026-05-20T02:59:11.000Z</time>
        <extensions>
          <ns3:TrackPointExtension>
            <ns3:hr>91</ns3:hr>
          </ns3:TrackPointExtension>
        </extensions>
      </trkpt>
      <trkpt lat="33.197848834097385406494140625" lon="103.89354254119098186492919921875">
        <ele>2278.199951171875</ele>
        <time>2026-05-20T02:59:16.000Z</time>
        <extensions>
          <ns3:TrackPointExtension>
            <ns3:hr>91</ns3:hr>
          </ns3:TrackPointExtension>
        </extensions>
      </trkpt>
      <trkpt lat="33.197848834097385406494140625" lon="103.89354254119098186492919921875">
        <ele>2278.199951171875</ele>
        <time>2026-05-20T02:59:17.000Z</time>
        <extensions>
          <ns3:TrackPointExtension>
            <ns3:hr>88</ns3:hr>
          </ns3:TrackPointExtension>
        </extensions>
      </trkpt>
      <trkpt lat="33.1978503428399562835693359375" lon="103.8935458101332187652587890625">
        <ele>2278.199951171875</ele>
        <time>2026-05-20T02:59:34.000Z</time>
        <extensions>
          <ns3:TrackPointExtension>
            <ns3:hr>90</ns3:hr>
          </ns3:TrackPointExtension>
        </extensions>
      </trkpt>
      <trkpt lat="33.1978506781160831451416015625" lon="103.89354706741869449615478515625">
        <ele>2278</ele>
        <time>2026-05-20T02:59:36.000Z</time>
        <extensions>
          <ns3:TrackPointExtension>
            <ns3:hr>87</ns3:hr>
          </ns3:TrackPointExtension>
        </extensions>
      </trkpt>
      <trkpt lat="33.1978506781160831451416015625" lon="103.8935478217899799346923828125">
        <ele>2278</ele>
        <time>2026-05-20T02:59:38.000Z</time>
        <extensions>
          <ns3:TrackPointExtension>
            <ns3:hr>90</ns3:hr>
          </ns3:TrackPointExtension>
        </extensions>
      </trkpt>
      <trkpt lat="33.197850845754146575927734375" lon="103.89355008490383625030517578125">
        <ele>2277.800048828125</ele>
        <time>2026-05-20T02:59:41.000Z</time>
        <extensions>
          <ns3:TrackPointExtension>
            <ns3:hr>93</ns3:hr>
          </ns3:TrackPointExtension>
        </extensions>
      </trkpt>
      <trkpt lat="33.197933323681354522705078125" lon="103.8935893960297107696533203125">
        <ele>2276.60009765625</ele>
        <time>2026-05-20T03:00:00.000Z</time>
        <extensions>
          <ns3:TrackPointExtension>
            <ns3:hr>95</ns3:hr>
          </ns3:TrackPointExtension>
        </extensions>
      </trkpt>
      <trkpt lat="33.1980134546756744384765625" lon="103.89362988062202930450439453125">
        <ele>2275.60009765625</ele>
        <time>2026-05-20T03:00:05.000Z</time>
        <extensions>
          <ns3:TrackPointExtension>
            <ns3:hr>98</ns3:hr>
          </ns3:TrackPointExtension>
        </extensions>
      </trkpt>
      <trkpt lat="33.19802124984562397003173828125" lon="103.89363507740199565887451171875">
        <ele>2275.60009765625</ele>
        <time>2026-05-20T03:00:06.000Z</time>
        <extensions>
          <ns3:TrackPointExtension>
            <ns3:hr>98</ns3:hr>
          </ns3:TrackPointExtension>
        </extensions>
      </trkpt>
      <trkpt lat="33.198100961744785308837890625" lon="103.89369274489581584930419921875">
        <ele>2273.800048828125</ele>
        <time>2026-05-20T03:00:14.000Z</time>
        <extensions>
          <ns3:TrackPointExtension>
            <ns3:hr>98</ns3:hr>
          </ns3:TrackPointExtension>
        </extensions>
      </trkpt>
      <trkpt lat="33.19816030561923980712890625" lon="103.89372057281434535980224609375">
        <ele>2273.39990234375</ele>
        <time>2026-05-20T03:00:20.000Z</time>
        <extensions>
          <ns3:TrackPointExtension>
            <ns3:hr>100</ns3:hr>
          </ns3:TrackPointExtension>
        </extensions>
      </trkpt>
      <trkpt lat="33.19824739359319210052490234375" lon="103.89373448677361011505126953125">
        <ele>2274.60009765625</ele>
        <time>2026-05-20T03:00:28.000Z</time>
        <extensions>
          <ns3:TrackPointExtension>
            <ns3:hr>100</ns3:hr>
          </ns3:TrackPointExtension>
        </extensions>
      </trkpt>
      <trkpt lat="33.1982701085507869720458984375" lon="103.89373742043972015380859375">
        <ele>2274.800048828125</ele>
        <time>2026-05-20T03:00:30.000Z</time>
        <extensions>
          <ns3:TrackPointExtension>
            <ns3:hr>102</ns3:hr>
          </ns3:TrackPointExtension>
        </extensions>
      </trkpt>
      <trkpt lat="33.19830941967666149139404296875" lon="103.89374672435224056243896484375">
        <ele>2274.800048828125</ele>
        <time>2026-05-20T03:00:34.000Z</time>
        <extensions>
          <ns3:TrackPointExtension>
            <ns3:hr>101</ns3:hr>
          </ns3:TrackPointExtension>
        </extensions>
      </trkpt>
      <trkpt lat="33.1983944959938526153564453125" lon="103.893769271671772003173828125">
        <ele>2274.800048828125</ele>
        <time>2026-05-20T03:00:43.000Z</time>
        <extensions>
          <ns3:TrackPointExtension>
            <ns3:hr>99</ns3:hr>
          </ns3:TrackPointExtension>
        </extensions>
      </trkpt>
      <trkpt lat="33.1984930671751499176025390625" lon="103.8938059844076633453369140625">
        <ele>2274.60009765625</ele>
        <time>2026-05-20T03:00:49.000Z</time>
        <extensions>
          <ns3:TrackPointExtension>
            <ns3:hr>102</ns3:hr>
          </ns3:TrackPointExtension>
        </extensions>
      </trkpt>
      <trkpt lat="33.1985001079738140106201171875" lon="103.8938091695308685302734375">
        <ele>2274.60009765625</ele>
        <time>2026-05-20T03:00:50.000Z</time>
        <extensions>
          <ns3:TrackPointExtension>
            <ns3:hr>100</ns3:hr>
          </ns3:TrackPointExtension>
        </extensions>
      </trkpt>
      <trkpt lat="33.19851309992372989654541015625" lon="103.893830291926860809326171875">
        <ele>2274.199951171875</ele>
        <time>2026-05-20T03:00:51.000Z</time>
        <extensions>
          <ns3:TrackPointExtension>
            <ns3:hr>96</ns3:hr>
          </ns3:TrackPointExtension>
        </extensions>
      </trkpt>
      <trkpt lat="33.19852173328399658203125" lon="103.893848396837711334228515625">
        <ele>2273.800048828125</ele>
        <time>2026-05-20T03:00:52.000Z</time>
        <extensions>
          <ns3:TrackPointExtension>
            <ns3:hr>99</ns3:hr>
          </ns3:TrackPointExtension>
        </extensions>
      </trkpt>
      <trkpt lat="33.19858669303357601165771484375" lon="103.893830962479114532470703125">
        <ele>2274.60009765625</ele>
        <time>2026-05-20T03:00:57.000Z</time>
        <extensions>
          <ns3:TrackPointExtension>
            <ns3:hr>98</ns3:hr>
          </ns3:TrackPointExtension>
        </extensions>
      </trkpt>
      <trkpt lat="33.1986466236412525177001953125" lon="103.89386926777660846710205078125">
        <ele>2274.199951171875</ele>
        <time>2026-05-20T03:01:02.000Z</time>
        <extensions>
          <ns3:TrackPointExtension>
            <ns3:hr>93</ns3:hr>
          </ns3:TrackPointExtension>
        </extensions>
      </trkpt>
      <trkpt lat="33.1986804865300655364990234375" lon="103.893899023532867431640625">
        <ele>2273.60009765625</ele>
        <time>2026-05-20T03:01:07.000Z</time>
        <extensions>
          <ns3:TrackPointExtension>
            <ns3:hr>90</ns3:hr>
          </ns3:TrackPointExtension>
        </extensions>
      </trkpt>
      <trkpt lat="33.1987177021801471710205078125" lon="103.89391587115824222564697265625">
        <ele>2273.39990234375</ele>
        <time>2026-05-20T03:01:11.000Z</time>
        <extensions>
          <ns3:TrackPointExtension>
            <ns3:hr>90</ns3:hr>
          </ns3:TrackPointExtension>
        </extensions>
      </trkpt>
      <trkpt lat="33.19878794252872467041015625" lon="103.89392442069947719573974609375">
        <ele>2273.800048828125</ele>
        <time>2026-05-20T03:01:18.000Z</time>
        <extensions>
          <ns3:TrackPointExtension>
            <ns3:hr>90</ns3:hr>
          </ns3:TrackPointExtension>
        </extensions>
      </trkpt>
      <trkpt lat="33.19881199859082698822021484375" lon="103.89392651617527008056640625">
        <ele>2274</ele>
        <time>2026-05-20T03:01:20.000Z</time>
        <extensions>
          <ns3:TrackPointExtension>
            <ns3:hr>93</ns3:hr>
          </ns3:TrackPointExtension>
        </extensions>
      </trkpt>
      <trkpt lat="33.1988417543470859527587890625" lon="103.893941938877105712890625">
        <ele>2274</ele>
        <time>2026-05-20T03:01:23.000Z</time>
        <extensions>
          <ns3:TrackPointExtension>
            <ns3:hr>91</ns3:hr>
          </ns3:TrackPointExtension>
        </extensions>
      </trkpt>
      <trkpt lat="33.198876120150089263916015625" lon="103.89398016035556793212890625">
        <ele>2273.39990234375</ele>
        <time>2026-05-20T03:01:27.000Z</time>
        <extensions>
          <ns3:TrackPointExtension>
            <ns3:hr>94</ns3:hr>
          </ns3:TrackPointExtension>
        </extensions>
      </trkpt>
      <trkpt lat="33.19888676516711711883544921875" lon="103.89398376457393169403076171875">
        <ele>2273.60009765625</ele>
        <time>2026-05-20T03:01:28.000Z</time>
        <extensions>
          <ns3:TrackPointExtension>
            <ns3:hr>94</ns3:hr>
          </ns3:TrackPointExtension>
        </extensions>
      </trkpt>
      <trkpt lat="33.1989557482302188873291015625" lon="103.89401159249246120452880859375">
        <ele>2274</ele>
        <time>2026-05-20T03:01:34.000Z</time>
        <extensions>
          <ns3:TrackPointExtension>
            <ns3:hr>93</ns3:hr>
          </ns3:TrackPointExtension>
        </extensions>
      </trkpt>
      <trkpt lat="33.19898013956844806671142578125" lon="103.89401310123503208160400390625">
        <ele>2274.199951171875</ele>
        <time>2026-05-20T03:01:39.000Z</time>
        <extensions>
          <ns3:TrackPointExtension>
            <ns3:hr>92</ns3:hr>
          </ns3:TrackPointExtension>
        </extensions>
      </trkpt>
      <trkpt lat="33.1990164332091808319091796875" lon="103.89401528052985668182373046875">
        <ele>2274.800048828125</ele>
        <time>2026-05-20T03:01:45.000Z</time>
        <extensions>
          <ns3:TrackPointExtension>
            <ns3:hr>91</ns3:hr>
          </ns3:TrackPointExtension>
        </extensions>
      </trkpt>
      <trkpt lat="33.19906697608530521392822265625" lon="103.89405299909412860870361328125">
        <ele>2274.800048828125</ele>
        <time>2026-05-20T03:01:50.000Z</time>
        <extensions>
          <ns3:TrackPointExtension>
            <ns3:hr>91</ns3:hr>
          </ns3:TrackPointExtension>
        </extensions>
      </trkpt>
      <trkpt lat="33.199091367423534393310546875" lon="103.89408736489713191986083984375">
        <ele>2274.39990234375</ele>
        <time>2026-05-20T03:01:53.000Z</time>
        <extensions>
          <ns3:TrackPointExtension>
            <ns3:hr>92</ns3:hr>
          </ns3:TrackPointExtension>
        </extensions>
      </trkpt>
      <trkpt lat="33.19910704158246517181396484375" lon="103.8941322080790996551513671875">
        <ele>2273.800048828125</ele>
        <time>2026-05-20T03:01:56.000Z</time>
        <extensions>
          <ns3:TrackPointExtension>
            <ns3:hr>91</ns3:hr>
          </ns3:TrackPointExtension>
        </extensions>
      </trkpt>
      <trkpt lat="33.199135623872280120849609375" lon="103.8941744528710842132568359375">
        <ele>2273.199951171875</ele>
        <time>2026-05-20T03:02:01.000Z</time>
        <extensions>
          <ns3:TrackPointExtension>
            <ns3:hr>89</ns3:hr>
          </ns3:TrackPointExtension>
        </extensions>
      </trkpt>
      <trkpt lat="33.19914878346025943756103515625" lon="103.89418560080230236053466796875">
        <ele>2273.199951171875</ele>
        <time>2026-05-20T03:02:03.000Z</time>
        <extensions>
          <ns3:TrackPointExtension>
            <ns3:hr>91</ns3:hr>
          </ns3:TrackPointExtension>
        </extensions>
      </trkpt>
      <trkpt lat="33.19915364496409893035888671875" lon="103.89419146813452243804931640625">
        <ele>2273</ele>
        <time>2026-05-20T03:02:04.000Z</time>
        <extensions>
          <ns3:TrackPointExtension>
            <ns3:hr>91</ns3:hr>
          </ns3:TrackPointExtension>
        </extensions>
      </trkpt>
      <trkpt lat="33.19917879067361354827880859375" lon="103.89425047673285007476806640625">
        <ele>2272.199951171875</ele>
        <time>2026-05-20T03:02:09.000Z</time>
        <extensions>
          <ns3:TrackPointExtension>
            <ns3:hr>93</ns3:hr>
          </ns3:TrackPointExtension>
        </extensions>
      </trkpt>
      <trkpt lat="33.19917007349431514739990234375" lon="103.89428953640162944793701171875">
        <ele>2271.199951171875</ele>
        <time>2026-05-20T03:02:11.000Z</time>
        <extensions>
          <ns3:TrackPointExtension>
            <ns3:hr>90</ns3:hr>
          </ns3:TrackPointExtension>
        </extensions>
      </trkpt>
      <trkpt lat="33.19915163330733776092529296875" lon="103.894325159490108489990234375">
        <ele>2270.199951171875</ele>
        <time>2026-05-20T03:02:13.000Z</time>
        <extensions>
          <ns3:TrackPointExtension>
            <ns3:hr>95</ns3:hr>
          </ns3:TrackPointExtension>
        </extensions>
      </trkpt>
      <trkpt lat="33.1991183571517467498779296875" lon="103.894394226372241973876953125">
        <ele>2268.199951171875</ele>
        <time>2026-05-20T03:02:18.000Z</time>
        <extensions>
          <ns3:TrackPointExtension>
            <ns3:hr>98</ns3:hr>
          </ns3:TrackPointExtension>
        </extensions>
      </trkpt>
      <trkpt lat="33.19907837547361850738525390625" lon="103.89450310729444026947021484375">
        <ele>2265.199951171875</ele>
        <time>2026-05-20T03:02:26.000Z</time>
        <extensions>
          <ns3:TrackPointExtension>
            <ns3:hr>101</ns3:hr>
          </ns3:TrackPointExtension>
        </extensions>
      </trkpt>
      <trkpt lat="33.19906529970467090606689453125" lon="103.89455373398959636688232421875">
        <ele>2264.199951171875</ele>
        <time>2026-05-20T03:02:29.000Z</time>
        <extensions>
          <ns3:TrackPointExtension>
            <ns3:hr>103</ns3:hr>
          </ns3:TrackPointExtension>
        </extensions>
      </trkpt>
      <trkpt lat="33.19906429387629032135009765625" lon="103.89456546865403652191162109375">
        <ele>2264</ele>
        <time>2026-05-20T03:02:30.000Z</time>
        <extensions>
          <ns3:TrackPointExtension>
            <ns3:hr>100</ns3:hr>
          </ns3:TrackPointExtension>
        </extensions>
      </trkpt>
      <trkpt lat="33.1990449316799640655517578125" lon="103.894646354019641876220703125">
        <ele>2263.199951171875</ele>
        <time>2026-05-20T03:02:36.000Z</time>
        <extensions>
          <ns3:TrackPointExtension>
            <ns3:hr>102</ns3:hr>
          </ns3:TrackPointExtension>
        </extensions>
      </trkpt>
      <trkpt lat="33.199030347168445587158203125" lon="103.89467946253716945648193359375">
        <ele>2263</ele>
        <time>2026-05-20T03:02:39.000Z</time>
        <extensions>
          <ns3:TrackPointExtension>
            <ns3:hr>101</ns3:hr>
          </ns3:TrackPointExtension>
        </extensions>
      </trkpt>
      <trkpt lat="33.19899992085993289947509765625" lon="103.8947678916156291961669921875">
        <ele>2262.39990234375</ele>
        <time>2026-05-20T03:02:46.000Z</time>
        <extensions>
          <ns3:TrackPointExtension>
            <ns3:hr>98</ns3:hr>
          </ns3:TrackPointExtension>
        </extensions>
      </trkpt>
      <trkpt lat="33.1989993341267108917236328125" lon="103.89477803371846675872802734375">
        <ele>2262.60009765625</ele>
        <time>2026-05-20T03:02:47.000Z</time>
        <extensions>
          <ns3:TrackPointExtension>
            <ns3:hr>100</ns3:hr>
          </ns3:TrackPointExtension>
        </extensions>
      </trkpt>
      <trkpt lat="33.1989602744579315185546875" lon="103.89484643004834651947021484375">
        <ele>2263.199951171875</ele>
        <time>2026-05-20T03:02:54.000Z</time>
        <extensions>
          <ns3:TrackPointExtension>
            <ns3:hr>98</ns3:hr>
          </ns3:TrackPointExtension>
        </extensions>
      </trkpt>
      <trkpt lat="33.1989039480686187744140625" lon="103.89492086134850978851318359375">
        <ele>2264</ele>
        <time>2026-05-20T03:03:00.000Z</time>
        <extensions>
          <ns3:TrackPointExtension>
            <ns3:hr>98</ns3:hr>
          </ns3:TrackPointExtension>
        </extensions>
      </trkpt>
      <trkpt lat="33.19889481179416179656982421875" lon="103.8949589990079402923583984375">
        <ele>2264</ele>
        <time>2026-05-20T03:03:03.000Z</time>
        <extensions>
          <ns3:TrackPointExtension>
            <ns3:hr>101</ns3:hr>
          </ns3:TrackPointExtension>
        </extensions>
      </trkpt>
      <trkpt lat="33.19889347068965435028076171875" lon="103.894970901310443878173828125">
        <ele>2264</ele>
        <time>2026-05-20T03:03:04.000Z</time>
        <extensions>
          <ns3:TrackPointExtension>
            <ns3:hr>100</ns3:hr>
          </ns3:TrackPointExtension>
        </extensions>
      </trkpt>
      <trkpt lat="33.198904953896999359130859375" lon="103.89499193988740444183349609375">
        <ele>2263.800048828125</ele>
        <time>2026-05-20T03:03:06.000Z</time>
        <extensions>
          <ns3:TrackPointExtension>
            <ns3:hr>100</ns3:hr>
          </ns3:TrackPointExtension>
        </extensions>
      </trkpt>
      <trkpt lat="33.1989658065140247344970703125" lon="103.8950954563915729522705078125">
        <ele>2262.60009765625</ele>
        <time>2026-05-20T03:03:14.000Z</time>
        <extensions>
          <ns3:TrackPointExtension>
            <ns3:hr>99</ns3:hr>
          </ns3:TrackPointExtension>
        </extensions>
      </trkpt>
      <trkpt lat="33.19896438159048557281494140625" lon="103.89511071145534515380859375">
        <ele>2262.60009765625</ele>
        <time>2026-05-20T03:03:15.000Z</time>
        <extensions>
          <ns3:TrackPointExtension>
            <ns3:hr>99</ns3:hr>
          </ns3:TrackPointExtension>
        </extensions>
      </trkpt>
      <trkpt lat="33.1989963166415691375732421875" lon="103.8951796106994152069091796875">
        <ele>2261.60009765625</ele>
        <time>2026-05-20T03:03:21.000Z</time>
        <extensions>
          <ns3:TrackPointExtension>
            <ns3:hr>103</ns3:hr>
          </ns3:TrackPointExtension>
        </extensions>
      </trkpt>
      <trkpt lat="33.1990000046789646148681640625" lon="103.89521121047437191009521484375">
        <ele>2261.39990234375</ele>
        <time>2026-05-20T03:03:23.000Z</time>
        <extensions>
          <ns3:TrackPointExtension>
            <ns3:hr>99</ns3:hr>
          </ns3:TrackPointExtension>
        </extensions>
      </trkpt>
      <trkpt lat="33.1989993341267108917236328125" lon="103.89522395096719264984130859375">
        <ele>2261.39990234375</ele>
        <time>2026-05-20T03:03:24.000Z</time>
        <extensions>
          <ns3:TrackPointExtension>
            <ns3:hr>102</ns3:hr>
          </ns3:TrackPointExtension>
        </extensions>
      </trkpt>
      <trkpt lat="33.199031688272953033447265625" lon="103.8952976278960704803466796875">
        <ele>2260.39990234375</ele>
        <time>2026-05-20T03:03:30.000Z</time>
        <extensions>
          <ns3:TrackPointExtension>
            <ns3:hr>100</ns3:hr>
          </ns3:TrackPointExtension>
        </extensions>
      </trkpt>
      <trkpt lat="33.19903336465358734130859375" lon="103.89533073641359806060791015625">
        <ele>2260.199951171875</ele>
        <time>2026-05-20T03:03:36.000Z</time>
        <extensions>
          <ns3:TrackPointExtension>
            <ns3:hr>101</ns3:hr>
          </ns3:TrackPointExtension>
        </extensions>
      </trkpt>
      <trkpt lat="33.199040405452251434326171875" lon="103.895329646766185760498046875">
        <ele>2260.199951171875</ele>
        <time>2026-05-20T03:03:43.000Z</time>
        <extensions>
          <ns3:TrackPointExtension>
            <ns3:hr>102</ns3:hr>
          </ns3:TrackPointExtension>
        </extensions>
      </trkpt>
      <trkpt lat="33.19904635660350322723388671875" lon="103.89533475972712039947509765625">
        <ele>2260</ele>
        <time>2026-05-20T03:03:49.000Z</time>
        <extensions>
          <ns3:TrackPointExtension>
            <ns3:hr>99</ns3:hr>
          </ns3:TrackPointExtension>
        </extensions>
      </trkpt>
      <trkpt lat="33.19904811680316925048828125" lon="103.89534163288772106170654296875">
        <ele>2260</ele>
        <time>2026-05-20T03:03:50.000Z</time>
        <extensions>
          <ns3:TrackPointExtension>
            <ns3:hr>102</ns3:hr>
          </ns3:TrackPointExtension>
        </extensions>
      </trkpt>
      <trkpt lat="33.19905155338346958160400390625" lon="103.8953589834272861480712890625">
        <ele>2259.800048828125</ele>
        <time>2026-05-20T03:03:52.000Z</time>
        <extensions>
          <ns3:TrackPointExtension>
            <ns3:hr>102</ns3:hr>
          </ns3:TrackPointExtension>
        </extensions>
      </trkpt>
      <trkpt lat="33.1990747712552547454833984375" lon="103.89546920545399188995361328125">
        <ele>2259</ele>
        <time>2026-05-20T03:04:01.000Z</time>
        <extensions>
          <ns3:TrackPointExtension>
            <ns3:hr>98</ns3:hr>
          </ns3:TrackPointExtension>
        </extensions>
      </trkpt>
      <trkpt lat="33.1990836560726165771484375" lon="103.89549292623996734619140625">
        <ele>2258.60009765625</ele>
        <time>2026-05-20T03:04:02.000Z</time>
        <extensions>
          <ns3:TrackPointExtension>
            <ns3:hr>101</ns3:hr>
          </ns3:TrackPointExtension>
        </extensions>
      </trkpt>
      <trkpt lat="33.19906597025692462921142578125" lon="103.8955678604543209075927734375">
        <ele>2259</ele>
        <time>2026-05-20T03:04:09.000Z</time>
        <extensions>
          <ns3:TrackPointExtension>
            <ns3:hr>101</ns3:hr>
          </ns3:TrackPointExtension>
        </extensions>
      </trkpt>
      <trkpt lat="33.1990647129714488983154296875" lon="103.895602561533451080322265625">
        <ele>2258.800048828125</ele>
        <time>2026-05-20T03:04:12.000Z</time>
        <extensions>
          <ns3:TrackPointExtension>
            <ns3:hr>104</ns3:hr>
          </ns3:TrackPointExtension>
        </extensions>
      </trkpt>
      <trkpt lat="33.1990616954863071441650390625" lon="103.8956035673618316650390625">
        <ele>2259</ele>
        <time>2026-05-20T03:04:15.000Z</time>
        <extensions>
          <ns3:TrackPointExtension>
            <ns3:hr>105</ns3:hr>
          </ns3:TrackPointExtension>
        </extensions>
      </trkpt>
      <trkpt lat="33.19906094111502170562744140625" lon="103.89560096897184848785400390625">
        <ele>2259</ele>
        <time>2026-05-20T03:04:20.000Z</time>
        <extensions>
          <ns3:TrackPointExtension>
            <ns3:hr>102</ns3:hr>
          </ns3:TrackPointExtension>
        </extensions>
      </trkpt>
      <trkpt lat="33.19905993528664112091064453125" lon="103.89559686183929443359375">
        <ele>2259</ele>
        <time>2026-05-20T03:04:22.000Z</time>
        <extensions>
          <ns3:TrackPointExtension>
            <ns3:hr>105</ns3:hr>
          </ns3:TrackPointExtension>
        </extensions>
      </trkpt>
      <trkpt lat="33.1990502960979938507080078125" lon="103.89560692012310028076171875">
        <ele>2259.199951171875</ele>
        <time>2026-05-20T03:04:26.000Z</time>
        <extensions>
          <ns3:TrackPointExtension>
            <ns3:hr>107</ns3:hr>
          </ns3:TrackPointExtension>
        </extensions>
      </trkpt>
      <trkpt lat="33.19900327362120151519775390625" lon="103.89565193094313144683837890625">
        <ele>2260.60009765625</ele>
        <time>2026-05-20T03:04:33.000Z</time>
        <extensions>
          <ns3:TrackPointExtension>
            <ns3:hr>105</ns3:hr>
          </ns3:TrackPointExtension>
        </extensions>
      </trkpt>
      <trkpt lat="33.1989979930222034454345703125" lon="103.89564153738319873809814453125">
        <ele>2260.800048828125</ele>
        <time>2026-05-20T03:04:41.000Z</time>
        <extensions>
          <ns3:TrackPointExtension>
            <ns3:hr>106</ns3:hr>
          </ns3:TrackPointExtension>
        </extensions>
      </trkpt>
      <trkpt lat="33.198995478451251983642578125" lon="103.89564254321157932281494140625">
        <ele>2261</ele>
        <time>2026-05-20T03:04:51.000Z</time>
        <extensions>
          <ns3:TrackPointExtension>
            <ns3:hr>106</ns3:hr>
          </ns3:TrackPointExtension>
        </extensions>
      </trkpt>
      <trkpt lat="33.19900377653539180755615234375" lon="103.89566467143595218658447265625">
        <ele>2260.60009765625</ele>
        <time>2026-05-20T03:05:03.000Z</time>
        <extensions>
          <ns3:TrackPointExtension>
            <ns3:hr>103</ns3:hr>
          </ns3:TrackPointExtension>
        </extensions>
      </trkpt>
      <trkpt lat="33.19900746457278728485107421875" lon="103.8956674374639987945556640625">
        <ele>2260.39990234375</ele>
        <time>2026-05-20T03:05:05.000Z</time>
        <extensions>
          <ns3:TrackPointExtension>
            <ns3:hr>106</ns3:hr>
          </ns3:TrackPointExtension>
        </extensions>
      </trkpt>
      <trkpt lat="33.19901366718113422393798828125" lon="103.8956801779568195343017578125">
        <ele>2260.199951171875</ele>
        <time>2026-05-20T03:05:16.000Z</time>
        <extensions>
          <ns3:TrackPointExtension>
            <ns3:hr>103</ns3:hr>
          </ns3:TrackPointExtension>
        </extensions>
      </trkpt>
      <trkpt lat="33.19901417009532451629638671875" lon="103.8956842012703418731689453125">
        <ele>2260.199951171875</ele>
        <time>2026-05-20T03:05:22.000Z</time>
        <extensions>
          <ns3:TrackPointExtension>
            <ns3:hr>100</ns3:hr>
          </ns3:TrackPointExtension>
        </extensions>
      </trkpt>
      <trkpt lat="33.1990026868879795074462890625" lon="103.89572233892977237701416015625">
        <ele>2260.39990234375</ele>
        <time>2026-05-20T03:05:25.000Z</time>
        <extensions>
          <ns3:TrackPointExtension>
            <ns3:hr>97</ns3:hr>
          </ns3:TrackPointExtension>
        </extensions>
      </trkpt>
      <trkpt lat="33.19900092668831348419189453125" lon="103.89574044384062290191650390625">
        <ele>2260.39990234375</ele>
        <time>2026-05-20T03:05:26.000Z</time>
        <extensions>
          <ns3:TrackPointExtension>
            <ns3:hr>98</ns3:hr>
          </ns3:TrackPointExtension>
        </extensions>
      </trkpt>
      <trkpt lat="33.1989978253841400146484375" lon="103.895823173224925994873046875">
        <ele>2260.199951171875</ele>
        <time>2026-05-20T03:05:31.000Z</time>
        <extensions>
          <ns3:TrackPointExtension>
            <ns3:hr>98</ns3:hr>
          </ns3:TrackPointExtension>
        </extensions>
      </trkpt>
      <trkpt lat="33.19899179041385650634765625" lon="103.895854689180850982666015625">
        <ele>2260.39990234375</ele>
        <time>2026-05-20T03:05:33.000Z</time>
        <extensions>
          <ns3:TrackPointExtension>
            <ns3:hr>98</ns3:hr>
          </ns3:TrackPointExtension>
        </extensions>
      </trkpt>
      <trkpt lat="33.19898776710033416748046875" lon="103.8958863727748394012451171875">
        <ele>2260.800048828125</ele>
        <time>2026-05-20T03:05:36.000Z</time>
        <extensions>
          <ns3:TrackPointExtension>
            <ns3:hr>101</ns3:hr>
          </ns3:TrackPointExtension>
        </extensions>
      </trkpt>
      <trkpt lat="33.198984079062938690185546875" lon="103.89589726924896240234375">
        <ele>2261.199951171875</ele>
        <time>2026-05-20T03:05:37.000Z</time>
        <extensions>
          <ns3:TrackPointExtension>
            <ns3:hr>101</ns3:hr>
          </ns3:TrackPointExtension>
        </extensions>
      </trkpt>
      <trkpt lat="33.1989829055964946746826171875" lon="103.89592099003493785858154296875">
        <ele>2261.39990234375</ele>
        <time>2026-05-20T03:05:39.000Z</time>
        <extensions>
          <ns3:TrackPointExtension>
            <ns3:hr>99</ns3:hr>
          </ns3:TrackPointExtension>
        </extensions>
      </trkpt>
      <trkpt lat="33.1989855878055095672607421875" lon="103.89594613574445247650146484375">
        <ele>2261.60009765625</ele>
        <time>2026-05-20T03:05:41.000Z</time>
        <extensions>
          <ns3:TrackPointExtension>
            <ns3:hr>100</ns3:hr>
          </ns3:TrackPointExtension>
        </extensions>
      </trkpt>
      <trkpt lat="33.19898382760584354400634765625" lon="103.8959866203367710113525390625">
        <ele>2261.60009765625</ele>
        <time>2026-05-20T03:05:45.000Z</time>
        <extensions>
          <ns3:TrackPointExtension>
            <ns3:hr>99</ns3:hr>
          </ns3:TrackPointExtension>
        </extensions>
      </trkpt>
      <trkpt lat="33.1989869289100170135498046875" lon="103.895987458527088165283203125">
        <ele>2261.39990234375</ele>
        <time>2026-05-20T03:05:47.000Z</time>
        <extensions>
          <ns3:TrackPointExtension>
            <ns3:hr>99</ns3:hr>
          </ns3:TrackPointExtension>
        </extensions>
      </trkpt>
      <trkpt lat="33.19899220950901508331298828125" lon="103.89598972164094448089599609375">
        <ele>2261.199951171875</ele>
        <time>2026-05-20T03:05:53.000Z</time>
        <extensions>
          <ns3:TrackPointExtension>
            <ns3:hr>95</ns3:hr>
          </ns3:TrackPointExtension>
        </extensions>
      </trkpt>
      <trkpt lat="33.1989922933280467987060546875" lon="103.89598486013710498809814453125">
        <ele>2261.199951171875</ele>
        <time>2026-05-20T03:05:54.000Z</time>
        <extensions>
          <ns3:TrackPointExtension>
            <ns3:hr>93</ns3:hr>
          </ns3:TrackPointExtension>
        </extensions>
      </trkpt>
      <trkpt lat="33.19899170659482479095458984375" lon="103.89597999863326549530029296875">
        <ele>2261.199951171875</ele>
        <time>2026-05-20T03:06:02.000Z</time>
        <extensions>
          <ns3:TrackPointExtension>
            <ns3:hr>90</ns3:hr>
          </ns3:TrackPointExtension>
        </extensions>
      </trkpt>
      <trkpt lat="33.19899170659482479095458984375" lon="103.89597999863326549530029296875">
        <ele>2261.199951171875</ele>
        <time>2026-05-20T03:06:06.000Z</time>
        <extensions>
          <ns3:TrackPointExtension>
            <ns3:hr>93</ns3:hr>
          </ns3:TrackPointExtension>
        </extensions>
      </trkpt>
      <trkpt lat="33.19899841211736202239990234375" lon="103.89600120484828948974609375">
        <ele>2261</ele>
        <time>2026-05-20T03:06:21.000Z</time>
        <extensions>
          <ns3:TrackPointExtension>
            <ns3:hr>90</ns3:hr>
          </ns3:TrackPointExtension>
        </extensions>
      </trkpt>
      <trkpt lat="33.1990000046789646148681640625" lon="103.89600120484828948974609375">
        <ele>2260.800048828125</ele>
        <time>2026-05-20T03:06:27.000Z</time>
        <extensions>
          <ns3:TrackPointExtension>
            <ns3:hr>95</ns3:hr>
          </ns3:TrackPointExtension>
        </extensions>
      </trkpt>
      <trkpt lat="33.199000172317028045654296875" lon="103.89600120484828948974609375">
        <ele>2260.800048828125</ele>
        <time>2026-05-20T03:06:28.000Z</time>
        <extensions>
          <ns3:TrackPointExtension>
            <ns3:hr>90</ns3:hr>
          </ns3:TrackPointExtension>
        </extensions>
      </trkpt>
      <trkpt lat="33.1990010105073451995849609375" lon="103.89600162394344806671142578125">
        <ele>2260.800048828125</ele>
        <time>2026-05-20T03:06:31.000Z</time>
        <extensions>
          <ns3:TrackPointExtension>
            <ns3:hr>93</ns3:hr>
          </ns3:TrackPointExtension>
        </extensions>
      </trkpt>
      <trkpt lat="33.1989825703203678131103515625" lon="103.8960553519427776336669921875">
        <ele>2261.800048828125</ele>
        <time>2026-05-20T03:06:36.000Z</time>
        <extensions>
          <ns3:TrackPointExtension>
            <ns3:hr>92</ns3:hr>
          </ns3:TrackPointExtension>
        </extensions>
      </trkpt>
      <trkpt lat="33.1989741884171962738037109375" lon="103.89611058868467807769775390625">
        <ele>2262</ele>
        <time>2026-05-20T03:06:39.000Z</time>
        <extensions>
          <ns3:TrackPointExtension>
            <ns3:hr>93</ns3:hr>
          </ns3:TrackPointExtension>
        </extensions>
      </trkpt>
      <trkpt lat="33.19896957837045192718505859375" lon="103.89615434221923351287841796875">
        <ele>2262.199951171875</ele>
        <time>2026-05-20T03:06:41.000Z</time>
        <extensions>
          <ns3:TrackPointExtension>
            <ns3:hr>94</ns3:hr>
          </ns3:TrackPointExtension>
        </extensions>
      </trkpt>
      <trkpt lat="33.1989634595811367034912109375" lon="103.89616775326430797576904296875">
        <ele>2262.39990234375</ele>
        <time>2026-05-20T03:06:42.000Z</time>
        <extensions>
          <ns3:TrackPointExtension>
            <ns3:hr>94</ns3:hr>
          </ns3:TrackPointExtension>
        </extensions>
      </trkpt>
      <trkpt lat="33.19895700551569461822509765625" lon="103.8961861096322536468505859375">
        <ele>2262.60009765625</ele>
        <time>2026-05-20T03:06:44.000Z</time>
        <extensions>
          <ns3:TrackPointExtension>
            <ns3:hr>95</ns3:hr>
          </ns3:TrackPointExtension>
        </extensions>
      </trkpt>
      <trkpt lat="33.198959268629550933837890625" lon="103.89619105495512485504150390625">
        <ele>2262.39990234375</ele>
        <time>2026-05-20T03:06:46.000Z</time>
        <extensions>
          <ns3:TrackPointExtension>
            <ns3:hr>95</ns3:hr>
          </ns3:TrackPointExtension>
        </extensions>
      </trkpt>
      <trkpt lat="33.19892414845526218414306640625" lon="103.896216116845607757568359375">
        <ele>2263.800048828125</ele>
        <time>2026-05-20T03:06:52.000Z</time>
        <extensions>
          <ns3:TrackPointExtension>
            <ns3:hr>95</ns3:hr>
          </ns3:TrackPointExtension>
        </extensions>
      </trkpt>
      <trkpt lat="33.19891040213406085968017578125" lon="103.8962672464549541473388671875">
        <ele>2263.800048828125</ele>
        <time>2026-05-20T03:06:56.000Z</time>
        <extensions>
          <ns3:TrackPointExtension>
            <ns3:hr>97</ns3:hr>
          </ns3:TrackPointExtension>
        </extensions>
      </trkpt>
      <trkpt lat="33.198910653591156005859375" lon="103.89627520926296710968017578125">
        <ele>2263.60009765625</ele>
        <time>2026-05-20T03:06:57.000Z</time>
        <extensions>
          <ns3:TrackPointExtension>
            <ns3:hr>98</ns3:hr>
          </ns3:TrackPointExtension>
        </extensions>
      </trkpt>
      <trkpt lat="33.198893554508686065673828125" lon="103.8962990976870059967041015625">
        <ele>2264</ele>
        <time>2026-05-20T03:07:00.000Z</time>
        <extensions>
          <ns3:TrackPointExtension>
            <ns3:hr>95</ns3:hr>
          </ns3:TrackPointExtension>
        </extensions>
      </trkpt>
      <trkpt lat="33.19886933080852031707763671875" lon="103.89637076295912265777587890625">
        <ele>2263.199951171875</ele>
        <time>2026-05-20T03:07:05.000Z</time>
        <extensions>
          <ns3:TrackPointExtension>
            <ns3:hr>95</ns3:hr>
          </ns3:TrackPointExtension>
        </extensions>
      </trkpt>
      <trkpt lat="33.1988350488245487213134765625" lon="103.89640278182923793792724609375">
        <ele>2263.39990234375</ele>
        <time>2026-05-20T03:07:09.000Z</time>
        <extensions>
          <ns3:TrackPointExtension>
            <ns3:hr>95</ns3:hr>
          </ns3:TrackPointExtension>
        </extensions>
      </trkpt>
      <trkpt lat="33.19882809184491634368896484375" lon="103.896407224237918853759765625">
        <ele>2263.60009765625</ele>
        <time>2026-05-20T03:07:12.000Z</time>
        <extensions>
          <ns3:TrackPointExtension>
            <ns3:hr>98</ns3:hr>
          </ns3:TrackPointExtension>
        </extensions>
      </trkpt>
      <trkpt lat="33.19881317205727100372314453125" lon="103.896416611969470977783203125">
        <ele>2263.800048828125</ele>
        <time>2026-05-20T03:07:14.000Z</time>
        <extensions>
          <ns3:TrackPointExtension>
            <ns3:hr>96</ns3:hr>
          </ns3:TrackPointExtension>
        </extensions>
      </trkpt>
      <trkpt lat="33.19880026392638683319091796875" lon="103.89642859809100627899169921875">
        <ele>2264</ele>
        <time>2026-05-20T03:07:18.000Z</time>
        <extensions>
          <ns3:TrackPointExtension>
            <ns3:hr>95</ns3:hr>
          </ns3:TrackPointExtension>
        </extensions>
      </trkpt>
      <trkpt lat="33.19877964444458484649658203125" lon="103.89638953842222690582275390625">
        <ele>2266.199951171875</ele>
        <time>2026-05-20T03:07:26.000Z</time>
        <extensions>
          <ns3:TrackPointExtension>
            <ns3:hr>94</ns3:hr>
          </ns3:TrackPointExtension>
        </extensions>
      </trkpt>
      <trkpt lat="33.19877914153039455413818359375" lon="103.89642097055912017822265625">
        <ele>2265.39990234375</ele>
        <time>2026-05-20T03:07:31.000Z</time>
        <extensions>
          <ns3:TrackPointExtension>
            <ns3:hr>95</ns3:hr>
          </ns3:TrackPointExtension>
        </extensions>
      </trkpt>
      <trkpt lat="33.19876975379884243011474609375" lon="103.89644184149801731109619140625">
        <ele>2265.39990234375</ele>
        <time>2026-05-20T03:07:36.000Z</time>
        <extensions>
          <ns3:TrackPointExtension>
            <ns3:hr>92</ns3:hr>
          </ns3:TrackPointExtension>
        </extensions>
      </trkpt>
      <trkpt lat="33.1987653113901615142822265625" lon="103.89645039103925228118896484375">
        <ele>2265.60009765625</ele>
        <time>2026-05-20T03:07:38.000Z</time>
        <extensions>
          <ns3:TrackPointExtension>
            <ns3:hr>95</ns3:hr>
          </ns3:TrackPointExtension>
        </extensions>
      </trkpt>
      <trkpt lat="33.19872432388365268707275390625" lon="103.89647486619651317596435546875">
        <ele>2267.199951171875</ele>
        <time>2026-05-20T03:07:43.000Z</time>
        <extensions>
          <ns3:TrackPointExtension>
            <ns3:hr>95</ns3:hr>
          </ns3:TrackPointExtension>
        </extensions>
      </trkpt>
      <trkpt lat="33.19875449873507022857666015625" lon="103.89651593752205371856689453125">
        <ele>2264.39990234375</ele>
        <time>2026-05-20T03:07:47.000Z</time>
        <extensions>
          <ns3:TrackPointExtension>
            <ns3:hr>98</ns3:hr>
          </ns3:TrackPointExtension>
        </extensions>
      </trkpt>
      <trkpt lat="33.198769502341747283935546875" lon="103.89652767218649387359619140625">
        <ele>2263.39990234375</ele>
        <time>2026-05-20T03:07:50.000Z</time>
        <extensions>
          <ns3:TrackPointExtension>
            <ns3:hr>98</ns3:hr>
          </ns3:TrackPointExtension>
        </extensions>
      </trkpt>
      <trkpt lat="33.19876556284725666046142578125" lon="103.89652557671070098876953125">
        <ele>2263.60009765625</ele>
        <time>2026-05-20T03:07:56.000Z</time>
        <extensions>
          <ns3:TrackPointExtension>
            <ns3:hr>101</ns3:hr>
          </ns3:TrackPointExtension>
        </extensions>
      </trkpt>
      <trkpt lat="33.19876573048532009124755859375" lon="103.896525241434574127197265625">
        <ele>2263.60009765625</ele>
        <time>2026-05-20T03:08:03.000Z</time>
        <extensions>
          <ns3:TrackPointExtension>
            <ns3:hr>104</ns3:hr>
          </ns3:TrackPointExtension>
        </extensions>
      </trkpt>
      <trkpt lat="33.19876573048532009124755859375" lon="103.896525241434574127197265625">
        <ele>2263.60009765625</ele>
        <time>2026-05-20T03:08:08.000Z</time>
        <extensions>
          <ns3:TrackPointExtension>
            <ns3:hr>101</ns3:hr>
          </ns3:TrackPointExtension>
        </extensions>
      </trkpt>
      <trkpt lat="33.1987689994275569915771484375" lon="103.8965270854532718658447265625">
        <ele>2263.39990234375</ele>
        <time>2026-05-20T03:08:16.000Z</time>
        <extensions>
          <ns3:TrackPointExtension>
            <ns3:hr>105</ns3:hr>
          </ns3:TrackPointExtension>
        </extensions>
      </trkpt>
      <trkpt lat="33.19872901774942874908447265625" lon="103.89656715095043182373046875">
        <ele>2264.60009765625</ele>
        <time>2026-05-20T03:08:33.000Z</time>
        <extensions>
          <ns3:TrackPointExtension>
            <ns3:hr>105</ns3:hr>
          </ns3:TrackPointExtension>
        </extensions>
      </trkpt>
      <trkpt lat="33.1986920535564422607421875" lon="103.8966055400669574737548828125">
        <ele>2265.800048828125</ele>
        <time>2026-05-20T03:08:37.000Z</time>
        <extensions>
          <ns3:TrackPointExtension>
            <ns3:hr>104</ns3:hr>
          </ns3:TrackPointExtension>
        </extensions>
      </trkpt>
      <trkpt lat="33.19871359504759311676025390625" lon="103.8966702483594417572021484375">
        <ele>2263</ele>
        <time>2026-05-20T03:08:42.000Z</time>
        <extensions>
          <ns3:TrackPointExtension>
            <ns3:hr>104</ns3:hr>
          </ns3:TrackPointExtension>
        </extensions>
      </trkpt>
      <trkpt lat="33.19873035885393619537353515625" lon="103.8966816477477550506591796875">
        <ele>2261.800048828125</ele>
        <time>2026-05-20T03:08:45.000Z</time>
        <extensions>
          <ns3:TrackPointExtension>
            <ns3:hr>107</ns3:hr>
          </ns3:TrackPointExtension>
        </extensions>
      </trkpt>
      <trkpt lat="33.1987197138369083404541015625" lon="103.89668642543256282806396484375">
        <ele>2262.199951171875</ele>
        <time>2026-05-20T03:08:46.000Z</time>
        <extensions>
          <ns3:TrackPointExtension>
            <ns3:hr>104</ns3:hr>
          </ns3:TrackPointExtension>
        </extensions>
      </trkpt>
      <trkpt lat="33.19870705716311931610107421875" lon="103.8966883532702922821044921875">
        <ele>2263.199951171875</ele>
        <time>2026-05-20T03:08:47.000Z</time>
        <extensions>
          <ns3:TrackPointExtension>
            <ns3:hr>104</ns3:hr>
          </ns3:TrackPointExtension>
        </extensions>
      </trkpt>
      <trkpt lat="33.19867839105427265167236328125" lon="103.8967282511293888092041015625">
        <ele>2265.60009765625</ele>
        <time>2026-05-20T03:08:54.000Z</time>
        <extensions>
          <ns3:TrackPointExtension>
            <ns3:hr>104</ns3:hr>
          </ns3:TrackPointExtension>
        </extensions>
      </trkpt>
      <trkpt lat="33.19869180209934711456298828125" lon="103.89672732912003993988037109375">
        <ele>2264.39990234375</ele>
        <time>2026-05-20T03:08:59.000Z</time>
        <extensions>
          <ns3:TrackPointExtension>
            <ns3:hr>104</ns3:hr>
          </ns3:TrackPointExtension>
        </extensions>
      </trkpt>
      <trkpt lat="33.198703788220882415771484375" lon="103.89670469798147678375244140625">
        <ele>2263.39990234375</ele>
        <time>2026-05-20T03:09:06.000Z</time>
        <extensions>
          <ns3:TrackPointExtension>
            <ns3:hr>102</ns3:hr>
          </ns3:TrackPointExtension>
        </extensions>
      </trkpt>
      <trkpt lat="33.19869867525994777679443359375" lon="103.89675415121018886566162109375">
        <ele>2263.800048828125</ele>
        <time>2026-05-20T03:09:11.000Z</time>
        <extensions>
          <ns3:TrackPointExtension>
            <ns3:hr>101</ns3:hr>
          </ns3:TrackPointExtension>
        </extensions>
      </trkpt>
      <trkpt lat="33.198706470429897308349609375" lon="103.8967748545110225677490234375">
        <ele>2263.199951171875</ele>
        <time>2026-05-20T03:09:14.000Z</time>
        <extensions>
          <ns3:TrackPointExtension>
            <ns3:hr>104</ns3:hr>
          </ns3:TrackPointExtension>
        </extensions>
      </trkpt>
      <trkpt lat="33.19870747625827789306640625" lon="103.8967758603394031524658203125">
        <ele>2263</ele>
        <time>2026-05-20T03:09:15.000Z</time>
        <extensions>
          <ns3:TrackPointExtension>
            <ns3:hr>103</ns3:hr>
          </ns3:TrackPointExtension>
        </extensions>
      </trkpt>
      <trkpt lat="33.198723904788494110107421875" lon="103.8967886008322238922119140625">
        <ele>2261.800048828125</ele>
        <time>2026-05-20T03:09:18.000Z</time>
        <extensions>
          <ns3:TrackPointExtension>
            <ns3:hr>100</ns3:hr>
          </ns3:TrackPointExtension>
        </extensions>
      </trkpt>
      <trkpt lat="33.19872767664492130279541015625" lon="103.89679589308798313140869140625">
        <ele>2261.60009765625</ele>
        <time>2026-05-20T03:09:21.000Z</time>
        <extensions>
          <ns3:TrackPointExtension>
            <ns3:hr>104</ns3:hr>
          </ns3:TrackPointExtension>
        </extensions>
      </trkpt>
      <trkpt lat="33.1987284310162067413330078125" lon="103.89679513871669769287109375">
        <ele>2261.60009765625</ele>
        <time>2026-05-20T03:09:22.000Z</time>
        <extensions>
          <ns3:TrackPointExtension>
            <ns3:hr>102</ns3:hr>
          </ns3:TrackPointExtension>
        </extensions>
      </trkpt>
      <trkpt lat="33.1987103261053562164306640625" lon="103.8968063704669475555419921875">
        <ele>2263.199951171875</ele>
        <time>2026-05-20T03:09:29.000Z</time>
        <extensions>
          <ns3:TrackPointExtension>
            <ns3:hr>103</ns3:hr>
          </ns3:TrackPointExtension>
        </extensions>
      </trkpt>
      <trkpt lat="33.19870001636445522308349609375" lon="103.8968105614185333251953125">
        <ele>2264</ele>
        <time>2026-05-20T03:09:40.000Z</time>
        <extensions>
          <ns3:TrackPointExtension>
            <ns3:hr>103</ns3:hr>
          </ns3:TrackPointExtension>
        </extensions>
      </trkpt>
      <trkpt lat="33.198695071041584014892578125" lon="103.896814920008182525634765625">
        <ele>2264.60009765625</ele>
        <time>2026-05-20T03:09:41.000Z</time>
        <extensions>
          <ns3:TrackPointExtension>
            <ns3:hr>102</ns3:hr>
          </ns3:TrackPointExtension>
        </extensions>
      </trkpt>
      <trkpt lat="33.1987227313220500946044921875" lon="103.89686244539916515350341796875">
        <ele>2262.800048828125</ele>
        <time>2026-05-20T03:09:46.000Z</time>
        <extensions>
          <ns3:TrackPointExtension>
            <ns3:hr>100</ns3:hr>
          </ns3:TrackPointExtension>
        </extensions>
      </trkpt>
      <trkpt lat="33.1987676583230495452880859375" lon="103.896908126771450042724609375">
        <ele>2259.60009765625</ele>
        <time>2026-05-20T03:09:53.000Z</time>
        <extensions>
          <ns3:TrackPointExtension>
            <ns3:hr>97</ns3:hr>
          </ns3:TrackPointExtension>
        </extensions>
      </trkpt>
      <trkpt lat="33.19878383539617061614990234375" lon="103.896908126771450042724609375">
        <ele>2258.199951171875</ele>
        <time>2026-05-20T03:09:54.000Z</time>
        <extensions>
          <ns3:TrackPointExtension>
            <ns3:hr>98</ns3:hr>
          </ns3:TrackPointExtension>
        </extensions>
      </trkpt>
      <trkpt lat="33.19882683455944061279296875" lon="103.89692790806293487548828125">
        <ele>2256</ele>
        <time>2026-05-20T03:09:59.000Z</time>
        <extensions>
          <ns3:TrackPointExtension>
            <ns3:hr>98</ns3:hr>
          </ns3:TrackPointExtension>
        </extensions>
      </trkpt>
      <trkpt lat="33.198833204805850982666015625" lon="103.896994628012180328369140625">
        <ele>2256.39990234375</ele>
        <time>2026-05-20T03:10:03.000Z</time>
        <extensions>
          <ns3:TrackPointExtension>
            <ns3:hr>97</ns3:hr>
          </ns3:TrackPointExtension>
        </extensions>
      </trkpt>
      <trkpt lat="33.19883085787296295166015625" lon="103.89700795523822307586669921875">
        <ele>2256.60009765625</ele>
        <time>2026-05-20T03:10:05.000Z</time>
        <extensions>
          <ns3:TrackPointExtension>
            <ns3:hr>96</ns3:hr>
          </ns3:TrackPointExtension>
        </extensions>
      </trkpt>
      <trkpt lat="33.1988441012799739837646484375" lon="103.89706327579915523529052734375">
        <ele>2256.800048828125</ele>
        <time>2026-05-20T03:10:10.000Z</time>
        <extensions>
          <ns3:TrackPointExtension>
            <ns3:hr>98</ns3:hr>
          </ns3:TrackPointExtension>
        </extensions>
      </trkpt>
      <trkpt lat="33.198870755732059478759765625" lon="103.89708288945257663726806640625">
        <ele>2256</ele>
        <time>2026-05-20T03:10:12.000Z</time>
        <extensions>
          <ns3:TrackPointExtension>
            <ns3:hr>99</ns3:hr>
          </ns3:TrackPointExtension>
        </extensions>
      </trkpt>
      <trkpt lat="33.19890168495476245880126953125" lon="103.8970953784883022308349609375">
        <ele>2255.199951171875</ele>
        <time>2026-05-20T03:10:15.000Z</time>
        <extensions>
          <ns3:TrackPointExtension>
            <ns3:hr>95</ns3:hr>
          </ns3:TrackPointExtension>
        </extensions>
      </trkpt>
      <trkpt lat="33.19890688173472881317138671875" lon="103.89710686169564723968505859375">
        <ele>2255</ele>
        <time>2026-05-20T03:10:16.000Z</time>
        <extensions>
          <ns3:TrackPointExtension>
            <ns3:hr>99</ns3:hr>
          </ns3:TrackPointExtension>
        </extensions>
      </trkpt>
      <trkpt lat="33.19894627667963504791259765625" lon="103.89717525802552700042724609375">
        <ele>2254.199951171875</ele>
        <time>2026-05-20T03:10:23.000Z</time>
        <extensions>
          <ns3:TrackPointExtension>
            <ns3:hr>100</ns3:hr>
          </ns3:TrackPointExtension>
        </extensions>
      </trkpt>
      <trkpt lat="33.1989835761487483978271484375" lon="103.89727416448295116424560546875">
        <ele>2253.39990234375</ele>
        <time>2026-05-20T03:10:30.000Z</time>
        <extensions>
          <ns3:TrackPointExtension>
            <ns3:hr>102</ns3:hr>
          </ns3:TrackPointExtension>
        </extensions>
      </trkpt>
      <trkpt lat="33.19899137131869792938232421875" lon="103.89731741510331630706787109375">
        <ele>2253</ele>
        <time>2026-05-20T03:10:33.000Z</time>
        <extensions>
          <ns3:TrackPointExtension>
            <ns3:hr>102</ns3:hr>
          </ns3:TrackPointExtension>
        </extensions>
      </trkpt>
      <trkpt lat="33.19898902438580989837646484375" lon="103.89732420444488525390625">
        <ele>2253</ele>
        <time>2026-05-20T03:10:35.000Z</time>
        <extensions>
          <ns3:TrackPointExtension>
            <ns3:hr>99</ns3:hr>
          </ns3:TrackPointExtension>
        </extensions>
      </trkpt>
      <trkpt lat="33.199000172317028045654296875" lon="103.89731775037944316864013671875">
        <ele>2252.800048828125</ele>
        <time>2026-05-20T03:10:36.000Z</time>
        <extensions>
          <ns3:TrackPointExtension>
            <ns3:hr>102</ns3:hr>
          </ns3:TrackPointExtension>
        </extensions>
      </trkpt>
      <trkpt lat="33.1990073807537555694580078125" lon="103.89728254638612270355224609375">
        <ele>2252.800048828125</ele>
        <time>2026-05-20T03:10:42.000Z</time>
        <extensions>
          <ns3:TrackPointExtension>
            <ns3:hr>103</ns3:hr>
          </ns3:TrackPointExtension>
        </extensions>
      </trkpt>
      <trkpt lat="33.199006207287311553955078125" lon="103.897282965481281280517578125">
        <ele>2252.800048828125</ele>
        <time>2026-05-20T03:10:54.000Z</time>
        <extensions>
          <ns3:TrackPointExtension>
            <ns3:hr>103</ns3:hr>
          </ns3:TrackPointExtension>
        </extensions>
      </trkpt>
      <trkpt lat="33.19901735521852970123291015625" lon="103.89736435376107692718505859375">
        <ele>2252.39990234375</ele>
        <time>2026-05-20T03:11:02.000Z</time>
        <extensions>
          <ns3:TrackPointExtension>
            <ns3:hr>102</ns3:hr>
          </ns3:TrackPointExtension>
        </extensions>
      </trkpt>
      <trkpt lat="33.19905356504023075103759765625" lon="103.89748304150998592376708984375">
        <ele>2251</ele>
        <time>2026-05-20T03:11:09.000Z</time>
        <extensions>
          <ns3:TrackPointExtension>
            <ns3:hr>100</ns3:hr>
          </ns3:TrackPointExtension>
        </extensions>
      </trkpt>
      <trkpt lat="33.1990621984004974365234375" lon="103.8975091092288494110107421875">
        <ele>2250.800048828125</ele>
        <time>2026-05-20T03:11:11.000Z</time>
        <extensions>
          <ns3:TrackPointExtension>
            <ns3:hr>99</ns3:hr>
          </ns3:TrackPointExtension>
        </extensions>
      </trkpt>
      <trkpt lat="33.19907267577946186065673828125" lon="103.89757566154003143310546875">
        <ele>2250.39990234375</ele>
        <time>2026-05-20T03:11:15.000Z</time>
        <extensions>
          <ns3:TrackPointExtension>
            <ns3:hr>97</ns3:hr>
          </ns3:TrackPointExtension>
        </extensions>
      </trkpt>
      <trkpt lat="33.19910041987895965576171875" lon="103.89760558493435382843017578125">
        <ele>2249.800048828125</ele>
        <time>2026-05-20T03:11:18.000Z</time>
        <extensions>
          <ns3:TrackPointExtension>
            <ns3:hr>101</ns3:hr>
          </ns3:TrackPointExtension>
        </extensions>
      </trkpt>
      <trkpt lat="33.19911860860884189605712890625" lon="103.89763592742383480072021484375">
        <ele>2249.60009765625</ele>
        <time>2026-05-20T03:11:21.000Z</time>
        <extensions>
          <ns3:TrackPointExtension>
            <ns3:hr>99</ns3:hr>
          </ns3:TrackPointExtension>
        </extensions>
      </trkpt>
      <trkpt lat="33.19912447594106197357177734375" lon="103.89764799736440181732177734375">
        <ele>2249.60009765625</ele>
        <time>2026-05-20T03:11:22.000Z</time>
        <extensions>
          <ns3:TrackPointExtension>
            <ns3:hr>99</ns3:hr>
          </ns3:TrackPointExtension>
        </extensions>
      </trkpt>
      <trkpt lat="33.19913805462419986724853515625" lon="103.8976945169270038604736328125">
        <ele>2249.800048828125</ele>
        <time>2026-05-20T03:11:25.000Z</time>
        <extensions>
          <ns3:TrackPointExtension>
            <ns3:hr>102</ns3:hr>
          </ns3:TrackPointExtension>
        </extensions>
      </trkpt>
      <trkpt lat="33.199145011603832244873046875" lon="103.897724188864231109619140625">
        <ele>2250</ele>
        <time>2026-05-20T03:11:27.000Z</time>
        <extensions>
          <ns3:TrackPointExtension>
            <ns3:hr>99</ns3:hr>
          </ns3:TrackPointExtension>
        </extensions>
      </trkpt>
      <trkpt lat="33.1991233862936496734619140625" lon="103.897750340402126312255859375">
        <ele>2251</ele>
        <time>2026-05-20T03:11:33.000Z</time>
        <extensions>
          <ns3:TrackPointExtension>
            <ns3:hr>102</ns3:hr>
          </ns3:TrackPointExtension>
        </extensions>
      </trkpt>
      <trkpt lat="33.19912631995975971221923828125" lon="103.8977394439280033111572265625">
        <ele>2250.800048828125</ele>
        <time>2026-05-20T03:11:38.000Z</time>
        <extensions>
          <ns3:TrackPointExtension>
            <ns3:hr>103</ns3:hr>
          </ns3:TrackPointExtension>
        </extensions>
      </trkpt>
      <trkpt lat="33.1990747712552547454833984375" lon="103.8977206684648990631103515625">
        <ele>2252</ele>
        <time>2026-05-20T03:11:45.000Z</time>
        <extensions>
          <ns3:TrackPointExtension>
            <ns3:hr>103</ns3:hr>
          </ns3:TrackPointExtension>
        </extensions>
      </trkpt>
      <trkpt lat="33.19906479679048061370849609375" lon="103.897718153893947601318359375">
        <ele>2252.39990234375</ele>
        <time>2026-05-20T03:11:50.000Z</time>
        <extensions>
          <ns3:TrackPointExtension>
            <ns3:hr>101</ns3:hr>
          </ns3:TrackPointExtension>
        </extensions>
      </trkpt>
      <trkpt lat="33.19906613789498805999755859375" lon="103.8977159745991230010986328125">
        <ele>2252.39990234375</ele>
        <time>2026-05-20T03:11:57.000Z</time>
        <extensions>
          <ns3:TrackPointExtension>
            <ns3:hr>102</ns3:hr>
          </ns3:TrackPointExtension>
        </extensions>
      </trkpt>
      <trkpt lat="33.1990600191056728363037109375" lon="103.89772192575037479400634765625">
        <ele>2252.60009765625</ele>
        <time>2026-05-20T03:12:01.000Z</time>
        <extensions>
          <ns3:TrackPointExtension>
            <ns3:hr>105</ns3:hr>
          </ns3:TrackPointExtension>
        </extensions>
      </trkpt>
      <trkpt lat="33.19905859418213367462158203125" lon="103.89772494323551654815673828125">
        <ele>2252.800048828125</ele>
        <time>2026-05-20T03:12:03.000Z</time>
        <extensions>
          <ns3:TrackPointExtension>
            <ns3:hr>102</ns3:hr>
          </ns3:TrackPointExtension>
        </extensions>
      </trkpt>
      <trkpt lat="33.19905892945826053619384765625" lon="103.897726200520992279052734375">
        <ele>2252.800048828125</ele>
        <time>2026-05-20T03:12:04.000Z</time>
        <extensions>
          <ns3:TrackPointExtension>
            <ns3:hr>102</ns3:hr>
          </ns3:TrackPointExtension>
        </extensions>
      </trkpt>
      <trkpt lat="33.19907686673104763031005859375" lon="103.897782862186431884765625">
        <ele>2252.800048828125</ele>
        <time>2026-05-20T03:12:11.000Z</time>
        <extensions>
          <ns3:TrackPointExtension>
            <ns3:hr>102</ns3:hr>
          </ns3:TrackPointExtension>
        </extensions>
      </trkpt>
      <trkpt lat="33.1991022638976573944091796875" lon="103.8978376798331737518310546875">
        <ele>2252.800048828125</ele>
        <time>2026-05-20T03:12:16.000Z</time>
        <extensions>
          <ns3:TrackPointExtension>
            <ns3:hr>103</ns3:hr>
          </ns3:TrackPointExtension>
        </extensions>
      </trkpt>
      <trkpt lat="33.19914878346025943756103515625" lon="103.897878415882587432861328125">
        <ele>2252.199951171875</ele>
        <time>2026-05-20T03:12:21.000Z</time>
        <extensions>
          <ns3:TrackPointExtension>
            <ns3:hr>100</ns3:hr>
          </ns3:TrackPointExtension>
        </extensions>
      </trkpt>
      <trkpt lat="33.19914543069899082183837890625" lon="103.89788151718676090240478515625">
        <ele>2252.39990234375</ele>
        <time>2026-05-20T03:12:22.000Z</time>
        <extensions>
          <ns3:TrackPointExtension>
            <ns3:hr>99</ns3:hr>
          </ns3:TrackPointExtension>
        </extensions>
      </trkpt>
      <trkpt lat="33.19914400577545166015625" lon="103.8978832773864269256591796875">
        <ele>2252.39990234375</ele>
        <time>2026-05-20T03:12:23.000Z</time>
        <extensions>
          <ns3:TrackPointExtension>
            <ns3:hr>102</ns3:hr>
          </ns3:TrackPointExtension>
        </extensions>
      </trkpt>
      <trkpt lat="33.19913520477712154388427734375" lon="103.897887133061885833740234375">
        <ele>2252.60009765625</ele>
        <time>2026-05-20T03:12:29.000Z</time>
        <extensions>
          <ns3:TrackPointExtension>
            <ns3:hr>103</ns3:hr>
          </ns3:TrackPointExtension>
        </extensions>
      </trkpt>
      <trkpt lat="33.19913201965391635894775390625" lon="103.897888474166393280029296875">
        <ele>2252.800048828125</ele>
        <time>2026-05-20T03:12:34.000Z</time>
        <extensions>
          <ns3:TrackPointExtension>
            <ns3:hr>99</ns3:hr>
          </ns3:TrackPointExtension>
        </extensions>
      </trkpt>
      <trkpt lat="33.1991507112979888916015625" lon="103.89792510308325290679931640625">
        <ele>2252.60009765625</ele>
        <time>2026-05-20T03:12:37.000Z</time>
        <extensions>
          <ns3:TrackPointExtension>
            <ns3:hr>101</ns3:hr>
          </ns3:TrackPointExtension>
        </extensions>
      </trkpt>
      <trkpt lat="33.1991636194288730621337890625" lon="103.8979603908956050872802734375">
        <ele>2252.39990234375</ele>
        <time>2026-05-20T03:12:41.000Z</time>
        <extensions>
          <ns3:TrackPointExtension>
            <ns3:hr>102</ns3:hr>
          </ns3:TrackPointExtension>
        </extensions>
      </trkpt>
      <trkpt lat="33.1991787068545818328857421875" lon="103.897995762526988983154296875">
        <ele>2252.39990234375</ele>
        <time>2026-05-20T03:12:44.000Z</time>
        <extensions>
          <ns3:TrackPointExtension>
            <ns3:hr>100</ns3:hr>
          </ns3:TrackPointExtension>
        </extensions>
      </trkpt>
      <trkpt lat="33.1992244720458984375" lon="103.89807212166488170623779296875">
        <ele>2251.800048828125</ele>
        <time>2026-05-20T03:12:51.000Z</time>
        <extensions>
          <ns3:TrackPointExtension>
            <ns3:hr>98</ns3:hr>
          </ns3:TrackPointExtension>
        </extensions>
      </trkpt>
      <trkpt lat="33.199240230023860931396484375" lon="103.8980911485850811004638671875">
        <ele>2251.60009765625</ele>
        <time>2026-05-20T03:12:54.000Z</time>
        <extensions>
          <ns3:TrackPointExtension>
            <ns3:hr>95</ns3:hr>
          </ns3:TrackPointExtension>
        </extensions>
      </trkpt>
      <trkpt lat="33.19925674237310886383056640625" lon="103.89808653853833675384521484375">
        <ele>2251</ele>
        <time>2026-05-20T03:12:56.000Z</time>
        <extensions>
          <ns3:TrackPointExtension>
            <ns3:hr>93</ns3:hr>
          </ns3:TrackPointExtension>
        </extensions>
      </trkpt>
      <trkpt lat="33.199291862547397613525390625" lon="103.89807295985519886016845703125">
        <ele>2250</ele>
        <time>2026-05-20T03:12:59.000Z</time>
        <extensions>
          <ns3:TrackPointExtension>
            <ns3:hr>91</ns3:hr>
          </ns3:TrackPointExtension>
        </extensions>
      </trkpt>
      <trkpt lat="33.1993265636265277862548828125" lon="103.89804798178374767303466796875">
        <ele>2249</ele>
        <time>2026-05-20T03:13:03.000Z</time>
        <extensions>
          <ns3:TrackPointExtension>
            <ns3:hr>91</ns3:hr>
          </ns3:TrackPointExtension>
        </extensions>
      </trkpt>
      <trkpt lat="33.19933670572936534881591796875" lon="103.8980348221957683563232421875">
        <ele>2248.60009765625</ele>
        <time>2026-05-20T03:13:05.000Z</time>
        <extensions>
          <ns3:TrackPointExtension>
            <ns3:hr>88</ns3:hr>
          </ns3:TrackPointExtension>
        </extensions>
      </trkpt>
      <trkpt lat="33.19937425665557384490966796875" lon="103.898034989833831787109375">
        <ele>2248</ele>
        <time>2026-05-20T03:13:12.000Z</time>
        <extensions>
          <ns3:TrackPointExtension>
            <ns3:hr>88</ns3:hr>
          </ns3:TrackPointExtension>
        </extensions>
      </trkpt>
      <trkpt lat="33.199375681579113006591796875" lon="103.8980344869196414947509765625">
        <ele>2248</ele>
        <time>2026-05-20T03:13:13.000Z</time>
        <extensions>
          <ns3:TrackPointExtension>
            <ns3:hr>85</ns3:hr>
          </ns3:TrackPointExtension>
        </extensions>
      </trkpt>
      <trkpt lat="33.199372999370098114013671875" lon="103.89803507365286350250244140625">
        <ele>2248</ele>
        <time>2026-05-20T03:13:15.000Z</time>
        <extensions>
          <ns3:TrackPointExtension>
            <ns3:hr>81</ns3:hr>
          </ns3:TrackPointExtension>
        </extensions>
      </trkpt>
      <trkpt lat="33.1993721611797809600830078125" lon="103.89803390018641948699951171875">
        <ele>2248</ele>
        <time>2026-05-20T03:13:20.000Z</time>
        <extensions>
          <ns3:TrackPointExtension>
            <ns3:hr>81</ns3:hr>
          </ns3:TrackPointExtension>
        </extensions>
      </trkpt>
      <trkpt lat="33.1993721611797809600830078125" lon="103.89803390018641948699951171875">
        <ele>2248</ele>
        <time>2026-05-20T03:13:26.000Z</time>
        <extensions>
          <ns3:TrackPointExtension>
            <ns3:hr>84</ns3:hr>
          </ns3:TrackPointExtension>
        </extensions>
      </trkpt>
      <trkpt lat="33.1993714906275272369384765625" lon="103.89803457073867321014404296875">
        <ele>2248</ele>
        <time>2026-05-20T03:13:37.000Z</time>
        <extensions>
          <ns3:TrackPointExtension>
            <ns3:hr>81</ns3:hr>
          </ns3:TrackPointExtension>
        </extensions>
      </trkpt>
      <trkpt lat="33.19936989806592464447021484375" lon="103.89803423546254634857177734375">
        <ele>2248</ele>
        <time>2026-05-20T03:13:53.000Z</time>
        <extensions>
          <ns3:TrackPointExtension>
            <ns3:hr>84</ns3:hr>
          </ns3:TrackPointExtension>
        </extensions>
      </trkpt>
      <trkpt lat="33.19936956278979778289794921875" lon="103.89803607948124408721923828125">
        <ele>2248</ele>
        <time>2026-05-20T03:13:57.000Z</time>
        <extensions>
          <ns3:TrackPointExtension>
            <ns3:hr>81</ns3:hr>
          </ns3:TrackPointExtension>
        </extensions>
      </trkpt>
      <trkpt lat="33.1993694789707660675048828125" lon="103.89803641475737094879150390625">
        <ele>2248</ele>
        <time>2026-05-20T03:13:59.000Z</time>
        <extensions>
          <ns3:TrackPointExtension>
            <ns3:hr>84</ns3:hr>
          </ns3:TrackPointExtension>
        </extensions>
      </trkpt>
      <trkpt lat="33.1993694789707660675048828125" lon="103.89803641475737094879150390625">
        <ele>2248</ele>
        <time>2026-05-20T03:14:04.000Z</time>
        <extensions>
          <ns3:TrackPointExtension>
            <ns3:hr>88</ns3:hr>
          </ns3:TrackPointExtension>
        </extensions>
      </trkpt>
      <trkpt lat="33.19936998188495635986328125" lon="103.8980381749570369720458984375">
        <ele>2248</ele>
        <time>2026-05-20T03:14:11.000Z</time>
        <extensions>
          <ns3:TrackPointExtension>
            <ns3:hr>91</ns3:hr>
          </ns3:TrackPointExtension>
        </extensions>
      </trkpt>
      <trkpt lat="33.1993711553514003753662109375" lon="103.8980442099273204803466796875">
        <ele>2248</ele>
        <time>2026-05-20T03:14:31.000Z</time>
        <extensions>
          <ns3:TrackPointExtension>
            <ns3:hr>87</ns3:hr>
          </ns3:TrackPointExtension>
        </extensions>
      </trkpt>
      <trkpt lat="33.1993704847991466522216796875" lon="103.89804630540311336517333984375">
        <ele>2248</ele>
        <time>2026-05-20T03:14:35.000Z</time>
        <extensions>
          <ns3:TrackPointExtension>
            <ns3:hr>90</ns3:hr>
          </ns3:TrackPointExtension>
        </extensions>
      </trkpt>
      <trkpt lat="33.19936486892402172088623046875" lon="103.89804731123149394989013671875">
        <ele>2248.199951171875</ele>
        <time>2026-05-20T03:14:38.000Z</time>
        <extensions>
          <ns3:TrackPointExtension>
            <ns3:hr>87</ns3:hr>
          </ns3:TrackPointExtension>
        </extensions>
      </trkpt>
      <trkpt lat="33.1993325985968112945556640625" lon="103.8980658352375030517578125">
        <ele>2249</ele>
        <time>2026-05-20T03:14:41.000Z</time>
        <extensions>
          <ns3:TrackPointExtension>
            <ns3:hr>88</ns3:hr>
          </ns3:TrackPointExtension>
        </extensions>
      </trkpt>
      <trkpt lat="33.199259340763092041015625" lon="103.89810095541179180145263671875">
        <ele>2251</ele>
        <time>2026-05-20T03:14:49.000Z</time>
        <extensions>
          <ns3:TrackPointExtension>
            <ns3:hr>87</ns3:hr>
          </ns3:TrackPointExtension>
        </extensions>
      </trkpt>
      <trkpt lat="33.19922782480716705322265625" lon="103.898143954575061798095703125">
        <ele>2252.199951171875</ele>
        <time>2026-05-20T03:14:55.000Z</time>
        <extensions>
          <ns3:TrackPointExtension>
            <ns3:hr>87</ns3:hr>
          </ns3:TrackPointExtension>
        </extensions>
      </trkpt>
      <trkpt lat="33.1992930360138416290283203125" lon="103.8982369937002658843994140625">
        <ele>2251</ele>
        <time>2026-05-20T03:15:02.000Z</time>
        <extensions>
          <ns3:TrackPointExtension>
            <ns3:hr>85</ns3:hr>
          </ns3:TrackPointExtension>
        </extensions>
      </trkpt>
      <trkpt lat="33.19931960664689540863037109375" lon="103.89829826541244983673095703125">
        <ele>2250.60009765625</ele>
        <time>2026-05-20T03:15:09.000Z</time>
        <extensions>
          <ns3:TrackPointExtension>
            <ns3:hr>83</ns3:hr>
          </ns3:TrackPointExtension>
        </extensions>
      </trkpt>
      <trkpt lat="33.19934475235641002655029296875" lon="103.898324333131313323974609375">
        <ele>2250</ele>
        <time>2026-05-20T03:15:14.000Z</time>
        <extensions>
          <ns3:TrackPointExtension>
            <ns3:hr>86</ns3:hr>
          </ns3:TrackPointExtension>
        </extensions>
      </trkpt>
      <trkpt lat="33.19934693165123462677001953125" lon="103.89832726679742336273193359375">
        <ele>2250</ele>
        <time>2026-05-20T03:15:15.000Z</time>
        <extensions>
          <ns3:TrackPointExtension>
            <ns3:hr>86</ns3:hr>
          </ns3:TrackPointExtension>
        </extensions>
      </trkpt>
      <trkpt lat="33.1993855722248554229736328125" lon="103.8983717747032642364501953125">
        <ele>2249.39990234375</ele>
        <time>2026-05-20T03:15:21.000Z</time>
        <extensions>
          <ns3:TrackPointExtension>
            <ns3:hr>85</ns3:hr>
          </ns3:TrackPointExtension>
        </extensions>
      </trkpt>
      <trkpt lat="33.199422620236873626708984375" lon="103.89842768199741840362548828125">
        <ele>2249</ele>
        <time>2026-05-20T03:15:25.000Z</time>
        <extensions>
          <ns3:TrackPointExtension>
            <ns3:hr>88</ns3:hr>
          </ns3:TrackPointExtension>
        </extensions>
      </trkpt>
      <trkpt lat="33.19943041540682315826416015625" lon="103.89845182187855243682861328125">
        <ele>2249</ele>
        <time>2026-05-20T03:15:27.000Z</time>
        <extensions>
          <ns3:TrackPointExtension>
            <ns3:hr>91</ns3:hr>
          </ns3:TrackPointExtension>
        </extensions>
      </trkpt>
      <trkpt lat="33.19943376816809177398681640625" lon="103.898474872112274169921875">
        <ele>2249</ele>
        <time>2026-05-20T03:15:29.000Z</time>
        <extensions>
          <ns3:TrackPointExtension>
            <ns3:hr>92</ns3:hr>
          </ns3:TrackPointExtension>
        </extensions>
      </trkpt>
      <trkpt lat="33.19946679286658763885498046875" lon="103.89854268170893192291259765625">
        <ele>2248.39990234375</ele>
        <time>2026-05-20T03:15:36.000Z</time>
        <extensions>
          <ns3:TrackPointExtension>
            <ns3:hr>92</ns3:hr>
          </ns3:TrackPointExtension>
        </extensions>
      </trkpt>
      <trkpt lat="33.19948690943419933319091796875" lon="103.898576460778713226318359375">
        <ele>2248.199951171875</ele>
        <time>2026-05-20T03:15:39.000Z</time>
        <extensions>
          <ns3:TrackPointExtension>
            <ns3:hr>93</ns3:hr>
          </ns3:TrackPointExtension>
        </extensions>
      </trkpt>
      <trkpt lat="33.19951306097209453582763671875" lon="103.89862038195133209228515625">
        <ele>2248</ele>
        <time>2026-05-20T03:15:43.000Z</time>
        <extensions>
          <ns3:TrackPointExtension>
            <ns3:hr>94</ns3:hr>
          </ns3:TrackPointExtension>
        </extensions>
      </trkpt>
      <trkpt lat="33.1995180062949657440185546875" lon="103.898629434406757354736328125">
        <ele>2248</ele>
        <time>2026-05-20T03:15:44.000Z</time>
        <extensions>
          <ns3:TrackPointExtension>
            <ns3:hr>91</ns3:hr>
          </ns3:TrackPointExtension>
        </extensions>
      </trkpt>
      <trkpt lat="33.19952932186424732208251953125" lon="103.89863572083413600921630859375">
        <ele>2247.800048828125</ele>
        <time>2026-05-20T03:15:45.000Z</time>
        <extensions>
          <ns3:TrackPointExtension>
            <ns3:hr>91</ns3:hr>
          </ns3:TrackPointExtension>
        </extensions>
      </trkpt>
      <trkpt lat="33.19954256527125835418701171875" lon="103.89866673387587070465087890625">
        <ele>2247.60009765625</ele>
        <time>2026-05-20T03:15:48.000Z</time>
        <extensions>
          <ns3:TrackPointExtension>
            <ns3:hr>93</ns3:hr>
          </ns3:TrackPointExtension>
        </extensions>
      </trkpt>
      <trkpt lat="33.19958447478711605072021484375" lon="103.89872364699840545654296875">
        <ele>2247.199951171875</ele>
        <time>2026-05-20T03:15:54.000Z</time>
        <extensions>
          <ns3:TrackPointExtension>
            <ns3:hr>91</ns3:hr>
          </ns3:TrackPointExtension>
        </extensions>
      </trkpt>
      <trkpt lat="33.199639879167079925537109375" lon="103.8988059572875499725341796875">
        <ele>2246.60009765625</ele>
        <time>2026-05-20T03:16:01.000Z</time>
        <extensions>
          <ns3:TrackPointExtension>
            <ns3:hr>94</ns3:hr>
          </ns3:TrackPointExtension>
        </extensions>
      </trkpt>
      <trkpt lat="33.199645243585109710693359375" lon="103.8988160155713558197021484375">
        <ele>2246.60009765625</ele>
        <time>2026-05-20T03:16:02.000Z</time>
        <extensions>
          <ns3:TrackPointExtension>
            <ns3:hr>94</ns3:hr>
          </ns3:TrackPointExtension>
        </extensions>
      </trkpt>
      <trkpt lat="33.1996507756412029266357421875" lon="103.8988321088254451751708984375">
        <ele>2246.39990234375</ele>
        <time>2026-05-20T03:16:05.000Z</time>
        <extensions>
          <ns3:TrackPointExtension>
            <ns3:hr>97</ns3:hr>
          </ns3:TrackPointExtension>
        </extensions>
      </trkpt>
      <trkpt lat="33.1996603310108184814453125" lon="103.8988401554524898529052734375">
        <ele>2246.39990234375</ele>
        <time>2026-05-20T03:16:06.000Z</time>
        <extensions>
          <ns3:TrackPointExtension>
            <ns3:hr>94</ns3:hr>
          </ns3:TrackPointExtension>
        </extensions>
      </trkpt>
      <trkpt lat="33.1996822915971279144287109375" lon="103.8988478668034076690673828125">
        <ele>2245.800048828125</ele>
        <time>2026-05-20T03:16:09.000Z</time>
        <extensions>
          <ns3:TrackPointExtension>
            <ns3:hr>94</ns3:hr>
          </ns3:TrackPointExtension>
        </extensions>
      </trkpt>
      <trkpt lat="33.19972394965589046478271484375" lon="103.89891031198203563690185546875">
        <ele>2245.199951171875</ele>
        <time>2026-05-20T03:16:14.000Z</time>
        <extensions>
          <ns3:TrackPointExtension>
            <ns3:hr>95</ns3:hr>
          </ns3:TrackPointExtension>
        </extensions>
      </trkpt>
      <trkpt lat="33.19972671568393707275390625" lon="103.89892489649355411529541015625">
        <ele>2245.199951171875</ele>
        <time>2026-05-20T03:16:16.000Z</time>
        <extensions>
          <ns3:TrackPointExtension>
            <ns3:hr>96</ns3:hr>
          </ns3:TrackPointExtension>
        </extensions>
      </trkpt>
      <trkpt lat="33.199729062616825103759765625" lon="103.89899949543178081512451171875">
        <ele>2245.800048828125</ele>
        <time>2026-05-20T03:16:22.000Z</time>
        <extensions>
          <ns3:TrackPointExtension>
            <ns3:hr>91</ns3:hr>
          </ns3:TrackPointExtension>
        </extensions>
      </trkpt>
      <trkpt lat="33.19973208010196685791015625" lon="103.89901642687618732452392578125">
        <ele>2245.60009765625</ele>
        <time>2026-05-20T03:16:23.000Z</time>
        <extensions>
          <ns3:TrackPointExtension>
            <ns3:hr>92</ns3:hr>
          </ns3:TrackPointExtension>
        </extensions>
      </trkpt>
      <trkpt lat="33.19973970763385295867919921875" lon="103.89907023869454860687255859375">
        <ele>2245.39990234375</ele>
        <time>2026-05-20T03:16:28.000Z</time>
        <extensions>
          <ns3:TrackPointExtension>
            <ns3:hr>95</ns3:hr>
          </ns3:TrackPointExtension>
        </extensions>
      </trkpt>
      <trkpt lat="33.19973953999578952789306640625" lon="103.8990976475179195404052734375">
        <ele>2245.39990234375</ele>
        <time>2026-05-20T03:16:31.000Z</time>
        <extensions>
          <ns3:TrackPointExtension>
            <ns3:hr>93</ns3:hr>
          </ns3:TrackPointExtension>
        </extensions>
      </trkpt>
      <trkpt lat="33.19974012672901153564453125" lon="103.89913293533027172088623046875">
        <ele>2245.800048828125</ele>
        <time>2026-05-20T03:16:36.000Z</time>
        <extensions>
          <ns3:TrackPointExtension>
            <ns3:hr>96</ns3:hr>
          </ns3:TrackPointExtension>
        </extensions>
      </trkpt>
      <trkpt lat="33.19973769597709178924560546875" lon="103.89914802275598049163818359375">
        <ele>2246</ele>
        <time>2026-05-20T03:16:38.000Z</time>
        <extensions>
          <ns3:TrackPointExtension>
            <ns3:hr>95</ns3:hr>
          </ns3:TrackPointExtension>
        </extensions>
      </trkpt>
      <trkpt lat="33.19976418279111385345458984375" lon="103.89920569024980068206787109375">
        <ele>2245.800048828125</ele>
        <time>2026-05-20T03:16:44.000Z</time>
        <extensions>
          <ns3:TrackPointExtension>
            <ns3:hr>91</ns3:hr>
          </ns3:TrackPointExtension>
        </extensions>
      </trkpt>
      <trkpt lat="33.19976560771465301513671875" lon="103.89921407215297222137451171875">
        <ele>2245.800048828125</ele>
        <time>2026-05-20T03:16:45.000Z</time>
        <extensions>
          <ns3:TrackPointExtension>
            <ns3:hr>93</ns3:hr>
          </ns3:TrackPointExtension>
        </extensions>
      </trkpt>
      <trkpt lat="33.19977960549294948577880859375" lon="103.8992518745362758636474609375">
        <ele>2245.60009765625</ele>
        <time>2026-05-20T03:16:51.000Z</time>
        <extensions>
          <ns3:TrackPointExtension>
            <ns3:hr>93</ns3:hr>
          </ns3:TrackPointExtension>
        </extensions>
      </trkpt>
      <trkpt lat="33.19978681392967700958251953125" lon="103.8992773555219173431396484375">
        <ele>2245.60009765625</ele>
        <time>2026-05-20T03:16:55.000Z</time>
        <extensions>
          <ns3:TrackPointExtension>
            <ns3:hr>92</ns3:hr>
          </ns3:TrackPointExtension>
        </extensions>
      </trkpt>
      <trkpt lat="33.19983291439712047576904296875" lon="103.89934533275663852691650390625">
        <ele>2244.199951171875</ele>
        <time>2026-05-20T03:17:02.000Z</time>
        <extensions>
          <ns3:TrackPointExtension>
            <ns3:hr>92</ns3:hr>
          </ns3:TrackPointExtension>
        </extensions>
      </trkpt>
      <trkpt lat="33.19986619055271148681640625" lon="103.89938841573894023895263671875">
        <ele>2243.199951171875</ele>
        <time>2026-05-20T03:17:07.000Z</time>
        <extensions>
          <ns3:TrackPointExtension>
            <ns3:hr>89</ns3:hr>
          </ns3:TrackPointExtension>
        </extensions>
      </trkpt>
      <trkpt lat="33.19987800903618335723876953125" lon="103.89940668828785419464111328125">
        <ele>2242.800048828125</ele>
        <time>2026-05-20T03:17:09.000Z</time>
        <extensions>
          <ns3:TrackPointExtension>
            <ns3:hr>92</ns3:hr>
          </ns3:TrackPointExtension>
        </extensions>
      </trkpt>
      <trkpt lat="33.19990181364119052886962890625" lon="103.89944843016564846038818359375">
        <ele>2242.199951171875</ele>
        <time>2026-05-20T03:17:14.000Z</time>
        <extensions>
          <ns3:TrackPointExtension>
            <ns3:hr>89</ns3:hr>
          </ns3:TrackPointExtension>
        </extensions>
      </trkpt>
      <trkpt lat="33.199930228292942047119140625" lon="103.89950014650821685791015625">
        <ele>2241.39990234375</ele>
        <time>2026-05-20T03:17:21.000Z</time>
        <extensions>
          <ns3:TrackPointExtension>
            <ns3:hr>92</ns3:hr>
          </ns3:TrackPointExtension>
        </extensions>
      </trkpt>
      <trkpt lat="33.19994808174669742584228515625" lon="103.8995509408414363861083984375">
        <ele>2241.199951171875</ele>
        <time>2026-05-20T03:17:29.000Z</time>
        <extensions>
          <ns3:TrackPointExtension>
            <ns3:hr>92</ns3:hr>
          </ns3:TrackPointExtension>
        </extensions>
      </trkpt>
      <trkpt lat="33.19995068013668060302734375" lon="103.89958195388317108154296875">
        <ele>2241.39990234375</ele>
        <time>2026-05-20T03:17:37.000Z</time>
        <extensions>
          <ns3:TrackPointExtension>
            <ns3:hr>89</ns3:hr>
          </ns3:TrackPointExtension>
        </extensions>
      </trkpt>
      <trkpt lat="33.1999454833567142486572265625" lon="103.899597041308879852294921875">
        <ele>2241.39990234375</ele>
        <time>2026-05-20T03:17:39.000Z</time>
        <extensions>
          <ns3:TrackPointExtension>
            <ns3:hr>92</ns3:hr>
          </ns3:TrackPointExtension>
        </extensions>
      </trkpt>
      <trkpt lat="33.199940957129001617431640625" lon="103.89963735826313495635986328125">
        <ele>2241.60009765625</ele>
        <time>2026-05-20T03:17:43.000Z</time>
        <extensions>
          <ns3:TrackPointExtension>
            <ns3:hr>92</ns3:hr>
          </ns3:TrackPointExtension>
        </extensions>
      </trkpt>
      <trkpt lat="33.1999350897967815399169921875" lon="103.899650014936923980712890625">
        <ele>2241.60009765625</ele>
        <time>2026-05-20T03:17:44.000Z</time>
        <extensions>
          <ns3:TrackPointExtension>
            <ns3:hr>93</ns3:hr>
          </ns3:TrackPointExtension>
        </extensions>
      </trkpt>
      <trkpt lat="33.199923522770404815673828125" lon="103.8997078500688076019287109375">
        <ele>2241.800048828125</ele>
        <time>2026-05-20T03:17:49.000Z</time>
        <extensions>
          <ns3:TrackPointExtension>
            <ns3:hr>93</ns3:hr>
          </ns3:TrackPointExtension>
        </extensions>
      </trkpt>
      <trkpt lat="33.1999039091169834136962890625" lon="103.89980130828917026519775390625">
        <ele>2242.39990234375</ele>
        <time>2026-05-20T03:17:54.000Z</time>
        <extensions>
          <ns3:TrackPointExtension>
            <ns3:hr>94</ns3:hr>
          </ns3:TrackPointExtension>
        </extensions>
      </trkpt>
      <trkpt lat="33.19990432821214199066162109375" lon="103.89983081258833408355712890625">
        <ele>2242.39990234375</ele>
        <time>2026-05-20T03:17:56.000Z</time>
        <extensions>
          <ns3:TrackPointExtension>
            <ns3:hr>94</ns3:hr>
          </ns3:TrackPointExtension>
        </extensions>
      </trkpt>
      <trkpt lat="33.1998881511390209197998046875" lon="103.89991379342973232269287109375">
        <ele>2243.199951171875</ele>
        <time>2026-05-20T03:18:04.000Z</time>
        <extensions>
          <ns3:TrackPointExtension>
            <ns3:hr>95</ns3:hr>
          </ns3:TrackPointExtension>
        </extensions>
      </trkpt>
      <trkpt lat="33.19992846809327602386474609375" lon="103.8999512605369091033935546875">
        <ele>2242.800048828125</ele>
        <time>2026-05-20T03:18:09.000Z</time>
        <extensions>
          <ns3:TrackPointExtension>
            <ns3:hr>95</ns3:hr>
          </ns3:TrackPointExtension>
        </extensions>
      </trkpt>
      <trkpt lat="33.19993433542549610137939453125" lon="103.89996207319200038909912109375">
        <ele>2242.800048828125</ele>
        <time>2026-05-20T03:18:10.000Z</time>
        <extensions>
          <ns3:TrackPointExtension>
            <ns3:hr>95</ns3:hr>
          </ns3:TrackPointExtension>
        </extensions>
      </trkpt>
      <trkpt lat="33.19997088052332401275634765625" lon="103.8999794237315654754638671875">
        <ele>2242.39990234375</ele>
        <time>2026-05-20T03:18:13.000Z</time>
        <extensions>
          <ns3:TrackPointExtension>
            <ns3:hr>95</ns3:hr>
          </ns3:TrackPointExtension>
        </extensions>
      </trkpt>
      <trkpt lat="33.200042210519313812255859375" lon="103.90000574290752410888671875">
        <ele>2241.800048828125</ele>
        <time>2026-05-20T03:18:18.000Z</time>
        <extensions>
          <ns3:TrackPointExtension>
            <ns3:hr>95</ns3:hr>
          </ns3:TrackPointExtension>
        </extensions>
      </trkpt>
      <trkpt lat="33.200090825557708740234375" lon="103.9000225067138671875">
        <ele>2241.39990234375</ele>
        <time>2026-05-20T03:18:24.000Z</time>
        <extensions>
          <ns3:TrackPointExtension>
            <ns3:hr>95</ns3:hr>
          </ns3:TrackPointExtension>
        </extensions>
      </trkpt>
      <trkpt lat="33.20014237426221370697021484375" lon="103.90003449283540248870849609375">
        <ele>2240.800048828125</ele>
        <time>2026-05-20T03:18:30.000Z</time>
        <extensions>
          <ns3:TrackPointExtension>
            <ns3:hr>95</ns3:hr>
          </ns3:TrackPointExtension>
        </extensions>
      </trkpt>
      <trkpt lat="33.2001805119216442108154296875" lon="103.9000122807919979095458984375">
        <ele>2239.800048828125</ele>
        <time>2026-05-20T03:18:35.000Z</time>
        <extensions>
          <ns3:TrackPointExtension>
            <ns3:hr>94</ns3:hr>
          </ns3:TrackPointExtension>
        </extensions>
      </trkpt>
      <trkpt lat="33.2002043165266513824462890625" lon="103.899994008243083953857421875">
        <ele>2239.199951171875</ele>
        <time>2026-05-20T03:18:39.000Z</time>
        <extensions>
          <ns3:TrackPointExtension>
            <ns3:hr>97</ns3:hr>
          </ns3:TrackPointExtension>
        </extensions>
      </trkpt>
      <trkpt lat="33.20020741783082485198974609375" lon="103.8999836146831512451171875">
        <ele>2239</ele>
        <time>2026-05-20T03:18:40.000Z</time>
        <extensions>
          <ns3:TrackPointExtension>
            <ns3:hr>94</ns3:hr>
          </ns3:TrackPointExtension>
        </extensions>
      </trkpt>
      <trkpt lat="33.2002348266541957855224609375" lon="103.89994195662438869476318359375">
        <ele>2238.199951171875</ele>
        <time>2026-05-20T03:18:46.000Z</time>
        <extensions>
          <ns3:TrackPointExtension>
            <ns3:hr>93</ns3:hr>
          </ns3:TrackPointExtension>
        </extensions>
      </trkpt>
      <trkpt lat="33.2002770714461803436279296875" lon="103.89991429634392261505126953125">
        <ele>2237.199951171875</ele>
        <time>2026-05-20T03:18:51.000Z</time>
        <extensions>
          <ns3:TrackPointExtension>
            <ns3:hr>92</ns3:hr>
          </ns3:TrackPointExtension>
        </extensions>
      </trkpt>
      <trkpt lat="33.2002971880137920379638671875" lon="103.89990381896495819091796875">
        <ele>2237</ele>
        <time>2026-05-20T03:18:53.000Z</time>
        <extensions>
          <ns3:TrackPointExtension>
            <ns3:hr>91</ns3:hr>
          </ns3:TrackPointExtension>
        </extensions>
      </trkpt>
      <trkpt lat="33.20031621493399143218994140625" lon="103.8998979516327381134033203125">
        <ele>2236.60009765625</ele>
        <time>2026-05-20T03:18:55.000Z</time>
        <extensions>
          <ns3:TrackPointExtension>
            <ns3:hr>94</ns3:hr>
          </ns3:TrackPointExtension>
        </extensions>
      </trkpt>
      <trkpt lat="33.20032727904617786407470703125" lon="103.89988462440669536590576171875">
        <ele>2236.39990234375</ele>
        <time>2026-05-20T03:18:56.000Z</time>
        <extensions>
          <ns3:TrackPointExtension>
            <ns3:hr>91</ns3:hr>
          </ns3:TrackPointExtension>
        </extensions>
      </trkpt>
      <trkpt lat="33.2003820128738880157470703125" lon="103.8998868875205516815185546875">
        <ele>2235.800048828125</ele>
        <time>2026-05-20T03:19:01.000Z</time>
        <extensions>
          <ns3:TrackPointExtension>
            <ns3:hr>90</ns3:hr>
          </ns3:TrackPointExtension>
        </extensions>
      </trkpt>
      <trkpt lat="33.2003900595009326934814453125" lon="103.89988009817898273468017578125">
        <ele>2235.60009765625</ele>
        <time>2026-05-20T03:19:07.000Z</time>
        <extensions>
          <ns3:TrackPointExtension>
            <ns3:hr>89</ns3:hr>
          </ns3:TrackPointExtension>
        </extensions>
      </trkpt>
      <trkpt lat="33.20039148442447185516357421875" lon="103.89988060109317302703857421875">
        <ele>2235.60009765625</ele>
        <time>2026-05-20T03:19:25.000Z</time>
        <extensions>
          <ns3:TrackPointExtension>
            <ns3:hr>92</ns3:hr>
          </ns3:TrackPointExtension>
        </extensions>
      </trkpt>
      <trkpt lat="33.20039148442447185516357421875" lon="103.89988060109317302703857421875">
        <ele>2235.60009765625</ele>
        <time>2026-05-20T03:19:28.000Z</time>
        <extensions>
          <ns3:TrackPointExtension>
            <ns3:hr>89</ns3:hr>
          </ns3:TrackPointExtension>
        </extensions>
      </trkpt>
      <trkpt lat="33.2003924064338207244873046875" lon="103.8998805172741413116455078125">
        <ele>2235.60009765625</ele>
        <time>2026-05-20T03:19:32.000Z</time>
        <extensions>
          <ns3:TrackPointExtension>
            <ns3:hr>86</ns3:hr>
          </ns3:TrackPointExtension>
        </extensions>
      </trkpt>
      <trkpt lat="33.200439848005771636962890625" lon="103.89987741596996784210205078125">
        <ele>2235</ele>
        <time>2026-05-20T03:19:48.000Z</time>
        <extensions>
          <ns3:TrackPointExtension>
            <ns3:hr>88</ns3:hr>
          </ns3:TrackPointExtension>
        </extensions>
      </trkpt>
      <trkpt lat="33.2004797458648681640625" lon="103.8998825289309024810791015625">
        <ele>2234.60009765625</ele>
        <time>2026-05-20T03:19:53.000Z</time>
        <extensions>
          <ns3:TrackPointExtension>
            <ns3:hr>91</ns3:hr>
          </ns3:TrackPointExtension>
        </extensions>
      </trkpt>
      <trkpt lat="33.20050321519374847412109375" lon="103.89988236129283905029296875">
        <ele>2234.39990234375</ele>
        <time>2026-05-20T03:19:57.000Z</time>
        <extensions>
          <ns3:TrackPointExtension>
            <ns3:hr>93</ns3:hr>
          </ns3:TrackPointExtension>
        </extensions>
      </trkpt>
      <trkpt lat="33.20050665177404880523681640625" lon="103.899886049330234527587890625">
        <ele>2234.39990234375</ele>
        <time>2026-05-20T03:20:00.000Z</time>
        <extensions>
          <ns3:TrackPointExtension>
            <ns3:hr>90</ns3:hr>
          </ns3:TrackPointExtension>
        </extensions>
      </trkpt>
      <trkpt lat="33.20050656795501708984375" lon="103.899886049330234527587890625">
        <ele>2234.39990234375</ele>
        <time>2026-05-20T03:20:10.000Z</time>
        <extensions>
          <ns3:TrackPointExtension>
            <ns3:hr>90</ns3:hr>
          </ns3:TrackPointExtension>
        </extensions>
      </trkpt>
      <trkpt lat="33.20050656795501708984375" lon="103.899886049330234527587890625">
        <ele>2234.39990234375</ele>
        <time>2026-05-20T03:20:12.000Z</time>
        <extensions>
          <ns3:TrackPointExtension>
            <ns3:hr>87</ns3:hr>
          </ns3:TrackPointExtension>
        </extensions>
      </trkpt>
      <trkpt lat="33.20048653520643711090087890625" lon="103.89988194219768047332763671875">
        <ele>2234.60009765625</ele>
        <time>2026-05-20T03:20:23.000Z</time>
        <extensions>
          <ns3:TrackPointExtension>
            <ns3:hr>86</ns3:hr>
          </ns3:TrackPointExtension>
        </extensions>
      </trkpt>
      <trkpt lat="33.20047379471361637115478515625" lon="103.8998825289309024810791015625">
        <ele>2234.60009765625</ele>
        <time>2026-05-20T03:20:37.000Z</time>
        <extensions>
          <ns3:TrackPointExtension>
            <ns3:hr>83</ns3:hr>
          </ns3:TrackPointExtension>
        </extensions>
      </trkpt>
      <trkpt lat="33.20047379471361637115478515625" lon="103.8998825289309024810791015625">
        <ele>2234.60009765625</ele>
        <time>2026-05-20T03:20:38.000Z</time>
        <extensions>
          <ns3:TrackPointExtension>
            <ns3:hr>87</ns3:hr>
          </ns3:TrackPointExtension>
        </extensions>
      </trkpt>
      <trkpt lat="33.20047379471361637115478515625" lon="103.8998825289309024810791015625">
        <ele>2234.60009765625</ele>
        <time>2026-05-20T03:20:42.000Z</time>
        <extensions>
          <ns3:TrackPointExtension>
            <ns3:hr>84</ns3:hr>
          </ns3:TrackPointExtension>
        </extensions>
      </trkpt>
      <trkpt lat="33.200496174395084381103515625" lon="103.8998843729496002197265625">
        <ele>2234.39990234375</ele>
        <time>2026-05-20T03:20:46.000Z</time>
        <extensions>
          <ns3:TrackPointExtension>
            <ns3:hr>81</ns3:hr>
          </ns3:TrackPointExtension>
        </extensions>
      </trkpt>
      <trkpt lat="33.20054839365184307098388671875" lon="103.899896778166294097900390625">
        <ele>2234.199951171875</ele>
        <time>2026-05-20T03:20:49.000Z</time>
        <extensions>
          <ns3:TrackPointExtension>
            <ns3:hr>80</ns3:hr>
          </ns3:TrackPointExtension>
        </extensions>
      </trkpt>
      <trkpt lat="33.20060304366052150726318359375" lon="103.899909518659114837646484375">
        <ele>2234</ele>
        <time>2026-05-20T03:20:55.000Z</time>
        <extensions>
          <ns3:TrackPointExtension>
            <ns3:hr>80</ns3:hr>
          </ns3:TrackPointExtension>
        </extensions>
      </trkpt>
      <trkpt lat="33.20059818215668201446533203125" lon="103.89989652670919895172119140625">
        <ele>2234</ele>
        <time>2026-05-20T03:20:59.000Z</time>
        <extensions>
          <ns3:TrackPointExtension>
            <ns3:hr>83</ns3:hr>
          </ns3:TrackPointExtension>
        </extensions>
      </trkpt>
      <trkpt lat="33.20059751160442829132080078125" lon="103.89989443123340606689453125">
        <ele>2234</ele>
        <time>2026-05-20T03:21:03.000Z</time>
        <extensions>
          <ns3:TrackPointExtension>
            <ns3:hr>82</ns3:hr>
          </ns3:TrackPointExtension>
        </extensions>
      </trkpt>
      <trkpt lat="33.20062701590359210968017578125" lon="103.8999016396701335906982421875">
        <ele>2234</ele>
        <time>2026-05-20T03:21:11.000Z</time>
        <extensions>
          <ns3:TrackPointExtension>
            <ns3:hr>84</ns3:hr>
          </ns3:TrackPointExtension>
        </extensions>
      </trkpt>
      <trkpt lat="33.20067948661744594573974609375" lon="103.89993374235928058624267578125">
        <ele>2234</ele>
        <time>2026-05-20T03:21:34.000Z</time>
        <extensions>
          <ns3:TrackPointExtension>
            <ns3:hr>87</ns3:hr>
          </ns3:TrackPointExtension>
        </extensions>
      </trkpt>
      <trkpt lat="33.20069960318505764007568359375" lon="103.8999385200440883636474609375">
        <ele>2234</ele>
        <time>2026-05-20T03:21:35.000Z</time>
        <extensions>
          <ns3:TrackPointExtension>
            <ns3:hr>84</ns3:hr>
          </ns3:TrackPointExtension>
        </extensions>
      </trkpt>
      <trkpt lat="33.20075266063213348388671875" lon="103.89996710233390331268310546875">
        <ele>2234</ele>
        <time>2026-05-20T03:21:40.000Z</time>
        <extensions>
          <ns3:TrackPointExtension>
            <ns3:hr>84</ns3:hr>
          </ns3:TrackPointExtension>
        </extensions>
      </trkpt>
      <trkpt lat="33.20077504031360149383544921875" lon="103.899965845048427581787109375">
        <ele>2233.800048828125</ele>
        <time>2026-05-20T03:21:42.000Z</time>
        <extensions>
          <ns3:TrackPointExtension>
            <ns3:hr>88</ns3:hr>
          </ns3:TrackPointExtension>
        </extensions>
      </trkpt>
      <trkpt lat="33.200812004506587982177734375" lon="103.89997011981904506683349609375">
        <ele>2233.60009765625</ele>
        <time>2026-05-20T03:21:46.000Z</time>
        <extensions>
          <ns3:TrackPointExtension>
            <ns3:hr>85</ns3:hr>
          </ns3:TrackPointExtension>
        </extensions>
      </trkpt>
      <trkpt lat="33.200870342552661895751953125" lon="103.90000616200268268585205078125">
        <ele>2233.39990234375</ele>
        <time>2026-05-20T03:21:53.000Z</time>
        <extensions>
          <ns3:TrackPointExtension>
            <ns3:hr>85</ns3:hr>
          </ns3:TrackPointExtension>
        </extensions>
      </trkpt>
      <trkpt lat="33.2009238190948963165283203125" lon="103.90007388778030872344970703125">
        <ele>2233.39990234375</ele>
        <time>2026-05-20T03:21:59.000Z</time>
        <extensions>
          <ns3:TrackPointExtension>
            <ns3:hr>85</ns3:hr>
          </ns3:TrackPointExtension>
        </extensions>
      </trkpt>
      <trkpt lat="33.20093228481709957122802734375" lon="103.90008352696895599365234375">
        <ele>2233.39990234375</ele>
        <time>2026-05-20T03:22:00.000Z</time>
        <extensions>
          <ns3:TrackPointExtension>
            <ns3:hr>84</ns3:hr>
          </ns3:TrackPointExtension>
        </extensions>
      </trkpt>
      <trkpt lat="33.20098743773996829986572265625" lon="103.90017866156995296478271484375">
        <ele>2233.60009765625</ele>
        <time>2026-05-20T03:22:08.000Z</time>
        <extensions>
          <ns3:TrackPointExtension>
            <ns3:hr>86</ns3:hr>
          </ns3:TrackPointExtension>
        </extensions>
      </trkpt>
      <trkpt lat="33.20102063007652759552001953125" lon="103.90022090636193752288818359375">
        <ele>2233.39990234375</ele>
        <time>2026-05-20T03:22:12.000Z</time>
        <extensions>
          <ns3:TrackPointExtension>
            <ns3:hr>85</ns3:hr>
          </ns3:TrackPointExtension>
        </extensions>
      </trkpt>
      <trkpt lat="33.2010347954928874969482421875" lon="103.90024135820567607879638671875">
        <ele>2233.39990234375</ele>
        <time>2026-05-20T03:22:14.000Z</time>
        <extensions>
          <ns3:TrackPointExtension>
            <ns3:hr>85</ns3:hr>
          </ns3:TrackPointExtension>
        </extensions>
      </trkpt>
      <trkpt lat="33.20103638805449008941650390625" lon="103.90024890191853046417236328125">
        <ele>2233.39990234375</ele>
        <time>2026-05-20T03:22:15.000Z</time>
        <extensions>
          <ns3:TrackPointExtension>
            <ns3:hr>86</ns3:hr>
          </ns3:TrackPointExtension>
        </extensions>
      </trkpt>
      <trkpt lat="33.20104812271893024444580078125" lon="103.9002784900367259979248046875">
        <ele>2233.60009765625</ele>
        <time>2026-05-20T03:22:18.000Z</time>
        <extensions>
          <ns3:TrackPointExtension>
            <ns3:hr>86</ns3:hr>
          </ns3:TrackPointExtension>
        </extensions>
      </trkpt>
      <trkpt lat="33.20105248130857944488525390625" lon="103.90029148198664188385009765625">
        <ele>2233.60009765625</ele>
        <time>2026-05-20T03:22:19.000Z</time>
        <extensions>
          <ns3:TrackPointExtension>
            <ns3:hr>87</ns3:hr>
          </ns3:TrackPointExtension>
        </extensions>
      </trkpt>
      <trkpt lat="33.20106505416333675384521484375" lon="103.9003063179552555084228515625">
        <ele>2233.60009765625</ele>
        <time>2026-05-20T03:22:20.000Z</time>
        <extensions>
          <ns3:TrackPointExtension>
            <ns3:hr>88</ns3:hr>
          </ns3:TrackPointExtension>
        </extensions>
      </trkpt>
      <trkpt lat="33.201115764677524566650390625" lon="103.90037647448480129241943359375">
        <ele>2233.60009765625</ele>
        <time>2026-05-20T03:22:26.000Z</time>
        <extensions>
          <ns3:TrackPointExtension>
            <ns3:hr>86</ns3:hr>
          </ns3:TrackPointExtension>
        </extensions>
      </trkpt>
      <trkpt lat="33.201119787991046905517578125" lon="103.90038720332086086273193359375">
        <ele>2233.60009765625</ele>
        <time>2026-05-20T03:22:27.000Z</time>
        <extensions>
          <ns3:TrackPointExtension>
            <ns3:hr>89</ns3:hr>
          </ns3:TrackPointExtension>
        </extensions>
      </trkpt>
      <trkpt lat="33.20117016322910785675048828125" lon="103.90043313615024089813232421875">
        <ele>2234</ele>
        <time>2026-05-20T03:22:34.000Z</time>
        <extensions>
          <ns3:TrackPointExtension>
            <ns3:hr>90</ns3:hr>
          </ns3:TrackPointExtension>
        </extensions>
      </trkpt>
      <trkpt lat="33.20117619819939136505126953125" lon="103.90043565072119235992431640625">
        <ele>2234</ele>
        <time>2026-05-20T03:22:35.000Z</time>
        <extensions>
          <ns3:TrackPointExtension>
            <ns3:hr>93</ns3:hr>
          </ns3:TrackPointExtension>
        </extensions>
      </trkpt>
      <trkpt lat="33.201231099665164947509765625" lon="103.90048451721668243408203125">
        <ele>2234.39990234375</ele>
        <time>2026-05-20T03:22:43.000Z</time>
        <extensions>
          <ns3:TrackPointExtension>
            <ns3:hr>93</ns3:hr>
          </ns3:TrackPointExtension>
        </extensions>
      </trkpt>
      <trkpt lat="33.20123755373060703277587890625" lon="103.9004830084741115570068359375">
        <ele>2234.199951171875</ele>
        <time>2026-05-20T03:22:51.000Z</time>
        <extensions>
          <ns3:TrackPointExtension>
            <ns3:hr>90</ns3:hr>
          </ns3:TrackPointExtension>
        </extensions>
      </trkpt>
      <trkpt lat="33.201237805187702178955078125" lon="103.90048292465507984161376953125">
        <ele>2234.199951171875</ele>
        <time>2026-05-20T03:22:57.000Z</time>
        <extensions>
          <ns3:TrackPointExtension>
            <ns3:hr>88</ns3:hr>
          </ns3:TrackPointExtension>
        </extensions>
      </trkpt>
      <trkpt lat="33.201236464083194732666015625" lon="103.90048292465507984161376953125">
        <ele>2234.199951171875</ele>
        <time>2026-05-20T03:23:07.000Z</time>
        <extensions>
          <ns3:TrackPointExtension>
            <ns3:hr>85</ns3:hr>
          </ns3:TrackPointExtension>
        </extensions>
      </trkpt>
      <trkpt lat="33.20123135112226009368896484375" lon="103.9005148597061634063720703125">
        <ele>2234.60009765625</ele>
        <time>2026-05-20T03:23:27.000Z</time>
        <extensions>
          <ns3:TrackPointExtension>
            <ns3:hr>85</ns3:hr>
          </ns3:TrackPointExtension>
        </extensions>
      </trkpt>
      <trkpt lat="33.20123721845448017120361328125" lon="103.900603540241718292236328125">
        <ele>2235.60009765625</ele>
        <time>2026-05-20T03:23:33.000Z</time>
        <extensions>
          <ns3:TrackPointExtension>
            <ns3:hr>87</ns3:hr>
          </ns3:TrackPointExtension>
        </extensions>
      </trkpt>
      <trkpt lat="33.20123470388352870941162109375" lon="103.9006643928587436676025390625">
        <ele>2236</ele>
        <time>2026-05-20T03:23:41.000Z</time>
        <extensions>
          <ns3:TrackPointExtension>
            <ns3:hr>88</ns3:hr>
          </ns3:TrackPointExtension>
        </extensions>
      </trkpt>
      <trkpt lat="33.2012282498180866241455078125" lon="103.9007091522216796875">
        <ele>2236.60009765625</ele>
        <time>2026-05-20T03:23:48.000Z</time>
        <extensions>
          <ns3:TrackPointExtension>
            <ns3:hr>88</ns3:hr>
          </ns3:TrackPointExtension>
        </extensions>
      </trkpt>
      <trkpt lat="33.20122716017067432403564453125" lon="103.90074200928211212158203125">
        <ele>2237</ele>
        <time>2026-05-20T03:23:52.000Z</time>
        <extensions>
          <ns3:TrackPointExtension>
            <ns3:hr>91</ns3:hr>
          </ns3:TrackPointExtension>
        </extensions>
      </trkpt>
      <trkpt lat="33.20123436860740184783935546875" lon="103.9007802307605743408203125">
        <ele>2237.60009765625</ele>
        <time>2026-05-20T03:23:56.000Z</time>
        <extensions>
          <ns3:TrackPointExtension>
            <ns3:hr>90</ns3:hr>
          </ns3:TrackPointExtension>
        </extensions>
      </trkpt>
      <trkpt lat="33.2012406550347805023193359375" lon="103.9008226431906223297119140625">
        <ele>2238.199951171875</ele>
        <time>2026-05-20T03:24:01.000Z</time>
        <extensions>
          <ns3:TrackPointExtension>
            <ns3:hr>89</ns3:hr>
          </ns3:TrackPointExtension>
        </extensions>
      </trkpt>
      <trkpt lat="33.201241828501224517822265625" lon="103.9008457772433757781982421875">
        <ele>2238.60009765625</ele>
        <time>2026-05-20T03:24:04.000Z</time>
        <extensions>
          <ns3:TrackPointExtension>
            <ns3:hr>92</ns3:hr>
          </ns3:TrackPointExtension>
        </extensions>
      </trkpt>
      <trkpt lat="33.20123956538736820220947265625" lon="103.9008880220353603363037109375">
        <ele>2239.199951171875</ele>
        <time>2026-05-20T03:24:07.000Z</time>
        <extensions>
          <ns3:TrackPointExtension>
            <ns3:hr>92</ns3:hr>
          </ns3:TrackPointExtension>
        </extensions>
      </trkpt>
      <trkpt lat="33.20125666446983814239501953125" lon="103.9009232260286808013916015625">
        <ele>2239.60009765625</ele>
        <time>2026-05-20T03:24:10.000Z</time>
        <extensions>
          <ns3:TrackPointExtension>
            <ns3:hr>92</ns3:hr>
          </ns3:TrackPointExtension>
        </extensions>
      </trkpt>
      <trkpt lat="33.20127158425748348236083984375" lon="103.900944180786609649658203125">
        <ele>2240</ele>
        <time>2026-05-20T03:24:12.000Z</time>
        <extensions>
          <ns3:TrackPointExtension>
            <ns3:hr>91</ns3:hr>
          </ns3:TrackPointExtension>
        </extensions>
      </trkpt>
      <trkpt lat="33.2012942992150783538818359375" lon="103.90097175724804401397705078125">
        <ele>2240.60009765625</ele>
        <time>2026-05-20T03:24:15.000Z</time>
        <extensions>
          <ns3:TrackPointExtension>
            <ns3:hr>96</ns3:hr>
          </ns3:TrackPointExtension>
        </extensions>
      </trkpt>
      <trkpt lat="33.201308883726596832275390625" lon="103.90098684467375278472900390625">
        <ele>2240.800048828125</ele>
        <time>2026-05-20T03:24:17.000Z</time>
        <extensions>
          <ns3:TrackPointExtension>
            <ns3:hr>93</ns3:hr>
          </ns3:TrackPointExtension>
        </extensions>
      </trkpt>
      <trkpt lat="33.2013345323503017425537109375" lon="103.9010591804981231689453125">
        <ele>2242</ele>
        <time>2026-05-20T03:24:23.000Z</time>
        <extensions>
          <ns3:TrackPointExtension>
            <ns3:hr>92</ns3:hr>
          </ns3:TrackPointExtension>
        </extensions>
      </trkpt>
      <trkpt lat="33.2013580016791820526123046875" lon="103.9010932110249996185302734375">
        <ele>2242.199951171875</ele>
        <time>2026-05-20T03:24:29.000Z</time>
        <extensions>
          <ns3:TrackPointExtension>
            <ns3:hr>91</ns3:hr>
          </ns3:TrackPointExtension>
        </extensions>
      </trkpt>
      <trkpt lat="33.2013620249927043914794921875" lon="103.90110419131815433502197265625">
        <ele>2242.39990234375</ele>
        <time>2026-05-20T03:24:30.000Z</time>
        <extensions>
          <ns3:TrackPointExtension>
            <ns3:hr>91</ns3:hr>
          </ns3:TrackPointExtension>
        </extensions>
      </trkpt>
      <trkpt lat="33.20138205774128437042236328125" lon="103.901141323149204254150390625">
        <ele>2242.800048828125</ele>
        <time>2026-05-20T03:24:35.000Z</time>
        <extensions>
          <ns3:TrackPointExtension>
            <ns3:hr>90</ns3:hr>
          </ns3:TrackPointExtension>
        </extensions>
      </trkpt>
      <trkpt lat="33.201387338340282440185546875" lon="103.90114526264369487762451171875">
        <ele>2242.800048828125</ele>
        <time>2026-05-20T03:24:38.000Z</time>
        <extensions>
          <ns3:TrackPointExtension>
            <ns3:hr>86</ns3:hr>
          </ns3:TrackPointExtension>
        </extensions>
      </trkpt>
      <trkpt lat="33.20138423703610897064208984375" lon="103.90114023350179195404052734375">
        <ele>2242.800048828125</ele>
        <time>2026-05-20T03:24:39.000Z</time>
        <extensions>
          <ns3:TrackPointExtension>
            <ns3:hr>91</ns3:hr>
          </ns3:TrackPointExtension>
        </extensions>
      </trkpt>
      <trkpt lat="33.201378285884857177734375" lon="103.90113989822566509246826171875">
        <ele>2243</ele>
        <time>2026-05-20T03:24:41.000Z</time>
        <extensions>
          <ns3:TrackPointExtension>
            <ns3:hr>91</ns3:hr>
          </ns3:TrackPointExtension>
        </extensions>
      </trkpt>
      <trkpt lat="33.2013972289860248565673828125" lon="103.90115909278392791748046875">
        <ele>2243</ele>
        <time>2026-05-20T03:24:47.000Z</time>
        <extensions>
          <ns3:TrackPointExtension>
            <ns3:hr>90</ns3:hr>
          </ns3:TrackPointExtension>
        </extensions>
      </trkpt>
      <trkpt lat="33.20140820927917957305908203125" lon="103.90116672031581401824951171875">
        <ele>2243</ele>
        <time>2026-05-20T03:24:48.000Z</time>
        <extensions>
          <ns3:TrackPointExtension>
            <ns3:hr>87</ns3:hr>
          </ns3:TrackPointExtension>
        </extensions>
      </trkpt>
      <trkpt lat="33.201417513191699981689453125" lon="103.90117795206606388092041015625">
        <ele>2243</ele>
        <time>2026-05-20T03:24:49.000Z</time>
        <extensions>
          <ns3:TrackPointExtension>
            <ns3:hr>84</ns3:hr>
          </ns3:TrackPointExtension>
        </extensions>
      </trkpt>
      <trkpt lat="33.2014515437185764312744140625" lon="103.90120980329811573028564453125">
        <ele>2243.199951171875</ele>
        <time>2026-05-20T03:24:53.000Z</time>
        <extensions>
          <ns3:TrackPointExtension>
            <ns3:hr>83</ns3:hr>
          </ns3:TrackPointExtension>
        </extensions>
      </trkpt>
      <trkpt lat="33.2014518789947032928466796875" lon="103.9012219570577144622802734375">
        <ele>2243.39990234375</ele>
        <time>2026-05-20T03:24:56.000Z</time>
        <extensions>
          <ns3:TrackPointExtension>
            <ns3:hr>84</ns3:hr>
          </ns3:TrackPointExtension>
        </extensions>
      </trkpt>
      <trkpt lat="33.201458752155303955078125" lon="103.9012296684086322784423828125">
        <ele>2243.39990234375</ele>
        <time>2026-05-20T03:24:57.000Z</time>
        <extensions>
          <ns3:TrackPointExtension>
            <ns3:hr>85</ns3:hr>
          </ns3:TrackPointExtension>
        </extensions>
      </trkpt>
      <trkpt lat="33.20146939717233180999755859375" lon="103.90123276971280574798583984375">
        <ele>2243.39990234375</ele>
        <time>2026-05-20T03:24:58.000Z</time>
        <extensions>
          <ns3:TrackPointExtension>
            <ns3:hr>83</ns3:hr>
          </ns3:TrackPointExtension>
        </extensions>
      </trkpt>
      <trkpt lat="33.20149487815797328948974609375" lon="103.90124668367207050323486328125">
        <ele>2243.199951171875</ele>
        <time>2026-05-20T03:25:01.000Z</time>
        <extensions>
          <ns3:TrackPointExtension>
            <ns3:hr>81</ns3:hr>
          </ns3:TrackPointExtension>
        </extensions>
      </trkpt>
      <trkpt lat="33.20151507854461669921875" lon="103.90125087462365627288818359375">
        <ele>2243</ele>
        <time>2026-05-20T03:25:03.000Z</time>
        <extensions>
          <ns3:TrackPointExtension>
            <ns3:hr>83</ns3:hr>
          </ns3:TrackPointExtension>
        </extensions>
      </trkpt>
      <trkpt lat="33.2015544734895229339599609375" lon="103.90127048827707767486572265625">
        <ele>2242.800048828125</ele>
        <time>2026-05-20T03:25:08.000Z</time>
        <extensions>
          <ns3:TrackPointExtension>
            <ns3:hr>83</ns3:hr>
          </ns3:TrackPointExtension>
        </extensions>
      </trkpt>
      <trkpt lat="33.20157207548618316650390625" lon="103.9012782834470272064208984375">
        <ele>2242.60009765625</ele>
        <time>2026-05-20T03:25:14.000Z</time>
        <extensions>
          <ns3:TrackPointExtension>
            <ns3:hr>82</ns3:hr>
          </ns3:TrackPointExtension>
        </extensions>
      </trkpt>
      <trkpt lat="33.2015672139823436737060546875" lon="103.90129345469176769256591796875">
        <ele>2243</ele>
        <time>2026-05-20T03:25:19.000Z</time>
        <extensions>
          <ns3:TrackPointExtension>
            <ns3:hr>82</ns3:hr>
          </ns3:TrackPointExtension>
        </extensions>
      </trkpt>
      <trkpt lat="33.20160233415663242340087890625" lon="103.901331759989261627197265625">
        <ele>2243.60009765625</ele>
        <time>2026-05-20T03:25:26.000Z</time>
        <extensions>
          <ns3:TrackPointExtension>
            <ns3:hr>82</ns3:hr>
          </ns3:TrackPointExtension>
        </extensions>
      </trkpt>
      <trkpt lat="33.20165161974728107452392578125" lon="103.90134709887206554412841796875">
        <ele>2243.39990234375</ele>
        <time>2026-05-20T03:25:31.000Z</time>
        <extensions>
          <ns3:TrackPointExtension>
            <ns3:hr>79</ns3:hr>
          </ns3:TrackPointExtension>
        </extensions>
      </trkpt>
      <trkpt lat="33.20167156867682933807373046875" lon="103.90135489404201507568359375">
        <ele>2243.39990234375</ele>
        <time>2026-05-20T03:25:33.000Z</time>
        <extensions>
          <ns3:TrackPointExtension>
            <ns3:hr>80</ns3:hr>
          </ns3:TrackPointExtension>
        </extensions>
      </trkpt>
      <trkpt lat="33.20171649567782878875732421875" lon="103.90137140639126300811767578125">
        <ele>2243.39990234375</ele>
        <time>2026-05-20T03:25:40.000Z</time>
        <extensions>
          <ns3:TrackPointExtension>
            <ns3:hr>84</ns3:hr>
          </ns3:TrackPointExtension>
        </extensions>
      </trkpt>
      <trkpt lat="33.20172688923776149749755859375" lon="103.901374340057373046875">
        <ele>2243.199951171875</ele>
        <time>2026-05-20T03:25:42.000Z</time>
        <extensions>
          <ns3:TrackPointExtension>
            <ns3:hr>81</ns3:hr>
          </ns3:TrackPointExtension>
        </extensions>
      </trkpt>
      <trkpt lat="33.20174264721572399139404296875" lon="103.9013885892927646636962890625">
        <ele>2243.39990234375</ele>
        <time>2026-05-20T03:25:45.000Z</time>
        <extensions>
          <ns3:TrackPointExtension>
            <ns3:hr>84</ns3:hr>
          </ns3:TrackPointExtension>
        </extensions>
      </trkpt>
      <trkpt lat="33.20175119675695896148681640625" lon="103.90139085240662097930908203125">
        <ele>2243.39990234375</ele>
        <time>2026-05-20T03:25:47.000Z</time>
        <extensions>
          <ns3:TrackPointExtension>
            <ns3:hr>85</ns3:hr>
          </ns3:TrackPointExtension>
        </extensions>
      </trkpt>
      <trkpt lat="33.201829232275485992431640625" lon="103.901393450796604156494140625">
        <ele>2241.39990234375</ele>
        <time>2026-05-20T03:25:55.000Z</time>
        <extensions>
          <ns3:TrackPointExtension>
            <ns3:hr>86</ns3:hr>
          </ns3:TrackPointExtension>
        </extensions>
      </trkpt>
      <trkpt lat="33.201880194246768951416015625" lon="103.9014003239572048187255859375">
        <ele>2241</ele>
        <time>2026-05-20T03:26:00.000Z</time>
        <extensions>
          <ns3:TrackPointExtension>
            <ns3:hr>85</ns3:hr>
          </ns3:TrackPointExtension>
        </extensions>
      </trkpt>
      <trkpt lat="33.20196979679167270660400390625" lon="103.9014268107712268829345703125">
        <ele>2243.800048828125</ele>
        <time>2026-05-20T03:26:08.000Z</time>
        <extensions>
          <ns3:TrackPointExtension>
            <ns3:hr>85</ns3:hr>
          </ns3:TrackPointExtension>
        </extensions>
      </trkpt>
      <trkpt lat="33.20203836075961589813232421875" lon="103.9014239609241485595703125">
        <ele>2244.800048828125</ele>
        <time>2026-05-20T03:26:14.000Z</time>
        <extensions>
          <ns3:TrackPointExtension>
            <ns3:hr>85</ns3:hr>
          </ns3:TrackPointExtension>
        </extensions>
      </trkpt>
      <trkpt lat="33.2020966149866580963134765625" lon="103.9014110527932643890380859375">
        <ele>2246.199951171875</ele>
        <time>2026-05-20T03:26:21.000Z</time>
        <extensions>
          <ns3:TrackPointExtension>
            <ns3:hr>86</ns3:hr>
          </ns3:TrackPointExtension>
        </extensions>
      </trkpt>
      <trkpt lat="33.20215352810919284820556640625" lon="103.9013614319264888763427734375">
        <ele>2247</ele>
        <time>2026-05-20T03:26:27.000Z</time>
        <extensions>
          <ns3:TrackPointExtension>
            <ns3:hr>89</ns3:hr>
          </ns3:TrackPointExtension>
        </extensions>
      </trkpt>
      <trkpt lat="33.2021660171449184417724609375" lon="103.90135011635720729827880859375">
        <ele>2247.199951171875</ele>
        <time>2026-05-20T03:26:28.000Z</time>
        <extensions>
          <ns3:TrackPointExtension>
            <ns3:hr>88</ns3:hr>
          </ns3:TrackPointExtension>
        </extensions>
      </trkpt>
      <trkpt lat="33.202175907790660858154296875" lon="103.9013507030904293060302734375">
        <ele>2247.60009765625</ele>
        <time>2026-05-20T03:26:32.000Z</time>
        <extensions>
          <ns3:TrackPointExtension>
            <ns3:hr>91</ns3:hr>
          </ns3:TrackPointExtension>
        </extensions>
      </trkpt>
      <trkpt lat="33.202191330492496490478515625" lon="103.90133888460695743560791015625">
        <ele>2247.800048828125</ele>
        <time>2026-05-20T03:26:34.000Z</time>
        <extensions>
          <ns3:TrackPointExtension>
            <ns3:hr>92</ns3:hr>
          </ns3:TrackPointExtension>
        </extensions>
      </trkpt>
      <trkpt lat="33.20221806876361370086669921875" lon="103.90131390653550624847412109375">
        <ele>2248.199951171875</ele>
        <time>2026-05-20T03:26:37.000Z</time>
        <extensions>
          <ns3:TrackPointExtension>
            <ns3:hr>95</ns3:hr>
          </ns3:TrackPointExtension>
        </extensions>
      </trkpt>
      <trkpt lat="33.20223181508481502532958984375" lon="103.90130661427974700927734375">
        <ele>2248.199951171875</ele>
        <time>2026-05-20T03:26:38.000Z</time>
        <extensions>
          <ns3:TrackPointExtension>
            <ns3:hr>96</ns3:hr>
          </ns3:TrackPointExtension>
        </extensions>
      </trkpt>
      <trkpt lat="33.202265091240406036376953125" lon="103.9012994058430194854736328125">
        <ele>2248.60009765625</ele>
        <time>2026-05-20T03:26:41.000Z</time>
        <extensions>
          <ns3:TrackPointExtension>
            <ns3:hr>98</ns3:hr>
          </ns3:TrackPointExtension>
        </extensions>
      </trkpt>
      <trkpt lat="33.20228579454123973846435546875" lon="103.9012863300740718841552734375">
        <ele>2248.39990234375</ele>
        <time>2026-05-20T03:26:48.000Z</time>
        <extensions>
          <ns3:TrackPointExtension>
            <ns3:hr>99</ns3:hr>
          </ns3:TrackPointExtension>
        </extensions>
      </trkpt>
      <trkpt lat="33.2023075036704540252685546875" lon="103.901264704763889312744140625">
        <ele>2247.800048828125</ele>
        <time>2026-05-20T03:26:55.000Z</time>
        <extensions>
          <ns3:TrackPointExtension>
            <ns3:hr>97</ns3:hr>
          </ns3:TrackPointExtension>
        </extensions>
      </trkpt>
      <trkpt lat="33.20231798104941844940185546875" lon="103.9012749306857585906982421875">
        <ele>2248.39990234375</ele>
        <time>2026-05-20T03:26:59.000Z</time>
        <extensions>
          <ns3:TrackPointExtension>
            <ns3:hr>94</ns3:hr>
          </ns3:TrackPointExtension>
        </extensions>
      </trkpt>
      <trkpt lat="33.2023209147155284881591796875" lon="103.90126914717257022857666015625">
        <ele>2248.199951171875</ele>
        <time>2026-05-20T03:27:02.000Z</time>
        <extensions>
          <ns3:TrackPointExtension>
            <ns3:hr>93</ns3:hr>
          </ns3:TrackPointExtension>
        </extensions>
      </trkpt>
      <trkpt lat="33.2023443840444087982177734375" lon="103.90123880468308925628662109375">
        <ele>2247.39990234375</ele>
        <time>2026-05-20T03:27:11.000Z</time>
        <extensions>
          <ns3:TrackPointExtension>
            <ns3:hr>93</ns3:hr>
          </ns3:TrackPointExtension>
        </extensions>
      </trkpt>
      <trkpt lat="33.20240532048046588897705078125" lon="103.901189267635345458984375">
        <ele>2247.39990234375</ele>
        <time>2026-05-20T03:27:15.000Z</time>
        <extensions>
          <ns3:TrackPointExtension>
            <ns3:hr>93</ns3:hr>
          </ns3:TrackPointExtension>
        </extensions>
      </trkpt>
      <trkpt lat="33.2024352438747882843017578125" lon="103.90116445720195770263671875">
        <ele>2247</ele>
        <time>2026-05-20T03:27:17.000Z</time>
        <extensions>
          <ns3:TrackPointExtension>
            <ns3:hr>93</ns3:hr>
          </ns3:TrackPointExtension>
        </extensions>
      </trkpt>
      <trkpt lat="33.20251378230750560760498046875" lon="103.9011052809655666351318359375">
        <ele>2245.800048828125</ele>
        <time>2026-05-20T03:27:24.000Z</time>
        <extensions>
          <ns3:TrackPointExtension>
            <ns3:hr>94</ns3:hr>
          </ns3:TrackPointExtension>
        </extensions>
      </trkpt>
      <trkpt lat="33.20260941982269287109375" lon="103.90104635618627071380615234375">
        <ele>2243.800048828125</ele>
        <time>2026-05-20T03:27:33.000Z</time>
        <extensions>
          <ns3:TrackPointExtension>
            <ns3:hr>94</ns3:hr>
          </ns3:TrackPointExtension>
        </extensions>
      </trkpt>
      <trkpt lat="33.202676139771938323974609375" lon="103.90095499344170093536376953125">
        <ele>2240.60009765625</ele>
        <time>2026-05-20T03:27:42.000Z</time>
        <extensions>
          <ns3:TrackPointExtension>
            <ns3:hr>93</ns3:hr>
          </ns3:TrackPointExtension>
        </extensions>
      </trkpt>
      <trkpt lat="33.20269525051116943359375" lon="103.9009188674390316009521484375">
        <ele>2239.60009765625</ele>
        <time>2026-05-20T03:27:45.000Z</time>
        <extensions>
          <ns3:TrackPointExtension>
            <ns3:hr>90</ns3:hr>
          </ns3:TrackPointExtension>
        </extensions>
      </trkpt>
      <trkpt lat="33.20270438678562641143798828125" lon="103.900893218815326690673828125">
        <ele>2239.199951171875</ele>
        <time>2026-05-20T03:27:47.000Z</time>
        <extensions>
          <ns3:TrackPointExtension>
            <ns3:hr>94</ns3:hr>
          </ns3:TrackPointExtension>
        </extensions>
      </trkpt>
      <trkpt lat="33.2027366571128368377685546875" lon="103.90089648775756359100341796875">
        <ele>2238.800048828125</ele>
        <time>2026-05-20T03:27:51.000Z</time>
        <extensions>
          <ns3:TrackPointExtension>
            <ns3:hr>94</ns3:hr>
          </ns3:TrackPointExtension>
        </extensions>
      </trkpt>
      <trkpt lat="33.20280061103403568267822265625" lon="103.90088089741766452789306640625">
        <ele>2238</ele>
        <time>2026-05-20T03:27:57.000Z</time>
        <extensions>
          <ns3:TrackPointExtension>
            <ns3:hr>92</ns3:hr>
          </ns3:TrackPointExtension>
        </extensions>
      </trkpt>
      <trkpt lat="33.202820979058742523193359375" lon="103.9008679054677486419677734375">
        <ele>2237.60009765625</ele>
        <time>2026-05-20T03:28:04.000Z</time>
        <extensions>
          <ns3:TrackPointExtension>
            <ns3:hr>93</ns3:hr>
          </ns3:TrackPointExtension>
        </extensions>
      </trkpt>
      <trkpt lat="33.2028238289058208465576171875" lon="103.90087100677192211151123046875">
        <ele>2237.60009765625</ele>
        <time>2026-05-20T03:28:06.000Z</time>
        <extensions>
          <ns3:TrackPointExtension>
            <ns3:hr>90</ns3:hr>
          </ns3:TrackPointExtension>
        </extensions>
      </trkpt>
      <trkpt lat="33.2028422690927982330322265625" lon="103.900888524949550628662109375">
        <ele>2237.60009765625</ele>
        <time>2026-05-20T03:28:11.000Z</time>
        <extensions>
          <ns3:TrackPointExtension>
            <ns3:hr>90</ns3:hr>
          </ns3:TrackPointExtension>
        </extensions>
      </trkpt>
      <trkpt lat="33.20284067653119564056396484375" lon="103.90089028514921665191650390625">
        <ele>2237.60009765625</ele>
        <time>2026-05-20T03:28:19.000Z</time>
        <extensions>
          <ns3:TrackPointExtension>
            <ns3:hr>91</ns3:hr>
          </ns3:TrackPointExtension>
        </extensions>
      </trkpt>
      <trkpt lat="33.2028908841311931610107421875" lon="103.90090956352651119232177734375">
        <ele>2237.39990234375</ele>
        <time>2026-05-20T03:28:52.000Z</time>
        <extensions>
          <ns3:TrackPointExtension>
            <ns3:hr>88</ns3:hr>
          </ns3:TrackPointExtension>
        </extensions>
      </trkpt>
      <trkpt lat="33.202896751463413238525390625" lon="103.90090956352651119232177734375">
        <ele>2237.39990234375</ele>
        <time>2026-05-20T03:28:55.000Z</time>
        <extensions>
          <ns3:TrackPointExtension>
            <ns3:hr>85</ns3:hr>
          </ns3:TrackPointExtension>
        </extensions>
      </trkpt>
      <trkpt lat="33.20289909839630126953125" lon="103.90090956352651119232177734375">
        <ele>2237.199951171875</ele>
        <time>2026-05-20T03:28:56.000Z</time>
        <extensions>
          <ns3:TrackPointExtension>
            <ns3:hr>82</ns3:hr>
          </ns3:TrackPointExtension>
        </extensions>
      </trkpt>
      <trkpt lat="33.20290270261466503143310546875" lon="103.9009094797074794769287109375">
        <ele>2237.199951171875</ele>
        <time>2026-05-20T03:29:04.000Z</time>
        <extensions>
          <ns3:TrackPointExtension>
            <ns3:hr>79</ns3:hr>
          </ns3:TrackPointExtension>
        </extensions>
      </trkpt>
      <trkpt lat="33.20294612087309360504150390625" lon="103.9009473659098148345947265625">
        <ele>2237.39990234375</ele>
        <time>2026-05-20T03:29:17.000Z</time>
        <extensions>
          <ns3:TrackPointExtension>
            <ns3:hr>79</ns3:hr>
          </ns3:TrackPointExtension>
        </extensions>
      </trkpt>
      <trkpt lat="33.20298870094120502471923828125" lon="103.90097511000931262969970703125">
        <ele>2237.39990234375</ele>
        <time>2026-05-20T03:29:20.000Z</time>
        <extensions>
          <ns3:TrackPointExtension>
            <ns3:hr>78</ns3:hr>
          </ns3:TrackPointExtension>
        </extensions>
      </trkpt>
      <trkpt lat="33.20303563959896564483642578125" lon="103.90100511722266674041748046875">
        <ele>2236.800048828125</ele>
        <time>2026-05-20T03:29:24.000Z</time>
        <extensions>
          <ns3:TrackPointExtension>
            <ns3:hr>78</ns3:hr>
          </ns3:TrackPointExtension>
        </extensions>
      </trkpt>
      <trkpt lat="33.2030786387622356414794921875" lon="103.90105088241398334503173828125">
        <ele>2236.60009765625</ele>
        <time>2026-05-20T03:29:29.000Z</time>
        <extensions>
          <ns3:TrackPointExtension>
            <ns3:hr>81</ns3:hr>
          </ns3:TrackPointExtension>
        </extensions>
      </trkpt>
      <trkpt lat="33.20308073423802852630615234375" lon="103.90106697566807270050048828125">
        <ele>2237</ele>
        <time>2026-05-20T03:29:30.000Z</time>
        <extensions>
          <ns3:TrackPointExtension>
            <ns3:hr>79</ns3:hr>
          </ns3:TrackPointExtension>
        </extensions>
      </trkpt>
      <trkpt lat="33.2030900381505489349365234375" lon="103.90108843334019184112548828125">
        <ele>2237.199951171875</ele>
        <time>2026-05-20T03:29:33.000Z</time>
        <extensions>
          <ns3:TrackPointExtension>
            <ns3:hr>82</ns3:hr>
          </ns3:TrackPointExtension>
        </extensions>
      </trkpt>
      <trkpt lat="33.20310470648109912872314453125" lon="103.9011227153241634368896484375">
        <ele>2237.60009765625</ele>
        <time>2026-05-20T03:29:36.000Z</time>
        <extensions>
          <ns3:TrackPointExtension>
            <ns3:hr>84</ns3:hr>
          </ns3:TrackPointExtension>
        </extensions>
      </trkpt>
      <trkpt lat="33.2031403295695781707763671875" lon="103.9011572487652301788330078125">
        <ele>2237.60009765625</ele>
        <time>2026-05-20T03:29:41.000Z</time>
        <extensions>
          <ns3:TrackPointExtension>
            <ns3:hr>86</ns3:hr>
          </ns3:TrackPointExtension>
        </extensions>
      </trkpt>
      <trkpt lat="33.203178383409976959228515625" lon="103.90121382661163806915283203125">
        <ele>2237.800048828125</ele>
        <time>2026-05-20T03:29:47.000Z</time>
        <extensions>
          <ns3:TrackPointExtension>
            <ns3:hr>88</ns3:hr>
          </ns3:TrackPointExtension>
        </extensions>
      </trkpt>
      <trkpt lat="33.20322155021131038665771484375" lon="103.90123687684535980224609375">
        <ele>2237.199951171875</ele>
        <time>2026-05-20T03:29:51.000Z</time>
        <extensions>
          <ns3:TrackPointExtension>
            <ns3:hr>92</ns3:hr>
          </ns3:TrackPointExtension>
        </extensions>
      </trkpt>
      <trkpt lat="33.20323529653251171112060546875" lon="103.90123863704502582550048828125">
        <ele>2236.800048828125</ele>
        <time>2026-05-20T03:29:52.000Z</time>
        <extensions>
          <ns3:TrackPointExtension>
            <ns3:hr>92</ns3:hr>
          </ns3:TrackPointExtension>
        </extensions>
      </trkpt>
      <trkpt lat="33.20325323380529880523681640625" lon="103.90124802477657794952392578125">
        <ele>2236.60009765625</ele>
        <time>2026-05-20T03:29:53.000Z</time>
        <extensions>
          <ns3:TrackPointExtension>
            <ns3:hr>91</ns3:hr>
          </ns3:TrackPointExtension>
        </extensions>
      </trkpt>
      <trkpt lat="33.20326329208910465240478515625" lon="103.9012598432600498199462890625">
        <ele>2236.800048828125</ele>
        <time>2026-05-20T03:29:54.000Z</time>
        <extensions>
          <ns3:TrackPointExtension>
            <ns3:hr>91</ns3:hr>
          </ns3:TrackPointExtension>
        </extensions>
      </trkpt>
      <trkpt lat="33.2032979093492031097412109375" lon="103.90127769671380519866943359375">
        <ele>2236.800048828125</ele>
        <time>2026-05-20T03:29:56.000Z</time>
        <extensions>
          <ns3:TrackPointExtension>
            <ns3:hr>90</ns3:hr>
          </ns3:TrackPointExtension>
        </extensions>
      </trkpt>
      <trkpt lat="33.20331282913684844970703125" lon="103.9012806303799152374267578125">
        <ele>2236.60009765625</ele>
        <time>2026-05-20T03:29:57.000Z</time>
        <extensions>
          <ns3:TrackPointExtension>
            <ns3:hr>90</ns3:hr>
          </ns3:TrackPointExtension>
        </extensions>
      </trkpt>
      <trkpt lat="33.20334308780729770660400390625" lon="103.90127920545637607574462890625">
        <ele>2236.199951171875</ele>
        <time>2026-05-20T03:29:59.000Z</time>
        <extensions>
          <ns3:TrackPointExtension>
            <ns3:hr>87</ns3:hr>
          </ns3:TrackPointExtension>
        </extensions>
      </trkpt>
      <trkpt lat="33.2033448480069637298583984375" lon="103.90128138475120067596435546875">
        <ele>2236.199951171875</ele>
        <time>2026-05-20T03:30:00.000Z</time>
        <extensions>
          <ns3:TrackPointExtension>
            <ns3:hr>90</ns3:hr>
          </ns3:TrackPointExtension>
        </extensions>
      </trkpt>
      <trkpt lat="33.203362114727497100830078125" lon="103.90127434395253658294677734375">
        <ele>2235.800048828125</ele>
        <time>2026-05-20T03:30:03.000Z</time>
        <extensions>
          <ns3:TrackPointExtension>
            <ns3:hr>91</ns3:hr>
          </ns3:TrackPointExtension>
        </extensions>
      </trkpt>
      <trkpt lat="33.20335616357624530792236328125" lon="103.90131122432649135589599609375">
        <ele>2236.800048828125</ele>
        <time>2026-05-20T03:30:08.000Z</time>
        <extensions>
          <ns3:TrackPointExtension>
            <ns3:hr>90</ns3:hr>
          </ns3:TrackPointExtension>
        </extensions>
      </trkpt>
      <trkpt lat="33.2033510506153106689453125" lon="103.9013108052313327789306640625">
        <ele>2236.800048828125</ele>
        <time>2026-05-20T03:30:13.000Z</time>
        <extensions>
          <ns3:TrackPointExtension>
            <ns3:hr>90</ns3:hr>
          </ns3:TrackPointExtension>
        </extensions>
      </trkpt>
      <trkpt lat="33.20339840836822986602783203125" lon="103.90133854933083057403564453125">
        <ele>2236.800048828125</ele>
        <time>2026-05-20T03:30:22.000Z</time>
        <extensions>
          <ns3:TrackPointExtension>
            <ns3:hr>91</ns3:hr>
          </ns3:TrackPointExtension>
        </extensions>
      </trkpt>
      <trkpt lat="33.20345322601497173309326171875" lon="103.90137358568608760833740234375">
        <ele>2236.800048828125</ele>
        <time>2026-05-20T03:30:29.000Z</time>
        <extensions>
          <ns3:TrackPointExtension>
            <ns3:hr>91</ns3:hr>
          </ns3:TrackPointExtension>
        </extensions>
      </trkpt>
      <trkpt lat="33.203454315662384033203125" lon="103.901418261229991912841796875">
        <ele>2238</ele>
        <time>2026-05-20T03:30:34.000Z</time>
        <extensions>
          <ns3:TrackPointExtension>
            <ns3:hr>91</ns3:hr>
          </ns3:TrackPointExtension>
        </extensions>
      </trkpt>
      <trkpt lat="33.20346948690712451934814453125" lon="103.90142773278057575225830078125">
        <ele>2238</ele>
        <time>2026-05-20T03:30:37.000Z</time>
        <extensions>
          <ns3:TrackPointExtension>
            <ns3:hr>90</ns3:hr>
          </ns3:TrackPointExtension>
        </extensions>
      </trkpt>
      <trkpt lat="33.20349161513149738311767578125" lon="103.90141348354518413543701171875">
        <ele>2237.39990234375</ele>
        <time>2026-05-20T03:30:42.000Z</time>
        <extensions>
          <ns3:TrackPointExtension>
            <ns3:hr>90</ns3:hr>
          </ns3:TrackPointExtension>
        </extensions>
      </trkpt>
      <trkpt lat="33.20355649106204509735107421875" lon="103.9014576561748981475830078125">
        <ele>2237.60009765625</ele>
        <time>2026-05-20T03:30:48.000Z</time>
        <extensions>
          <ns3:TrackPointExtension>
            <ns3:hr>90</ns3:hr>
          </ns3:TrackPointExtension>
        </extensions>
      </trkpt>
      <trkpt lat="33.2036385498940944671630859375" lon="103.90151088126003742218017578125">
        <ele>2237.800048828125</ele>
        <time>2026-05-20T03:30:55.000Z</time>
        <extensions>
          <ns3:TrackPointExtension>
            <ns3:hr>92</ns3:hr>
          </ns3:TrackPointExtension>
        </extensions>
      </trkpt>
      <trkpt lat="33.2036569900810718536376953125" lon="103.9015223644673824310302734375">
        <ele>2237.800048828125</ele>
        <time>2026-05-20T03:30:57.000Z</time>
        <extensions>
          <ns3:TrackPointExtension>
            <ns3:hr>92</ns3:hr>
          </ns3:TrackPointExtension>
        </extensions>
      </trkpt>
      <trkpt lat="33.2036717422306537628173828125" lon="103.90154323540627956390380859375">
        <ele>2238.39990234375</ele>
        <time>2026-05-20T03:31:00.000Z</time>
        <extensions>
          <ns3:TrackPointExtension>
            <ns3:hr>93</ns3:hr>
          </ns3:TrackPointExtension>
        </extensions>
      </trkpt>
      <trkpt lat="33.20366327650845050811767578125" lon="103.9015097916126251220703125">
        <ele>2237.39990234375</ele>
        <time>2026-05-20T03:31:04.000Z</time>
        <extensions>
          <ns3:TrackPointExtension>
            <ns3:hr>93</ns3:hr>
          </ns3:TrackPointExtension>
        </extensions>
      </trkpt>
      <trkpt lat="33.20369328372180461883544921875" lon="103.90150954015552997589111328125">
        <ele>2237</ele>
        <time>2026-05-20T03:31:10.000Z</time>
        <extensions>
          <ns3:TrackPointExtension>
            <ns3:hr>92</ns3:hr>
          </ns3:TrackPointExtension>
        </extensions>
      </trkpt>
      <trkpt lat="33.20372614078223705291748046875" lon="103.90154155902564525604248046875">
        <ele>2237.39990234375</ele>
        <time>2026-05-20T03:31:16.000Z</time>
        <extensions>
          <ns3:TrackPointExtension>
            <ns3:hr>93</ns3:hr>
          </ns3:TrackPointExtension>
        </extensions>
      </trkpt>
      <trkpt lat="33.2037354446947574615478515625" lon="103.901545666158199310302734375">
        <ele>2237.39990234375</ele>
        <time>2026-05-20T03:31:17.000Z</time>
        <extensions>
          <ns3:TrackPointExtension>
            <ns3:hr>96</ns3:hr>
          </ns3:TrackPointExtension>
        </extensions>
      </trkpt>
      <trkpt lat="33.203738965094089508056640625" lon="103.90154876746237277984619140625">
        <ele>2237.60009765625</ele>
        <time>2026-05-20T03:31:18.000Z</time>
        <extensions>
          <ns3:TrackPointExtension>
            <ns3:hr>93</ns3:hr>
          </ns3:TrackPointExtension>
        </extensions>
      </trkpt>
      <trkpt lat="33.2037629373371601104736328125" lon="103.90155144967138767242431640625">
        <ele>2237.199951171875</ele>
        <time>2026-05-20T03:31:22.000Z</time>
        <extensions>
          <ns3:TrackPointExtension>
            <ns3:hr>95</ns3:hr>
          </ns3:TrackPointExtension>
        </extensions>
      </trkpt>
      <trkpt lat="33.20376075804233551025390625" lon="103.90155077911913394927978515625">
        <ele>2237.199951171875</ele>
        <time>2026-05-20T03:31:27.000Z</time>
        <extensions>
          <ns3:TrackPointExtension>
            <ns3:hr>95</ns3:hr>
          </ns3:TrackPointExtension>
        </extensions>
      </trkpt>
      <trkpt lat="33.20375296287238597869873046875" lon="103.90155714936554431915283203125">
        <ele>2237.60009765625</ele>
        <time>2026-05-20T03:31:36.000Z</time>
        <extensions>
          <ns3:TrackPointExtension>
            <ns3:hr>95</ns3:hr>
          </ns3:TrackPointExtension>
        </extensions>
      </trkpt>
      <trkpt lat="33.20375296287238597869873046875" lon="103.90155714936554431915283203125">
        <ele>2237.60009765625</ele>
        <time>2026-05-20T03:31:37.000Z</time>
        <extensions>
          <ns3:TrackPointExtension>
            <ns3:hr>98</ns3:hr>
          </ns3:TrackPointExtension>
        </extensions>
      </trkpt>
      <trkpt lat="33.20375296287238597869873046875" lon="103.90155714936554431915283203125">
        <ele>2237.60009765625</ele>
        <time>2026-05-20T03:31:43.000Z</time>
        <extensions>
          <ns3:TrackPointExtension>
            <ns3:hr>93</ns3:hr>
          </ns3:TrackPointExtension>
        </extensions>
      </trkpt>
      <trkpt lat="33.20375581271946430206298828125" lon="103.90155714936554431915283203125">
        <ele>2237.60009765625</ele>
        <time>2026-05-20T03:31:44.000Z</time>
        <extensions>
          <ns3:TrackPointExtension>
            <ns3:hr>96</ns3:hr>
          </ns3:TrackPointExtension>
        </extensions>
      </trkpt>
      <trkpt lat="33.20376612246036529541015625" lon="103.90154927037656307220458984375">
        <ele>2237.199951171875</ele>
        <time>2026-05-20T03:31:56.000Z</time>
        <extensions>
          <ns3:TrackPointExtension>
            <ns3:hr>93</ns3:hr>
          </ns3:TrackPointExtension>
        </extensions>
      </trkpt>
      <trkpt lat="33.20377073250710964202880859375" lon="103.90154222957789897918701171875">
        <ele>2236.800048828125</ele>
        <time>2026-05-20T03:32:05.000Z</time>
        <extensions>
          <ns3:TrackPointExtension>
            <ns3:hr>90</ns3:hr>
          </ns3:TrackPointExtension>
        </extensions>
      </trkpt>
      <trkpt lat="33.20378498174250125885009765625" lon="103.90152546577155590057373046875">
        <ele>2236.199951171875</ele>
        <time>2026-05-20T03:32:22.000Z</time>
        <extensions>
          <ns3:TrackPointExtension>
            <ns3:hr>93</ns3:hr>
          </ns3:TrackPointExtension>
        </extensions>
      </trkpt>
      <trkpt lat="33.20376788266003131866455078125" lon="103.9015243761241436004638671875">
        <ele>2236.39990234375</ele>
        <time>2026-05-20T03:32:44.000Z</time>
        <extensions>
          <ns3:TrackPointExtension>
            <ns3:hr>96</ns3:hr>
          </ns3:TrackPointExtension>
        </extensions>
      </trkpt>
      <trkpt lat="33.203767798840999603271484375" lon="103.90152521431446075439453125">
        <ele>2236.39990234375</ele>
        <time>2026-05-20T03:32:47.000Z</time>
        <extensions>
          <ns3:TrackPointExtension>
            <ns3:hr>93</ns3:hr>
          </ns3:TrackPointExtension>
        </extensions>
      </trkpt>
      <trkpt lat="33.20382337085902690887451171875" lon="103.90155999921262264251708984375">
        <ele>2236.60009765625</ele>
        <time>2026-05-20T03:32:58.000Z</time>
        <extensions>
          <ns3:TrackPointExtension>
            <ns3:hr>93</ns3:hr>
          </ns3:TrackPointExtension>
        </extensions>
      </trkpt>
      <trkpt lat="33.20390157401561737060546875" lon="103.901579864323139190673828125">
        <ele>2235.39990234375</ele>
        <time>2026-05-20T03:33:05.000Z</time>
        <extensions>
          <ns3:TrackPointExtension>
            <ns3:hr>95</ns3:hr>
          </ns3:TrackPointExtension>
        </extensions>
      </trkpt>
      <trkpt lat="33.20392579771578311920166015625" lon="103.90160911716520786285400390625">
        <ele>2236</ele>
        <time>2026-05-20T03:33:09.000Z</time>
        <extensions>
          <ns3:TrackPointExtension>
            <ns3:hr>92</ns3:hr>
          </ns3:TrackPointExtension>
        </extensions>
      </trkpt>
      <trkpt lat="33.2039382867515087127685546875" lon="103.90161263756453990936279296875">
        <ele>2235.800048828125</ele>
        <time>2026-05-20T03:33:10.000Z</time>
        <extensions>
          <ns3:TrackPointExtension>
            <ns3:hr>93</ns3:hr>
          </ns3:TrackPointExtension>
        </extensions>
      </trkpt>
      <trkpt lat="33.2039572298526763916015625" lon="103.9016224443912506103515625">
        <ele>2235.60009765625</ele>
        <time>2026-05-20T03:33:12.000Z</time>
        <extensions>
          <ns3:TrackPointExtension>
            <ns3:hr>94</ns3:hr>
          </ns3:TrackPointExtension>
        </extensions>
      </trkpt>
      <trkpt lat="33.20396519266068935394287109375" lon="103.9016309939324855804443359375">
        <ele>2235.800048828125</ele>
        <time>2026-05-20T03:33:14.000Z</time>
        <extensions>
          <ns3:TrackPointExtension>
            <ns3:hr>91</ns3:hr>
          </ns3:TrackPointExtension>
        </extensions>
      </trkpt>
      <trkpt lat="33.20397374220192432403564453125" lon="103.90164054930210113525390625">
        <ele>2235.800048828125</ele>
        <time>2026-05-20T03:33:16.000Z</time>
        <extensions>
          <ns3:TrackPointExtension>
            <ns3:hr>93</ns3:hr>
          </ns3:TrackPointExtension>
        </extensions>
      </trkpt>
      <trkpt lat="33.204012550413608551025390625" lon="103.90164130367338657379150390625">
        <ele>2234.800048828125</ele>
        <time>2026-05-20T03:33:20.000Z</time>
        <extensions>
          <ns3:TrackPointExtension>
            <ns3:hr>95</ns3:hr>
          </ns3:TrackPointExtension>
        </extensions>
      </trkpt>
      <trkpt lat="33.2040740735828876495361328125" lon="103.90166209079325199127197265625">
        <ele>2234</ele>
        <time>2026-05-20T03:33:28.000Z</time>
        <extensions>
          <ns3:TrackPointExtension>
            <ns3:hr>93</ns3:hr>
          </ns3:TrackPointExtension>
        </extensions>
      </trkpt>
      <trkpt lat="33.20409075357019901275634765625" lon="103.901658989489078521728515625">
        <ele>2233.39990234375</ele>
        <time>2026-05-20T03:33:33.000Z</time>
        <extensions>
          <ns3:TrackPointExtension>
            <ns3:hr>95</ns3:hr>
          </ns3:TrackPointExtension>
        </extensions>
      </trkpt>
      <trkpt lat="33.204092681407928466796875" lon="103.90165706165134906768798828125">
        <ele>2233.39990234375</ele>
        <time>2026-05-20T03:33:34.000Z</time>
        <extensions>
          <ns3:TrackPointExtension>
            <ns3:hr>92</ns3:hr>
          </ns3:TrackPointExtension>
        </extensions>
      </trkpt>
      <trkpt lat="33.20409460924565792083740234375" lon="103.90165689401328563690185546875">
        <ele>2233.199951171875</ele>
        <time>2026-05-20T03:33:40.000Z</time>
        <extensions>
          <ns3:TrackPointExtension>
            <ns3:hr>92</ns3:hr>
          </ns3:TrackPointExtension>
        </extensions>
      </trkpt>
      <trkpt lat="33.20409460924565792083740234375" lon="103.90165689401328563690185546875">
        <ele>2233.199951171875</ele>
        <time>2026-05-20T03:33:46.000Z</time>
        <extensions>
          <ns3:TrackPointExtension>
            <ns3:hr>89</ns3:hr>
          </ns3:TrackPointExtension>
        </extensions>
      </trkpt>
      <trkpt lat="33.20409460924565792083740234375" lon="103.90165974386036396026611328125">
        <ele>2233.39990234375</ele>
        <time>2026-05-20T03:33:56.000Z</time>
        <extensions>
          <ns3:TrackPointExtension>
            <ns3:hr>86</ns3:hr>
          </ns3:TrackPointExtension>
        </extensions>
      </trkpt>
      <trkpt lat="33.204095698893070220947265625" lon="103.90165974386036396026611328125">
        <ele>2233.39990234375</ele>
        <time>2026-05-20T03:33:59.000Z</time>
        <extensions>
          <ns3:TrackPointExtension>
            <ns3:hr>91</ns3:hr>
          </ns3:TrackPointExtension>
        </extensions>
      </trkpt>
      <trkpt lat="33.20412553846836090087890625" lon="103.90165572054684162139892578125">
        <ele>2232.199951171875</ele>
        <time>2026-05-20T03:34:01.000Z</time>
        <extensions>
          <ns3:TrackPointExtension>
            <ns3:hr>87</ns3:hr>
          </ns3:TrackPointExtension>
        </extensions>
      </trkpt>
      <trkpt lat="33.20415881462395191192626953125" lon="103.90165119431912899017333984375">
        <ele>2230.800048828125</ele>
        <time>2026-05-20T03:34:03.000Z</time>
        <extensions>
          <ns3:TrackPointExtension>
            <ns3:hr>86</ns3:hr>
          </ns3:TrackPointExtension>
        </extensions>
      </trkpt>
      <trkpt lat="33.2041766680777072906494140625" lon="103.90164465643465518951416015625">
        <ele>2229.800048828125</ele>
        <time>2026-05-20T03:34:05.000Z</time>
        <extensions>
          <ns3:TrackPointExtension>
            <ns3:hr>90</ns3:hr>
          </ns3:TrackPointExtension>
        </extensions>
      </trkpt>
      <trkpt lat="33.20420575328171253204345703125" lon="103.901657648384571075439453125">
        <ele>2229.199951171875</ele>
        <time>2026-05-20T03:34:10.000Z</time>
        <extensions>
          <ns3:TrackPointExtension>
            <ns3:hr>94</ns3:hr>
          </ns3:TrackPointExtension>
        </extensions>
      </trkpt>
      <trkpt lat="33.20421271026134490966796875" lon="103.901669047772884368896484375">
        <ele>2229.39990234375</ele>
        <time>2026-05-20T03:34:11.000Z</time>
        <extensions>
          <ns3:TrackPointExtension>
            <ns3:hr>97</ns3:hr>
          </ns3:TrackPointExtension>
        </extensions>
      </trkpt>
      <trkpt lat="33.2042125426232814788818359375" lon="103.90167114324867725372314453125">
        <ele>2229.60009765625</ele>
        <time>2026-05-20T03:34:12.000Z</time>
        <extensions>
          <ns3:TrackPointExtension>
            <ns3:hr>97</ns3:hr>
          </ns3:TrackPointExtension>
        </extensions>
      </trkpt>
      <trkpt lat="33.2042152248322963714599609375" lon="103.901679106056690216064453125">
        <ele>2229.800048828125</ele>
        <time>2026-05-20T03:34:14.000Z</time>
        <extensions>
          <ns3:TrackPointExtension>
            <ns3:hr>101</ns3:hr>
          </ns3:TrackPointExtension>
        </extensions>
      </trkpt>
      <trkpt lat="33.20421329699456691741943359375" lon="103.90167835168540477752685546875">
        <ele>2229.800048828125</ele>
        <time>2026-05-20T03:34:15.000Z</time>
        <extensions>
          <ns3:TrackPointExtension>
            <ns3:hr>105</ns3:hr>
          </ns3:TrackPointExtension>
        </extensions>
      </trkpt>
      <trkpt lat="33.20421145297586917877197265625" lon="103.90167868696153163909912109375">
        <ele>2229.800048828125</ele>
        <time>2026-05-20T03:34:16.000Z</time>
        <extensions>
          <ns3:TrackPointExtension>
            <ns3:hr>105</ns3:hr>
          </ns3:TrackPointExtension>
        </extensions>
      </trkpt>
      <trkpt lat="33.20419485680758953094482421875" lon="103.90168656595051288604736328125">
        <ele>2230.800048828125</ele>
        <time>2026-05-20T03:34:19.000Z</time>
        <extensions>
          <ns3:TrackPointExtension>
            <ns3:hr>102</ns3:hr>
          </ns3:TrackPointExtension>
        </extensions>
      </trkpt>
      <trkpt lat="33.2041957788169384002685546875" lon="103.9016894996166229248046875">
        <ele>2230.800048828125</ele>
        <time>2026-05-20T03:34:21.000Z</time>
        <extensions>
          <ns3:TrackPointExtension>
            <ns3:hr>100</ns3:hr>
          </ns3:TrackPointExtension>
        </extensions>
      </trkpt>
      <trkpt lat="33.20421136915683746337890625" lon="103.90166041441261768341064453125">
        <ele>2229.199951171875</ele>
        <time>2026-05-20T03:34:29.000Z</time>
        <extensions>
          <ns3:TrackPointExtension>
            <ns3:hr>100</ns3:hr>
          </ns3:TrackPointExtension>
        </extensions>
      </trkpt>
      <trkpt lat="33.2042095251381397247314453125" lon="103.90162772499024868011474609375">
        <ele>2228</ele>
        <time>2026-05-20T03:34:34.000Z</time>
        <extensions>
          <ns3:TrackPointExtension>
            <ns3:hr>97</ns3:hr>
          </ns3:TrackPointExtension>
        </extensions>
      </trkpt>
      <trkpt lat="33.20420977659523487091064453125" lon="103.90161867253482341766357421875">
        <ele>2227.800048828125</ele>
        <time>2026-05-20T03:34:35.000Z</time>
        <extensions>
          <ns3:TrackPointExtension>
            <ns3:hr>100</ns3:hr>
          </ns3:TrackPointExtension>
        </extensions>
      </trkpt>
      <trkpt lat="33.20420726202428340911865234375" lon="103.90160861425101757049560546875">
        <ele>2227.800048828125</ele>
        <time>2026-05-20T03:34:37.000Z</time>
        <extensions>
          <ns3:TrackPointExtension>
            <ns3:hr>103</ns3:hr>
          </ns3:TrackPointExtension>
        </extensions>
      </trkpt>
      <trkpt lat="33.2042028196156024932861328125" lon="103.901591598987579345703125">
        <ele>2227.60009765625</ele>
        <time>2026-05-20T03:34:39.000Z</time>
        <extensions>
          <ns3:TrackPointExtension>
            <ns3:hr>104</ns3:hr>
          </ns3:TrackPointExtension>
        </extensions>
      </trkpt>
      <trkpt lat="33.2042011432349681854248046875" lon="103.901542313396930694580078125">
        <ele>2226.60009765625</ele>
        <time>2026-05-20T03:34:42.000Z</time>
        <extensions>
          <ns3:TrackPointExtension>
            <ns3:hr>107</ns3:hr>
          </ns3:TrackPointExtension>
        </extensions>
      </trkpt>
      <trkpt lat="33.204196952283382415771484375" lon="103.9015216939151287078857421875">
        <ele>2226.39990234375</ele>
        <time>2026-05-20T03:34:46.000Z</time>
        <extensions>
          <ns3:TrackPointExtension>
            <ns3:hr>104</ns3:hr>
          </ns3:TrackPointExtension>
        </extensions>
      </trkpt>
      <trkpt lat="33.20417675189673900604248046875" lon="103.90151239000260829925537109375">
        <ele>2226.60009765625</ele>
        <time>2026-05-20T03:34:51.000Z</time>
        <extensions>
          <ns3:TrackPointExtension>
            <ns3:hr>105</ns3:hr>
          </ns3:TrackPointExtension>
        </extensions>
      </trkpt>
      <trkpt lat="33.2041686214506626129150390625" lon="103.901496045291423797607421875">
        <ele>2226.39990234375</ele>
        <time>2026-05-20T03:34:59.000Z</time>
        <extensions>
          <ns3:TrackPointExtension>
            <ns3:hr>104</ns3:hr>
          </ns3:TrackPointExtension>
        </extensions>
      </trkpt>
      <trkpt lat="33.20417515933513641357421875" lon="103.90147819183766841888427734375">
        <ele>2226.199951171875</ele>
        <time>2026-05-20T03:35:12.000Z</time>
        <extensions>
          <ns3:TrackPointExtension>
            <ns3:hr>105</ns3:hr>
          </ns3:TrackPointExtension>
        </extensions>
      </trkpt>
      <trkpt lat="33.20417658425867557525634765625" lon="103.90147819183766841888427734375">
        <ele>2226.199951171875</ele>
        <time>2026-05-20T03:35:30.000Z</time>
        <extensions>
          <ns3:TrackPointExtension>
            <ns3:hr>102</ns3:hr>
          </ns3:TrackPointExtension>
        </extensions>
      </trkpt>
      <trkpt lat="33.20417759008705615997314453125" lon="103.9014737494289875030517578125">
        <ele>2226</ele>
        <time>2026-05-20T03:35:41.000Z</time>
        <extensions>
          <ns3:TrackPointExtension>
            <ns3:hr>99</ns3:hr>
          </ns3:TrackPointExtension>
        </extensions>
      </trkpt>
      <trkpt lat="33.204178512096405029296875" lon="103.9014737494289875030517578125">
        <ele>2226</ele>
        <time>2026-05-20T03:35:44.000Z</time>
        <extensions>
          <ns3:TrackPointExtension>
            <ns3:hr>96</ns3:hr>
          </ns3:TrackPointExtension>
        </extensions>
      </trkpt>
      <trkpt lat="33.20417976938188076019287109375" lon="103.9014737494289875030517578125">
        <ele>2226</ele>
        <time>2026-05-20T03:35:48.000Z</time>
        <extensions>
          <ns3:TrackPointExtension>
            <ns3:hr>93</ns3:hr>
          </ns3:TrackPointExtension>
        </extensions>
      </trkpt>
      <trkpt lat="33.20418982766568660736083984375" lon="103.901503421366214752197265625">
        <ele>2226.199951171875</ele>
        <time>2026-05-20T03:36:06.000Z</time>
        <extensions>
          <ns3:TrackPointExtension>
            <ns3:hr>90</ns3:hr>
          </ns3:TrackPointExtension>
        </extensions>
      </trkpt>
      <trkpt lat="33.2042061723768711090087890625" lon="103.90155614353716373443603515625">
        <ele>2226.800048828125</ele>
        <time>2026-05-20T03:36:15.000Z</time>
        <extensions>
          <ns3:TrackPointExtension>
            <ns3:hr>89</ns3:hr>
          </ns3:TrackPointExtension>
        </extensions>
      </trkpt>
      <trkpt lat="33.20421136915683746337890625" lon="103.90158019959926605224609375">
        <ele>2227.199951171875</ele>
        <time>2026-05-20T03:36:21.000Z</time>
        <extensions>
          <ns3:TrackPointExtension>
            <ns3:hr>88</ns3:hr>
          </ns3:TrackPointExtension>
        </extensions>
      </trkpt>
      <trkpt lat="33.2042048312723636627197265625" lon="103.90158095397055149078369140625">
        <ele>2227.199951171875</ele>
        <time>2026-05-20T03:36:26.000Z</time>
        <extensions>
          <ns3:TrackPointExtension>
            <ns3:hr>90</ns3:hr>
          </ns3:TrackPointExtension>
        </extensions>
      </trkpt>
      <trkpt lat="33.2042048312723636627197265625" lon="103.90158095397055149078369140625">
        <ele>2227.199951171875</ele>
        <time>2026-05-20T03:36:31.000Z</time>
        <extensions>
          <ns3:TrackPointExtension>
            <ns3:hr>93</ns3:hr>
          </ns3:TrackPointExtension>
        </extensions>
      </trkpt>
      <trkpt lat="33.20420868694782257080078125" lon="103.90157123096287250518798828125">
        <ele>2227</ele>
        <time>2026-05-20T03:36:41.000Z</time>
        <extensions>
          <ns3:TrackPointExtension>
            <ns3:hr>90</ns3:hr>
          </ns3:TrackPointExtension>
        </extensions>
      </trkpt>
      <trkpt lat="33.20420960895717144012451171875" lon="103.90156368725001811981201171875">
        <ele>2226.800048828125</ele>
        <time>2026-05-20T03:36:45.000Z</time>
        <extensions>
          <ns3:TrackPointExtension>
            <ns3:hr>87</ns3:hr>
          </ns3:TrackPointExtension>
        </extensions>
      </trkpt>
      <trkpt lat="33.2042098604142665863037109375" lon="103.90156351961195468902587890625">
        <ele>2226.800048828125</ele>
        <time>2026-05-20T03:36:46.000Z</time>
        <extensions>
          <ns3:TrackPointExtension>
            <ns3:hr>90</ns3:hr>
          </ns3:TrackPointExtension>
        </extensions>
      </trkpt>
      <trkpt lat="33.20421002805233001708984375" lon="103.90156268142163753509521484375">
        <ele>2226.800048828125</ele>
        <time>2026-05-20T03:36:53.000Z</time>
        <extensions>
          <ns3:TrackPointExtension>
            <ns3:hr>94</ns3:hr>
          </ns3:TrackPointExtension>
        </extensions>
      </trkpt>
      <trkpt lat="33.20421128533780574798583984375" lon="103.90156251378357410430908203125">
        <ele>2226.800048828125</ele>
        <time>2026-05-20T03:36:55.000Z</time>
        <extensions>
          <ns3:TrackPointExtension>
            <ns3:hr>91</ns3:hr>
          </ns3:TrackPointExtension>
        </extensions>
      </trkpt>
      <trkpt lat="33.20422972552478313446044921875" lon="103.90155932866036891937255859375">
        <ele>2226.39990234375</ele>
        <time>2026-05-20T03:37:19.000Z</time>
        <extensions>
          <ns3:TrackPointExtension>
            <ns3:hr>88</ns3:hr>
          </ns3:TrackPointExtension>
        </extensions>
      </trkpt>
      <trkpt lat="33.2042309828102588653564453125" lon="103.90155899338424205780029296875">
        <ele>2226.39990234375</ele>
        <time>2026-05-20T03:37:22.000Z</time>
        <extensions>
          <ns3:TrackPointExtension>
            <ns3:hr>91</ns3:hr>
          </ns3:TrackPointExtension>
        </extensions>
      </trkpt>
      <trkpt lat="33.20423123426735401153564453125" lon="103.90155899338424205780029296875">
        <ele>2226.39990234375</ele>
        <time>2026-05-20T03:37:23.000Z</time>
        <extensions>
          <ns3:TrackPointExtension>
            <ns3:hr>88</ns3:hr>
          </ns3:TrackPointExtension>
        </extensions>
      </trkpt>
      <trkpt lat="33.20423307828605175018310546875" lon="103.90155798755586147308349609375">
        <ele>2226.39990234375</ele>
        <time>2026-05-20T03:37:27.000Z</time>
        <extensions>
          <ns3:TrackPointExtension>
            <ns3:hr>91</ns3:hr>
          </ns3:TrackPointExtension>
        </extensions>
      </trkpt>
      <trkpt lat="33.20423307828605175018310546875" lon="103.9015527069568634033203125">
        <ele>2226.199951171875</ele>
        <time>2026-05-20T03:37:31.000Z</time>
        <extensions>
          <ns3:TrackPointExtension>
            <ns3:hr>88</ns3:hr>
          </ns3:TrackPointExtension>
        </extensions>
      </trkpt>
      <trkpt lat="33.20423307828605175018310546875" lon="103.90155195258557796478271484375">
        <ele>2226.199951171875</ele>
        <time>2026-05-20T03:37:34.000Z</time>
        <extensions>
          <ns3:TrackPointExtension>
            <ns3:hr>85</ns3:hr>
          </ns3:TrackPointExtension>
        </extensions>
      </trkpt>
      <trkpt lat="33.2042346708476543426513671875" lon="103.90155144967138767242431640625">
        <ele>2226.199951171875</ele>
        <time>2026-05-20T03:37:39.000Z</time>
        <extensions>
          <ns3:TrackPointExtension>
            <ns3:hr>89</ns3:hr>
          </ns3:TrackPointExtension>
        </extensions>
      </trkpt>
      <trkpt lat="33.2042333297431468963623046875" lon="103.9015481807291507720947265625">
        <ele>2226.199951171875</ele>
        <time>2026-05-20T03:37:43.000Z</time>
        <extensions>
          <ns3:TrackPointExtension>
            <ns3:hr>86</ns3:hr>
          </ns3:TrackPointExtension>
        </extensions>
      </trkpt>
      <trkpt lat="33.20423274300992488861083984375" lon="103.90154709108173847198486328125">
        <ele>2226.199951171875</ele>
        <time>2026-05-20T03:37:45.000Z</time>
        <extensions>
          <ns3:TrackPointExtension>
            <ns3:hr>89</ns3:hr>
          </ns3:TrackPointExtension>
        </extensions>
      </trkpt>
      <trkpt lat="33.20423257537186145782470703125" lon="103.90154625289142131805419921875">
        <ele>2226.199951171875</ele>
        <time>2026-05-20T03:37:47.000Z</time>
        <extensions>
          <ns3:TrackPointExtension>
            <ns3:hr>92</ns3:hr>
          </ns3:TrackPointExtension>
        </extensions>
      </trkpt>
      <trkpt lat="33.20423240773379802703857421875" lon="103.9015428163111209869384765625">
        <ele>2226.199951171875</ele>
        <time>2026-05-20T03:37:54.000Z</time>
        <extensions>
          <ns3:TrackPointExtension>
            <ns3:hr>87</ns3:hr>
          </ns3:TrackPointExtension>
        </extensions>
      </trkpt>
      <trkpt lat="33.204232491552829742431640625" lon="103.9015419781208038330078125">
        <ele>2226</ele>
        <time>2026-05-20T03:37:55.000Z</time>
        <extensions>
          <ns3:TrackPointExtension>
            <ns3:hr>90</ns3:hr>
          </ns3:TrackPointExtension>
        </extensions>
      </trkpt>
      <trkpt lat="33.2042340002954006195068359375" lon="103.90154005028307437896728515625">
        <ele>2226</ele>
        <time>2026-05-20T03:38:00.000Z</time>
        <extensions>
          <ns3:TrackPointExtension>
            <ns3:hr>86</ns3:hr>
          </ns3:TrackPointExtension>
        </extensions>
      </trkpt>
      <trkpt lat="33.20423441939055919647216796875" lon="103.90154005028307437896728515625">
        <ele>2226</ele>
        <time>2026-05-20T03:38:02.000Z</time>
        <extensions>
          <ns3:TrackPointExtension>
            <ns3:hr>83</ns3:hr>
          </ns3:TrackPointExtension>
        </extensions>
      </trkpt>
      <trkpt lat="33.20425922982394695281982421875" lon="103.90161062590777873992919921875">
        <ele>2226.800048828125</ele>
        <time>2026-05-20T03:38:14.000Z</time>
        <extensions>
          <ns3:TrackPointExtension>
            <ns3:hr>82</ns3:hr>
          </ns3:TrackPointExtension>
        </extensions>
      </trkpt>
      <trkpt lat="33.20427599363029003143310546875" lon="103.90165974386036396026611328125">
        <ele>2227.39990234375</ele>
        <time>2026-05-20T03:38:18.000Z</time>
        <extensions>
          <ns3:TrackPointExtension>
            <ns3:hr>78</ns3:hr>
          </ns3:TrackPointExtension>
        </extensions>
      </trkpt>
      <trkpt lat="33.20427280850708484649658203125" lon="103.90166678465902805328369140625">
        <ele>2227.60009765625</ele>
        <time>2026-05-20T03:38:19.000Z</time>
        <extensions>
          <ns3:TrackPointExtension>
            <ns3:hr>81</ns3:hr>
          </ns3:TrackPointExtension>
        </extensions>
      </trkpt>
      <trkpt lat="33.20428404025733470916748046875" lon="103.90166326425969600677490234375">
        <ele>2227.39990234375</ele>
        <time>2026-05-20T03:38:20.000Z</time>
        <extensions>
          <ns3:TrackPointExtension>
            <ns3:hr>79</ns3:hr>
          </ns3:TrackPointExtension>
        </extensions>
      </trkpt>
      <trkpt lat="33.204316981136798858642578125" lon="103.9016725681722164154052734375">
        <ele>2227</ele>
        <time>2026-05-20T03:38:24.000Z</time>
        <extensions>
          <ns3:TrackPointExtension>
            <ns3:hr>79</ns3:hr>
          </ns3:TrackPointExtension>
        </extensions>
      </trkpt>
      <trkpt lat="33.2043178193271160125732421875" lon="103.90167533420026302337646484375">
        <ele>2227</ele>
        <time>2026-05-20T03:38:28.000Z</time>
        <extensions>
          <ns3:TrackPointExtension>
            <ns3:hr>78</ns3:hr>
          </ns3:TrackPointExtension>
        </extensions>
      </trkpt>
      <trkpt lat="33.20432444103062152862548828125" lon="103.9016735740005970001220703125">
        <ele>2226.800048828125</ele>
        <time>2026-05-20T03:38:36.000Z</time>
        <extensions>
          <ns3:TrackPointExtension>
            <ns3:hr>78</ns3:hr>
          </ns3:TrackPointExtension>
        </extensions>
      </trkpt>
      <trkpt lat="33.2043422944843769073486328125" lon="103.901672400534152984619140625">
        <ele>2226.39990234375</ele>
        <time>2026-05-20T03:38:43.000Z</time>
        <extensions>
          <ns3:TrackPointExtension>
            <ns3:hr>79</ns3:hr>
          </ns3:TrackPointExtension>
        </extensions>
      </trkpt>
      <trkpt lat="33.20440641604363918304443359375" lon="103.90165957622230052947998046875">
        <ele>2225.199951171875</ele>
        <time>2026-05-20T03:38:51.000Z</time>
        <extensions>
          <ns3:TrackPointExtension>
            <ns3:hr>81</ns3:hr>
          </ns3:TrackPointExtension>
        </extensions>
      </trkpt>
      <trkpt lat="33.20449492894113063812255859375" lon="103.901650607585906982421875">
        <ele>2223.800048828125</ele>
        <time>2026-05-20T03:38:59.000Z</time>
        <extensions>
          <ns3:TrackPointExtension>
            <ns3:hr>83</ns3:hr>
          </ns3:TrackPointExtension>
        </extensions>
      </trkpt>
      <trkpt lat="33.20449174381792545318603515625" lon="103.90165169723331928253173828125">
        <ele>2223.800048828125</ele>
        <time>2026-05-20T03:39:03.000Z</time>
        <extensions>
          <ns3:TrackPointExtension>
            <ns3:hr>82</ns3:hr>
          </ns3:TrackPointExtension>
        </extensions>
      </trkpt>
      <trkpt lat="33.20449073798954486846923828125" lon="103.901651613414287567138671875">
        <ele>2223.800048828125</ele>
        <time>2026-05-20T03:39:04.000Z</time>
        <extensions>
          <ns3:TrackPointExtension>
            <ns3:hr>85</ns3:hr>
          </ns3:TrackPointExtension>
        </extensions>
      </trkpt>
      <trkpt lat="33.20450448431074619293212890625" lon="103.90166074968874454498291015625">
        <ele>2223.800048828125</ele>
        <time>2026-05-20T03:39:06.000Z</time>
        <extensions>
          <ns3:TrackPointExtension>
            <ns3:hr>88</ns3:hr>
          </ns3:TrackPointExtension>
        </extensions>
      </trkpt>
      <trkpt lat="33.204512111842632293701171875" lon="103.90166963450610637664794921875">
        <ele>2223.800048828125</ele>
        <time>2026-05-20T03:39:07.000Z</time>
        <extensions>
          <ns3:TrackPointExtension>
            <ns3:hr>85</ns3:hr>
          </ns3:TrackPointExtension>
        </extensions>
      </trkpt>
      <trkpt lat="33.2045178115367889404296875" lon="103.9016655273735523223876953125">
        <ele>2223.800048828125</ele>
        <time>2026-05-20T03:39:10.000Z</time>
        <extensions>
          <ns3:TrackPointExtension>
            <ns3:hr>86</ns3:hr>
          </ns3:TrackPointExtension>
        </extensions>
      </trkpt>
      <trkpt lat="33.2045746408402919769287109375" lon="103.90170047990977764129638671875">
        <ele>2223.60009765625</ele>
        <time>2026-05-20T03:39:16.000Z</time>
        <extensions>
          <ns3:TrackPointExtension>
            <ns3:hr>88</ns3:hr>
          </ns3:TrackPointExtension>
        </extensions>
      </trkpt>
      <trkpt lat="33.20461797527968883514404296875" lon="103.901710622012615203857421875">
        <ele>2223.199951171875</ele>
        <time>2026-05-20T03:39:23.000Z</time>
        <extensions>
          <ns3:TrackPointExtension>
            <ns3:hr>86</ns3:hr>
          </ns3:TrackPointExtension>
        </extensions>
      </trkpt>
      <trkpt lat="33.2046349905431270599365234375" lon="103.90176552347838878631591796875">
        <ele>2223.800048828125</ele>
        <time>2026-05-20T03:39:28.000Z</time>
        <extensions>
          <ns3:TrackPointExtension>
            <ns3:hr>89</ns3:hr>
          </ns3:TrackPointExtension>
        </extensions>
      </trkpt>
      <trkpt lat="33.2046484015882015228271484375" lon="103.90176929533481597900390625">
        <ele>2223.800048828125</ele>
        <time>2026-05-20T03:39:29.000Z</time>
        <extensions>
          <ns3:TrackPointExtension>
            <ns3:hr>89</ns3:hr>
          </ns3:TrackPointExtension>
        </extensions>
      </trkpt>
      <trkpt lat="33.204689808189868927001953125" lon="103.90179201029241085052490234375">
        <ele>2223.39990234375</ele>
        <time>2026-05-20T03:39:33.000Z</time>
        <extensions>
          <ns3:TrackPointExtension>
            <ns3:hr>86</ns3:hr>
          </ns3:TrackPointExtension>
        </extensions>
      </trkpt>
      <trkpt lat="33.20469659753143787384033203125" lon="103.9017728157341480255126953125">
        <ele>2223.199951171875</ele>
        <time>2026-05-20T03:39:36.000Z</time>
        <extensions>
          <ns3:TrackPointExtension>
            <ns3:hr>88</ns3:hr>
          </ns3:TrackPointExtension>
        </extensions>
      </trkpt>
      <trkpt lat="33.20469005964696407318115234375" lon="103.9017243683338165283203125">
        <ele>2222.60009765625</ele>
        <time>2026-05-20T03:39:41.000Z</time>
        <extensions>
          <ns3:TrackPointExtension>
            <ns3:hr>91</ns3:hr>
          </ns3:TrackPointExtension>
        </extensions>
      </trkpt>
      <trkpt lat="33.20468301884829998016357421875" lon="103.9017164893448352813720703125">
        <ele>2222.39990234375</ele>
        <time>2026-05-20T03:39:42.000Z</time>
        <extensions>
          <ns3:TrackPointExtension>
            <ns3:hr>92</ns3:hr>
          </ns3:TrackPointExtension>
        </extensions>
      </trkpt>
      <trkpt lat="33.20466860197484493255615234375" lon="103.90170089900493621826171875">
        <ele>2222.39990234375</ele>
        <time>2026-05-20T03:39:44.000Z</time>
        <extensions>
          <ns3:TrackPointExtension>
            <ns3:hr>96</ns3:hr>
          </ns3:TrackPointExtension>
        </extensions>
      </trkpt>
      <trkpt lat="33.2046641595661640167236328125" lon="103.90169930644333362579345703125">
        <ele>2222.60009765625</ele>
        <time>2026-05-20T03:39:47.000Z</time>
        <extensions>
          <ns3:TrackPointExtension>
            <ns3:hr>91</ns3:hr>
          </ns3:TrackPointExtension>
        </extensions>
      </trkpt>
      <trkpt lat="33.20466290228068828582763671875" lon="103.90169955790042877197265625">
        <ele>2222.60009765625</ele>
        <time>2026-05-20T03:39:48.000Z</time>
        <extensions>
          <ns3:TrackPointExtension>
            <ns3:hr>94</ns3:hr>
          </ns3:TrackPointExtension>
        </extensions>
      </trkpt>
      <trkpt lat="33.2046564482152462005615234375" lon="103.901686482131481170654296875">
        <ele>2222.39990234375</ele>
        <time>2026-05-20T03:39:51.000Z</time>
        <extensions>
          <ns3:TrackPointExtension>
            <ns3:hr>97</ns3:hr>
          </ns3:TrackPointExtension>
        </extensions>
      </trkpt>
      <trkpt lat="33.20465904660522937774658203125" lon="103.9016873203217983245849609375">
        <ele>2222.39990234375</ele>
        <time>2026-05-20T03:39:53.000Z</time>
        <extensions>
          <ns3:TrackPointExtension>
            <ns3:hr>96</ns3:hr>
          </ns3:TrackPointExtension>
        </extensions>
      </trkpt>
      <trkpt lat="33.20466935634613037109375" lon="103.9016859792172908782958984375">
        <ele>2222.199951171875</ele>
        <time>2026-05-20T03:39:58.000Z</time>
        <extensions>
          <ns3:TrackPointExtension>
            <ns3:hr>98</ns3:hr>
          </ns3:TrackPointExtension>
        </extensions>
      </trkpt>
      <trkpt lat="33.20467296056449413299560546875" lon="103.9016863144934177398681640625">
        <ele>2222.199951171875</ele>
        <time>2026-05-20T03:40:00.000Z</time>
        <extensions>
          <ns3:TrackPointExtension>
            <ns3:hr>95</ns3:hr>
          </ns3:TrackPointExtension>
        </extensions>
      </trkpt>
      <trkpt lat="33.204669691622257232666015625" lon="103.901688158512115478515625">
        <ele>2222.199951171875</ele>
        <time>2026-05-20T03:40:04.000Z</time>
        <extensions>
          <ns3:TrackPointExtension>
            <ns3:hr>96</ns3:hr>
          </ns3:TrackPointExtension>
        </extensions>
      </trkpt>
      <trkpt lat="33.2046688534319400787353515625" lon="103.9016863144934177398681640625">
        <ele>2222.199951171875</ele>
        <time>2026-05-20T03:40:05.000Z</time>
        <extensions>
          <ns3:TrackPointExtension>
            <ns3:hr>93</ns3:hr>
          </ns3:TrackPointExtension>
        </extensions>
      </trkpt>
      <trkpt lat="33.20467614568769931793212890625" lon="103.901703916490077972412109375">
        <ele>2222.39990234375</ele>
        <time>2026-05-20T03:40:08.000Z</time>
        <extensions>
          <ns3:TrackPointExtension>
            <ns3:hr>96</ns3:hr>
          </ns3:TrackPointExtension>
        </extensions>
      </trkpt>
      <trkpt lat="33.20468008518218994140625" lon="103.90171070583164691925048828125">
        <ele>2222.39990234375</ele>
        <time>2026-05-20T03:40:09.000Z</time>
        <extensions>
          <ns3:TrackPointExtension>
            <ns3:hr>96</ns3:hr>
          </ns3:TrackPointExtension>
        </extensions>
      </trkpt>
      <trkpt lat="33.20470489561557769775390625" lon="103.90174305997788906097412109375">
        <ele>2222.60009765625</ele>
        <time>2026-05-20T03:40:16.000Z</time>
        <extensions>
          <ns3:TrackPointExtension>
            <ns3:hr>94</ns3:hr>
          </ns3:TrackPointExtension>
        </extensions>
      </trkpt>
      <trkpt lat="33.2047131098806858062744140625" lon="103.90179217793047428131103515625">
        <ele>2223.199951171875</ele>
        <time>2026-05-20T03:40:22.000Z</time>
        <extensions>
          <ns3:TrackPointExtension>
            <ns3:hr>93</ns3:hr>
          </ns3:TrackPointExtension>
        </extensions>
      </trkpt>
      <trkpt lat="33.20474638603627681732177734375" lon="103.90181514434516429901123046875">
        <ele>2223</ele>
        <time>2026-05-20T03:40:24.000Z</time>
        <extensions>
          <ns3:TrackPointExtension>
            <ns3:hr>92</ns3:hr>
          </ns3:TrackPointExtension>
        </extensions>
      </trkpt>
      <trkpt lat="33.20478561334311962127685546875" lon="103.90183475799858570098876953125">
        <ele>2222.800048828125</ele>
        <time>2026-05-20T03:40:27.000Z</time>
        <extensions>
          <ns3:TrackPointExtension>
            <ns3:hr>91</ns3:hr>
          </ns3:TrackPointExtension>
        </extensions>
      </trkpt>
      <trkpt lat="33.2047982700169086456298828125" lon="103.90185722149908542633056640625">
        <ele>2222.800048828125</ele>
        <time>2026-05-20T03:40:29.000Z</time>
        <extensions>
          <ns3:TrackPointExtension>
            <ns3:hr>90</ns3:hr>
          </ns3:TrackPointExtension>
        </extensions>
      </trkpt>
      <trkpt lat="33.20483573712408542633056640625" lon="103.90190298669040203094482421875">
        <ele>2223</ele>
        <time>2026-05-20T03:40:33.000Z</time>
        <extensions>
          <ns3:TrackPointExtension>
            <ns3:hr>89</ns3:hr>
          </ns3:TrackPointExtension>
        </extensions>
      </trkpt>
      <trkpt lat="33.2048571109771728515625" lon="103.90191036276519298553466796875">
        <ele>2222.800048828125</ele>
        <time>2026-05-20T03:40:36.000Z</time>
        <extensions>
          <ns3:TrackPointExtension>
            <ns3:hr>89</ns3:hr>
          </ns3:TrackPointExtension>
        </extensions>
      </trkpt>
      <trkpt lat="33.204879574477672576904296875" lon="103.901919834315776824951171875">
        <ele>2222.60009765625</ele>
        <time>2026-05-20T03:40:38.000Z</time>
        <extensions>
          <ns3:TrackPointExtension>
            <ns3:hr>86</ns3:hr>
          </ns3:TrackPointExtension>
        </extensions>
      </trkpt>
      <trkpt lat="33.20488787256181240081787109375" lon="103.9019260369241237640380859375">
        <ele>2222.60009765625</ele>
        <time>2026-05-20T03:40:39.000Z</time>
        <extensions>
          <ns3:TrackPointExtension>
            <ns3:hr>87</ns3:hr>
          </ns3:TrackPointExtension>
        </extensions>
      </trkpt>
      <trkpt lat="33.20490228943526744842529296875" lon="103.90193584375083446502685546875">
        <ele>2222.39990234375</ele>
        <time>2026-05-20T03:40:41.000Z</time>
        <extensions>
          <ns3:TrackPointExtension>
            <ns3:hr>90</ns3:hr>
          </ns3:TrackPointExtension>
        </extensions>
      </trkpt>
      <trkpt lat="33.20494285784661769866943359375" lon="103.901974149048328399658203125">
        <ele>2222.199951171875</ele>
        <time>2026-05-20T03:40:47.000Z</time>
        <extensions>
          <ns3:TrackPointExtension>
            <ns3:hr>90</ns3:hr>
          </ns3:TrackPointExtension>
        </extensions>
      </trkpt>
      <trkpt lat="33.2049630582332611083984375" lon="103.9019925892353057861328125">
        <ele>2222</ele>
        <time>2026-05-20T03:40:49.000Z</time>
        <extensions>
          <ns3:TrackPointExtension>
            <ns3:hr>89</ns3:hr>
          </ns3:TrackPointExtension>
        </extensions>
      </trkpt>
      <trkpt lat="33.204988203942775726318359375" lon="103.90199066139757633209228515625">
        <ele>2221.199951171875</ele>
        <time>2026-05-20T03:40:52.000Z</time>
        <extensions>
          <ns3:TrackPointExtension>
            <ns3:hr>89</ns3:hr>
          </ns3:TrackPointExtension>
        </extensions>
      </trkpt>
      <trkpt lat="33.2050624676048755645751953125" lon="103.90203709714114665985107421875">
        <ele>2220</ele>
        <time>2026-05-20T03:41:02.000Z</time>
        <extensions>
          <ns3:TrackPointExtension>
            <ns3:hr>88</ns3:hr>
          </ns3:TrackPointExtension>
        </extensions>
      </trkpt>
      <trkpt lat="33.205118961632251739501953125" lon="103.90204028226435184478759765625">
        <ele>2218.800048828125</ele>
        <time>2026-05-20T03:41:10.000Z</time>
        <extensions>
          <ns3:TrackPointExtension>
            <ns3:hr>87</ns3:hr>
          </ns3:TrackPointExtension>
        </extensions>
      </trkpt>
      <trkpt lat="33.205170929431915283203125" lon="103.90203424729406833648681640625">
        <ele>2217.39990234375</ele>
        <time>2026-05-20T03:41:17.000Z</time>
        <extensions>
          <ns3:TrackPointExtension>
            <ns3:hr>88</ns3:hr>
          </ns3:TrackPointExtension>
        </extensions>
      </trkpt>
      <trkpt lat="33.20516732521355152130126953125" lon="103.902028463780879974365234375">
        <ele>2217.39990234375</ele>
        <time>2026-05-20T03:41:23.000Z</time>
        <extensions>
          <ns3:TrackPointExtension>
            <ns3:hr>88</ns3:hr>
          </ns3:TrackPointExtension>
        </extensions>
      </trkpt>
      <trkpt lat="33.20516380481421947479248046875" lon="103.90206090174615383148193359375">
        <ele>2218</ele>
        <time>2026-05-20T03:41:31.000Z</time>
        <extensions>
          <ns3:TrackPointExtension>
            <ns3:hr>87</ns3:hr>
          </ns3:TrackPointExtension>
        </extensions>
      </trkpt>
      <trkpt lat="33.20516464300453662872314453125" lon="103.90207397751510143280029296875">
        <ele>2218.199951171875</ele>
        <time>2026-05-20T03:41:34.000Z</time>
        <extensions>
          <ns3:TrackPointExtension>
            <ns3:hr>84</ns3:hr>
          </ns3:TrackPointExtension>
        </extensions>
      </trkpt>
      <trkpt lat="33.205169923603534698486328125" lon="103.9020785875618457794189453125">
        <ele>2218.199951171875</ele>
        <time>2026-05-20T03:41:35.000Z</time>
        <extensions>
          <ns3:TrackPointExtension>
            <ns3:hr>87</ns3:hr>
          </ns3:TrackPointExtension>
        </extensions>
      </trkpt>
      <trkpt lat="33.20519397966563701629638671875" lon="103.902085460722446441650390625">
        <ele>2217.60009765625</ele>
        <time>2026-05-20T03:41:38.000Z</time>
        <extensions>
          <ns3:TrackPointExtension>
            <ns3:hr>88</ns3:hr>
          </ns3:TrackPointExtension>
        </extensions>
      </trkpt>
      <trkpt lat="33.2052203826606273651123046875" lon="103.9020953513681888580322265625">
        <ele>2217.60009765625</ele>
        <time>2026-05-20T03:41:44.000Z</time>
        <extensions>
          <ns3:TrackPointExtension>
            <ns3:hr>87</ns3:hr>
          </ns3:TrackPointExtension>
        </extensions>
      </trkpt>
      <trkpt lat="33.20522801019251346588134765625" lon="103.90209509991109371185302734375">
        <ele>2217.60009765625</ele>
        <time>2026-05-20T03:41:45.000Z</time>
        <extensions>
          <ns3:TrackPointExtension>
            <ns3:hr>83</ns3:hr>
          </ns3:TrackPointExtension>
        </extensions>
      </trkpt>
      <trkpt lat="33.2052404992282390594482421875" lon="103.9020946808159351348876953125">
        <ele>2217.60009765625</ele>
        <time>2026-05-20T03:41:46.000Z</time>
        <extensions>
          <ns3:TrackPointExtension>
            <ns3:hr>86</ns3:hr>
          </ns3:TrackPointExtension>
        </extensions>
      </trkpt>
      <trkpt lat="33.20525147952139377593994140625" lon="103.90209727920591831207275390625">
        <ele>2217.60009765625</ele>
        <time>2026-05-20T03:41:51.000Z</time>
        <extensions>
          <ns3:TrackPointExtension>
            <ns3:hr>84</ns3:hr>
          </ns3:TrackPointExtension>
        </extensions>
      </trkpt>
      <trkpt lat="33.205295987427234649658203125" lon="103.90210834331810474395751953125">
        <ele>2217.800048828125</ele>
        <time>2026-05-20T03:41:59.000Z</time>
        <extensions>
          <ns3:TrackPointExtension>
            <ns3:hr>83</ns3:hr>
          </ns3:TrackPointExtension>
        </extensions>
      </trkpt>
      <trkpt lat="33.2053340412676334381103515625" lon="103.90213449485599994659423828125">
        <ele>2218.199951171875</ele>
        <time>2026-05-20T03:42:06.000Z</time>
        <extensions>
          <ns3:TrackPointExtension>
            <ns3:hr>85</ns3:hr>
          </ns3:TrackPointExtension>
        </extensions>
      </trkpt>
      <trkpt lat="33.20535910315811634063720703125" lon="103.90214673243463039398193359375">
        <ele>2218.39990234375</ele>
        <time>2026-05-20T03:42:09.000Z</time>
        <extensions>
          <ns3:TrackPointExtension>
            <ns3:hr>82</ns3:hr>
          </ns3:TrackPointExtension>
        </extensions>
      </trkpt>
      <trkpt lat="33.2054168544709682464599609375" lon="103.90218310989439487457275390625">
        <ele>2218.800048828125</ele>
        <time>2026-05-20T03:42:13.000Z</time>
        <extensions>
          <ns3:TrackPointExtension>
            <ns3:hr>82</ns3:hr>
          </ns3:TrackPointExtension>
        </extensions>
      </trkpt>
      <trkpt lat="33.20548944175243377685546875" lon="103.90220339410006999969482421875">
        <ele>2219.199951171875</ele>
        <time>2026-05-20T03:42:19.000Z</time>
        <extensions>
          <ns3:TrackPointExtension>
            <ns3:hr>83</ns3:hr>
          </ns3:TrackPointExtension>
        </extensions>
      </trkpt>
      <trkpt lat="33.20549740456044673919677734375" lon="103.9022023044526576995849609375">
        <ele>2219.199951171875</ele>
        <time>2026-05-20T03:42:20.000Z</time>
        <extensions>
          <ns3:TrackPointExtension>
            <ns3:hr>84</ns3:hr>
          </ns3:TrackPointExtension>
        </extensions>
      </trkpt>
      <trkpt lat="33.20550645701587200164794921875" lon="103.90220624394714832305908203125">
        <ele>2219.199951171875</ele>
        <time>2026-05-20T03:42:21.000Z</time>
        <extensions>
          <ns3:TrackPointExtension>
            <ns3:hr>84</ns3:hr>
          </ns3:TrackPointExtension>
        </extensions>
      </trkpt>
      <trkpt lat="33.205535709857940673828125" lon="103.902212865650653839111328125">
        <ele>2219.39990234375</ele>
        <time>2026-05-20T03:42:24.000Z</time>
        <extensions>
          <ns3:TrackPointExtension>
            <ns3:hr>80</ns3:hr>
          </ns3:TrackPointExtension>
        </extensions>
      </trkpt>
      <trkpt lat="33.205560855567455291748046875" lon="103.90222468413412570953369140625">
        <ele>2219.800048828125</ele>
        <time>2026-05-20T03:42:26.000Z</time>
        <extensions>
          <ns3:TrackPointExtension>
            <ns3:hr>87</ns3:hr>
          </ns3:TrackPointExtension>
        </extensions>
      </trkpt>
      <trkpt lat="33.20557183586061000823974609375" lon="103.90222971327602863311767578125">
        <ele>2219.800048828125</ele>
        <time>2026-05-20T03:42:27.000Z</time>
        <extensions>
          <ns3:TrackPointExtension>
            <ns3:hr>85</ns3:hr>
          </ns3:TrackPointExtension>
        </extensions>
      </trkpt>
      <trkpt lat="33.20561022497713565826416015625" lon="103.9022448845207691192626953125">
        <ele>2220.199951171875</ele>
        <time>2026-05-20T03:42:32.000Z</time>
        <extensions>
          <ns3:TrackPointExtension>
            <ns3:hr>81</ns3:hr>
          </ns3:TrackPointExtension>
        </extensions>
      </trkpt>
      <trkpt lat="33.2056163437664508819580078125" lon="103.902253098785877227783203125">
        <ele>2220.39990234375</ele>
        <time>2026-05-20T03:42:33.000Z</time>
        <extensions>
          <ns3:TrackPointExtension>
            <ns3:hr>84</ns3:hr>
          </ns3:TrackPointExtension>
        </extensions>
      </trkpt>
      <trkpt lat="33.205683231353759765625" lon="103.9022795855998992919921875">
        <ele>2221</ele>
        <time>2026-05-20T03:42:40.000Z</time>
        <extensions>
          <ns3:TrackPointExtension>
            <ns3:hr>86</ns3:hr>
          </ns3:TrackPointExtension>
        </extensions>
      </trkpt>
      <trkpt lat="33.20571432821452617645263671875" lon="103.90231453813612461090087890625">
        <ele>2221.60009765625</ele>
        <time>2026-05-20T03:42:46.000Z</time>
        <extensions>
          <ns3:TrackPointExtension>
            <ns3:hr>86</ns3:hr>
          </ns3:TrackPointExtension>
        </extensions>
      </trkpt>
      <trkpt lat="33.2057521305978298187255859375" lon="103.90232392586767673492431640625">
        <ele>2221.800048828125</ele>
        <time>2026-05-20T03:42:53.000Z</time>
        <extensions>
          <ns3:TrackPointExtension>
            <ns3:hr>83</ns3:hr>
          </ns3:TrackPointExtension>
        </extensions>
      </trkpt>
      <trkpt lat="33.2057896815240383148193359375" lon="103.9023152925074100494384765625">
        <ele>2221.800048828125</ele>
        <time>2026-05-20T03:43:00.000Z</time>
        <extensions>
          <ns3:TrackPointExtension>
            <ns3:hr>83</ns3:hr>
          </ns3:TrackPointExtension>
        </extensions>
      </trkpt>
      <trkpt lat="33.205788843333721160888671875" lon="103.9023183099925518035888671875">
        <ele>2221.800048828125</ele>
        <time>2026-05-20T03:43:04.000Z</time>
        <extensions>
          <ns3:TrackPointExtension>
            <ns3:hr>80</ns3:hr>
          </ns3:TrackPointExtension>
        </extensions>
      </trkpt>
      <trkpt lat="33.20577786304056644439697265625" lon="103.90229878015816211700439453125">
        <ele>2221.39990234375</ele>
        <time>2026-05-20T03:43:07.000Z</time>
        <extensions>
          <ns3:TrackPointExtension>
            <ns3:hr>79</ns3:hr>
          </ns3:TrackPointExtension>
        </extensions>
      </trkpt>
      <trkpt lat="33.20578188635408878326416015625" lon="103.9022983610630035400390625">
        <ele>2221.39990234375</ele>
        <time>2026-05-20T03:43:10.000Z</time>
        <extensions>
          <ns3:TrackPointExtension>
            <ns3:hr>82</ns3:hr>
          </ns3:TrackPointExtension>
        </extensions>
      </trkpt>
      <trkpt lat="33.2058014161884784698486328125" lon="103.902305401861667633056640625">
        <ele>2221.60009765625</ele>
        <time>2026-05-20T03:43:13.000Z</time>
        <extensions>
          <ns3:TrackPointExtension>
            <ns3:hr>80</ns3:hr>
          </ns3:TrackPointExtension>
        </extensions>
      </trkpt>
      <trkpt lat="33.205807618796825408935546875" lon="103.9023045636713504791259765625">
        <ele>2221.60009765625</ele>
        <time>2026-05-20T03:43:14.000Z</time>
        <extensions>
          <ns3:TrackPointExtension>
            <ns3:hr>80</ns3:hr>
          </ns3:TrackPointExtension>
        </extensions>
      </trkpt>
      <trkpt lat="33.20580502040684223175048828125" lon="103.902273215353488922119140625">
        <ele>2221.199951171875</ele>
        <time>2026-05-20T03:43:17.000Z</time>
        <extensions>
          <ns3:TrackPointExtension>
            <ns3:hr>77</ns3:hr>
          </ns3:TrackPointExtension>
        </extensions>
      </trkpt>
      <trkpt lat="33.20580116473138332366943359375" lon="103.9022519253194332122802734375">
        <ele>2220.800048828125</ele>
        <time>2026-05-20T03:43:19.000Z</time>
        <extensions>
          <ns3:TrackPointExtension>
            <ns3:hr>81</ns3:hr>
          </ns3:TrackPointExtension>
        </extensions>
      </trkpt>
      <trkpt lat="33.20579261519014835357666015625" lon="103.9021758176386356353759765625">
        <ele>2219.800048828125</ele>
        <time>2026-05-20T03:43:25.000Z</time>
        <extensions>
          <ns3:TrackPointExtension>
            <ns3:hr>82</ns3:hr>
          </ns3:TrackPointExtension>
        </extensions>
      </trkpt>
      <trkpt lat="33.205807618796825408935546875" lon="103.9021322317421436309814453125">
        <ele>2219</ele>
        <time>2026-05-20T03:43:29.000Z</time>
        <extensions>
          <ns3:TrackPointExtension>
            <ns3:hr>82</ns3:hr>
          </ns3:TrackPointExtension>
        </extensions>
      </trkpt>
      <trkpt lat="33.20582044310867786407470703125" lon="103.902100883424282073974609375">
        <ele>2219</ele>
        <time>2026-05-20T03:43:32.000Z</time>
        <extensions>
          <ns3:TrackPointExtension>
            <ns3:hr>83</ns3:hr>
          </ns3:TrackPointExtension>
        </extensions>
      </trkpt>
      <trkpt lat="33.2058309204876422882080078125" lon="103.9020772464573383331298828125">
        <ele>2219</ele>
        <time>2026-05-20T03:43:34.000Z</time>
        <extensions>
          <ns3:TrackPointExtension>
            <ns3:hr>82</ns3:hr>
          </ns3:TrackPointExtension>
        </extensions>
      </trkpt>
      <trkpt lat="33.20583636872470378875732421875" lon="103.90205360949039459228515625">
        <ele>2218.800048828125</ele>
        <time>2026-05-20T03:43:36.000Z</time>
        <extensions>
          <ns3:TrackPointExtension>
            <ns3:hr>82</ns3:hr>
          </ns3:TrackPointExtension>
        </extensions>
      </trkpt>
      <trkpt lat="33.2058302499353885650634765625" lon="103.90197004191577434539794921875">
        <ele>2218.199951171875</ele>
        <time>2026-05-20T03:43:42.000Z</time>
        <extensions>
          <ns3:TrackPointExtension>
            <ns3:hr>84</ns3:hr>
          </ns3:TrackPointExtension>
        </extensions>
      </trkpt>
      <trkpt lat="33.2058423198759555816650390625" lon="103.90192343853414058685302734375">
        <ele>2218</ele>
        <time>2026-05-20T03:43:45.000Z</time>
        <extensions>
          <ns3:TrackPointExtension>
            <ns3:hr>87</ns3:hr>
          </ns3:TrackPointExtension>
        </extensions>
      </trkpt>
      <trkpt lat="33.20585078559815883636474609375" lon="103.90190851874649524688720703125">
        <ele>2218</ele>
        <time>2026-05-20T03:43:46.000Z</time>
        <extensions>
          <ns3:TrackPointExtension>
            <ns3:hr>84</ns3:hr>
          </ns3:TrackPointExtension>
        </extensions>
      </trkpt>
      <trkpt lat="33.20586017332971096038818359375" lon="103.9018747396767139434814453125">
        <ele>2217.800048828125</ele>
        <time>2026-05-20T03:43:49.000Z</time>
        <extensions>
          <ns3:TrackPointExtension>
            <ns3:hr>83</ns3:hr>
          </ns3:TrackPointExtension>
        </extensions>
      </trkpt>
      <trkpt lat="33.205884061753749847412109375" lon="103.90182771719992160797119140625">
        <ele>2216.800048828125</ele>
        <time>2026-05-20T03:43:54.000Z</time>
        <extensions>
          <ns3:TrackPointExtension>
            <ns3:hr>85</ns3:hr>
          </ns3:TrackPointExtension>
        </extensions>
      </trkpt>
      <trkpt lat="33.2058942876756191253662109375" lon="103.90178672969341278076171875">
        <ele>2216.199951171875</ele>
        <time>2026-05-20T03:43:58.000Z</time>
        <extensions>
          <ns3:TrackPointExtension>
            <ns3:hr>82</ns3:hr>
          </ns3:TrackPointExtension>
        </extensions>
      </trkpt>
      <trkpt lat="33.20590996183454990386962890625" lon="103.9017404615879058837890625">
        <ele>2216.199951171875</ele>
        <time>2026-05-20T03:44:01.000Z</time>
        <extensions>
          <ns3:TrackPointExtension>
            <ns3:hr>81</ns3:hr>
          </ns3:TrackPointExtension>
        </extensions>
      </trkpt>
      <trkpt lat="33.2059258036315441131591796875" lon="103.9017064310610294342041015625">
        <ele>2216.199951171875</ele>
        <time>2026-05-20T03:44:03.000Z</time>
        <extensions>
          <ns3:TrackPointExtension>
            <ns3:hr>76</ns3:hr>
          </ns3:TrackPointExtension>
        </extensions>
      </trkpt>
      <trkpt lat="33.20594198070466518402099609375" lon="103.90163476578891277313232421875">
        <ele>2216.199951171875</ele>
        <time>2026-05-20T03:44:09.000Z</time>
        <extensions>
          <ns3:TrackPointExtension>
            <ns3:hr>80</ns3:hr>
          </ns3:TrackPointExtension>
        </extensions>
      </trkpt>
      <trkpt lat="33.20595203898847103118896484375" lon="103.90160760842263698577880859375">
        <ele>2216</ele>
        <time>2026-05-20T03:44:11.000Z</time>
        <extensions>
          <ns3:TrackPointExtension>
            <ns3:hr>80</ns3:hr>
          </ns3:TrackPointExtension>
        </extensions>
      </trkpt>
      <trkpt lat="33.205975592136383056640625" lon="103.90156502835452556610107421875">
        <ele>2215.60009765625</ele>
        <time>2026-05-20T03:44:15.000Z</time>
        <extensions>
          <ns3:TrackPointExtension>
            <ns3:hr>80</ns3:hr>
          </ns3:TrackPointExtension>
        </extensions>
      </trkpt>
      <trkpt lat="33.20597684942185878753662109375" lon="103.90155664645135402679443359375">
        <ele>2215.60009765625</ele>
        <time>2026-05-20T03:44:16.000Z</time>
        <extensions>
          <ns3:TrackPointExtension>
            <ns3:hr>80</ns3:hr>
          </ns3:TrackPointExtension>
        </extensions>
      </trkpt>
      <trkpt lat="33.20598120801150798797607421875" lon="103.90154642052948474884033203125">
        <ele>2215.60009765625</ele>
        <time>2026-05-20T03:44:17.000Z</time>
        <extensions>
          <ns3:TrackPointExtension>
            <ns3:hr>81</ns3:hr>
          </ns3:TrackPointExtension>
        </extensions>
      </trkpt>
      <trkpt lat="33.2060149870812892913818359375" lon="103.90149076469242572784423828125">
        <ele>2215</ele>
        <time>2026-05-20T03:44:21.000Z</time>
        <extensions>
          <ns3:TrackPointExtension>
            <ns3:hr>84</ns3:hr>
          </ns3:TrackPointExtension>
        </extensions>
      </trkpt>
      <trkpt lat="33.2060226984322071075439453125" lon="103.90147961676120758056640625">
        <ele>2215</ele>
        <time>2026-05-20T03:44:22.000Z</time>
        <extensions>
          <ns3:TrackPointExtension>
            <ns3:hr>83</ns3:hr>
          </ns3:TrackPointExtension>
        </extensions>
      </trkpt>
      <trkpt lat="33.206034600734710693359375" lon="103.9014633558690547943115234375">
        <ele>2215</ele>
        <time>2026-05-20T03:44:24.000Z</time>
        <extensions>
          <ns3:TrackPointExtension>
            <ns3:hr>84</ns3:hr>
          </ns3:TrackPointExtension>
        </extensions>
      </trkpt>
      <trkpt lat="33.20603870786726474761962890625" lon="103.90145103447139263153076171875">
        <ele>2215</ele>
        <time>2026-05-20T03:44:25.000Z</time>
        <extensions>
          <ns3:TrackPointExtension>
            <ns3:hr>81</ns3:hr>
          </ns3:TrackPointExtension>
        </extensions>
      </trkpt>
      <trkpt lat="33.20604801177978515625" lon="103.90142823569476604461669921875">
        <ele>2214.800048828125</ele>
        <time>2026-05-20T03:44:28.000Z</time>
        <extensions>
          <ns3:TrackPointExtension>
            <ns3:hr>84</ns3:hr>
          </ns3:TrackPointExtension>
        </extensions>
      </trkpt>
      <trkpt lat="33.20605496875941753387451171875" lon="103.90142018906772136688232421875">
        <ele>2214.800048828125</ele>
        <time>2026-05-20T03:44:29.000Z</time>
        <extensions>
          <ns3:TrackPointExtension>
            <ns3:hr>85</ns3:hr>
          </ns3:TrackPointExtension>
        </extensions>
      </trkpt>
      <trkpt lat="33.20607240311801433563232421875" lon="103.90139739029109477996826171875">
        <ele>2214.60009765625</ele>
        <time>2026-05-20T03:44:31.000Z</time>
        <extensions>
          <ns3:TrackPointExtension>
            <ns3:hr>84</ns3:hr>
          </ns3:TrackPointExtension>
        </extensions>
      </trkpt>
      <trkpt lat="33.206102661788463592529296875" lon="103.90135413967072963714599609375">
        <ele>2214.199951171875</ele>
        <time>2026-05-20T03:44:35.000Z</time>
        <extensions>
          <ns3:TrackPointExtension>
            <ns3:hr>87</ns3:hr>
          </ns3:TrackPointExtension>
        </extensions>
      </trkpt>
      <trkpt lat="33.20612470619380474090576171875" lon="103.90132748521864414215087890625">
        <ele>2214</ele>
        <time>2026-05-20T03:44:38.000Z</time>
        <extensions>
          <ns3:TrackPointExtension>
            <ns3:hr>88</ns3:hr>
          </ns3:TrackPointExtension>
        </extensions>
      </trkpt>
      <trkpt lat="33.20614792406558990478515625" lon="103.9013081230223178863525390625">
        <ele>2214</ele>
        <time>2026-05-20T03:44:41.000Z</time>
        <extensions>
          <ns3:TrackPointExtension>
            <ns3:hr>90</ns3:hr>
          </ns3:TrackPointExtension>
        </extensions>
      </trkpt>
      <trkpt lat="33.2061826251447200775146484375" lon="103.90126713551580905914306640625">
        <ele>2214.199951171875</ele>
        <time>2026-05-20T03:44:48.000Z</time>
        <extensions>
          <ns3:TrackPointExtension>
            <ns3:hr>89</ns3:hr>
          </ns3:TrackPointExtension>
        </extensions>
      </trkpt>
      <trkpt lat="33.20621338672935962677001953125" lon="103.90121634118258953094482421875">
        <ele>2214.39990234375</ele>
        <time>2026-05-20T03:44:55.000Z</time>
        <extensions>
          <ns3:TrackPointExtension>
            <ns3:hr>90</ns3:hr>
          </ns3:TrackPointExtension>
        </extensions>
      </trkpt>
      <trkpt lat="33.20625663734972476959228515625" lon="103.901128582656383514404296875">
        <ele>2214.39990234375</ele>
        <time>2026-05-20T03:45:02.000Z</time>
        <extensions>
          <ns3:TrackPointExtension>
            <ns3:hr>89</ns3:hr>
          </ns3:TrackPointExtension>
        </extensions>
      </trkpt>
      <trkpt lat="33.2063153944909572601318359375" lon="103.90105373226106166839599609375">
        <ele>2213.800048828125</ele>
        <time>2026-05-20T03:45:09.000Z</time>
        <extensions>
          <ns3:TrackPointExtension>
            <ns3:hr>90</ns3:hr>
          </ns3:TrackPointExtension>
        </extensions>
      </trkpt>
      <trkpt lat="33.20634900592267513275146484375" lon="103.90101618133485317230224609375">
        <ele>2213.39990234375</ele>
        <time>2026-05-20T03:45:15.000Z</time>
        <extensions>
          <ns3:TrackPointExtension>
            <ns3:hr>91</ns3:hr>
          </ns3:TrackPointExtension>
        </extensions>
      </trkpt>
      <trkpt lat="33.20634749718010425567626953125" lon="103.90100846998393535614013671875">
        <ele>2213.39990234375</ele>
        <time>2026-05-20T03:45:24.000Z</time>
        <extensions>
          <ns3:TrackPointExtension>
            <ns3:hr>91</ns3:hr>
          </ns3:TrackPointExtension>
        </extensions>
      </trkpt>
      <trkpt lat="33.20634749718010425567626953125" lon="103.90100846998393535614013671875">
        <ele>2213.39990234375</ele>
        <time>2026-05-20T03:45:25.000Z</time>
        <extensions>
          <ns3:TrackPointExtension>
            <ns3:hr>88</ns3:hr>
          </ns3:TrackPointExtension>
        </extensions>
      </trkpt>
      <trkpt lat="33.206380940973758697509765625" lon="103.90098609030246734619140625">
        <ele>2213</ele>
        <time>2026-05-20T03:45:32.000Z</time>
        <extensions>
          <ns3:TrackPointExtension>
            <ns3:hr>88</ns3:hr>
          </ns3:TrackPointExtension>
        </extensions>
      </trkpt>
      <trkpt lat="33.20647188462316989898681640625" lon="103.900970332324504852294921875">
        <ele>2211.60009765625</ele>
        <time>2026-05-20T03:45:38.000Z</time>
        <extensions>
          <ns3:TrackPointExtension>
            <ns3:hr>89</ns3:hr>
          </ns3:TrackPointExtension>
        </extensions>
      </trkpt>
      <trkpt lat="33.20655989460647106170654296875" lon="103.9009000919759273529052734375">
        <ele>2210.60009765625</ele>
        <time>2026-05-20T03:45:47.000Z</time>
        <extensions>
          <ns3:TrackPointExtension>
            <ns3:hr>90</ns3:hr>
          </ns3:TrackPointExtension>
        </extensions>
      </trkpt>
      <trkpt lat="33.20660096593201160430908203125" lon="103.90086983330547809600830078125">
        <ele>2210.60009765625</ele>
        <time>2026-05-20T03:45:50.000Z</time>
        <extensions>
          <ns3:TrackPointExtension>
            <ns3:hr>88</ns3:hr>
          </ns3:TrackPointExtension>
        </extensions>
      </trkpt>
      <trkpt lat="33.2066349126398563385009765625" lon="103.9008447714149951934814453125">
        <ele>2210.60009765625</ele>
        <time>2026-05-20T03:45:53.000Z</time>
        <extensions>
          <ns3:TrackPointExtension>
            <ns3:hr>91</ns3:hr>
          </ns3:TrackPointExtension>
        </extensions>
      </trkpt>
      <trkpt lat="33.20664706639945507049560546875" lon="103.9008365571498870849609375">
        <ele>2210.39990234375</ele>
        <time>2026-05-20T03:45:54.000Z</time>
        <extensions>
          <ns3:TrackPointExtension>
            <ns3:hr>90</ns3:hr>
          </ns3:TrackPointExtension>
        </extensions>
      </trkpt>
      <trkpt lat="33.20675737224519252777099609375" lon="103.90076774172484874725341796875">
        <ele>2210</ele>
        <time>2026-05-20T03:46:03.000Z</time>
        <extensions>
          <ns3:TrackPointExtension>
            <ns3:hr>93</ns3:hr>
          </ns3:TrackPointExtension>
        </extensions>
      </trkpt>
      <trkpt lat="33.20676424540579319000244140625" lon="103.9007646404206752777099609375">
        <ele>2210</ele>
        <time>2026-05-20T03:46:04.000Z</time>
        <extensions>
          <ns3:TrackPointExtension>
            <ns3:hr>92</ns3:hr>
          </ns3:TrackPointExtension>
        </extensions>
      </trkpt>
      <trkpt lat="33.20681487210094928741455078125" lon="103.90075148083269596099853515625">
        <ele>2209.60009765625</ele>
        <time>2026-05-20T03:46:08.000Z</time>
        <extensions>
          <ns3:TrackPointExtension>
            <ns3:hr>95</ns3:hr>
          </ns3:TrackPointExtension>
        </extensions>
      </trkpt>
      <trkpt lat="33.2068330608308315277099609375" lon="103.90072113834321498870849609375">
        <ele>2209.800048828125</ele>
        <time>2026-05-20T03:46:12.000Z</time>
        <extensions>
          <ns3:TrackPointExtension>
            <ns3:hr>96</ns3:hr>
          </ns3:TrackPointExtension>
        </extensions>
      </trkpt>
      <trkpt lat="33.20686499588191509246826171875" lon="103.9007180370390415191650390625">
        <ele>2209.39990234375</ele>
        <time>2026-05-20T03:46:15.000Z</time>
        <extensions>
          <ns3:TrackPointExtension>
            <ns3:hr>98</ns3:hr>
          </ns3:TrackPointExtension>
        </extensions>
      </trkpt>
      <trkpt lat="33.20692383684217929840087890625" lon="103.90071728266775608062744140625">
        <ele>2209.800048828125</ele>
        <time>2026-05-20T03:46:21.000Z</time>
        <extensions>
          <ns3:TrackPointExtension>
            <ns3:hr>101</ns3:hr>
          </ns3:TrackPointExtension>
        </extensions>
      </trkpt>
      <trkpt lat="33.2069447077810764312744140625" lon="103.9007104933261871337890625">
        <ele>2210</ele>
        <time>2026-05-20T03:46:25.000Z</time>
        <extensions>
          <ns3:TrackPointExtension>
            <ns3:hr>103</ns3:hr>
          </ns3:TrackPointExtension>
        </extensions>
      </trkpt>
      <trkpt lat="33.20694378577172756195068359375" lon="103.90071116387844085693359375">
        <ele>2210</ele>
        <time>2026-05-20T03:46:30.000Z</time>
        <extensions>
          <ns3:TrackPointExtension>
            <ns3:hr>105</ns3:hr>
          </ns3:TrackPointExtension>
        </extensions>
      </trkpt>
      <trkpt lat="33.207013271749019622802734375" lon="103.90068677254021167755126953125">
        <ele>2211.199951171875</ele>
        <time>2026-05-20T03:46:39.000Z</time>
        <extensions>
          <ns3:TrackPointExtension>
            <ns3:hr>107</ns3:hr>
          </ns3:TrackPointExtension>
        </extensions>
      </trkpt>
      <trkpt lat="33.20705316960811614990234375" lon="103.90065626241266727447509765625">
        <ele>2212.199951171875</ele>
        <time>2026-05-20T03:46:43.000Z</time>
        <extensions>
          <ns3:TrackPointExtension>
            <ns3:hr>106</ns3:hr>
          </ns3:TrackPointExtension>
        </extensions>
      </trkpt>
      <trkpt lat="33.20706716738641262054443359375" lon="103.90064385719597339630126953125">
        <ele>2212.60009765625</ele>
        <time>2026-05-20T03:46:45.000Z</time>
        <extensions>
          <ns3:TrackPointExtension>
            <ns3:hr>106</ns3:hr>
          </ns3:TrackPointExtension>
        </extensions>
      </trkpt>
      <trkpt lat="33.20709181018173694610595703125" lon="103.90063698403537273406982421875">
        <ele>2213.199951171875</ele>
        <time>2026-05-20T03:46:51.000Z</time>
        <extensions>
          <ns3:TrackPointExtension>
            <ns3:hr>105</ns3:hr>
          </ns3:TrackPointExtension>
        </extensions>
      </trkpt>
      <trkpt lat="33.2070982642471790313720703125" lon="103.90061485581099987030029296875">
        <ele>2213.60009765625</ele>
        <time>2026-05-20T03:46:59.000Z</time>
        <extensions>
          <ns3:TrackPointExtension>
            <ns3:hr>103</ns3:hr>
          </ns3:TrackPointExtension>
        </extensions>
      </trkpt>
      <trkpt lat="33.20710220374166965484619140625" lon="103.9006097428500652313232421875">
        <ele>2213.60009765625</ele>
        <time>2026-05-20T03:47:11.000Z</time>
        <extensions>
          <ns3:TrackPointExtension>
            <ns3:hr>101</ns3:hr>
          </ns3:TrackPointExtension>
        </extensions>
      </trkpt>
      <trkpt lat="33.20715735666453838348388671875" lon="103.900516368448734283447265625">
        <ele>2214</ele>
        <time>2026-05-20T03:47:19.000Z</time>
        <extensions>
          <ns3:TrackPointExtension>
            <ns3:hr>99</ns3:hr>
          </ns3:TrackPointExtension>
        </extensions>
      </trkpt>
      <trkpt lat="33.20719541050493717193603515625" lon="103.9004625566303730010986328125">
        <ele>2214</ele>
        <time>2026-05-20T03:47:28.000Z</time>
        <extensions>
          <ns3:TrackPointExtension>
            <ns3:hr>99</ns3:hr>
          </ns3:TrackPointExtension>
        </extensions>
      </trkpt>
      <trkpt lat="33.20719574578106403350830078125" lon="103.90046079643070697784423828125">
        <ele>2214</ele>
        <time>2026-05-20T03:47:31.000Z</time>
        <extensions>
          <ns3:TrackPointExtension>
            <ns3:hr>96</ns3:hr>
          </ns3:TrackPointExtension>
        </extensions>
      </trkpt>
      <trkpt lat="33.20721418596804141998291015625" lon="103.90042626298964023590087890625">
        <ele>2214</ele>
        <time>2026-05-20T03:47:36.000Z</time>
        <extensions>
          <ns3:TrackPointExtension>
            <ns3:hr>94</ns3:hr>
          </ns3:TrackPointExtension>
        </extensions>
      </trkpt>
      <trkpt lat="33.20722592063248157501220703125" lon="103.9003938250243663787841796875">
        <ele>2213.800048828125</ele>
        <time>2026-05-20T03:47:39.000Z</time>
        <extensions>
          <ns3:TrackPointExtension>
            <ns3:hr>91</ns3:hr>
          </ns3:TrackPointExtension>
        </extensions>
      </trkpt>
      <trkpt lat="33.20723698474466800689697265625" lon="103.90037295408546924591064453125">
        <ele>2213.60009765625</ele>
        <time>2026-05-20T03:47:44.000Z</time>
        <extensions>
          <ns3:TrackPointExtension>
            <ns3:hr>93</ns3:hr>
          </ns3:TrackPointExtension>
        </extensions>
      </trkpt>
      <trkpt lat="33.20724754594266414642333984375" lon="103.90037647448480129241943359375">
        <ele>2213.60009765625</ele>
        <time>2026-05-20T03:47:48.000Z</time>
        <extensions>
          <ns3:TrackPointExtension>
            <ns3:hr>90</ns3:hr>
          </ns3:TrackPointExtension>
        </extensions>
      </trkpt>
      <trkpt lat="33.20726062171161174774169921875" lon="103.900370858609676361083984375">
        <ele>2213.39990234375</ele>
        <time>2026-05-20T03:47:50.000Z</time>
        <extensions>
          <ns3:TrackPointExtension>
            <ns3:hr>87</ns3:hr>
          </ns3:TrackPointExtension>
        </extensions>
      </trkpt>
      <trkpt lat="33.20727487094700336456298828125" lon="103.90037865377962589263916015625">
        <ele>2213.199951171875</ele>
        <time>2026-05-20T03:47:52.000Z</time>
        <extensions>
          <ns3:TrackPointExtension>
            <ns3:hr>89</ns3:hr>
          </ns3:TrackPointExtension>
        </extensions>
      </trkpt>
      <trkpt lat="33.2072736136615276336669921875" lon="103.90038519166409969329833984375">
        <ele>2213.199951171875</ele>
        <time>2026-05-20T03:47:59.000Z</time>
        <extensions>
          <ns3:TrackPointExtension>
            <ns3:hr>89</ns3:hr>
          </ns3:TrackPointExtension>
        </extensions>
      </trkpt>
      <trkpt lat="33.2072736136615276336669921875" lon="103.90038519166409969329833984375">
        <ele>2213.199951171875</ele>
        <time>2026-05-20T03:48:07.000Z</time>
        <extensions>
          <ns3:TrackPointExtension>
            <ns3:hr>86</ns3:hr>
          </ns3:TrackPointExtension>
        </extensions>
      </trkpt>
      <trkpt lat="33.2072605378925800323486328125" lon="103.900404386222362518310546875">
        <ele>2213.199951171875</ele>
        <time>2026-05-20T03:48:28.000Z</time>
        <extensions>
          <ns3:TrackPointExtension>
            <ns3:hr>89</ns3:hr>
          </ns3:TrackPointExtension>
        </extensions>
      </trkpt>
      <trkpt lat="33.207255341112613677978515625" lon="103.900404386222362518310546875">
        <ele>2213.39990234375</ele>
        <time>2026-05-20T03:48:32.000Z</time>
        <extensions>
          <ns3:TrackPointExtension>
            <ns3:hr>86</ns3:hr>
          </ns3:TrackPointExtension>
        </extensions>
      </trkpt>
      <trkpt lat="33.20725726895034313201904296875" lon="103.90040094964206218719482421875">
        <ele>2213.39990234375</ele>
        <time>2026-05-20T03:48:35.000Z</time>
        <extensions>
          <ns3:TrackPointExtension>
            <ns3:hr>89</ns3:hr>
          </ns3:TrackPointExtension>
        </extensions>
      </trkpt>
      <trkpt lat="33.20728375576436519622802734375" lon="103.90036356635391712188720703125">
        <ele>2213</ele>
        <time>2026-05-20T03:48:38.000Z</time>
        <extensions>
          <ns3:TrackPointExtension>
            <ns3:hr>87</ns3:hr>
          </ns3:TrackPointExtension>
        </extensions>
      </trkpt>
      <trkpt lat="33.20735416375100612640380859375" lon="103.90024504624307155609130859375">
        <ele>2212.39990234375</ele>
        <time>2026-05-20T03:48:45.000Z</time>
        <extensions>
          <ns3:TrackPointExtension>
            <ns3:hr>88</ns3:hr>
          </ns3:TrackPointExtension>
        </extensions>
      </trkpt>
      <trkpt lat="33.20739892311394214630126953125" lon="103.9001728780567646026611328125">
        <ele>2212</ele>
        <time>2026-05-20T03:48:51.000Z</time>
        <extensions>
          <ns3:TrackPointExtension>
            <ns3:hr>85</ns3:hr>
          </ns3:TrackPointExtension>
        </extensions>
      </trkpt>
      <trkpt lat="33.20740244351327419281005859375" lon="103.90015996992588043212890625">
        <ele>2212</ele>
        <time>2026-05-20T03:48:52.000Z</time>
        <extensions>
          <ns3:TrackPointExtension>
            <ns3:hr>85</ns3:hr>
          </ns3:TrackPointExtension>
        </extensions>
      </trkpt>
      <trkpt lat="33.20740529336035251617431640625" lon="103.90013138763606548309326171875">
        <ele>2212.199951171875</ele>
        <time>2026-05-20T03:48:54.000Z</time>
        <extensions>
          <ns3:TrackPointExtension>
            <ns3:hr>85</ns3:hr>
          </ns3:TrackPointExtension>
        </extensions>
      </trkpt>
      <trkpt lat="33.2074023596942424774169921875" lon="103.90008411370217800140380859375">
        <ele>2212.39990234375</ele>
        <time>2026-05-20T03:48:58.000Z</time>
        <extensions>
          <ns3:TrackPointExtension>
            <ns3:hr>86</ns3:hr>
          </ns3:TrackPointExtension>
        </extensions>
      </trkpt>
      <trkpt lat="33.20739925839006900787353515625" lon="103.90006617642939090728759765625">
        <ele>2212.39990234375</ele>
        <time>2026-05-20T03:49:00.000Z</time>
        <extensions>
          <ns3:TrackPointExtension>
            <ns3:hr>86</ns3:hr>
          </ns3:TrackPointExtension>
        </extensions>
      </trkpt>
      <trkpt lat="33.2074288465082645416259765625" lon="103.899982608854770660400390625">
        <ele>2212.199951171875</ele>
        <time>2026-05-20T03:49:07.000Z</time>
        <extensions>
          <ns3:TrackPointExtension>
            <ns3:hr>86</ns3:hr>
          </ns3:TrackPointExtension>
        </extensions>
      </trkpt>
      <trkpt lat="33.20743949152529239654541015625" lon="103.899855874478816986083984375">
        <ele>2212.39990234375</ele>
        <time>2026-05-20T03:49:15.000Z</time>
        <extensions>
          <ns3:TrackPointExtension>
            <ns3:hr>87</ns3:hr>
          </ns3:TrackPointExtension>
        </extensions>
      </trkpt>
      <trkpt lat="33.20746798999607563018798828125" lon="103.89973492361605167388916015625">
        <ele>2214.60009765625</ele>
        <time>2026-05-20T03:49:23.000Z</time>
        <extensions>
          <ns3:TrackPointExtension>
            <ns3:hr>88</ns3:hr>
          </ns3:TrackPointExtension>
        </extensions>
      </trkpt>
      <trkpt lat="33.20748592726886272430419921875" lon="103.89971128664910793304443359375">
        <ele>2214.800048828125</ele>
        <time>2026-05-20T03:49:26.000Z</time>
        <extensions>
          <ns3:TrackPointExtension>
            <ns3:hr>85</ns3:hr>
          </ns3:TrackPointExtension>
        </extensions>
      </trkpt>
      <trkpt lat="33.2074989192187786102294921875" lon="103.89961154200136661529541015625">
        <ele>2216.800048828125</ele>
        <time>2026-05-20T03:49:32.000Z</time>
        <extensions>
          <ns3:TrackPointExtension>
            <ns3:hr>87</ns3:hr>
          </ns3:TrackPointExtension>
        </extensions>
      </trkpt>
      <trkpt lat="33.20746011100709438323974609375" lon="103.89951883815228939056396484375">
        <ele>2220.60009765625</ele>
        <time>2026-05-20T03:49:39.000Z</time>
        <extensions>
          <ns3:TrackPointExtension>
            <ns3:hr>85</ns3:hr>
          </ns3:TrackPointExtension>
        </extensions>
      </trkpt>
      <trkpt lat="33.20744485594332218170166015625" lon="103.89951397664844989776611328125">
        <ele>2221.39990234375</ele>
        <time>2026-05-20T03:49:40.000Z</time>
        <extensions>
          <ns3:TrackPointExtension>
            <ns3:hr>88</ns3:hr>
          </ns3:TrackPointExtension>
        </extensions>
      </trkpt>
      <trkpt lat="33.20739875547587871551513671875" lon="103.89953560195863246917724609375">
        <ele>2221.199951171875</ele>
        <time>2026-05-20T03:49:48.000Z</time>
        <extensions>
          <ns3:TrackPointExtension>
            <ns3:hr>89</ns3:hr>
          </ns3:TrackPointExtension>
        </extensions>
      </trkpt>
      <trkpt lat="33.20739691145718097686767578125" lon="103.8995345123112201690673828125">
        <ele>2221.199951171875</ele>
        <time>2026-05-20T03:49:52.000Z</time>
        <extensions>
          <ns3:TrackPointExtension>
            <ns3:hr>86</ns3:hr>
          </ns3:TrackPointExtension>
        </extensions>
      </trkpt>
      <trkpt lat="33.20736841298639774322509765625" lon="103.8995204307138919830322265625">
        <ele>2222.39990234375</ele>
        <time>2026-05-20T03:50:01.000Z</time>
        <extensions>
          <ns3:TrackPointExtension>
            <ns3:hr>88</ns3:hr>
          </ns3:TrackPointExtension>
        </extensions>
      </trkpt>
      <trkpt lat="33.20735299028456211090087890625" lon="103.8995036669075489044189453125">
        <ele>2223.39990234375</ele>
        <time>2026-05-20T03:50:09.000Z</time>
        <extensions>
          <ns3:TrackPointExtension>
            <ns3:hr>88</ns3:hr>
          </ns3:TrackPointExtension>
        </extensions>
      </trkpt>
      <trkpt lat="33.2073529064655303955078125" lon="103.89950609765946865081787109375">
        <ele>2223.199951171875</ele>
        <time>2026-05-20T03:50:39.000Z</time>
        <extensions>
          <ns3:TrackPointExtension>
            <ns3:hr>91</ns3:hr>
          </ns3:TrackPointExtension>
        </extensions>
      </trkpt>
      <trkpt lat="33.20735315792262554168701171875" lon="103.8995063491165637969970703125">
        <ele>2223.199951171875</ele>
        <time>2026-05-20T03:50:42.000Z</time>
        <extensions>
          <ns3:TrackPointExtension>
            <ns3:hr>94</ns3:hr>
          </ns3:TrackPointExtension>
        </extensions>
      </trkpt>
      <trkpt lat="33.2073544152081012725830078125" lon="103.8995160721242427825927734375">
        <ele>2222.800048828125</ele>
        <time>2026-05-20T03:50:51.000Z</time>
        <extensions>
          <ns3:TrackPointExtension>
            <ns3:hr>97</ns3:hr>
          </ns3:TrackPointExtension>
        </extensions>
      </trkpt>
      <trkpt lat="33.20735500194132328033447265625" lon="103.8995169103145599365234375">
        <ele>2222.800048828125</ele>
        <time>2026-05-20T03:51:00.000Z</time>
        <extensions>
          <ns3:TrackPointExtension>
            <ns3:hr>94</ns3:hr>
          </ns3:TrackPointExtension>
        </extensions>
      </trkpt>
      <trkpt lat="33.20735449902713298797607421875" lon="103.899517245590686798095703125">
        <ele>2222.800048828125</ele>
        <time>2026-05-20T03:51:04.000Z</time>
        <extensions>
          <ns3:TrackPointExtension>
            <ns3:hr>91</ns3:hr>
          </ns3:TrackPointExtension>
        </extensions>
      </trkpt>
      <trkpt lat="33.207353912293910980224609375" lon="103.89953291974961757659912109375">
        <ele>2222</ele>
        <time>2026-05-20T03:51:18.000Z</time>
        <extensions>
          <ns3:TrackPointExtension>
            <ns3:hr>87</ns3:hr>
          </ns3:TrackPointExtension>
        </extensions>
      </trkpt>
      <trkpt lat="33.207353912293910980224609375" lon="103.89953325502574443817138671875">
        <ele>2222</ele>
        <time>2026-05-20T03:51:19.000Z</time>
        <extensions>
          <ns3:TrackPointExtension>
            <ns3:hr>90</ns3:hr>
          </ns3:TrackPointExtension>
        </extensions>
      </trkpt>
      <trkpt lat="33.20736271329224109649658203125" lon="103.89953342266380786895751953125">
        <ele>2221.800048828125</ele>
        <time>2026-05-20T03:51:32.000Z</time>
        <extensions>
          <ns3:TrackPointExtension>
            <ns3:hr>93</ns3:hr>
          </ns3:TrackPointExtension>
        </extensions>
      </trkpt>
      <trkpt lat="33.20738375186920166015625" lon="103.8995321653783321380615234375">
        <ele>2221.60009765625</ele>
        <time>2026-05-20T03:51:42.000Z</time>
        <extensions>
          <ns3:TrackPointExtension>
            <ns3:hr>90</ns3:hr>
          </ns3:TrackPointExtension>
        </extensions>
      </trkpt>
      <trkpt lat="33.2074301876127719879150390625" lon="103.89952386729419231414794921875">
        <ele>2221.199951171875</ele>
        <time>2026-05-20T03:51:58.000Z</time>
        <extensions>
          <ns3:TrackPointExtension>
            <ns3:hr>86</ns3:hr>
          </ns3:TrackPointExtension>
        </extensions>
      </trkpt>
      <trkpt lat="33.20744485594332218170166015625" lon="103.899525962769985198974609375">
        <ele>2220.800048828125</ele>
        <time>2026-05-20T03:51:59.000Z</time>
        <extensions>
          <ns3:TrackPointExtension>
            <ns3:hr>88</ns3:hr>
          </ns3:TrackPointExtension>
        </extensions>
      </trkpt>
      <trkpt lat="33.20749699138104915618896484375" lon="103.89954976737499237060546875">
        <ele>2218</ele>
        <time>2026-05-20T03:52:06.000Z</time>
        <extensions>
          <ns3:TrackPointExtension>
            <ns3:hr>87</ns3:hr>
          </ns3:TrackPointExtension>
        </extensions>
      </trkpt>
      <trkpt lat="33.2075244002044200897216796875" lon="103.89955739490687847137451171875">
        <ele>2217</ele>
        <time>2026-05-20T03:52:15.000Z</time>
        <extensions>
          <ns3:TrackPointExtension>
            <ns3:hr>89</ns3:hr>
          </ns3:TrackPointExtension>
        </extensions>
      </trkpt>
      <trkpt lat="33.20752113126218318939208984375" lon="103.8995563052594661712646484375">
        <ele>2217</ele>
        <time>2026-05-20T03:52:19.000Z</time>
        <extensions>
          <ns3:TrackPointExtension>
            <ns3:hr>86</ns3:hr>
          </ns3:TrackPointExtension>
        </extensions>
      </trkpt>
      <trkpt lat="33.2075192034244537353515625" lon="103.8995583169162273406982421875">
        <ele>2217</ele>
        <time>2026-05-20T03:52:21.000Z</time>
        <extensions>
          <ns3:TrackPointExtension>
            <ns3:hr>85</ns3:hr>
          </ns3:TrackPointExtension>
        </extensions>
      </trkpt>
      <trkpt lat="33.20754929445683956146240234375" lon="103.89956653118133544921875">
        <ele>2216</ele>
        <time>2026-05-20T03:52:26.000Z</time>
        <extensions>
          <ns3:TrackPointExtension>
            <ns3:hr>88</ns3:hr>
          </ns3:TrackPointExtension>
        </extensions>
      </trkpt>
      <trkpt lat="33.20755180902779102325439453125" lon="103.8995680399239063262939453125">
        <ele>2216</ele>
        <time>2026-05-20T03:52:27.000Z</time>
        <extensions>
          <ns3:TrackPointExtension>
            <ns3:hr>88</ns3:hr>
          </ns3:TrackPointExtension>
        </extensions>
      </trkpt>
      <trkpt lat="33.20760847069323062896728515625" lon="103.89962193556129932403564453125">
        <ele>2213.60009765625</ele>
        <time>2026-05-20T03:52:33.000Z</time>
        <extensions>
          <ns3:TrackPointExtension>
            <ns3:hr>86</ns3:hr>
          </ns3:TrackPointExtension>
        </extensions>
      </trkpt>
      <trkpt lat="33.20762540213763713836669921875" lon="103.89963886700570583343505859375">
        <ele>2212.800048828125</ele>
        <time>2026-05-20T03:52:35.000Z</time>
        <extensions>
          <ns3:TrackPointExtension>
            <ns3:hr>83</ns3:hr>
          </ns3:TrackPointExtension>
        </extensions>
      </trkpt>
      <trkpt lat="33.207711316645145416259765625" lon="103.899653367698192596435546875">
        <ele>2210.39990234375</ele>
        <time>2026-05-20T03:52:41.000Z</time>
        <extensions>
          <ns3:TrackPointExtension>
            <ns3:hr>85</ns3:hr>
          </ns3:TrackPointExtension>
        </extensions>
      </trkpt>
      <trkpt lat="33.2077284157276153564453125" lon="103.8996578939259052276611328125">
        <ele>2210</ele>
        <time>2026-05-20T03:52:44.000Z</time>
        <extensions>
          <ns3:TrackPointExtension>
            <ns3:hr>84</ns3:hr>
          </ns3:TrackPointExtension>
        </extensions>
      </trkpt>
      <trkpt lat="33.20773084647953510284423828125" lon="103.89966049231588840484619140625">
        <ele>2210</ele>
        <time>2026-05-20T03:52:45.000Z</time>
        <extensions>
          <ns3:TrackPointExtension>
            <ns3:hr>85</ns3:hr>
          </ns3:TrackPointExtension>
        </extensions>
      </trkpt>
      <trkpt lat="33.20775481872260570526123046875" lon="103.89971195720136165618896484375">
        <ele>2209</ele>
        <time>2026-05-20T03:52:53.000Z</time>
        <extensions>
          <ns3:TrackPointExtension>
            <ns3:hr>84</ns3:hr>
          </ns3:TrackPointExtension>
        </extensions>
      </trkpt>
      <trkpt lat="33.20779169909656047821044921875" lon="103.89975638128817081451416015625">
        <ele>2207.800048828125</ele>
        <time>2026-05-20T03:52:59.000Z</time>
        <extensions>
          <ns3:TrackPointExtension>
            <ns3:hr>86</ns3:hr>
          </ns3:TrackPointExtension>
        </extensions>
      </trkpt>
      <trkpt lat="33.2078003324568271636962890625" lon="103.89978270046412944793701171875">
        <ele>2207.199951171875</ele>
        <time>2026-05-20T03:53:04.000Z</time>
        <extensions>
          <ns3:TrackPointExtension>
            <ns3:hr>87</ns3:hr>
          </ns3:TrackPointExtension>
        </extensions>
      </trkpt>
      <trkpt lat="33.2078395597636699676513671875" lon="103.8998161442577838897705078125">
        <ele>2206.199951171875</ele>
        <time>2026-05-20T03:53:10.000Z</time>
        <extensions>
          <ns3:TrackPointExtension>
            <ns3:hr>88</ns3:hr>
          </ns3:TrackPointExtension>
        </extensions>
      </trkpt>
      <trkpt lat="33.20790032856166362762451171875" lon="103.89987976290285587310791015625">
        <ele>2204.800048828125</ele>
        <time>2026-05-20T03:53:17.000Z</time>
        <extensions>
          <ns3:TrackPointExtension>
            <ns3:hr>91</ns3:hr>
          </ns3:TrackPointExtension>
        </extensions>
      </trkpt>
      <trkpt lat="33.20792748592793941497802734375" lon="103.89990641735494136810302734375">
        <ele>2204.39990234375</ele>
        <time>2026-05-20T03:53:19.000Z</time>
        <extensions>
          <ns3:TrackPointExtension>
            <ns3:hr>91</ns3:hr>
          </ns3:TrackPointExtension>
        </extensions>
      </trkpt>
      <trkpt lat="33.20799219422042369842529296875" lon="103.8999559544026851654052734375">
        <ele>2203.39990234375</ele>
        <time>2026-05-20T03:53:24.000Z</time>
        <extensions>
          <ns3:TrackPointExtension>
            <ns3:hr>88</ns3:hr>
          </ns3:TrackPointExtension>
        </extensions>
      </trkpt>
      <trkpt lat="33.208006359636783599853515625" lon="103.8999648392200469970703125">
        <ele>2203.39990234375</ele>
        <time>2026-05-20T03:53:26.000Z</time>
        <extensions>
          <ns3:TrackPointExtension>
            <ns3:hr>91</ns3:hr>
          </ns3:TrackPointExtension>
        </extensions>
      </trkpt>
      <trkpt lat="33.20801750756800174713134765625" lon="103.899968527257442474365234375">
        <ele>2203.39990234375</ele>
        <time>2026-05-20T03:53:27.000Z</time>
        <extensions>
          <ns3:TrackPointExtension>
            <ns3:hr>91</ns3:hr>
          </ns3:TrackPointExtension>
        </extensions>
      </trkpt>
      <trkpt lat="33.2081012427806854248046875" lon="103.89996282756328582763671875">
        <ele>2203</ele>
        <time>2026-05-20T03:53:37.000Z</time>
        <extensions>
          <ns3:TrackPointExtension>
            <ns3:hr>92</ns3:hr>
          </ns3:TrackPointExtension>
        </extensions>
      </trkpt>
      <trkpt lat="33.20816117338836193084716796875" lon="103.899971880018711090087890625">
        <ele>2202.800048828125</ele>
        <time>2026-05-20T03:53:43.000Z</time>
        <extensions>
          <ns3:TrackPointExtension>
            <ns3:hr>92</ns3:hr>
          </ns3:TrackPointExtension>
        </extensions>
      </trkpt>
      <trkpt lat="33.2081915996968746185302734375" lon="103.900004737079143524169921875">
        <ele>2202.60009765625</ele>
        <time>2026-05-20T03:53:48.000Z</time>
        <extensions>
          <ns3:TrackPointExtension>
            <ns3:hr>95</ns3:hr>
          </ns3:TrackPointExtension>
        </extensions>
      </trkpt>
      <trkpt lat="33.208202831447124481201171875" lon="103.90002183616161346435546875">
        <ele>2202.39990234375</ele>
        <time>2026-05-20T03:53:50.000Z</time>
        <extensions>
          <ns3:TrackPointExtension>
            <ns3:hr>92</ns3:hr>
          </ns3:TrackPointExtension>
        </extensions>
      </trkpt>
      <trkpt lat="33.20821464993059635162353515625" lon="103.90004807151854038238525390625">
        <ele>2202.39990234375</ele>
        <time>2026-05-20T03:53:52.000Z</time>
        <extensions>
          <ns3:TrackPointExtension>
            <ns3:hr>93</ns3:hr>
          </ns3:TrackPointExtension>
        </extensions>
      </trkpt>
      <trkpt lat="33.20822169072926044464111328125" lon="103.90006382949650287628173828125">
        <ele>2202.199951171875</ele>
        <time>2026-05-20T03:53:53.000Z</time>
        <extensions>
          <ns3:TrackPointExtension>
            <ns3:hr>92</ns3:hr>
          </ns3:TrackPointExtension>
        </extensions>
      </trkpt>
      <trkpt lat="33.20826024748384952545166015625" lon="103.90012853778898715972900390625">
        <ele>2202</ele>
        <time>2026-05-20T03:53:58.000Z</time>
        <extensions>
          <ns3:TrackPointExtension>
            <ns3:hr>89</ns3:hr>
          </ns3:TrackPointExtension>
        </extensions>
      </trkpt>
      <trkpt lat="33.2082734070718288421630859375" lon="103.90015234239399433135986328125">
        <ele>2202</ele>
        <time>2026-05-20T03:54:00.000Z</time>
        <extensions>
          <ns3:TrackPointExtension>
            <ns3:hr>88</ns3:hr>
          </ns3:TrackPointExtension>
        </extensions>
      </trkpt>
      <trkpt lat="33.20832009427249431610107421875" lon="103.900255858898162841796875">
        <ele>2201.800048828125</ele>
        <time>2026-05-20T03:54:11.000Z</time>
        <extensions>
          <ns3:TrackPointExtension>
            <ns3:hr>86</ns3:hr>
          </ns3:TrackPointExtension>
        </extensions>
      </trkpt>
      <trkpt lat="33.20835269987583160400390625" lon="103.90032182447612285614013671875">
        <ele>2201.60009765625</ele>
        <time>2026-05-20T03:54:19.000Z</time>
        <extensions>
          <ns3:TrackPointExtension>
            <ns3:hr>87</ns3:hr>
          </ns3:TrackPointExtension>
        </extensions>
      </trkpt>
      <trkpt lat="33.20833954028785228729248046875" lon="103.90031863935291767120361328125">
        <ele>2201.60009765625</ele>
        <time>2026-05-20T03:54:25.000Z</time>
        <extensions>
          <ns3:TrackPointExtension>
            <ns3:hr>87</ns3:hr>
          </ns3:TrackPointExtension>
        </extensions>
      </trkpt>
      <trkpt lat="33.2083377800881862640380859375" lon="103.90032048337161540985107421875">
        <ele>2201.60009765625</ele>
        <time>2026-05-20T03:54:35.000Z</time>
        <extensions>
          <ns3:TrackPointExtension>
            <ns3:hr>86</ns3:hr>
          </ns3:TrackPointExtension>
        </extensions>
      </trkpt>
      <trkpt lat="33.2083936035633087158203125" lon="103.900351412594318389892578125">
        <ele>2201.39990234375</ele>
        <time>2026-05-20T03:54:51.000Z</time>
        <extensions>
          <ns3:TrackPointExtension>
            <ns3:hr>88</ns3:hr>
          </ns3:TrackPointExtension>
        </extensions>
      </trkpt>
      <trkpt lat="33.2084333337843418121337890625" lon="103.90036323107779026031494140625">
        <ele>2201.39990234375</ele>
        <time>2026-05-20T03:54:54.000Z</time>
        <extensions>
          <ns3:TrackPointExtension>
            <ns3:hr>88</ns3:hr>
          </ns3:TrackPointExtension>
        </extensions>
      </trkpt>
      <trkpt lat="33.20850290358066558837890625" lon="103.9003314636647701263427734375">
        <ele>2201</ele>
        <time>2026-05-20T03:55:01.000Z</time>
        <extensions>
          <ns3:TrackPointExtension>
            <ns3:hr>89</ns3:hr>
          </ns3:TrackPointExtension>
        </extensions>
      </trkpt>
      <trkpt lat="33.208511285483837127685546875" lon="103.9003237523138523101806640625">
        <ele>2201</ele>
        <time>2026-05-20T03:55:02.000Z</time>
        <extensions>
          <ns3:TrackPointExtension>
            <ns3:hr>86</ns3:hr>
          </ns3:TrackPointExtension>
        </extensions>
      </trkpt>
      <trkpt lat="33.2085285522043704986572265625" lon="103.9003210701048374176025390625">
        <ele>2201</ele>
        <time>2026-05-20T03:55:06.000Z</time>
        <extensions>
          <ns3:TrackPointExtension>
            <ns3:hr>89</ns3:hr>
          </ns3:TrackPointExtension>
        </extensions>
      </trkpt>
      <trkpt lat="33.2085282169282436370849609375" lon="103.90032333321869373321533203125">
        <ele>2201</ele>
        <time>2026-05-20T03:55:07.000Z</time>
        <extensions>
          <ns3:TrackPointExtension>
            <ns3:hr>88</ns3:hr>
          </ns3:TrackPointExtension>
        </extensions>
      </trkpt>
      <trkpt lat="33.20852293632924556732177734375" lon="103.9003545977175235748291015625">
        <ele>2201</ele>
        <time>2026-05-20T03:55:14.000Z</time>
        <extensions>
          <ns3:TrackPointExtension>
            <ns3:hr>88</ns3:hr>
          </ns3:TrackPointExtension>
        </extensions>
      </trkpt>
      <trkpt lat="33.20858471095561981201171875" lon="103.9003012888133525848388671875">
        <ele>2200.800048828125</ele>
        <time>2026-05-20T03:55:22.000Z</time>
        <extensions>
          <ns3:TrackPointExtension>
            <ns3:hr>88</ns3:hr>
          </ns3:TrackPointExtension>
        </extensions>
      </trkpt>
      <trkpt lat="33.20869627408683300018310546875" lon="103.9002898894250392913818359375">
        <ele>2200.39990234375</ele>
        <time>2026-05-20T03:55:31.000Z</time>
        <extensions>
          <ns3:TrackPointExtension>
            <ns3:hr>90</ns3:hr>
          </ns3:TrackPointExtension>
        </extensions>
      </trkpt>
      <trkpt lat="33.2087357528507709503173828125" lon="103.90030304901301860809326171875">
        <ele>2200.39990234375</ele>
        <time>2026-05-20T03:55:38.000Z</time>
        <extensions>
          <ns3:TrackPointExtension>
            <ns3:hr>88</ns3:hr>
          </ns3:TrackPointExtension>
        </extensions>
      </trkpt>
      <trkpt lat="33.20882569067180156707763671875" lon="103.90030019916594028472900390625">
        <ele>2200.39990234375</ele>
        <time>2026-05-20T03:55:47.000Z</time>
        <extensions>
          <ns3:TrackPointExtension>
            <ns3:hr>91</ns3:hr>
          </ns3:TrackPointExtension>
        </extensions>
      </trkpt>
      <trkpt lat="33.20885368622839450836181640625" lon="103.90025862492620944976806640625">
        <ele>2200.39990234375</ele>
        <time>2026-05-20T03:55:56.000Z</time>
        <extensions>
          <ns3:TrackPointExtension>
            <ns3:hr>91</ns3:hr>
          </ns3:TrackPointExtension>
        </extensions>
      </trkpt>
      <trkpt lat="33.20885737426578998565673828125" lon="103.900255523622035980224609375">
        <ele>2200.39990234375</ele>
        <time>2026-05-20T03:56:02.000Z</time>
        <extensions>
          <ns3:TrackPointExtension>
            <ns3:hr>90</ns3:hr>
          </ns3:TrackPointExtension>
        </extensions>
      </trkpt>
      <trkpt lat="33.20886659435927867889404296875" lon="103.90024957247078418731689453125">
        <ele>2200.60009765625</ele>
        <time>2026-05-20T03:56:09.000Z</time>
        <extensions>
          <ns3:TrackPointExtension>
            <ns3:hr>92</ns3:hr>
          </ns3:TrackPointExtension>
        </extensions>
      </trkpt>
      <trkpt lat="33.2088668458163738250732421875" lon="103.90024923719465732574462890625">
        <ele>2200.60009765625</ele>
        <time>2026-05-20T03:56:16.000Z</time>
        <extensions>
          <ns3:TrackPointExtension>
            <ns3:hr>95</ns3:hr>
          </ns3:TrackPointExtension>
        </extensions>
      </trkpt>
      <trkpt lat="33.2088668458163738250732421875" lon="103.90024923719465732574462890625">
        <ele>2200.60009765625</ele>
        <time>2026-05-20T03:56:19.000Z</time>
        <extensions>
          <ns3:TrackPointExtension>
            <ns3:hr>92</ns3:hr>
          </ns3:TrackPointExtension>
        </extensions>
      </trkpt>
      <trkpt lat="33.20894454605877399444580078125" lon="103.9002303779125213623046875">
        <ele>2200.60009765625</ele>
        <time>2026-05-20T03:56:27.000Z</time>
        <extensions>
          <ns3:TrackPointExtension>
            <ns3:hr>92</ns3:hr>
          </ns3:TrackPointExtension>
        </extensions>
      </trkpt>
      <trkpt lat="33.2090716995298862457275390625" lon="103.9002030529081821441650390625">
        <ele>2200.60009765625</ele>
        <time>2026-05-20T03:56:33.000Z</time>
        <extensions>
          <ns3:TrackPointExtension>
            <ns3:hr>96</ns3:hr>
          </ns3:TrackPointExtension>
        </extensions>
      </trkpt>
      <trkpt lat="33.20907555520534515380859375" lon="103.9002000354230403900146484375">
        <ele>2200.60009765625</ele>
        <time>2026-05-20T03:56:34.000Z</time>
        <extensions>
          <ns3:TrackPointExtension>
            <ns3:hr>91</ns3:hr>
          </ns3:TrackPointExtension>
        </extensions>
      </trkpt>
      <trkpt lat="33.20909139700233936309814453125" lon="103.90019341371953487396240234375">
        <ele>2200.800048828125</ele>
        <time>2026-05-20T03:56:35.000Z</time>
        <extensions>
          <ns3:TrackPointExtension>
            <ns3:hr>92</ns3:hr>
          </ns3:TrackPointExtension>
        </extensions>
      </trkpt>
      <trkpt lat="33.20914889685809612274169921875" lon="103.90016801655292510986328125">
        <ele>2200.800048828125</ele>
        <time>2026-05-20T03:56:40.000Z</time>
        <extensions>
          <ns3:TrackPointExtension>
            <ns3:hr>89</ns3:hr>
          </ns3:TrackPointExtension>
        </extensions>
      </trkpt>
      <trkpt lat="33.20917286910116672515869140625" lon="103.90016575343906879425048828125">
        <ele>2200.60009765625</ele>
        <time>2026-05-20T03:56:42.000Z</time>
        <extensions>
          <ns3:TrackPointExtension>
            <ns3:hr>91</ns3:hr>
          </ns3:TrackPointExtension>
        </extensions>
      </trkpt>
      <trkpt lat="33.20925836451351642608642578125" lon="103.9002048969268798828125">
        <ele>2200.39990234375</ele>
        <time>2026-05-20T03:56:49.000Z</time>
        <extensions>
          <ns3:TrackPointExtension>
            <ns3:hr>89</ns3:hr>
          </ns3:TrackPointExtension>
        </extensions>
      </trkpt>
      <trkpt lat="33.209302537143230438232421875" lon="103.9002429507672786712646484375">
        <ele>2200.199951171875</ele>
        <time>2026-05-20T03:56:56.000Z</time>
        <extensions>
          <ns3:TrackPointExtension>
            <ns3:hr>90</ns3:hr>
          </ns3:TrackPointExtension>
        </extensions>
      </trkpt>
      <trkpt lat="33.20930220186710357666015625" lon="103.90026264823973178863525390625">
        <ele>2200.199951171875</ele>
        <time>2026-05-20T03:57:04.000Z</time>
        <extensions>
          <ns3:TrackPointExtension>
            <ns3:hr>90</ns3:hr>
          </ns3:TrackPointExtension>
        </extensions>
      </trkpt>
      <trkpt lat="33.209333717823028564453125" lon="103.90029684640467166900634765625">
        <ele>2200.199951171875</ele>
        <time>2026-05-20T03:57:22.000Z</time>
        <extensions>
          <ns3:TrackPointExtension>
            <ns3:hr>90</ns3:hr>
          </ns3:TrackPointExtension>
        </extensions>
      </trkpt>
      <trkpt lat="33.20939482189714908599853515625" lon="103.90035149641335010528564453125">
        <ele>2199.800048828125</ele>
        <time>2026-05-20T03:57:29.000Z</time>
        <extensions>
          <ns3:TrackPointExtension>
            <ns3:hr>93</ns3:hr>
          </ns3:TrackPointExtension>
        </extensions>
      </trkpt>
      <trkpt lat="33.20943941362202167510986328125" lon="103.90038871206343173980712890625">
        <ele>2199.39990234375</ele>
        <time>2026-05-20T03:57:35.000Z</time>
        <extensions>
          <ns3:TrackPointExtension>
            <ns3:hr>95</ns3:hr>
          </ns3:TrackPointExtension>
        </extensions>
      </trkpt>
      <trkpt lat="33.20944477804005146026611328125" lon="103.9003975130617618560791015625">
        <ele>2199.39990234375</ele>
        <time>2026-05-20T03:57:37.000Z</time>
        <extensions>
          <ns3:TrackPointExtension>
            <ns3:hr>96</ns3:hr>
          </ns3:TrackPointExtension>
        </extensions>
      </trkpt>
      <trkpt lat="33.20944477804005146026611328125" lon="103.900425173342227935791015625">
        <ele>2199.199951171875</ele>
        <time>2026-05-20T03:57:44.000Z</time>
        <extensions>
          <ns3:TrackPointExtension>
            <ns3:hr>95</ns3:hr>
          </ns3:TrackPointExtension>
        </extensions>
      </trkpt>
      <trkpt lat="33.2094633020460605621337890625" lon="103.9004476368427276611328125">
        <ele>2199</ele>
        <time>2026-05-20T03:57:48.000Z</time>
        <extensions>
          <ns3:TrackPointExtension>
            <ns3:hr>92</ns3:hr>
          </ns3:TrackPointExtension>
        </extensions>
      </trkpt>
      <trkpt lat="33.2094790600240230560302734375" lon="103.9004786498844623565673828125">
        <ele>2198.800048828125</ele>
        <time>2026-05-20T03:57:52.000Z</time>
        <extensions>
          <ns3:TrackPointExtension>
            <ns3:hr>92</ns3:hr>
          </ns3:TrackPointExtension>
        </extensions>
      </trkpt>
      <trkpt lat="33.20946849882602691650390625" lon="103.90051209367811679840087890625">
        <ele>2198.800048828125</ele>
        <time>2026-05-20T03:57:56.000Z</time>
        <extensions>
          <ns3:TrackPointExtension>
            <ns3:hr>88</ns3:hr>
          </ns3:TrackPointExtension>
        </extensions>
      </trkpt>
      <trkpt lat="33.20945215411484241485595703125" lon="103.9005289413034915924072265625">
        <ele>2198.800048828125</ele>
        <time>2026-05-20T03:58:01.000Z</time>
        <extensions>
          <ns3:TrackPointExtension>
            <ns3:hr>86</ns3:hr>
          </ns3:TrackPointExtension>
        </extensions>
      </trkpt>
      <trkpt lat="33.2094565965235233306884765625" lon="103.90054344199597835540771484375">
        <ele>2198.800048828125</ele>
        <time>2026-05-20T03:58:06.000Z</time>
        <extensions>
          <ns3:TrackPointExtension>
            <ns3:hr>86</ns3:hr>
          </ns3:TrackPointExtension>
        </extensions>
      </trkpt>
      <trkpt lat="33.2094284333288669586181640625" lon="103.9005656540393829345703125">
        <ele>2198.800048828125</ele>
        <time>2026-05-20T03:58:12.000Z</time>
        <extensions>
          <ns3:TrackPointExtension>
            <ns3:hr>83</ns3:hr>
          </ns3:TrackPointExtension>
        </extensions>
      </trkpt>
      <trkpt lat="33.2094101607799530029296875" lon="103.9005815796554088592529296875">
        <ele>2199</ele>
        <time>2026-05-20T03:58:15.000Z</time>
        <extensions>
          <ns3:TrackPointExtension>
            <ns3:hr>82</ns3:hr>
          </ns3:TrackPointExtension>
        </extensions>
      </trkpt>
      <trkpt lat="33.20940203033387660980224609375" lon="103.90058049000799655914306640625">
        <ele>2199</ele>
        <time>2026-05-20T03:58:23.000Z</time>
        <extensions>
          <ns3:TrackPointExtension>
            <ns3:hr>83</ns3:hr>
          </ns3:TrackPointExtension>
        </extensions>
      </trkpt>
      <trkpt lat="33.20940119214355945587158203125" lon="103.90057713724672794342041015625">
        <ele>2199</ele>
        <time>2026-05-20T03:58:37.000Z</time>
        <extensions>
          <ns3:TrackPointExtension>
            <ns3:hr>83</ns3:hr>
          </ns3:TrackPointExtension>
        </extensions>
      </trkpt>
      <trkpt lat="33.20940119214355945587158203125" lon="103.90057713724672794342041015625">
        <ele>2199</ele>
        <time>2026-05-20T03:58:40.000Z</time>
        <extensions>
          <ns3:TrackPointExtension>
            <ns3:hr>80</ns3:hr>
          </ns3:TrackPointExtension>
        </extensions>
      </trkpt>
      <trkpt lat="33.20940722711384296417236328125" lon="103.90056774951517581939697265625">
        <ele>2199</ele>
        <time>2026-05-20T03:58:56.000Z</time>
        <extensions>
          <ns3:TrackPointExtension>
            <ns3:hr>83</ns3:hr>
          </ns3:TrackPointExtension>
        </extensions>
      </trkpt>
      <trkpt lat="33.2094093225896358489990234375" lon="103.90056640841066837310791015625">
        <ele>2199</ele>
        <time>2026-05-20T03:59:05.000Z</time>
        <extensions>
          <ns3:TrackPointExtension>
            <ns3:hr>80</ns3:hr>
          </ns3:TrackPointExtension>
        </extensions>
      </trkpt>
      <trkpt lat="33.20941426791250705718994140625" lon="103.900565989315509796142578125">
        <ele>2199</ele>
        <time>2026-05-20T03:59:11.000Z</time>
        <extensions>
          <ns3:TrackPointExtension>
            <ns3:hr>77</ns3:hr>
          </ns3:TrackPointExtension>
        </extensions>
      </trkpt>
      <trkpt lat="33.20946942083537578582763671875" lon="103.900583423674106597900390625">
        <ele>2198.60009765625</ele>
        <time>2026-05-20T03:59:31.000Z</time>
        <extensions>
          <ns3:TrackPointExtension>
            <ns3:hr>78</ns3:hr>
          </ns3:TrackPointExtension>
        </extensions>
      </trkpt>
      <trkpt lat="33.20953153073787689208984375" lon="103.9005976729094982147216796875">
        <ele>2198</ele>
        <time>2026-05-20T03:59:38.000Z</time>
        <extensions>
          <ns3:TrackPointExtension>
            <ns3:hr>78</ns3:hr>
          </ns3:TrackPointExtension>
        </extensions>
      </trkpt>
      <trkpt lat="33.20952742360532283782958984375" lon="103.90059708617627620697021484375">
        <ele>2198</ele>
        <time>2026-05-20T03:59:43.000Z</time>
        <extensions>
          <ns3:TrackPointExtension>
            <ns3:hr>78</ns3:hr>
          </ns3:TrackPointExtension>
        </extensions>
      </trkpt>
      <trkpt lat="33.20952482521533966064453125" lon="103.90059775672852993011474609375">
        <ele>2198</ele>
        <time>2026-05-20T03:59:49.000Z</time>
        <extensions>
          <ns3:TrackPointExtension>
            <ns3:hr>81</ns3:hr>
          </ns3:TrackPointExtension>
        </extensions>
      </trkpt>
      <trkpt lat="33.209523148834705352783203125" lon="103.90061217360198497772216796875">
        <ele>2198</ele>
        <time>2026-05-20T03:59:56.000Z</time>
        <extensions>
          <ns3:TrackPointExtension>
            <ns3:hr>84</ns3:hr>
          </ns3:TrackPointExtension>
        </extensions>
      </trkpt>
      <trkpt lat="33.209521137177944183349609375" lon="103.90060999430716037750244140625">
        <ele>2198</ele>
        <time>2026-05-20T03:59:58.000Z</time>
        <extensions>
          <ns3:TrackPointExtension>
            <ns3:hr>84</ns3:hr>
          </ns3:TrackPointExtension>
        </extensions>
      </trkpt>
      <trkpt lat="33.20953044109046459197998046875" lon="103.9006539992988109588623046875">
        <ele>2197.800048828125</ele>
        <time>2026-05-20T04:00:05.000Z</time>
        <extensions>
          <ns3:TrackPointExtension>
            <ns3:hr>84</ns3:hr>
          </ns3:TrackPointExtension>
        </extensions>
      </trkpt>
      <trkpt lat="33.20954854600131511688232421875" lon="103.90071510337293148040771484375">
        <ele>2197.39990234375</ele>
        <time>2026-05-20T04:00:10.000Z</time>
        <extensions>
          <ns3:TrackPointExtension>
            <ns3:hr>87</ns3:hr>
          </ns3:TrackPointExtension>
        </extensions>
      </trkpt>
      <trkpt lat="33.20955156348645687103271484375" lon="103.9007445238530635833740234375">
        <ele>2197</ele>
        <time>2026-05-20T04:00:12.000Z</time>
        <extensions>
          <ns3:TrackPointExtension>
            <ns3:hr>87</ns3:hr>
          </ns3:TrackPointExtension>
        </extensions>
      </trkpt>
      <trkpt lat="33.20956296287477016448974609375" lon="103.9007507264614105224609375">
        <ele>2197</ele>
        <time>2026-05-20T04:00:19.000Z</time>
        <extensions>
          <ns3:TrackPointExtension>
            <ns3:hr>87</ns3:hr>
          </ns3:TrackPointExtension>
        </extensions>
      </trkpt>
      <trkpt lat="33.209561370313167572021484375" lon="103.90074603259563446044921875">
        <ele>2197</ele>
        <time>2026-05-20T04:00:24.000Z</time>
        <extensions>
          <ns3:TrackPointExtension>
            <ns3:hr>86</ns3:hr>
          </ns3:TrackPointExtension>
        </extensions>
      </trkpt>
      <trkpt lat="33.20954703725874423980712890625" lon="103.90073974616825580596923828125">
        <ele>2197.199951171875</ele>
        <time>2026-05-20T04:04:31.000Z</time>
        <extensions>
          <ns3:TrackPointExtension>
            <ns3:hr>77</ns3:hr>
          </ns3:TrackPointExtension>
        </extensions>
      </trkpt>
      <trkpt lat="33.20954787544906139373779296875" lon="103.9007398299872875213623046875">
        <ele>2197.199951171875</ele>
        <time>2026-05-20T04:04:32.000Z</time>
        <extensions>
          <ns3:TrackPointExtension>
            <ns3:hr>78</ns3:hr>
          </ns3:TrackPointExtension>
        </extensions>
      </trkpt>
      <trkpt lat="33.20955625735223293304443359375" lon="103.9007502235472202301025390625">
        <ele>2197</ele>
        <time>2026-05-20T04:04:48.000Z</time>
        <extensions>
          <ns3:TrackPointExtension>
            <ns3:hr>74</ns3:hr>
          </ns3:TrackPointExtension>
        </extensions>
      </trkpt>
      <trkpt lat="33.20955709554255008697509765625" lon="103.9007507264614105224609375">
        <ele>2197</ele>
        <time>2026-05-20T04:04:49.000Z</time>
        <extensions>
          <ns3:TrackPointExtension>
            <ns3:hr>77</ns3:hr>
          </ns3:TrackPointExtension>
        </extensions>
      </trkpt>
      <trkpt lat="33.2095603644847869873046875" lon="103.90075282193720340728759765625">
        <ele>2197</ele>
        <time>2026-05-20T04:04:51.000Z</time>
        <extensions>
          <ns3:TrackPointExtension>
            <ns3:hr>81</ns3:hr>
          </ns3:TrackPointExtension>
        </extensions>
      </trkpt>
      <trkpt lat="33.20959229953587055206298828125" lon="103.90078249387443065643310546875">
        <ele>2196.60009765625</ele>
        <time>2026-05-20T04:05:10.000Z</time>
        <extensions>
          <ns3:TrackPointExtension>
            <ns3:hr>78</ns3:hr>
          </ns3:TrackPointExtension>
        </extensions>
      </trkpt>
      <trkpt lat="33.2096262462437152862548828125" lon="103.9008135907351970672607421875">
        <ele>2196</ele>
        <time>2026-05-20T04:05:20.000Z</time>
        <extensions>
          <ns3:TrackPointExtension>
            <ns3:hr>75</ns3:hr>
          </ns3:TrackPointExtension>
        </extensions>
      </trkpt>
      <trkpt lat="33.2096393220126628875732421875" lon="103.9008253253996372222900390625">
        <ele>2195.800048828125</ele>
        <time>2026-05-20T04:05:21.000Z</time>
        <extensions>
          <ns3:TrackPointExtension>
            <ns3:hr>76</ns3:hr>
          </ns3:TrackPointExtension>
        </extensions>
      </trkpt>
      <trkpt lat="33.209674693644046783447265625" lon="103.90087754465639591217041015625">
        <ele>2195.39990234375</ele>
        <time>2026-05-20T04:05:25.000Z</time>
        <extensions>
          <ns3:TrackPointExtension>
            <ns3:hr>76</ns3:hr>
          </ns3:TrackPointExtension>
        </extensions>
      </trkpt>
      <trkpt lat="33.2096798904240131378173828125" lon="103.9009155146777629852294921875">
        <ele>2195</ele>
        <time>2026-05-20T04:05:27.000Z</time>
        <extensions>
          <ns3:TrackPointExtension>
            <ns3:hr>75</ns3:hr>
          </ns3:TrackPointExtension>
        </extensions>
      </trkpt>
      <trkpt lat="33.2097385637462139129638671875" lon="103.90104887075722217559814453125">
        <ele>2194.199951171875</ele>
        <time>2026-05-20T04:05:37.000Z</time>
        <extensions>
          <ns3:TrackPointExtension>
            <ns3:hr>73</ns3:hr>
          </ns3:TrackPointExtension>
        </extensions>
      </trkpt>
      <trkpt lat="33.20976077578961849212646484375" lon="103.90115565620362758636474609375">
        <ele>2193.39990234375</ele>
        <time>2026-05-20T04:05:44.000Z</time>
        <extensions>
          <ns3:TrackPointExtension>
            <ns3:hr>70</ns3:hr>
          </ns3:TrackPointExtension>
        </extensions>
      </trkpt>
      <trkpt lat="33.20976647548377513885498046875" lon="103.901174180209636688232421875">
        <ele>2193.39990234375</ele>
        <time>2026-05-20T04:05:45.000Z</time>
        <extensions>
          <ns3:TrackPointExtension>
            <ns3:hr>74</ns3:hr>
          </ns3:TrackPointExtension>
        </extensions>
      </trkpt>
      <trkpt lat="33.2097741030156612396240234375" lon="103.901188932359218597412109375">
        <ele>2193.199951171875</ele>
        <time>2026-05-20T04:05:46.000Z</time>
        <extensions>
          <ns3:TrackPointExtension>
            <ns3:hr>74</ns3:hr>
          </ns3:TrackPointExtension>
        </extensions>
      </trkpt>
      <trkpt lat="33.20978592149913311004638671875" lon="103.90120477415621280670166015625">
        <ele>2193.199951171875</ele>
        <time>2026-05-20T04:05:47.000Z</time>
        <extensions>
          <ns3:TrackPointExtension>
            <ns3:hr>73</ns3:hr>
          </ns3:TrackPointExtension>
        </extensions>
      </trkpt>
      <trkpt lat="33.20985381491482257843017578125" lon="103.90127451159060001373291015625">
        <ele>2192.800048828125</ele>
        <time>2026-05-20T04:05:53.000Z</time>
        <extensions>
          <ns3:TrackPointExtension>
            <ns3:hr>73</ns3:hr>
          </ns3:TrackPointExtension>
        </extensions>
      </trkpt>
      <trkpt lat="33.20993109606206417083740234375" lon="103.90134542249143123626708984375">
        <ele>2192.60009765625</ele>
        <time>2026-05-20T04:06:01.000Z</time>
        <extensions>
          <ns3:TrackPointExtension>
            <ns3:hr>73</ns3:hr>
          </ns3:TrackPointExtension>
        </extensions>
      </trkpt>
      <trkpt lat="33.2100069522857666015625" lon="103.90136352740228176116943359375">
        <ele>2192.199951171875</ele>
        <time>2026-05-20T04:06:06.000Z</time>
        <extensions>
          <ns3:TrackPointExtension>
            <ns3:hr>70</ns3:hr>
          </ns3:TrackPointExtension>
        </extensions>
      </trkpt>
      <trkpt lat="33.2100570760667324066162109375" lon="103.9013654552400112152099609375">
        <ele>2192</ele>
        <time>2026-05-20T04:06:10.000Z</time>
        <extensions>
          <ns3:TrackPointExtension>
            <ns3:hr>71</ns3:hr>
          </ns3:TrackPointExtension>
        </extensions>
      </trkpt>
      <trkpt lat="33.21019403636455535888671875" lon="103.90139403752982616424560546875">
        <ele>2191.39990234375</ele>
        <time>2026-05-20T04:06:20.000Z</time>
        <extensions>
          <ns3:TrackPointExtension>
            <ns3:hr>75</ns3:hr>
          </ns3:TrackPointExtension>
        </extensions>
      </trkpt>
      <trkpt lat="33.21020619012415409088134765625" lon="103.90139990486204624176025390625">
        <ele>2191.39990234375</ele>
        <time>2026-05-20T04:06:21.000Z</time>
        <extensions>
          <ns3:TrackPointExtension>
            <ns3:hr>74</ns3:hr>
          </ns3:TrackPointExtension>
        </extensions>
      </trkpt>
      <trkpt lat="33.21021792478859424591064453125" lon="103.90140585601329803466796875">
        <ele>2191.199951171875</ele>
        <time>2026-05-20T04:06:22.000Z</time>
        <extensions>
          <ns3:TrackPointExtension>
            <ns3:hr>71</ns3:hr>
          </ns3:TrackPointExtension>
        </extensions>
      </trkpt>
      <trkpt lat="33.21027559228241443634033203125" lon="103.901456482708454132080078125">
        <ele>2190.800048828125</ele>
        <time>2026-05-20T04:06:29.000Z</time>
        <extensions>
          <ns3:TrackPointExtension>
            <ns3:hr>74</ns3:hr>
          </ns3:TrackPointExtension>
        </extensions>
      </trkpt>
      <trkpt lat="33.21026737801730632781982421875" lon="103.90146377496421337127685546875">
        <ele>2190.800048828125</ele>
        <time>2026-05-20T04:06:30.000Z</time>
        <extensions>
          <ns3:TrackPointExtension>
            <ns3:hr>76</ns3:hr>
          </ns3:TrackPointExtension>
        </extensions>
      </trkpt>
      <trkpt lat="33.210233263671398162841796875" lon="103.90147064812481403350830078125">
        <ele>2191</ele>
        <time>2026-05-20T04:06:33.000Z</time>
        <extensions>
          <ns3:TrackPointExtension>
            <ns3:hr>77</ns3:hr>
          </ns3:TrackPointExtension>
        </extensions>
      </trkpt>
      <trkpt lat="33.21027257479727268218994140625" lon="103.90146142803132534027099609375">
        <ele>2190.800048828125</ele>
        <time>2026-05-20T04:06:38.000Z</time>
        <extensions>
          <ns3:TrackPointExtension>
            <ns3:hr>77</ns3:hr>
          </ns3:TrackPointExtension>
        </extensions>
      </trkpt>
      <trkpt lat="33.21029386483132839202880859375" lon="103.90146008692681789398193359375">
        <ele>2190.800048828125</ele>
        <time>2026-05-20T04:06:39.000Z</time>
        <extensions>
          <ns3:TrackPointExtension>
            <ns3:hr>74</ns3:hr>
          </ns3:TrackPointExtension>
        </extensions>
      </trkpt>
      <trkpt lat="33.21032554842531681060791015625" lon="103.90147559344768524169921875">
        <ele>2190.60009765625</ele>
        <time>2026-05-20T04:06:41.000Z</time>
        <extensions>
          <ns3:TrackPointExtension>
            <ns3:hr>77</ns3:hr>
          </ns3:TrackPointExtension>
        </extensions>
      </trkpt>
      <trkpt lat="33.2103534601628780364990234375" lon="103.90148632228374481201171875">
        <ele>2190.39990234375</ele>
        <time>2026-05-20T04:06:45.000Z</time>
        <extensions>
          <ns3:TrackPointExtension>
            <ns3:hr>78</ns3:hr>
          </ns3:TrackPointExtension>
        </extensions>
      </trkpt>
      <trkpt lat="33.2103625126183032989501953125" lon="103.90147718600928783416748046875">
        <ele>2190.39990234375</ele>
        <time>2026-05-20T04:06:46.000Z</time>
        <extensions>
          <ns3:TrackPointExtension>
            <ns3:hr>79</ns3:hr>
          </ns3:TrackPointExtension>
        </extensions>
      </trkpt>
      <trkpt lat="33.21043015457689762115478515625" lon="103.901414573192596435546875">
        <ele>2190.199951171875</ele>
        <time>2026-05-20T04:06:53.000Z</time>
        <extensions>
          <ns3:TrackPointExtension>
            <ns3:hr>78</ns3:hr>
          </ns3:TrackPointExtension>
        </extensions>
      </trkpt>
      <trkpt lat="33.2104476727545261383056640625" lon="103.90138481743633747100830078125">
        <ele>2189.800048828125</ele>
        <time>2026-05-20T04:06:56.000Z</time>
        <extensions>
          <ns3:TrackPointExtension>
            <ns3:hr>79</ns3:hr>
          </ns3:TrackPointExtension>
        </extensions>
      </trkpt>
      <trkpt lat="33.2104751653969287872314453125" lon="103.90132631175220012664794921875">
        <ele>2189.39990234375</ele>
        <time>2026-05-20T04:07:01.000Z</time>
        <extensions>
          <ns3:TrackPointExtension>
            <ns3:hr>82</ns3:hr>
          </ns3:TrackPointExtension>
        </extensions>
      </trkpt>
      <trkpt lat="33.210484050214290618896484375" lon="103.9013010822236537933349609375">
        <ele>2189.39990234375</ele>
        <time>2026-05-20T04:07:03.000Z</time>
        <extensions>
          <ns3:TrackPointExtension>
            <ns3:hr>79</ns3:hr>
          </ns3:TrackPointExtension>
        </extensions>
      </trkpt>
      <trkpt lat="33.2105358503758907318115234375" lon="103.90121935866773128509521484375">
        <ele>2189.199951171875</ele>
        <time>2026-05-20T04:07:10.000Z</time>
        <extensions>
          <ns3:TrackPointExtension>
            <ns3:hr>82</ns3:hr>
          </ns3:TrackPointExtension>
        </extensions>
      </trkpt>
      <trkpt lat="33.210537694394588470458984375" lon="103.90121164731681346893310546875">
        <ele>2189.39990234375</ele>
        <time>2026-05-20T04:07:11.000Z</time>
        <extensions>
          <ns3:TrackPointExtension>
            <ns3:hr>80</ns3:hr>
          </ns3:TrackPointExtension>
        </extensions>
      </trkpt>
      <trkpt lat="33.21058404631912708282470703125" lon="103.9011441729962825775146484375">
        <ele>2190</ele>
        <time>2026-05-20T04:07:17.000Z</time>
        <extensions>
          <ns3:TrackPointExtension>
            <ns3:hr>86</ns3:hr>
          </ns3:TrackPointExtension>
        </extensions>
      </trkpt>
      <trkpt lat="33.21060466580092906951904296875" lon="103.90112363733351230621337890625">
        <ele>2190.199951171875</ele>
        <time>2026-05-20T04:07:19.000Z</time>
        <extensions>
          <ns3:TrackPointExtension>
            <ns3:hr>82</ns3:hr>
          </ns3:TrackPointExtension>
        </extensions>
      </trkpt>
      <trkpt lat="33.21066803298890590667724609375" lon="103.9010942168533802032470703125">
        <ele>2190.39990234375</ele>
        <time>2026-05-20T04:07:25.000Z</time>
        <extensions>
          <ns3:TrackPointExtension>
            <ns3:hr>85</ns3:hr>
          </ns3:TrackPointExtension>
        </extensions>
      </trkpt>
      <trkpt lat="33.210672475397586822509765625" lon="103.90108206309378147125244140625">
        <ele>2190.60009765625</ele>
        <time>2026-05-20T04:07:26.000Z</time>
        <extensions>
          <ns3:TrackPointExtension>
            <ns3:hr>84</ns3:hr>
          </ns3:TrackPointExtension>
        </extensions>
      </trkpt>
      <trkpt lat="33.21069166995584964752197265625" lon="103.90106077305972576141357421875">
        <ele>2190.60009765625</ele>
        <time>2026-05-20T04:07:28.000Z</time>
        <extensions>
          <ns3:TrackPointExtension>
            <ns3:hr>84</ns3:hr>
          </ns3:TrackPointExtension>
        </extensions>
      </trkpt>
      <trkpt lat="33.21077381260693073272705078125" lon="103.90099623240530490875244140625">
        <ele>2191</ele>
        <time>2026-05-20T04:07:36.000Z</time>
        <extensions>
          <ns3:TrackPointExtension>
            <ns3:hr>84</ns3:hr>
          </ns3:TrackPointExtension>
        </extensions>
      </trkpt>
      <trkpt lat="33.21086416952311992645263671875" lon="103.900926411151885986328125">
        <ele>2192</ele>
        <time>2026-05-20T04:07:45.000Z</time>
        <extensions>
          <ns3:TrackPointExtension>
            <ns3:hr>84</ns3:hr>
          </ns3:TrackPointExtension>
        </extensions>
      </trkpt>
      <trkpt lat="33.210968859493732452392578125" lon="103.90084099955856800079345703125">
        <ele>2193.800048828125</ele>
        <time>2026-05-20T04:07:55.000Z</time>
        <extensions>
          <ns3:TrackPointExtension>
            <ns3:hr>81</ns3:hr>
          </ns3:TrackPointExtension>
        </extensions>
      </trkpt>
      <trkpt lat="33.21097849868237972259521484375" lon="103.90083395875990390777587890625">
        <ele>2194</ele>
        <time>2026-05-20T04:07:56.000Z</time>
        <extensions>
          <ns3:TrackPointExtension>
            <ns3:hr>81</ns3:hr>
          </ns3:TrackPointExtension>
        </extensions>
      </trkpt>
      <trkpt lat="33.21102661080658435821533203125" lon="103.90080076642334461212158203125">
        <ele>2195</ele>
        <time>2026-05-20T04:08:01.000Z</time>
        <extensions>
          <ns3:TrackPointExtension>
            <ns3:hr>84</ns3:hr>
          </ns3:TrackPointExtension>
        </extensions>
      </trkpt>
      <trkpt lat="33.21105745621025562286376953125" lon="103.9007882773876190185546875">
        <ele>2195.39990234375</ele>
        <time>2026-05-20T04:08:04.000Z</time>
        <extensions>
          <ns3:TrackPointExtension>
            <ns3:hr>85</ns3:hr>
          </ns3:TrackPointExtension>
        </extensions>
      </trkpt>
      <trkpt lat="33.21113607846200466156005859375" lon="103.90076455660164356231689453125">
        <ele>2196.39990234375</ele>
        <time>2026-05-20T04:08:12.000Z</time>
        <extensions>
          <ns3:TrackPointExtension>
            <ns3:hr>85</ns3:hr>
          </ns3:TrackPointExtension>
        </extensions>
      </trkpt>
      <trkpt lat="33.21121084503829479217529296875" lon="103.90075399540364742279052734375">
        <ele>2198.39990234375</ele>
        <time>2026-05-20T04:08:19.000Z</time>
        <extensions>
          <ns3:TrackPointExtension>
            <ns3:hr>84</ns3:hr>
          </ns3:TrackPointExtension>
        </extensions>
      </trkpt>
      <trkpt lat="33.21124219335615634918212890625" lon="103.9007535763084888458251953125">
        <ele>2199</ele>
        <time>2026-05-20T04:08:21.000Z</time>
        <extensions>
          <ns3:TrackPointExtension>
            <ns3:hr>84</ns3:hr>
          </ns3:TrackPointExtension>
        </extensions>
      </trkpt>
      <trkpt lat="33.21128795854747295379638671875" lon="103.900779895484447479248046875">
        <ele>2199.199951171875</ele>
        <time>2026-05-20T04:08:25.000Z</time>
        <extensions>
          <ns3:TrackPointExtension>
            <ns3:hr>87</ns3:hr>
          </ns3:TrackPointExtension>
        </extensions>
      </trkpt>
      <trkpt lat="33.211366496980190277099609375" lon="103.9008347131311893463134765625">
        <ele>2199.39990234375</ele>
        <time>2026-05-20T04:08:32.000Z</time>
        <extensions>
          <ns3:TrackPointExtension>
            <ns3:hr>87</ns3:hr>
          </ns3:TrackPointExtension>
        </extensions>
      </trkpt>
      <trkpt lat="33.21138300932943820953369140625" lon="103.900852985680103302001953125">
        <ele>2199.199951171875</ele>
        <time>2026-05-20T04:08:34.000Z</time>
        <extensions>
          <ns3:TrackPointExtension>
            <ns3:hr>91</ns3:hr>
          </ns3:TrackPointExtension>
        </extensions>
      </trkpt>
      <trkpt lat="33.21139541454613208770751953125" lon="103.9008632116019725799560546875">
        <ele>2199.199951171875</ele>
        <time>2026-05-20T04:08:35.000Z</time>
        <extensions>
          <ns3:TrackPointExtension>
            <ns3:hr>88</ns3:hr>
          </ns3:TrackPointExtension>
        </extensions>
      </trkpt>
      <trkpt lat="33.211497925221920013427734375" lon="103.90094057656824588775634765625">
        <ele>2199.199951171875</ele>
        <time>2026-05-20T04:08:43.000Z</time>
        <extensions>
          <ns3:TrackPointExtension>
            <ns3:hr>87</ns3:hr>
          </ns3:TrackPointExtension>
        </extensions>
      </trkpt>
      <trkpt lat="33.211510665714740753173828125" lon="103.90095365233719348907470703125">
        <ele>2199</ele>
        <time>2026-05-20T04:08:44.000Z</time>
        <extensions>
          <ns3:TrackPointExtension>
            <ns3:hr>87</ns3:hr>
          </ns3:TrackPointExtension>
        </extensions>
      </trkpt>
      <trkpt lat="33.21159456856548786163330078125" lon="103.9010429196059703826904296875">
        <ele>2197.199951171875</ele>
        <time>2026-05-20T04:08:53.000Z</time>
        <extensions>
          <ns3:TrackPointExtension>
            <ns3:hr>90</ns3:hr>
          </ns3:TrackPointExtension>
        </extensions>
      </trkpt>
      <trkpt lat="33.211618624627590179443359375" lon="103.90106161125004291534423828125">
        <ele>2196.39990234375</ele>
        <time>2026-05-20T04:08:55.000Z</time>
        <extensions>
          <ns3:TrackPointExtension>
            <ns3:hr>89</ns3:hr>
          </ns3:TrackPointExtension>
        </extensions>
      </trkpt>
      <trkpt lat="33.2116855122148990631103515625" lon="103.9011287502944469451904296875">
        <ele>2194</ele>
        <time>2026-05-20T04:09:02.000Z</time>
        <extensions>
          <ns3:TrackPointExtension>
            <ns3:hr>86</ns3:hr>
          </ns3:TrackPointExtension>
        </extensions>
      </trkpt>
      <trkpt lat="33.211689703166484832763671875" lon="103.9011369645595550537109375">
        <ele>2193.800048828125</ele>
        <time>2026-05-20T04:09:03.000Z</time>
        <extensions>
          <ns3:TrackPointExtension>
            <ns3:hr>85</ns3:hr>
          </ns3:TrackPointExtension>
        </extensions>
      </trkpt>
      <trkpt lat="33.21169246919453144073486328125" lon="103.90113956294953823089599609375">
        <ele>2193.60009765625</ele>
        <time>2026-05-20T04:09:04.000Z</time>
        <extensions>
          <ns3:TrackPointExtension>
            <ns3:hr>89</ns3:hr>
          </ns3:TrackPointExtension>
        </extensions>
      </trkpt>
      <trkpt lat="33.21169070899486541748046875" lon="103.9011401496827602386474609375">
        <ele>2193.60009765625</ele>
        <time>2026-05-20T04:09:05.000Z</time>
        <extensions>
          <ns3:TrackPointExtension>
            <ns3:hr>89</ns3:hr>
          </ns3:TrackPointExtension>
        </extensions>
      </trkpt>
      <trkpt lat="33.2117049582302570343017578125" lon="103.9011458493769168853759765625">
        <ele>2193.39990234375</ele>
        <time>2026-05-20T04:09:13.000Z</time>
        <extensions>
          <ns3:TrackPointExtension>
            <ns3:hr>89</ns3:hr>
          </ns3:TrackPointExtension>
        </extensions>
      </trkpt>
      <trkpt lat="33.211778216063976287841796875" lon="103.90119957737624645233154296875">
        <ele>2191.60009765625</ele>
        <time>2026-05-20T04:09:21.000Z</time>
        <extensions>
          <ns3:TrackPointExtension>
            <ns3:hr>87</ns3:hr>
          </ns3:TrackPointExtension>
        </extensions>
      </trkpt>
      <trkpt lat="33.2118536531925201416015625" lon="103.9012541435658931732177734375">
        <ele>2190.39990234375</ele>
        <time>2026-05-20T04:09:29.000Z</time>
        <extensions>
          <ns3:TrackPointExtension>
            <ns3:hr>88</ns3:hr>
          </ns3:TrackPointExtension>
        </extensions>
      </trkpt>
      <trkpt lat="33.21187636815011501312255859375" lon="103.90127048827707767486572265625">
        <ele>2190.199951171875</ele>
        <time>2026-05-20T04:09:33.000Z</time>
        <extensions>
          <ns3:TrackPointExtension>
            <ns3:hr>85</ns3:hr>
          </ns3:TrackPointExtension>
        </extensions>
      </trkpt>
      <trkpt lat="33.21187837980687618255615234375" lon="103.9012710750102996826171875">
        <ele>2190.199951171875</ele>
        <time>2026-05-20T04:09:35.000Z</time>
        <extensions>
          <ns3:TrackPointExtension>
            <ns3:hr>85</ns3:hr>
          </ns3:TrackPointExtension>
        </extensions>
      </trkpt>
      <trkpt lat="33.211878798902034759521484375" lon="103.90126780606806278228759765625">
        <ele>2190.199951171875</ele>
        <time>2026-05-20T04:09:37.000Z</time>
        <extensions>
          <ns3:TrackPointExtension>
            <ns3:hr>81</ns3:hr>
          </ns3:TrackPointExtension>
        </extensions>
      </trkpt>
      <trkpt lat="33.2118793018162250518798828125" lon="103.9012665487825870513916015625">
        <ele>2190.199951171875</ele>
        <time>2026-05-20T04:09:38.000Z</time>
        <extensions>
          <ns3:TrackPointExtension>
            <ns3:hr>84</ns3:hr>
          </ns3:TrackPointExtension>
        </extensions>
      </trkpt>
      <trkpt lat="33.21188173256814479827880859375" lon="103.90127032063901424407958984375">
        <ele>2190.199951171875</ele>
        <time>2026-05-20T04:09:43.000Z</time>
        <extensions>
          <ns3:TrackPointExtension>
            <ns3:hr>80</ns3:hr>
          </ns3:TrackPointExtension>
        </extensions>
      </trkpt>
      <trkpt lat="33.21190352551639080047607421875" lon="103.9012799598276615142822265625">
        <ele>2190.199951171875</ele>
        <time>2026-05-20T04:09:45.000Z</time>
        <extensions>
          <ns3:TrackPointExtension>
            <ns3:hr>77</ns3:hr>
          </ns3:TrackPointExtension>
        </extensions>
      </trkpt>
      <trkpt lat="33.211949877440929412841796875" lon="103.9012997411191463470458984375">
        <ele>2190</ele>
        <time>2026-05-20T04:09:49.000Z</time>
        <extensions>
          <ns3:TrackPointExtension>
            <ns3:hr>80</ns3:hr>
          </ns3:TrackPointExtension>
        </extensions>
      </trkpt>
      <trkpt lat="33.21207694709300994873046875" lon="103.90133016742765903472900390625">
        <ele>2190.60009765625</ele>
        <time>2026-05-20T04:10:00.000Z</time>
        <extensions>
          <ns3:TrackPointExtension>
            <ns3:hr>80</ns3:hr>
          </ns3:TrackPointExtension>
        </extensions>
      </trkpt>
      <trkpt lat="33.21220611222088336944580078125" lon="103.90132606029510498046875">
        <ele>2194</ele>
        <time>2026-05-20T04:10:10.000Z</time>
        <extensions>
          <ns3:TrackPointExtension>
            <ns3:hr>81</ns3:hr>
          </ns3:TrackPointExtension>
        </extensions>
      </trkpt>
      <trkpt lat="33.21226344443857669830322265625" lon="103.90132606029510498046875">
        <ele>2197</ele>
        <time>2026-05-20T04:10:15.000Z</time>
        <extensions>
          <ns3:TrackPointExtension>
            <ns3:hr>80</ns3:hr>
          </ns3:TrackPointExtension>
        </extensions>
      </trkpt>
      <trkpt lat="33.21229713968932628631591796875" lon="103.90133519656956195831298828125">
        <ele>2199.199951171875</ele>
        <time>2026-05-20T04:10:18.000Z</time>
        <extensions>
          <ns3:TrackPointExtension>
            <ns3:hr>82</ns3:hr>
          </ns3:TrackPointExtension>
        </extensions>
      </trkpt>
      <trkpt lat="33.21232371032238006591796875" lon="103.90133469365537166595458984375">
        <ele>2201.60009765625</ele>
        <time>2026-05-20T04:10:25.000Z</time>
        <extensions>
          <ns3:TrackPointExtension>
            <ns3:hr>81</ns3:hr>
          </ns3:TrackPointExtension>
        </extensions>
      </trkpt>
      <trkpt lat="33.2123785279691219329833984375" lon="103.90134642831981182098388671875">
        <ele>2205.39990234375</ele>
        <time>2026-05-20T04:10:33.000Z</time>
        <extensions>
          <ns3:TrackPointExtension>
            <ns3:hr>82</ns3:hr>
          </ns3:TrackPointExtension>
        </extensions>
      </trkpt>
      <trkpt lat="33.2124372012913227081298828125" lon="103.9013671316206455230712890625">
        <ele>2209.800048828125</ele>
        <time>2026-05-20T04:10:38.000Z</time>
        <extensions>
          <ns3:TrackPointExtension>
            <ns3:hr>85</ns3:hr>
          </ns3:TrackPointExtension>
        </extensions>
      </trkpt>
      <trkpt lat="33.21248061954975128173828125" lon="103.90137626789510250091552734375">
        <ele>2215</ele>
        <time>2026-05-20T04:10:42.000Z</time>
        <extensions>
          <ns3:TrackPointExtension>
            <ns3:hr>82</ns3:hr>
          </ns3:TrackPointExtension>
        </extensions>
      </trkpt>
      <trkpt lat="33.21249176748096942901611328125" lon="103.9013805426657199859619140625">
        <ele>2216.199951171875</ele>
        <time>2026-05-20T04:10:43.000Z</time>
        <extensions>
          <ns3:TrackPointExtension>
            <ns3:hr>85</ns3:hr>
          </ns3:TrackPointExtension>
        </extensions>
      </trkpt>
      <trkpt lat="33.21255178190767765045166015625" lon="103.90141515992581844329833984375">
        <ele>2221.60009765625</ele>
        <time>2026-05-20T04:10:48.000Z</time>
        <extensions>
          <ns3:TrackPointExtension>
            <ns3:hr>88</ns3:hr>
          </ns3:TrackPointExtension>
        </extensions>
      </trkpt>
      <trkpt lat="33.212556056678295135498046875" lon="103.90142387710511684417724609375">
        <ele>2221.60009765625</ele>
        <time>2026-05-20T04:10:49.000Z</time>
        <extensions>
          <ns3:TrackPointExtension>
            <ns3:hr>89</ns3:hr>
          </ns3:TrackPointExtension>
        </extensions>
      </trkpt>
      <trkpt lat="33.21258765645325183868408203125" lon="103.90146645717322826385498046875">
        <ele>2222.800048828125</ele>
        <time>2026-05-20T04:10:53.000Z</time>
        <extensions>
          <ns3:TrackPointExtension>
            <ns3:hr>86</ns3:hr>
          </ns3:TrackPointExtension>
        </extensions>
      </trkpt>
      <trkpt lat="33.21262990124523639678955078125" lon="103.9015210233628749847412109375">
        <ele>2224.39990234375</ele>
        <time>2026-05-20T04:10:57.000Z</time>
        <extensions>
          <ns3:TrackPointExtension>
            <ns3:hr>89</ns3:hr>
          </ns3:TrackPointExtension>
        </extensions>
      </trkpt>
      <trkpt lat="33.21270600892603397369384765625" lon="103.9016380347311496734619140625">
        <ele>2225.60009765625</ele>
        <time>2026-05-20T04:11:05.000Z</time>
        <extensions>
          <ns3:TrackPointExtension>
            <ns3:hr>86</ns3:hr>
          </ns3:TrackPointExtension>
        </extensions>
      </trkpt>
      <trkpt lat="33.21273006498813629150390625" lon="103.90168740414083003997802734375">
        <ele>2223.39990234375</ele>
        <time>2026-05-20T04:11:09.000Z</time>
        <extensions>
          <ns3:TrackPointExtension>
            <ns3:hr>87</ns3:hr>
          </ns3:TrackPointExtension>
        </extensions>
      </trkpt>
      <trkpt lat="33.212762586772441864013671875" lon="103.901741802692413330078125">
        <ele>2221.39990234375</ele>
        <time>2026-05-20T04:11:13.000Z</time>
        <extensions>
          <ns3:TrackPointExtension>
            <ns3:hr>84</ns3:hr>
          </ns3:TrackPointExtension>
        </extensions>
      </trkpt>
      <trkpt lat="33.2128326594829559326171875" lon="103.9018509350717067718505859375">
        <ele>2216.800048828125</ele>
        <time>2026-05-20T04:11:22.000Z</time>
        <extensions>
          <ns3:TrackPointExtension>
            <ns3:hr>84</ns3:hr>
          </ns3:TrackPointExtension>
        </extensions>
      </trkpt>
      <trkpt lat="33.21292058564722537994384765625" lon="103.90197046101093292236328125">
        <ele>2212</ele>
        <time>2026-05-20T04:11:32.000Z</time>
        <extensions>
          <ns3:TrackPointExtension>
            <ns3:hr>87</ns3:hr>
          </ns3:TrackPointExtension>
        </extensions>
      </trkpt>
      <trkpt lat="33.21293349377810955047607421875" lon="103.9019981212913990020751953125">
        <ele>2210.39990234375</ele>
        <time>2026-05-20T04:11:34.000Z</time>
        <extensions>
          <ns3:TrackPointExtension>
            <ns3:hr>86</ns3:hr>
          </ns3:TrackPointExtension>
        </extensions>
      </trkpt>
      <trkpt lat="33.21300658397376537322998046875" lon="103.90211069025099277496337890625">
        <ele>2206.199951171875</ele>
        <time>2026-05-20T04:11:43.000Z</time>
        <extensions>
          <ns3:TrackPointExtension>
            <ns3:hr>83</ns3:hr>
          </ns3:TrackPointExtension>
        </extensions>
      </trkpt>
      <trkpt lat="33.2130088470876216888427734375" lon="103.90212410129606723785400390625">
        <ele>2205.60009765625</ele>
        <time>2026-05-20T04:11:45.000Z</time>
        <extensions>
          <ns3:TrackPointExtension>
            <ns3:hr>85</ns3:hr>
          </ns3:TrackPointExtension>
        </extensions>
      </trkpt>
      <trkpt lat="33.21302049793303012847900390625" lon="103.90214321203529834747314453125">
        <ele>2205</ele>
        <time>2026-05-20T04:11:47.000Z</time>
        <extensions>
          <ns3:TrackPointExtension>
            <ns3:hr>89</ns3:hr>
          </ns3:TrackPointExtension>
        </extensions>
      </trkpt>
      <trkpt lat="33.21307531557977199554443359375" lon="103.90220758505165576934814453125">
        <ele>2203.60009765625</ele>
        <time>2026-05-20T04:11:54.000Z</time>
        <extensions>
          <ns3:TrackPointExtension>
            <ns3:hr>92</ns3:hr>
          </ns3:TrackPointExtension>
        </extensions>
      </trkpt>
      <trkpt lat="33.21309082210063934326171875" lon="103.90222870744764804840087890625">
        <ele>2203</ele>
        <time>2026-05-20T04:11:56.000Z</time>
        <extensions>
          <ns3:TrackPointExtension>
            <ns3:hr>94</ns3:hr>
          </ns3:TrackPointExtension>
        </extensions>
      </trkpt>
      <trkpt lat="33.21315377019345760345458984375" lon="103.90230976045131683349609375">
        <ele>2201</ele>
        <time>2026-05-20T04:12:04.000Z</time>
        <extensions>
          <ns3:TrackPointExtension>
            <ns3:hr>90</ns3:hr>
          </ns3:TrackPointExtension>
        </extensions>
      </trkpt>
      <trkpt lat="33.2131778262555599212646484375" lon="103.90232861973345279693603515625">
        <ele>2200.800048828125</ele>
        <time>2026-05-20T04:12:06.000Z</time>
        <extensions>
          <ns3:TrackPointExtension>
            <ns3:hr>91</ns3:hr>
          </ns3:TrackPointExtension>
        </extensions>
      </trkpt>
      <trkpt lat="33.21319785900413990020751953125" lon="103.90234454534947872161865234375">
        <ele>2200.60009765625</ele>
        <time>2026-05-20T04:12:08.000Z</time>
        <extensions>
          <ns3:TrackPointExtension>
            <ns3:hr>94</ns3:hr>
          </ns3:TrackPointExtension>
        </extensions>
      </trkpt>
      <trkpt lat="33.21322971023619174957275390625" lon="103.9023739658296108245849609375">
        <ele>2200.199951171875</ele>
        <time>2026-05-20T04:12:12.000Z</time>
        <extensions>
          <ns3:TrackPointExtension>
            <ns3:hr>91</ns3:hr>
          </ns3:TrackPointExtension>
        </extensions>
      </trkpt>
      <trkpt lat="33.21326105855405330657958984375" lon="103.90240204520523548126220703125">
        <ele>2200</ele>
        <time>2026-05-20T04:12:15.000Z</time>
        <extensions>
          <ns3:TrackPointExtension>
            <ns3:hr>91</ns3:hr>
          </ns3:TrackPointExtension>
        </extensions>
      </trkpt>
      <trkpt lat="33.21334403939545154571533203125" lon="103.9024547673761844635009765625">
        <ele>2201.199951171875</ele>
        <time>2026-05-20T04:12:24.000Z</time>
        <extensions>
          <ns3:TrackPointExtension>
            <ns3:hr>88</ns3:hr>
          </ns3:TrackPointExtension>
        </extensions>
      </trkpt>
      <trkpt lat="33.2133637368679046630859375" lon="103.902470357716083526611328125">
        <ele>2201.199951171875</ele>
        <time>2026-05-20T04:12:26.000Z</time>
        <extensions>
          <ns3:TrackPointExtension>
            <ns3:hr>91</ns3:hr>
          </ns3:TrackPointExtension>
        </extensions>
      </trkpt>
      <trkpt lat="33.2134872861206531524658203125" lon="103.90253950841724872589111328125">
        <ele>2204.39990234375</ele>
        <time>2026-05-20T04:12:36.000Z</time>
        <extensions>
          <ns3:TrackPointExtension>
            <ns3:hr>88</ns3:hr>
          </ns3:TrackPointExtension>
        </extensions>
      </trkpt>
      <trkpt lat="33.2135097496211528778076171875" lon="103.902546800673007965087890625">
        <ele>2205.39990234375</ele>
        <time>2026-05-20T04:12:38.000Z</time>
        <extensions>
          <ns3:TrackPointExtension>
            <ns3:hr>91</ns3:hr>
          </ns3:TrackPointExtension>
        </extensions>
      </trkpt>
      <trkpt lat="33.213612176477909088134765625" lon="103.90261058695614337921142578125">
        <ele>2205.60009765625</ele>
        <time>2026-05-20T04:12:47.000Z</time>
        <extensions>
          <ns3:TrackPointExtension>
            <ns3:hr>93</ns3:hr>
          </ns3:TrackPointExtension>
        </extensions>
      </trkpt>
      <trkpt lat="33.21368132717907428741455078125" lon="103.90265199355781078338623046875">
        <ele>2206.800048828125</ele>
        <time>2026-05-20T04:12:54.000Z</time>
        <extensions>
          <ns3:TrackPointExtension>
            <ns3:hr>90</ns3:hr>
          </ns3:TrackPointExtension>
        </extensions>
      </trkpt>
      <trkpt lat="33.2137025333940982818603515625" lon="103.90267110429704189300537109375">
        <ele>2206.800048828125</ele>
        <time>2026-05-20T04:12:56.000Z</time>
        <extensions>
          <ns3:TrackPointExtension>
            <ns3:hr>89</ns3:hr>
          </ns3:TrackPointExtension>
        </extensions>
      </trkpt>
      <trkpt lat="33.2137902081012725830078125" lon="103.90272173099219799041748046875">
        <ele>2208.39990234375</ele>
        <time>2026-05-20T04:13:04.000Z</time>
        <extensions>
          <ns3:TrackPointExtension>
            <ns3:hr>86</ns3:hr>
          </ns3:TrackPointExtension>
        </extensions>
      </trkpt>
      <trkpt lat="33.21380822919309139251708984375" lon="103.90274352394044399261474609375">
        <ele>2208.199951171875</ele>
        <time>2026-05-20T04:13:07.000Z</time>
        <extensions>
          <ns3:TrackPointExtension>
            <ns3:hr>87</ns3:hr>
          </ns3:TrackPointExtension>
        </extensions>
      </trkpt>
      <trkpt lat="33.2139231450855731964111328125" lon="103.9029070548713207244873046875">
        <ele>2206.199951171875</ele>
        <time>2026-05-20T04:13:21.000Z</time>
        <extensions>
          <ns3:TrackPointExtension>
            <ns3:hr>85</ns3:hr>
          </ns3:TrackPointExtension>
        </extensions>
      </trkpt>
      <trkpt lat="33.21397637017071247100830078125" lon="103.90299011953175067901611328125">
        <ele>2206.800048828125</ele>
        <time>2026-05-20T04:13:29.000Z</time>
        <extensions>
          <ns3:TrackPointExtension>
            <ns3:hr>86</ns3:hr>
          </ns3:TrackPointExtension>
        </extensions>
      </trkpt>
      <trkpt lat="33.21399196051061153411865234375" lon="103.90313529409468173980712890625">
        <ele>2204.60009765625</ele>
        <time>2026-05-20T04:13:38.000Z</time>
        <extensions>
          <ns3:TrackPointExtension>
            <ns3:hr>86</ns3:hr>
          </ns3:TrackPointExtension>
        </extensions>
      </trkpt>
      <trkpt lat="33.21400771848857402801513671875" lon="103.903256915509700775146484375">
        <ele>2203</ele>
        <time>2026-05-20T04:13:46.000Z</time>
        <extensions>
          <ns3:TrackPointExtension>
            <ns3:hr>89</ns3:hr>
          </ns3:TrackPointExtension>
        </extensions>
      </trkpt>
      <trkpt lat="33.214002437889575958251953125" lon="103.90330896712839603424072265625">
        <ele>2201.800048828125</ele>
        <time>2026-05-20T04:13:49.000Z</time>
        <extensions>
          <ns3:TrackPointExtension>
            <ns3:hr>87</ns3:hr>
          </ns3:TrackPointExtension>
        </extensions>
      </trkpt>
      <trkpt lat="33.2139955647289752960205078125" lon="103.90341357327997684478759765625">
        <ele>2200.199951171875</ele>
        <time>2026-05-20T04:13:56.000Z</time>
        <extensions>
          <ns3:TrackPointExtension>
            <ns3:hr>84</ns3:hr>
          </ns3:TrackPointExtension>
        </extensions>
      </trkpt>
      <trkpt lat="33.21399313397705554962158203125" lon="103.903427906334400177001953125">
        <ele>2200</ele>
        <time>2026-05-20T04:13:57.000Z</time>
        <extensions>
          <ns3:TrackPointExtension>
            <ns3:hr>81</ns3:hr>
          </ns3:TrackPointExtension>
        </extensions>
      </trkpt>
      <trkpt lat="33.21398994885385036468505859375" lon="103.9034585841000080108642578125">
        <ele>2199.60009765625</ele>
        <time>2026-05-20T04:13:59.000Z</time>
        <extensions>
          <ns3:TrackPointExtension>
            <ns3:hr>82</ns3:hr>
          </ns3:TrackPointExtension>
        </extensions>
      </trkpt>
      <trkpt lat="33.21398944593966007232666015625" lon="103.90368296764791011810302734375">
        <ele>2197</ele>
        <time>2026-05-20T04:14:13.000Z</time>
        <extensions>
          <ns3:TrackPointExtension>
            <ns3:hr>84</ns3:hr>
          </ns3:TrackPointExtension>
        </extensions>
      </trkpt>
      <trkpt lat="33.21399497799575328826904296875" lon="103.90385211445391178131103515625">
        <ele>2195.60009765625</ele>
        <time>2026-05-20T04:14:25.000Z</time>
        <extensions>
          <ns3:TrackPointExtension>
            <ns3:hr>80</ns3:hr>
          </ns3:TrackPointExtension>
        </extensions>
      </trkpt>
      <trkpt lat="33.21399615146219730377197265625" lon="103.903867118060588836669921875">
        <ele>2195.39990234375</ele>
        <time>2026-05-20T04:14:26.000Z</time>
        <extensions>
          <ns3:TrackPointExtension>
            <ns3:hr>83</ns3:hr>
          </ns3:TrackPointExtension>
        </extensions>
      </trkpt>
      <trkpt lat="33.214000761508941650390625" lon="103.90390005894005298614501953125">
        <ele>2195.199951171875</ele>
        <time>2026-05-20T04:14:28.000Z</time>
        <extensions>
          <ns3:TrackPointExtension>
            <ns3:hr>85</ns3:hr>
          </ns3:TrackPointExtension>
        </extensions>
      </trkpt>
      <trkpt lat="33.21405641734600067138671875" lon="103.9040597341954708099365234375">
        <ele>2195.199951171875</ele>
        <time>2026-05-20T04:14:40.000Z</time>
        <extensions>
          <ns3:TrackPointExtension>
            <ns3:hr>87</ns3:hr>
          </ns3:TrackPointExtension>
        </extensions>
      </trkpt>
      <trkpt lat="33.21415758691728115081787109375" lon="103.9041774161159992218017578125">
        <ele>2195.199951171875</ele>
        <time>2026-05-20T04:14:52.000Z</time>
        <extensions>
          <ns3:TrackPointExtension>
            <ns3:hr>88</ns3:hr>
          </ns3:TrackPointExtension>
        </extensions>
      </trkpt>
      <trkpt lat="33.2141672261059284210205078125" lon="103.9041868038475513458251953125">
        <ele>2195.199951171875</ele>
        <time>2026-05-20T04:14:53.000Z</time>
        <extensions>
          <ns3:TrackPointExtension>
            <ns3:hr>93</ns3:hr>
          </ns3:TrackPointExtension>
        </extensions>
      </trkpt>
      <trkpt lat="33.214177787303924560546875" lon="103.9041958563029766082763671875">
        <ele>2195.199951171875</ele>
        <time>2026-05-20T04:14:54.000Z</time>
        <extensions>
          <ns3:TrackPointExtension>
            <ns3:hr>89</ns3:hr>
          </ns3:TrackPointExtension>
        </extensions>
      </trkpt>
      <trkpt lat="33.21428163908421993255615234375" lon="103.90425511635839939117431640625">
        <ele>2195.60009765625</ele>
        <time>2026-05-20T04:15:03.000Z</time>
        <extensions>
          <ns3:TrackPointExtension>
            <ns3:hr>92</ns3:hr>
          </ns3:TrackPointExtension>
        </extensions>
      </trkpt>
      <trkpt lat="33.214302845299243927001953125" lon="103.90426450408995151519775390625">
        <ele>2195.60009765625</ele>
        <time>2026-05-20T04:15:05.000Z</time>
        <extensions>
          <ns3:TrackPointExtension>
            <ns3:hr>90</ns3:hr>
          </ns3:TrackPointExtension>
        </extensions>
      </trkpt>
      <trkpt lat="33.21438607759773731231689453125" lon="103.90427556820213794708251953125">
        <ele>2195.800048828125</ele>
        <time>2026-05-20T04:15:12.000Z</time>
        <extensions>
          <ns3:TrackPointExtension>
            <ns3:hr>93</ns3:hr>
          </ns3:TrackPointExtension>
        </extensions>
      </trkpt>
      <trkpt lat="33.2144223712384700775146484375" lon="103.9042763225734233856201171875">
        <ele>2195.60009765625</ele>
        <time>2026-05-20T04:15:15.000Z</time>
        <extensions>
          <ns3:TrackPointExtension>
            <ns3:hr>93</ns3:hr>
          </ns3:TrackPointExtension>
        </extensions>
      </trkpt>
      <trkpt lat="33.214521445333957672119140625" lon="103.9042536914348602294921875">
        <ele>2195.199951171875</ele>
        <time>2026-05-20T04:15:23.000Z</time>
        <extensions>
          <ns3:TrackPointExtension>
            <ns3:hr>93</ns3:hr>
          </ns3:TrackPointExtension>
        </extensions>
      </trkpt>
      <trkpt lat="33.2146295718848705291748046875" lon="103.90421572141349315643310546875">
        <ele>2195.39990234375</ele>
        <time>2026-05-20T04:15:33.000Z</time>
        <extensions>
          <ns3:TrackPointExtension>
            <ns3:hr>91</ns3:hr>
          </ns3:TrackPointExtension>
        </extensions>
      </trkpt>
      <trkpt lat="33.21476695127785205841064453125" lon="103.9041583053767681121826171875">
        <ele>2195.800048828125</ele>
        <time>2026-05-20T04:15:45.000Z</time>
        <extensions>
          <ns3:TrackPointExtension>
            <ns3:hr>92</ns3:hr>
          </ns3:TrackPointExtension>
        </extensions>
      </trkpt>
      <trkpt lat="33.21491447277367115020751953125" lon="103.90410491265356540679931640625">
        <ele>2195.800048828125</ele>
        <time>2026-05-20T04:15:59.000Z</time>
        <extensions>
          <ns3:TrackPointExtension>
            <ns3:hr>92</ns3:hr>
          </ns3:TrackPointExtension>
        </extensions>
      </trkpt>
      <trkpt lat="33.21501706726849079132080078125" lon="103.9040785096585750579833984375">
        <ele>2196</ele>
        <time>2026-05-20T04:16:09.000Z</time>
        <extensions>
          <ns3:TrackPointExtension>
            <ns3:hr>91</ns3:hr>
          </ns3:TrackPointExtension>
        </extensions>
      </trkpt>
      <trkpt lat="33.2151422090828418731689453125" lon="103.90404892154037952423095703125">
        <ele>2196.800048828125</ele>
        <time>2026-05-20T04:16:20.000Z</time>
        <extensions>
          <ns3:TrackPointExtension>
            <ns3:hr>87</ns3:hr>
          </ns3:TrackPointExtension>
        </extensions>
      </trkpt>
      <trkpt lat="33.215154111385345458984375" lon="103.90404439531266689300537109375">
        <ele>2197</ele>
        <time>2026-05-20T04:16:21.000Z</time>
        <extensions>
          <ns3:TrackPointExtension>
            <ns3:hr>86</ns3:hr>
          </ns3:TrackPointExtension>
        </extensions>
      </trkpt>
      <trkpt lat="33.2151884771883487701416015625" lon="103.904038779437541961669921875">
        <ele>2197</ele>
        <time>2026-05-20T04:16:24.000Z</time>
        <extensions>
          <ns3:TrackPointExtension>
            <ns3:hr>82</ns3:hr>
          </ns3:TrackPointExtension>
        </extensions>
      </trkpt>
      <trkpt lat="33.21525226347148418426513671875" lon="103.90404523350298404693603515625">
        <ele>2198</ele>
        <time>2026-05-20T04:16:30.000Z</time>
        <extensions>
          <ns3:TrackPointExtension>
            <ns3:hr>81</ns3:hr>
          </ns3:TrackPointExtension>
        </extensions>
      </trkpt>
      <trkpt lat="33.21523818187415599822998046875" lon="103.90408026985824108123779296875">
        <ele>2196.800048828125</ele>
        <time>2026-05-20T04:16:34.000Z</time>
        <extensions>
          <ns3:TrackPointExtension>
            <ns3:hr>81</ns3:hr>
          </ns3:TrackPointExtension>
        </extensions>
      </trkpt>
      <trkpt lat="33.2152327336370944976806640625" lon="103.904081024229526519775390625">
        <ele>2196.60009765625</ele>
        <time>2026-05-20T04:16:39.000Z</time>
        <extensions>
          <ns3:TrackPointExtension>
            <ns3:hr>81</ns3:hr>
          </ns3:TrackPointExtension>
        </extensions>
      </trkpt>
      <trkpt lat="33.21527875028550624847412109375" lon="103.90406300313770771026611328125">
        <ele>2198.39990234375</ele>
        <time>2026-05-20T04:16:56.000Z</time>
        <extensions>
          <ns3:TrackPointExtension>
            <ns3:hr>81</ns3:hr>
          </ns3:TrackPointExtension>
        </extensions>
      </trkpt>
      <trkpt lat="33.21536122821271419525146484375" lon="103.9040657691657543182373046875">
        <ele>2201.800048828125</ele>
        <time>2026-05-20T04:17:01.000Z</time>
        <extensions>
          <ns3:TrackPointExtension>
            <ns3:hr>84</ns3:hr>
          </ns3:TrackPointExtension>
        </extensions>
      </trkpt>
      <trkpt lat="33.2154077477753162384033203125" lon="103.90408211387693881988525390625">
        <ele>2203</ele>
        <time>2026-05-20T04:17:05.000Z</time>
        <extensions>
          <ns3:TrackPointExtension>
            <ns3:hr>86</ns3:hr>
          </ns3:TrackPointExtension>
        </extensions>
      </trkpt>
      <trkpt lat="33.215439431369304656982421875" lon="103.904093094170093536376953125">
        <ele>2203.800048828125</ele>
        <time>2026-05-20T04:17:08.000Z</time>
        <extensions>
          <ns3:TrackPointExtension>
            <ns3:hr>89</ns3:hr>
          </ns3:TrackPointExtension>
        </extensions>
      </trkpt>
      <trkpt lat="33.2155378349125385284423828125" lon="103.9041395299136638641357421875">
        <ele>2206.39990234375</ele>
        <time>2026-05-20T04:17:15.000Z</time>
        <extensions>
          <ns3:TrackPointExtension>
            <ns3:hr>91</ns3:hr>
          </ns3:TrackPointExtension>
        </extensions>
      </trkpt>
      <trkpt lat="33.215631879866123199462890625" lon="103.90417649410665035247802734375">
        <ele>2209.60009765625</ele>
        <time>2026-05-20T04:17:25.000Z</time>
        <extensions>
          <ns3:TrackPointExtension>
            <ns3:hr>92</ns3:hr>
          </ns3:TrackPointExtension>
        </extensions>
      </trkpt>
      <trkpt lat="33.215720392763614654541015625" lon="103.90424002893269062042236328125">
        <ele>2211</ele>
        <time>2026-05-20T04:17:34.000Z</time>
        <extensions>
          <ns3:TrackPointExtension>
            <ns3:hr>90</ns3:hr>
          </ns3:TrackPointExtension>
        </extensions>
      </trkpt>
      <trkpt lat="33.21579155512154102325439453125" lon="103.90429459512233734130859375">
        <ele>2212.39990234375</ele>
        <time>2026-05-20T04:17:42.000Z</time>
        <extensions>
          <ns3:TrackPointExtension>
            <ns3:hr>89</ns3:hr>
          </ns3:TrackPointExtension>
        </extensions>
      </trkpt>
      <trkpt lat="33.21584880352020263671875" lon="103.90438218601047992706298828125">
        <ele>2211.60009765625</ele>
        <time>2026-05-20T04:17:50.000Z</time>
        <extensions>
          <ns3:TrackPointExtension>
            <ns3:hr>87</ns3:hr>
          </ns3:TrackPointExtension>
        </extensions>
      </trkpt>
      <trkpt lat="33.21588090620934963226318359375" lon="103.90445661731064319610595703125">
        <ele>2210.39990234375</ele>
        <time>2026-05-20T04:17:59.000Z</time>
        <extensions>
          <ns3:TrackPointExtension>
            <ns3:hr>88</ns3:hr>
          </ns3:TrackPointExtension>
        </extensions>
      </trkpt>
      <trkpt lat="33.21587897837162017822265625" lon="103.90444722957909107208251953125">
        <ele>2210.60009765625</ele>
        <time>2026-05-20T04:18:05.000Z</time>
        <extensions>
          <ns3:TrackPointExtension>
            <ns3:hr>88</ns3:hr>
          </ns3:TrackPointExtension>
        </extensions>
      </trkpt>
      <trkpt lat="33.215877972543239593505859375" lon="103.90444722957909107208251953125">
        <ele>2210.60009765625</ele>
        <time>2026-05-20T04:18:08.000Z</time>
        <extensions>
          <ns3:TrackPointExtension>
            <ns3:hr>85</ns3:hr>
          </ns3:TrackPointExtension>
        </extensions>
      </trkpt>
      <trkpt lat="33.215877972543239593505859375" lon="103.90444722957909107208251953125">
        <ele>2210.60009765625</ele>
        <time>2026-05-20T04:18:10.000Z</time>
        <extensions>
          <ns3:TrackPointExtension>
            <ns3:hr>88</ns3:hr>
          </ns3:TrackPointExtension>
        </extensions>
      </trkpt>
      <trkpt lat="33.2158814929425716400146484375" lon="103.90445175580680370330810546875">
        <ele>2210.60009765625</ele>
        <time>2026-05-20T04:18:17.000Z</time>
        <extensions>
          <ns3:TrackPointExtension>
            <ns3:hr>87</ns3:hr>
          </ns3:TrackPointExtension>
        </extensions>
      </trkpt>
      <trkpt lat="33.21589213795959949493408203125" lon="103.90450514853000640869140625">
        <ele>2209</ele>
        <time>2026-05-20T04:18:22.000Z</time>
        <extensions>
          <ns3:TrackPointExtension>
            <ns3:hr>88</ns3:hr>
          </ns3:TrackPointExtension>
        </extensions>
      </trkpt>
      <trkpt lat="33.2159478776156902313232421875" lon="103.90456927008926868438720703125">
        <ele>2209.199951171875</ele>
        <time>2026-05-20T04:18:33.000Z</time>
        <extensions>
          <ns3:TrackPointExtension>
            <ns3:hr>88</ns3:hr>
          </ns3:TrackPointExtension>
        </extensions>
      </trkpt>
      <trkpt lat="33.2159478776156902313232421875" lon="103.90458368696272373199462890625">
        <ele>2208.800048828125</ele>
        <time>2026-05-20T04:18:39.000Z</time>
        <extensions>
          <ns3:TrackPointExtension>
            <ns3:hr>88</ns3:hr>
          </ns3:TrackPointExtension>
        </extensions>
      </trkpt>
      <trkpt lat="33.21595701389014720916748046875" lon="103.9045836031436920166015625">
        <ele>2209.199951171875</ele>
        <time>2026-05-20T04:18:45.000Z</time>
        <extensions>
          <ns3:TrackPointExtension>
            <ns3:hr>87</ns3:hr>
          </ns3:TrackPointExtension>
        </extensions>
      </trkpt>
      <trkpt lat="33.21596874855458736419677734375" lon="103.90461805276572704315185546875">
        <ele>2208.60009765625</ele>
        <time>2026-05-20T04:19:05.000Z</time>
        <extensions>
          <ns3:TrackPointExtension>
            <ns3:hr>86</ns3:hr>
          </ns3:TrackPointExtension>
        </extensions>
      </trkpt>
      <trkpt lat="33.21602909825742244720458984375" lon="103.9047500677406787872314453125">
        <ele>2206.800048828125</ele>
        <time>2026-05-20T04:19:14.000Z</time>
        <extensions>
          <ns3:TrackPointExtension>
            <ns3:hr>83</ns3:hr>
          </ns3:TrackPointExtension>
        </extensions>
      </trkpt>
      <trkpt lat="33.216089196503162384033203125" lon="103.90485383570194244384765625">
        <ele>2206.60009765625</ele>
        <time>2026-05-20T04:19:23.000Z</time>
        <extensions>
          <ns3:TrackPointExtension>
            <ns3:hr>83</ns3:hr>
          </ns3:TrackPointExtension>
        </extensions>
      </trkpt>
      <trkpt lat="33.2161617837846279144287109375" lon="103.90496841631829738616943359375">
        <ele>2207.199951171875</ele>
        <time>2026-05-20T04:19:34.000Z</time>
        <extensions>
          <ns3:TrackPointExtension>
            <ns3:hr>81</ns3:hr>
          </ns3:TrackPointExtension>
        </extensions>
      </trkpt>
      <trkpt lat="33.21619908325374126434326171875" lon="103.90502013266086578369140625">
        <ele>2208</ele>
        <time>2026-05-20T04:19:39.000Z</time>
        <extensions>
          <ns3:TrackPointExtension>
            <ns3:hr>78</ns3:hr>
          </ns3:TrackPointExtension>
        </extensions>
      </trkpt>
      <trkpt lat="33.2162070460617542266845703125" lon="103.90506212599575519561767578125">
        <ele>2207.60009765625</ele>
        <time>2026-05-20T04:19:43.000Z</time>
        <extensions>
          <ns3:TrackPointExtension>
            <ns3:hr>78</ns3:hr>
          </ns3:TrackPointExtension>
        </extensions>
      </trkpt>
      <trkpt lat="33.216191790997982025146484375" lon="103.90508475713431835174560546875">
        <ele>2206.800048828125</ele>
        <time>2026-05-20T04:19:49.000Z</time>
        <extensions>
          <ns3:TrackPointExtension>
            <ns3:hr>79</ns3:hr>
          </ns3:TrackPointExtension>
        </extensions>
      </trkpt>
      <trkpt lat="33.21619288064539432525634765625" lon="103.905074782669544219970703125">
        <ele>2207</ele>
        <time>2026-05-20T04:19:56.000Z</time>
        <extensions>
          <ns3:TrackPointExtension>
            <ns3:hr>80</ns3:hr>
          </ns3:TrackPointExtension>
        </extensions>
      </trkpt>
      <trkpt lat="33.21618433110415935516357421875" lon="103.90506983734667301177978515625">
        <ele>2206.60009765625</ele>
        <time>2026-05-20T04:20:20.000Z</time>
        <extensions>
          <ns3:TrackPointExtension>
            <ns3:hr>83</ns3:hr>
          </ns3:TrackPointExtension>
        </extensions>
      </trkpt>
      <trkpt lat="33.2161881029605865478515625" lon="103.90511526726186275482177734375">
        <ele>2206.199951171875</ele>
        <time>2026-05-20T04:20:32.000Z</time>
        <extensions>
          <ns3:TrackPointExtension>
            <ns3:hr>80</ns3:hr>
          </ns3:TrackPointExtension>
        </extensions>
      </trkpt>
      <trkpt lat="33.216189444065093994140625" lon="103.90512046404182910919189453125">
        <ele>2206.199951171875</ele>
        <time>2026-05-20T04:20:33.000Z</time>
        <extensions>
          <ns3:TrackPointExtension>
            <ns3:hr>82</ns3:hr>
          </ns3:TrackPointExtension>
        </extensions>
      </trkpt>
      <trkpt lat="33.2161956466734409332275390625" lon="103.9051359705626964569091796875">
        <ele>2206.199951171875</ele>
        <time>2026-05-20T04:20:44.000Z</time>
        <extensions>
          <ns3:TrackPointExtension>
            <ns3:hr>79</ns3:hr>
          </ns3:TrackPointExtension>
        </extensions>
      </trkpt>
      <trkpt lat="33.2161956466734409332275390625" lon="103.9051359705626964569091796875">
        <ele>2206.199951171875</ele>
        <time>2026-05-20T04:20:47.000Z</time>
        <extensions>
          <ns3:TrackPointExtension>
            <ns3:hr>76</ns3:hr>
          </ns3:TrackPointExtension>
        </extensions>
      </trkpt>
      <trkpt lat="33.21623512543737888336181640625" lon="103.905146531760692596435546875">
        <ele>2207.60009765625</ele>
        <time>2026-05-20T04:21:08.000Z</time>
        <extensions>
          <ns3:TrackPointExtension>
            <ns3:hr>78</ns3:hr>
          </ns3:TrackPointExtension>
        </extensions>
      </trkpt>
      <trkpt lat="33.2162995822727680206298828125" lon="103.90520730055868625640869140625">
        <ele>2209.199951171875</ele>
        <time>2026-05-20T04:21:17.000Z</time>
        <extensions>
          <ns3:TrackPointExtension>
            <ns3:hr>78</ns3:hr>
          </ns3:TrackPointExtension>
        </extensions>
      </trkpt>
      <trkpt lat="33.21634593419730663299560546875" lon="103.90527754090726375579833984375">
        <ele>2209.60009765625</ele>
        <time>2026-05-20T04:21:25.000Z</time>
        <extensions>
          <ns3:TrackPointExtension>
            <ns3:hr>80</ns3:hr>
          </ns3:TrackPointExtension>
        </extensions>
      </trkpt>
      <trkpt lat="33.2163924537599086761474609375" lon="103.90534342266619205474853515625">
        <ele>2209.800048828125</ele>
        <time>2026-05-20T04:21:31.000Z</time>
        <extensions>
          <ns3:TrackPointExtension>
            <ns3:hr>83</ns3:hr>
          </ns3:TrackPointExtension>
        </extensions>
      </trkpt>
      <trkpt lat="33.21640477515757083892822265625" lon="103.905350379645824432373046875">
        <ele>2210</ele>
        <time>2026-05-20T04:21:32.000Z</time>
        <extensions>
          <ns3:TrackPointExtension>
            <ns3:hr>82</ns3:hr>
          </ns3:TrackPointExtension>
        </extensions>
      </trkpt>
      <trkpt lat="33.216475434601306915283203125" lon="103.90544299967586994171142578125">
        <ele>2210</ele>
        <time>2026-05-20T04:21:41.000Z</time>
        <extensions>
          <ns3:TrackPointExtension>
            <ns3:hr>83</ns3:hr>
          </ns3:TrackPointExtension>
        </extensions>
      </trkpt>
      <trkpt lat="33.21654693223536014556884765625" lon="103.90549748204648494720458984375">
        <ele>2210.60009765625</ele>
        <time>2026-05-20T04:21:49.000Z</time>
        <extensions>
          <ns3:TrackPointExtension>
            <ns3:hr>83</ns3:hr>
          </ns3:TrackPointExtension>
        </extensions>
      </trkpt>
      <trkpt lat="33.21659135632216930389404296875" lon="103.9055433310568332672119140625">
        <ele>2210.800048828125</ele>
        <time>2026-05-20T04:21:57.000Z</time>
        <extensions>
          <ns3:TrackPointExtension>
            <ns3:hr>81</ns3:hr>
          </ns3:TrackPointExtension>
        </extensions>
      </trkpt>
      <trkpt lat="33.2166090421378612518310546875" lon="103.90559169463813304901123046875">
        <ele>2210.39990234375</ele>
        <time>2026-05-20T04:22:01.000Z</time>
        <extensions>
          <ns3:TrackPointExtension>
            <ns3:hr>79</ns3:hr>
          </ns3:TrackPointExtension>
        </extensions>
      </trkpt>
      <trkpt lat="33.216620944440364837646484375" lon="103.905611224472522735595703125">
        <ele>2210.60009765625</ele>
        <time>2026-05-20T04:22:03.000Z</time>
        <extensions>
          <ns3:TrackPointExtension>
            <ns3:hr>77</ns3:hr>
          </ns3:TrackPointExtension>
        </extensions>
      </trkpt>
      <trkpt lat="33.216664530336856842041015625" lon="103.905668221414089202880859375">
        <ele>2211</ele>
        <time>2026-05-20T04:22:10.000Z</time>
        <extensions>
          <ns3:TrackPointExtension>
            <ns3:hr>75</ns3:hr>
          </ns3:TrackPointExtension>
        </extensions>
      </trkpt>
      <trkpt lat="33.21667064912617206573486328125" lon="103.9056811295449733734130859375">
        <ele>2210.800048828125</ele>
        <time>2026-05-20T04:22:16.000Z</time>
        <extensions>
          <ns3:TrackPointExtension>
            <ns3:hr>73</ns3:hr>
          </ns3:TrackPointExtension>
        </extensions>
      </trkpt>
      <trkpt lat="33.21667098440229892730712890625" lon="103.90568129718303680419921875">
        <ele>2210.800048828125</ele>
        <time>2026-05-20T04:22:19.000Z</time>
        <extensions>
          <ns3:TrackPointExtension>
            <ns3:hr>76</ns3:hr>
          </ns3:TrackPointExtension>
        </extensions>
      </trkpt>
      <trkpt lat="33.21670350618660449981689453125" lon="103.9056806266307830810546875">
        <ele>2212</ele>
        <time>2026-05-20T04:22:27.000Z</time>
        <extensions>
          <ns3:TrackPointExtension>
            <ns3:hr>75</ns3:hr>
          </ns3:TrackPointExtension>
        </extensions>
      </trkpt>
      <trkpt lat="33.21674256585538387298583984375" lon="103.905743993818759918212890625">
        <ele>2210.800048828125</ele>
        <time>2026-05-20T04:22:34.000Z</time>
        <extensions>
          <ns3:TrackPointExtension>
            <ns3:hr>77</ns3:hr>
          </ns3:TrackPointExtension>
        </extensions>
      </trkpt>
      <trkpt lat="33.21683996357023715972900390625" lon="103.90583460219204425811767578125">
        <ele>2210.800048828125</ele>
        <time>2026-05-20T04:22:44.000Z</time>
        <extensions>
          <ns3:TrackPointExtension>
            <ns3:hr>77</ns3:hr>
          </ns3:TrackPointExtension>
        </extensions>
      </trkpt>
      <trkpt lat="33.21691439487040042877197265625" lon="103.905896879732608795166015625">
        <ele>2211.39990234375</ele>
        <time>2026-05-20T04:22:52.000Z</time>
        <extensions>
          <ns3:TrackPointExtension>
            <ns3:hr>75</ns3:hr>
          </ns3:TrackPointExtension>
        </extensions>
      </trkpt>
      <trkpt lat="33.21695261634886264801025390625" lon="103.905936777591705322265625">
        <ele>2211.39990234375</ele>
        <time>2026-05-20T04:22:56.000Z</time>
        <extensions>
          <ns3:TrackPointExtension>
            <ns3:hr>75</ns3:hr>
          </ns3:TrackPointExtension>
        </extensions>
      </trkpt>
      <trkpt lat="33.2169570587575435638427734375" lon="103.90594054944813251495361328125">
        <ele>2211.60009765625</ele>
        <time>2026-05-20T04:22:57.000Z</time>
        <extensions>
          <ns3:TrackPointExtension>
            <ns3:hr>72</ns3:hr>
          </ns3:TrackPointExtension>
        </extensions>
      </trkpt>
      <trkpt lat="33.2169597409665584564208984375" lon="103.90594759024679660797119140625">
        <ele>2211.39990234375</ele>
        <time>2026-05-20T04:22:58.000Z</time>
        <extensions>
          <ns3:TrackPointExtension>
            <ns3:hr>76</ns3:hr>
          </ns3:TrackPointExtension>
        </extensions>
      </trkpt>
      <trkpt lat="33.216974325478076934814453125" lon="103.905965946614742279052734375">
        <ele>2210.800048828125</ele>
        <time>2026-05-20T04:23:00.000Z</time>
        <extensions>
          <ns3:TrackPointExtension>
            <ns3:hr>77</ns3:hr>
          </ns3:TrackPointExtension>
        </extensions>
      </trkpt>
      <trkpt lat="33.217005170881748199462890625" lon="103.9060051739215850830078125">
        <ele>2210</ele>
        <time>2026-05-20T04:23:04.000Z</time>
        <extensions>
          <ns3:TrackPointExtension>
            <ns3:hr>74</ns3:hr>
          </ns3:TrackPointExtension>
        </extensions>
      </trkpt>
      <trkpt lat="33.2169989682734012603759765625" lon="103.90601933933794498443603515625">
        <ele>2208.800048828125</ele>
        <time>2026-05-20T04:23:06.000Z</time>
        <extensions>
          <ns3:TrackPointExtension>
            <ns3:hr>73</ns3:hr>
          </ns3:TrackPointExtension>
        </extensions>
      </trkpt>
      <trkpt lat="33.21699821390211582183837890625" lon="103.9060271345078945159912109375">
        <ele>2208.199951171875</ele>
        <time>2026-05-20T04:23:08.000Z</time>
        <extensions>
          <ns3:TrackPointExtension>
            <ns3:hr>77</ns3:hr>
          </ns3:TrackPointExtension>
        </extensions>
      </trkpt>
      <trkpt lat="33.21700877510011196136474609375" lon="103.90603694133460521697998046875">
        <ele>2208.199951171875</ele>
        <time>2026-05-20T04:23:14.000Z</time>
        <extensions>
          <ns3:TrackPointExtension>
            <ns3:hr>79</ns3:hr>
          </ns3:TrackPointExtension>
        </extensions>
      </trkpt>
      <trkpt lat="33.21700978092849254608154296875" lon="103.906036354601383209228515625">
        <ele>2208.199951171875</ele>
        <time>2026-05-20T04:23:17.000Z</time>
        <extensions>
          <ns3:TrackPointExtension>
            <ns3:hr>75</ns3:hr>
          </ns3:TrackPointExtension>
        </extensions>
      </trkpt>
      <trkpt lat="33.21700978092849254608154296875" lon="103.906036354601383209228515625">
        <ele>2208.199951171875</ele>
        <time>2026-05-20T04:23:18.000Z</time>
        <extensions>
          <ns3:TrackPointExtension>
            <ns3:hr>78</ns3:hr>
          </ns3:TrackPointExtension>
        </extensions>
      </trkpt>
      <trkpt lat="33.21700978092849254608154296875" lon="103.906036354601383209228515625">
        <ele>2208.199951171875</ele>
        <time>2026-05-20T04:23:23.000Z</time>
        <extensions>
          <ns3:TrackPointExtension>
            <ns3:hr>80</ns3:hr>
          </ns3:TrackPointExtension>
        </extensions>
      </trkpt>
      <trkpt lat="33.21700978092849254608154296875" lon="103.906036354601383209228515625">
        <ele>2208.199951171875</ele>
        <time>2026-05-20T04:23:24.000Z</time>
        <extensions>
          <ns3:TrackPointExtension>
            <ns3:hr>77</ns3:hr>
          </ns3:TrackPointExtension>
        </extensions>
      </trkpt>
      <trkpt lat="33.21705906651914119720458984375" lon="103.9061049185693264007568359375">
        <ele>2206.39990234375</ele>
        <time>2026-05-20T04:23:50.000Z</time>
        <extensions>
          <ns3:TrackPointExtension>
            <ns3:hr>78</ns3:hr>
          </ns3:TrackPointExtension>
        </extensions>
      </trkpt>
      <trkpt lat="33.21711153723299503326416015625" lon="103.906165771186351776123046875">
        <ele>2205</ele>
        <time>2026-05-20T04:23:57.000Z</time>
        <extensions>
          <ns3:TrackPointExtension>
            <ns3:hr>75</ns3:hr>
          </ns3:TrackPointExtension>
        </extensions>
      </trkpt>
      <trkpt lat="33.21713584475219249725341796875" lon="103.90619519166648387908935546875">
        <ele>2204.39990234375</ele>
        <time>2026-05-20T04:24:00.000Z</time>
        <extensions>
          <ns3:TrackPointExtension>
            <ns3:hr>78</ns3:hr>
          </ns3:TrackPointExtension>
        </extensions>
      </trkpt>
      <trkpt lat="33.21714992634952068328857421875" lon="103.90620089136064052581787109375">
        <ele>2204.800048828125</ele>
        <time>2026-05-20T04:24:02.000Z</time>
        <extensions>
          <ns3:TrackPointExtension>
            <ns3:hr>80</ns3:hr>
          </ns3:TrackPointExtension>
        </extensions>
      </trkpt>
      <trkpt lat="33.21719820611178874969482421875" lon="103.90626358799636363983154296875">
        <ele>2204.800048828125</ele>
        <time>2026-05-20T04:24:09.000Z</time>
        <extensions>
          <ns3:TrackPointExtension>
            <ns3:hr>80</ns3:hr>
          </ns3:TrackPointExtension>
        </extensions>
      </trkpt>
      <trkpt lat="33.2172363437712192535400390625" lon="103.9063111133873462677001953125">
        <ele>2205.199951171875</ele>
        <time>2026-05-20T04:24:14.000Z</time>
        <extensions>
          <ns3:TrackPointExtension>
            <ns3:hr>83</ns3:hr>
          </ns3:TrackPointExtension>
        </extensions>
      </trkpt>
      <trkpt lat="33.2172648422420024871826171875" lon="103.90636282972991466522216796875">
        <ele>2205.199951171875</ele>
        <time>2026-05-20T04:24:18.000Z</time>
        <extensions>
          <ns3:TrackPointExtension>
            <ns3:hr>81</ns3:hr>
          </ns3:TrackPointExtension>
        </extensions>
      </trkpt>
      <trkpt lat="33.21730549447238445281982421875" lon="103.90640306286513805389404296875">
        <ele>2206</ele>
        <time>2026-05-20T04:24:23.000Z</time>
        <extensions>
          <ns3:TrackPointExtension>
            <ns3:hr>84</ns3:hr>
          </ns3:TrackPointExtension>
        </extensions>
      </trkpt>
      <trkpt lat="33.2173392735421657562255859375" lon="103.90645645558834075927734375">
        <ele>2206.199951171875</ele>
        <time>2026-05-20T04:24:28.000Z</time>
        <extensions>
          <ns3:TrackPointExtension>
            <ns3:hr>87</ns3:hr>
          </ns3:TrackPointExtension>
        </extensions>
      </trkpt>
      <trkpt lat="33.21737741120159626007080078125" lon="103.9065474830567836761474609375">
        <ele>2206</ele>
        <time>2026-05-20T04:24:36.000Z</time>
        <extensions>
          <ns3:TrackPointExtension>
            <ns3:hr>86</ns3:hr>
          </ns3:TrackPointExtension>
        </extensions>
      </trkpt>
      <trkpt lat="33.21743792854249477386474609375" lon="103.90667103230953216552734375">
        <ele>2207.199951171875</ele>
        <time>2026-05-20T04:24:47.000Z</time>
        <extensions>
          <ns3:TrackPointExtension>
            <ns3:hr>89</ns3:hr>
          </ns3:TrackPointExtension>
        </extensions>
      </trkpt>
      <trkpt lat="33.21744463406503200531005859375" lon="103.906680755317211151123046875">
        <ele>2207.39990234375</ele>
        <time>2026-05-20T04:24:48.000Z</time>
        <extensions>
          <ns3:TrackPointExtension>
            <ns3:hr>88</ns3:hr>
          </ns3:TrackPointExtension>
        </extensions>
      </trkpt>
      <trkpt lat="33.21747581474483013153076171875" lon="103.90674202702939510345458984375">
        <ele>2208.60009765625</ele>
        <time>2026-05-20T04:24:53.000Z</time>
        <extensions>
          <ns3:TrackPointExtension>
            <ns3:hr>85</ns3:hr>
          </ns3:TrackPointExtension>
        </extensions>
      </trkpt>
      <trkpt lat="33.21748838759958744049072265625" lon="103.9068009518086910247802734375">
        <ele>2208</ele>
        <time>2026-05-20T04:24:57.000Z</time>
        <extensions>
          <ns3:TrackPointExtension>
            <ns3:hr>86</ns3:hr>
          </ns3:TrackPointExtension>
        </extensions>
      </trkpt>
      <trkpt lat="33.2175213284790515899658203125" lon="103.90688653104007244110107421875">
        <ele>2207.39990234375</ele>
        <time>2026-05-20T04:25:05.000Z</time>
        <extensions>
          <ns3:TrackPointExtension>
            <ns3:hr>85</ns3:hr>
          </ns3:TrackPointExtension>
        </extensions>
      </trkpt>
      <trkpt lat="33.217559717595577239990234375" lon="103.90698979608714580535888671875">
        <ele>2208</ele>
        <time>2026-05-20T04:25:14.000Z</time>
        <extensions>
          <ns3:TrackPointExtension>
            <ns3:hr>85</ns3:hr>
          </ns3:TrackPointExtension>
        </extensions>
      </trkpt>
      <trkpt lat="33.21757371537387371063232421875" lon="103.90703489072620868682861328125">
        <ele>2208</ele>
        <time>2026-05-20T04:25:17.000Z</time>
        <extensions>
          <ns3:TrackPointExtension>
            <ns3:hr>87</ns3:hr>
          </ns3:TrackPointExtension>
        </extensions>
      </trkpt>
      <trkpt lat="33.21757975034415721893310546875" lon="103.9070554263889789581298828125">
        <ele>2208</ele>
        <time>2026-05-20T04:25:19.000Z</time>
        <extensions>
          <ns3:TrackPointExtension>
            <ns3:hr>84</ns3:hr>
          </ns3:TrackPointExtension>
        </extensions>
      </trkpt>
      <trkpt lat="33.21763775311410427093505859375" lon="103.90716724097728729248046875">
        <ele>2206.60009765625</ele>
        <time>2026-05-20T04:25:28.000Z</time>
        <extensions>
          <ns3:TrackPointExtension>
            <ns3:hr>83</ns3:hr>
          </ns3:TrackPointExtension>
        </extensions>
      </trkpt>
      <trkpt lat="33.21764429099857807159423828125" lon="103.9071784727275371551513671875">
        <ele>2206.39990234375</ele>
        <time>2026-05-20T04:25:29.000Z</time>
        <extensions>
          <ns3:TrackPointExtension>
            <ns3:hr>80</ns3:hr>
          </ns3:TrackPointExtension>
        </extensions>
      </trkpt>
      <trkpt lat="33.2176681794226169586181640625" lon="103.90723270364105701446533203125">
        <ele>2205.39990234375</ele>
        <time>2026-05-20T04:25:33.000Z</time>
        <extensions>
          <ns3:TrackPointExtension>
            <ns3:hr>83</ns3:hr>
          </ns3:TrackPointExtension>
        </extensions>
      </trkpt>
      <trkpt lat="33.2176812551915645599365234375" lon="103.907270841300487518310546875">
        <ele>2204.60009765625</ele>
        <time>2026-05-20T04:25:36.000Z</time>
        <extensions>
          <ns3:TrackPointExtension>
            <ns3:hr>82</ns3:hr>
          </ns3:TrackPointExtension>
        </extensions>
      </trkpt>
      <trkpt lat="33.21769776754081249237060546875" lon="103.9073112420737743377685546875">
        <ele>2203.800048828125</ele>
        <time>2026-05-20T04:25:39.000Z</time>
        <extensions>
          <ns3:TrackPointExtension>
            <ns3:hr>79</ns3:hr>
          </ns3:TrackPointExtension>
        </extensions>
      </trkpt>
      <trkpt lat="33.21775526739656925201416015625" lon="103.907400257885456085205078125">
        <ele>2204.60009765625</ele>
        <time>2026-05-20T04:25:46.000Z</time>
        <extensions>
          <ns3:TrackPointExtension>
            <ns3:hr>80</ns3:hr>
          </ns3:TrackPointExtension>
        </extensions>
      </trkpt>
      <trkpt lat="33.21782886050641536712646484375" lon="103.90753327868878841400146484375">
        <ele>2206</ele>
        <time>2026-05-20T04:25:56.000Z</time>
        <extensions>
          <ns3:TrackPointExtension>
            <ns3:hr>78</ns3:hr>
          </ns3:TrackPointExtension>
        </extensions>
      </trkpt>
      <trkpt lat="33.21787646971642971038818359375" lon="103.9076310954988002777099609375">
        <ele>2206.60009765625</ele>
        <time>2026-05-20T04:26:04.000Z</time>
        <extensions>
          <ns3:TrackPointExtension>
            <ns3:hr>80</ns3:hr>
          </ns3:TrackPointExtension>
        </extensions>
      </trkpt>
      <trkpt lat="33.217915110290050506591796875" lon="103.90768800862133502960205078125">
        <ele>2207</ele>
        <time>2026-05-20T04:26:10.000Z</time>
        <extensions>
          <ns3:TrackPointExtension>
            <ns3:hr>83</ns3:hr>
          </ns3:TrackPointExtension>
        </extensions>
      </trkpt>
      <trkpt lat="33.2179558463394641876220703125" lon="103.90774131752550601959228515625">
        <ele>2207.39990234375</ele>
        <time>2026-05-20T04:26:15.000Z</time>
        <extensions>
          <ns3:TrackPointExtension>
            <ns3:hr>86</ns3:hr>
          </ns3:TrackPointExtension>
        </extensions>
      </trkpt>
      <trkpt lat="33.2179890386760234832763671875" lon="103.907775767147541046142578125">
        <ele>2208</ele>
        <time>2026-05-20T04:26:19.000Z</time>
        <extensions>
          <ns3:TrackPointExtension>
            <ns3:hr>87</ns3:hr>
          </ns3:TrackPointExtension>
        </extensions>
      </trkpt>
      <trkpt lat="33.21804041974246501922607421875" lon="103.90783217735588550567626953125">
        <ele>2209.39990234375</ele>
        <time>2026-05-20T04:26:25.000Z</time>
        <extensions>
          <ns3:TrackPointExtension>
            <ns3:hr>84</ns3:hr>
          </ns3:TrackPointExtension>
        </extensions>
      </trkpt>
      <trkpt lat="33.21805869229137897491455078125" lon="103.907850868999958038330078125">
        <ele>2210</ele>
        <time>2026-05-20T04:26:27.000Z</time>
        <extensions>
          <ns3:TrackPointExtension>
            <ns3:hr>86</ns3:hr>
          </ns3:TrackPointExtension>
        </extensions>
      </trkpt>
      <trkpt lat="33.21812557987868785858154296875" lon="103.90791800804436206817626953125">
        <ele>2211.39990234375</ele>
        <time>2026-05-20T04:26:34.000Z</time>
        <extensions>
          <ns3:TrackPointExtension>
            <ns3:hr>87</ns3:hr>
          </ns3:TrackPointExtension>
        </extensions>
      </trkpt>
      <trkpt lat="33.2181917130947113037109375" lon="103.90799939632415771484375">
        <ele>2211.60009765625</ele>
        <time>2026-05-20T04:26:42.000Z</time>
        <extensions>
          <ns3:TrackPointExtension>
            <ns3:hr>85</ns3:hr>
          </ns3:TrackPointExtension>
        </extensions>
      </trkpt>
      <trkpt lat="33.21827125735580921173095703125" lon="103.90809268690645694732666015625">
        <ele>2212</ele>
        <time>2026-05-20T04:26:51.000Z</time>
        <extensions>
          <ns3:TrackPointExtension>
            <ns3:hr>89</ns3:hr>
          </ns3:TrackPointExtension>
        </extensions>
      </trkpt>
      <trkpt lat="33.2183048687875270843505859375" lon="103.90813023783266544342041015625">
        <ele>2212.800048828125</ele>
        <time>2026-05-20T04:26:54.000Z</time>
        <extensions>
          <ns3:TrackPointExtension>
            <ns3:hr>89</ns3:hr>
          </ns3:TrackPointExtension>
        </extensions>
      </trkpt>
      <trkpt lat="33.21837837807834148406982421875" lon="103.90823886729776859283447265625">
        <ele>2214.199951171875</ele>
        <time>2026-05-20T04:27:04.000Z</time>
        <extensions>
          <ns3:TrackPointExtension>
            <ns3:hr>89</ns3:hr>
          </ns3:TrackPointExtension>
        </extensions>
      </trkpt>
      <trkpt lat="33.21844451129436492919921875" lon="103.90839259140193462371826171875">
        <ele>2215.199951171875</ele>
        <time>2026-05-20T04:27:16.000Z</time>
        <extensions>
          <ns3:TrackPointExtension>
            <ns3:hr>90</ns3:hr>
          </ns3:TrackPointExtension>
        </extensions>
      </trkpt>
      <trkpt lat="33.21848164312541484832763671875" lon="103.90848579816520214080810546875">
        <ele>2215</ele>
        <time>2026-05-20T04:27:24.000Z</time>
        <extensions>
          <ns3:TrackPointExtension>
            <ns3:hr>87</ns3:hr>
          </ns3:TrackPointExtension>
        </extensions>
      </trkpt>
      <trkpt lat="33.2185080461204051971435546875" lon="103.90854363329708576202392578125">
        <ele>2213.60009765625</ele>
        <time>2026-05-20T04:27:29.000Z</time>
        <extensions>
          <ns3:TrackPointExtension>
            <ns3:hr>86</ns3:hr>
          </ns3:TrackPointExtension>
        </extensions>
      </trkpt>
      <trkpt lat="33.2185167632997035980224609375" lon="103.90857674181461334228515625">
        <ele>2212.60009765625</ele>
        <time>2026-05-20T04:27:32.000Z</time>
        <extensions>
          <ns3:TrackPointExtension>
            <ns3:hr>86</ns3:hr>
          </ns3:TrackPointExtension>
        </extensions>
      </trkpt>
      <trkpt lat="33.21850092150270938873291015625" lon="103.908611275255680084228515625">
        <ele>2210.39990234375</ele>
        <time>2026-05-20T04:27:36.000Z</time>
        <extensions>
          <ns3:TrackPointExtension>
            <ns3:hr>87</ns3:hr>
          </ns3:TrackPointExtension>
        </extensions>
      </trkpt>
      <trkpt lat="33.21849413216114044189453125" lon="103.90860884450376033782958984375">
        <ele>2210.199951171875</ele>
        <time>2026-05-20T04:27:41.000Z</time>
        <extensions>
          <ns3:TrackPointExtension>
            <ns3:hr>87</ns3:hr>
          </ns3:TrackPointExtension>
        </extensions>
      </trkpt>
      <trkpt lat="33.21849346160888671875" lon="103.908609263598918914794921875">
        <ele>2210.199951171875</ele>
        <time>2026-05-20T04:27:54.000Z</time>
        <extensions>
          <ns3:TrackPointExtension>
            <ns3:hr>84</ns3:hr>
          </ns3:TrackPointExtension>
        </extensions>
      </trkpt>
      <trkpt lat="33.21852925233542919158935546875" lon="103.908635415136814117431640625">
        <ele>2210.60009765625</ele>
        <time>2026-05-20T04:28:02.000Z</time>
        <extensions>
          <ns3:TrackPointExtension>
            <ns3:hr>84</ns3:hr>
          </ns3:TrackPointExtension>
        </extensions>
      </trkpt>
      <trkpt lat="33.21853998117148876190185546875" lon="103.90861839987337589263916015625">
        <ele>2211.800048828125</ele>
        <time>2026-05-20T04:28:07.000Z</time>
        <extensions>
          <ns3:TrackPointExtension>
            <ns3:hr>84</ns3:hr>
          </ns3:TrackPointExtension>
        </extensions>
      </trkpt>
      <trkpt lat="33.21853880770504474639892578125" lon="103.90861622057855129241943359375">
        <ele>2211.800048828125</ele>
        <time>2026-05-20T04:28:16.000Z</time>
        <extensions>
          <ns3:TrackPointExtension>
            <ns3:hr>85</ns3:hr>
          </ns3:TrackPointExtension>
        </extensions>
      </trkpt>
      <trkpt lat="33.2185419090092182159423828125" lon="103.90862024389207363128662109375">
        <ele>2211.800048828125</ele>
        <time>2026-05-20T04:28:21.000Z</time>
        <extensions>
          <ns3:TrackPointExtension>
            <ns3:hr>88</ns3:hr>
          </ns3:TrackPointExtension>
        </extensions>
      </trkpt>
      <trkpt lat="33.21854383684694766998291015625" lon="103.9086225070059299468994140625">
        <ele>2211.800048828125</ele>
        <time>2026-05-20T04:28:23.000Z</time>
        <extensions>
          <ns3:TrackPointExtension>
            <ns3:hr>88</ns3:hr>
          </ns3:TrackPointExtension>
        </extensions>
      </trkpt>
      <trkpt lat="33.21857434697449207305908203125" lon="103.90864849090576171875">
        <ele>2211.39990234375</ele>
        <time>2026-05-20T04:28:31.000Z</time>
        <extensions>
          <ns3:TrackPointExtension>
            <ns3:hr>85</ns3:hr>
          </ns3:TrackPointExtension>
        </extensions>
      </trkpt>
      <trkpt lat="33.2185878418385982513427734375" lon="103.90865729190409183502197265625">
        <ele>2211.39990234375</ele>
        <time>2026-05-20T04:28:32.000Z</time>
        <extensions>
          <ns3:TrackPointExtension>
            <ns3:hr>86</ns3:hr>
          </ns3:TrackPointExtension>
        </extensions>
      </trkpt>
      <trkpt lat="33.2186763547360897064208984375" lon="103.908715881407260894775390625">
        <ele>2211.60009765625</ele>
        <time>2026-05-20T04:28:39.000Z</time>
        <extensions>
          <ns3:TrackPointExtension>
            <ns3:hr>85</ns3:hr>
          </ns3:TrackPointExtension>
        </extensions>
      </trkpt>
      <trkpt lat="33.218801915645599365234375" lon="103.90876743011176586151123046875">
        <ele>2211.800048828125</ele>
        <time>2026-05-20T04:28:50.000Z</time>
        <extensions>
          <ns3:TrackPointExtension>
            <ns3:hr>86</ns3:hr>
          </ns3:TrackPointExtension>
        </extensions>
      </trkpt>
      <trkpt lat="33.21887022815644741058349609375" lon="103.9087904803454875946044921875">
        <ele>2212.199951171875</ele>
        <time>2026-05-20T04:28:57.000Z</time>
        <extensions>
          <ns3:TrackPointExtension>
            <ns3:hr>85</ns3:hr>
          </ns3:TrackPointExtension>
        </extensions>
      </trkpt>
      <trkpt lat="33.218985982239246368408203125" lon="103.90884722582995891571044921875">
        <ele>2211</ele>
        <time>2026-05-20T04:29:08.000Z</time>
        <extensions>
          <ns3:TrackPointExtension>
            <ns3:hr>83</ns3:hr>
          </ns3:TrackPointExtension>
        </extensions>
      </trkpt>
      <trkpt lat="33.21907340548932552337646484375" lon="103.908886201679706573486328125">
        <ele>2210.39990234375</ele>
        <time>2026-05-20T04:29:15.000Z</time>
        <extensions>
          <ns3:TrackPointExtension>
            <ns3:hr>84</ns3:hr>
          </ns3:TrackPointExtension>
        </extensions>
      </trkpt>
      <trkpt lat="33.2191591523587703704833984375" lon="103.90893079340457916259765625">
        <ele>2211.60009765625</ele>
        <time>2026-05-20T04:29:22.000Z</time>
        <extensions>
          <ns3:TrackPointExtension>
            <ns3:hr>85</ns3:hr>
          </ns3:TrackPointExtension>
        </extensions>
      </trkpt>
      <trkpt lat="33.21924221701920032501220703125" lon="103.90898502431809902191162109375">
        <ele>2212.800048828125</ele>
        <time>2026-05-20T04:29:30.000Z</time>
        <extensions>
          <ns3:TrackPointExtension>
            <ns3:hr>88</ns3:hr>
          </ns3:TrackPointExtension>
        </extensions>
      </trkpt>
      <trkpt lat="33.2192580588161945343017578125" lon="103.9089953340590000152587890625">
        <ele>2213</ele>
        <time>2026-05-20T04:29:32.000Z</time>
        <extensions>
          <ns3:TrackPointExtension>
            <ns3:hr>88</ns3:hr>
          </ns3:TrackPointExtension>
        </extensions>
      </trkpt>
      <trkpt lat="33.21929267607629299163818359375" lon="103.90901788137853145599365234375">
        <ele>2213.199951171875</ele>
        <time>2026-05-20T04:29:35.000Z</time>
        <extensions>
          <ns3:TrackPointExtension>
            <ns3:hr>88</ns3:hr>
          </ns3:TrackPointExtension>
        </extensions>
      </trkpt>
      <trkpt lat="33.21938085369765758514404296875" lon="103.90906180255115032196044921875">
        <ele>2214.39990234375</ele>
        <time>2026-05-20T04:29:44.000Z</time>
        <extensions>
          <ns3:TrackPointExtension>
            <ns3:hr>90</ns3:hr>
          </ns3:TrackPointExtension>
        </extensions>
      </trkpt>
      <trkpt lat="33.2193931750953197479248046875" lon="103.90906766988337039947509765625">
        <ele>2214.39990234375</ele>
        <time>2026-05-20T04:29:45.000Z</time>
        <extensions>
          <ns3:TrackPointExtension>
            <ns3:hr>90</ns3:hr>
          </ns3:TrackPointExtension>
        </extensions>
      </trkpt>
      <trkpt lat="33.21948252618312835693359375" lon="103.90910220332443714141845703125">
        <ele>2216</ele>
        <time>2026-05-20T04:29:53.000Z</time>
        <extensions>
          <ns3:TrackPointExtension>
            <ns3:hr>90</ns3:hr>
          </ns3:TrackPointExtension>
        </extensions>
      </trkpt>
      <trkpt lat="33.21953088976442813873291015625" lon="103.9091307856142520904541015625">
        <ele>2216.199951171875</ele>
        <time>2026-05-20T04:29:57.000Z</time>
        <extensions>
          <ns3:TrackPointExtension>
            <ns3:hr>93</ns3:hr>
          </ns3:TrackPointExtension>
        </extensions>
      </trkpt>
      <trkpt lat="33.21957581676542758941650390625" lon="103.9091596193611621856689453125">
        <ele>2216.199951171875</ele>
        <time>2026-05-20T04:30:01.000Z</time>
        <extensions>
          <ns3:TrackPointExtension>
            <ns3:hr>96</ns3:hr>
          </ns3:TrackPointExtension>
        </extensions>
      </trkpt>
      <trkpt lat="33.2196208275854587554931640625" lon="103.90916573815047740936279296875">
        <ele>2218.199951171875</ele>
        <time>2026-05-20T04:30:04.000Z</time>
        <extensions>
          <ns3:TrackPointExtension>
            <ns3:hr>98</ns3:hr>
          </ns3:TrackPointExtension>
        </extensions>
      </trkpt>
      <trkpt lat="33.2197180576622486114501953125" lon="103.909206725656986236572265625">
        <ele>2224</ele>
        <time>2026-05-20T04:30:12.000Z</time>
        <extensions>
          <ns3:TrackPointExtension>
            <ns3:hr>96</ns3:hr>
          </ns3:TrackPointExtension>
        </extensions>
      </trkpt>
      <trkpt lat="33.21978251449763774871826171875" lon="103.9092265069484710693359375">
        <ele>2229.39990234375</ele>
        <time>2026-05-20T04:30:19.000Z</time>
        <extensions>
          <ns3:TrackPointExtension>
            <ns3:hr>99</ns3:hr>
          </ns3:TrackPointExtension>
        </extensions>
      </trkpt>
      <trkpt lat="33.21979391388595104217529296875" lon="103.90922491438686847686767578125">
        <ele>2230.800048828125</ele>
        <time>2026-05-20T04:30:20.000Z</time>
        <extensions>
          <ns3:TrackPointExtension>
            <ns3:hr>99</ns3:hr>
          </ns3:TrackPointExtension>
        </extensions>
      </trkpt>
      <trkpt lat="33.21987655945122241973876953125" lon="103.909252993762493133544921875">
        <ele>2237.39990234375</ele>
        <time>2026-05-20T04:30:26.000Z</time>
        <extensions>
          <ns3:TrackPointExtension>
            <ns3:hr>102</ns3:hr>
          </ns3:TrackPointExtension>
        </extensions>
      </trkpt>
      <trkpt lat="33.21995258331298828125" lon="103.9092702604830265045166015625">
        <ele>2240</ele>
        <time>2026-05-20T04:30:32.000Z</time>
        <extensions>
          <ns3:TrackPointExtension>
            <ns3:hr>103</ns3:hr>
          </ns3:TrackPointExtension>
        </extensions>
      </trkpt>
      <trkpt lat="33.220006562769412994384765625" lon="103.9092881977558135986328125">
        <ele>2239.39990234375</ele>
        <time>2026-05-20T04:30:37.000Z</time>
        <extensions>
          <ns3:TrackPointExtension>
            <ns3:hr>106</ns3:hr>
          </ns3:TrackPointExtension>
        </extensions>
      </trkpt>
      <trkpt lat="33.22005693800747394561767578125" lon="103.90929423272609710693359375">
        <ele>2239</ele>
        <time>2026-05-20T04:30:41.000Z</time>
        <extensions>
          <ns3:TrackPointExtension>
            <ns3:hr>106</ns3:hr>
          </ns3:TrackPointExtension>
        </extensions>
      </trkpt>
      <trkpt lat="33.2201807387173175811767578125" lon="103.90933387912809848785400390625">
        <ele>2237</ele>
        <time>2026-05-20T04:30:51.000Z</time>
        <extensions>
          <ns3:TrackPointExtension>
            <ns3:hr>106</ns3:hr>
          </ns3:TrackPointExtension>
        </extensions>
      </trkpt>
      <trkpt lat="33.22022826410830020904541015625" lon="103.90935860574245452880859375">
        <ele>2234.199951171875</ele>
        <time>2026-05-20T04:30:55.000Z</time>
        <extensions>
          <ns3:TrackPointExtension>
            <ns3:hr>103</ns3:hr>
          </ns3:TrackPointExtension>
        </extensions>
      </trkpt>
      <trkpt lat="33.2203000970184803009033203125" lon="103.909381069242954254150390625">
        <ele>2228.800048828125</ele>
        <time>2026-05-20T04:31:01.000Z</time>
        <extensions>
          <ns3:TrackPointExtension>
            <ns3:hr>104</ns3:hr>
          </ns3:TrackPointExtension>
        </extensions>
      </trkpt>
      <trkpt lat="33.2203440181910991668701171875" lon="103.9094087295234203338623046875">
        <ele>2225.39990234375</ele>
        <time>2026-05-20T04:31:05.000Z</time>
        <extensions>
          <ns3:TrackPointExtension>
            <ns3:hr>107</ns3:hr>
          </ns3:TrackPointExtension>
        </extensions>
      </trkpt>
      <trkpt lat="33.22039992548525333404541015625" lon="103.909428678452968597412109375">
        <ele>2221.60009765625</ele>
        <time>2026-05-20T04:31:10.000Z</time>
        <extensions>
          <ns3:TrackPointExtension>
            <ns3:hr>108</ns3:hr>
          </ns3:TrackPointExtension>
        </extensions>
      </trkpt>
      <trkpt lat="33.22049547918140888214111328125" lon="103.90948659740388393402099609375">
        <ele>2215</ele>
        <time>2026-05-20T04:31:19.000Z</time>
        <extensions>
          <ns3:TrackPointExtension>
            <ns3:hr>105</ns3:hr>
          </ns3:TrackPointExtension>
        </extensions>
      </trkpt>
      <trkpt lat="33.22050738148391246795654296875" lon="103.909488022327423095703125">
        <ele>2215</ele>
        <time>2026-05-20T04:31:20.000Z</time>
        <extensions>
          <ns3:TrackPointExtension>
            <ns3:hr>104</ns3:hr>
          </ns3:TrackPointExtension>
        </extensions>
      </trkpt>
      <trkpt lat="33.22062338702380657196044921875" lon="103.90954191796481609344482421875">
        <ele>2213</ele>
        <time>2026-05-20T04:31:31.000Z</time>
        <extensions>
          <ns3:TrackPointExtension>
            <ns3:hr>104</ns3:hr>
          </ns3:TrackPointExtension>
        </extensions>
      </trkpt>
      <trkpt lat="33.22076437063515186309814453125" lon="103.90962012112140655517578125">
        <ele>2210.800048828125</ele>
        <time>2026-05-20T04:31:43.000Z</time>
        <extensions>
          <ns3:TrackPointExtension>
            <ns3:hr>103</ns3:hr>
          </ns3:TrackPointExtension>
        </extensions>
      </trkpt>
      <trkpt lat="33.22089160792529582977294921875" lon="103.909688182175159454345703125">
        <ele>2209.39990234375</ele>
        <time>2026-05-20T04:31:54.000Z</time>
        <extensions>
          <ns3:TrackPointExtension>
            <ns3:hr>104</ns3:hr>
          </ns3:TrackPointExtension>
        </extensions>
      </trkpt>
      <trkpt lat="33.2209367863833904266357421875" lon="103.909715674817562103271484375">
        <ele>2208.800048828125</ele>
        <time>2026-05-20T04:31:59.000Z</time>
        <extensions>
          <ns3:TrackPointExtension>
            <ns3:hr>104</ns3:hr>
          </ns3:TrackPointExtension>
        </extensions>
      </trkpt>
      <trkpt lat="33.2209357805550098419189453125" lon="103.90971626155078411102294921875">
        <ele>2208.800048828125</ele>
        <time>2026-05-20T04:32:01.000Z</time>
        <extensions>
          <ns3:TrackPointExtension>
            <ns3:hr>105</ns3:hr>
          </ns3:TrackPointExtension>
        </extensions>
      </trkpt>
      <trkpt lat="33.2209793664515018463134765625" lon="103.90974660404026508331298828125">
        <ele>2208.199951171875</ele>
        <time>2026-05-20T04:32:18.000Z</time>
        <extensions>
          <ns3:TrackPointExtension>
            <ns3:hr>103</ns3:hr>
          </ns3:TrackPointExtension>
        </extensions>
      </trkpt>
      <trkpt lat="33.2211161591112613677978515625" lon="103.90981852076947689056396484375">
        <ele>2206.800048828125</ele>
        <time>2026-05-20T04:32:28.000Z</time>
        <extensions>
          <ns3:TrackPointExtension>
            <ns3:hr>106</ns3:hr>
          </ns3:TrackPointExtension>
        </extensions>
      </trkpt>
      <trkpt lat="33.22115664370357990264892578125" lon="103.9098472706973552703857421875">
        <ele>2205.800048828125</ele>
        <time>2026-05-20T04:32:32.000Z</time>
        <extensions>
          <ns3:TrackPointExtension>
            <ns3:hr>101</ns3:hr>
          </ns3:TrackPointExtension>
        </extensions>
      </trkpt>
      <trkpt lat="33.221167288720607757568359375" lon="103.90985473059117794036865234375">
        <ele>2205.39990234375</ele>
        <time>2026-05-20T04:32:33.000Z</time>
        <extensions>
          <ns3:TrackPointExtension>
            <ns3:hr>101</ns3:hr>
          </ns3:TrackPointExtension>
        </extensions>
      </trkpt>
      <trkpt lat="33.221248090267181396484375" lon="103.90988758765161037445068359375">
        <ele>2204.60009765625</ele>
        <time>2026-05-20T04:32:40.000Z</time>
        <extensions>
          <ns3:TrackPointExtension>
            <ns3:hr>101</ns3:hr>
          </ns3:TrackPointExtension>
        </extensions>
      </trkpt>
      <trkpt lat="33.22140390984714031219482421875" lon="103.90993704088032245635986328125">
        <ele>2202.800048828125</ele>
        <time>2026-05-20T04:32:52.000Z</time>
        <extensions>
          <ns3:TrackPointExtension>
            <ns3:hr>104</ns3:hr>
          </ns3:TrackPointExtension>
        </extensions>
      </trkpt>
      <trkpt lat="33.22141698561608791351318359375" lon="103.90993922017514705657958984375">
        <ele>2202.800048828125</ele>
        <time>2026-05-20T04:32:53.000Z</time>
        <extensions>
          <ns3:TrackPointExtension>
            <ns3:hr>104</ns3:hr>
          </ns3:TrackPointExtension>
        </extensions>
      </trkpt>
      <trkpt lat="33.22152796201407909393310546875" lon="103.90997274778783321380615234375">
        <ele>2202</ele>
        <time>2026-05-20T04:33:03.000Z</time>
        <extensions>
          <ns3:TrackPointExtension>
            <ns3:hr>106</ns3:hr>
          </ns3:TrackPointExtension>
        </extensions>
      </trkpt>
      <trkpt lat="33.22161228395998477935791015625" lon="103.909993954002857208251953125">
        <ele>2201.39990234375</ele>
        <time>2026-05-20T04:33:11.000Z</time>
        <extensions>
          <ns3:TrackPointExtension>
            <ns3:hr>109</ns3:hr>
          </ns3:TrackPointExtension>
        </extensions>
      </trkpt>
      <trkpt lat="33.22164128534495830535888671875" lon="103.90999956987798213958740234375">
        <ele>2201</ele>
        <time>2026-05-20T04:33:14.000Z</time>
        <extensions>
          <ns3:TrackPointExtension>
            <ns3:hr>106</ns3:hr>
          </ns3:TrackPointExtension>
        </extensions>
      </trkpt>
      <trkpt lat="33.22167791426181793212890625" lon="103.910008370876312255859375">
        <ele>2200.39990234375</ele>
        <time>2026-05-20T04:33:18.000Z</time>
        <extensions>
          <ns3:TrackPointExtension>
            <ns3:hr>107</ns3:hr>
          </ns3:TrackPointExtension>
        </extensions>
      </trkpt>
      <trkpt lat="33.2217122800648212432861328125" lon="103.90999655239284038543701171875">
        <ele>2201.199951171875</ele>
        <time>2026-05-20T04:33:21.000Z</time>
        <extensions>
          <ns3:TrackPointExtension>
            <ns3:hr>107</ns3:hr>
          </ns3:TrackPointExtension>
        </extensions>
      </trkpt>
      <trkpt lat="33.22172191925346851348876953125" lon="103.910002000629901885986328125">
        <ele>2200.800048828125</ele>
        <time>2026-05-20T04:33:23.000Z</time>
        <extensions>
          <ns3:TrackPointExtension>
            <ns3:hr>103</ns3:hr>
          </ns3:TrackPointExtension>
        </extensions>
      </trkpt>
      <trkpt lat="33.221722505986690521240234375" lon="103.91000225208699703216552734375">
        <ele>2200.800048828125</ele>
        <time>2026-05-20T04:33:24.000Z</time>
        <extensions>
          <ns3:TrackPointExtension>
            <ns3:hr>105</ns3:hr>
          </ns3:TrackPointExtension>
        </extensions>
      </trkpt>
      <trkpt lat="33.2217230089008808135986328125" lon="103.910003006458282470703125">
        <ele>2200.800048828125</ele>
        <time>2026-05-20T04:33:29.000Z</time>
        <extensions>
          <ns3:TrackPointExtension>
            <ns3:hr>108</ns3:hr>
          </ns3:TrackPointExtension>
        </extensions>
      </trkpt>
      <trkpt lat="33.22172376327216625213623046875" lon="103.91000359319150447845458984375">
        <ele>2200.800048828125</ele>
        <time>2026-05-20T04:33:39.000Z</time>
        <extensions>
          <ns3:TrackPointExtension>
            <ns3:hr>105</ns3:hr>
          </ns3:TrackPointExtension>
        </extensions>
      </trkpt>
      <trkpt lat="33.2217233441770076751708984375" lon="103.91000359319150447845458984375">
        <ele>2200.800048828125</ele>
        <time>2026-05-20T04:33:47.000Z</time>
        <extensions>
          <ns3:TrackPointExtension>
            <ns3:hr>108</ns3:hr>
          </ns3:TrackPointExtension>
        </extensions>
      </trkpt>
      <trkpt lat="33.2217230089008808135986328125" lon="103.91000359319150447845458984375">
        <ele>2200.800048828125</ele>
        <time>2026-05-20T04:33:51.000Z</time>
        <extensions>
          <ns3:TrackPointExtension>
            <ns3:hr>105</ns3:hr>
          </ns3:TrackPointExtension>
        </extensions>
      </trkpt>
      <trkpt lat="33.221721835434436798095703125" lon="103.91000342555344104766845703125">
        <ele>2200.800048828125</ele>
        <time>2026-05-20T04:33:55.000Z</time>
        <extensions>
          <ns3:TrackPointExtension>
            <ns3:hr>101</ns3:hr>
          </ns3:TrackPointExtension>
        </extensions>
      </trkpt>
      <trkpt lat="33.22172007523477077484130859375" lon="103.91000342555344104766845703125">
        <ele>2200.800048828125</ele>
        <time>2026-05-20T04:33:58.000Z</time>
        <extensions>
          <ns3:TrackPointExtension>
            <ns3:hr>95</ns3:hr>
          </ns3:TrackPointExtension>
        </extensions>
      </trkpt>
      <trkpt lat="33.2217186503112316131591796875" lon="103.91000342555344104766845703125">
        <ele>2200.800048828125</ele>
        <time>2026-05-20T04:34:00.000Z</time>
        <extensions>
          <ns3:TrackPointExtension>
            <ns3:hr>92</ns3:hr>
          </ns3:TrackPointExtension>
        </extensions>
      </trkpt>
      <trkpt lat="33.22173683904111385345458984375" lon="103.91000107862055301666259765625">
        <ele>2201</ele>
        <time>2026-05-20T04:34:07.000Z</time>
        <extensions>
          <ns3:TrackPointExtension>
            <ns3:hr>92</ns3:hr>
          </ns3:TrackPointExtension>
        </extensions>
      </trkpt>
      <trkpt lat="33.22191671468317508697509765625" lon="103.9099884219467639923095703125">
        <ele>2202.199951171875</ele>
        <time>2026-05-20T04:34:19.000Z</time>
        <extensions>
          <ns3:TrackPointExtension>
            <ns3:hr>93</ns3:hr>
          </ns3:TrackPointExtension>
        </extensions>
      </trkpt>
      <trkpt lat="33.22203422896564006805419921875" lon="103.909997306764125823974609375">
        <ele>2201.60009765625</ele>
        <time>2026-05-20T04:34:29.000Z</time>
        <extensions>
          <ns3:TrackPointExtension>
            <ns3:hr>96</ns3:hr>
          </ns3:TrackPointExtension>
        </extensions>
      </trkpt>
      <trkpt lat="33.22209776379168033599853515625" lon="103.90999387018382549285888671875">
        <ele>2201.60009765625</ele>
        <time>2026-05-20T04:34:34.000Z</time>
        <extensions>
          <ns3:TrackPointExtension>
            <ns3:hr>95</ns3:hr>
          </ns3:TrackPointExtension>
        </extensions>
      </trkpt>
      <trkpt lat="33.222195915877819061279296875" lon="103.909977860748767852783203125">
        <ele>2201.60009765625</ele>
        <time>2026-05-20T04:34:41.000Z</time>
        <extensions>
          <ns3:TrackPointExtension>
            <ns3:hr>93</ns3:hr>
          </ns3:TrackPointExtension>
        </extensions>
      </trkpt>
      <trkpt lat="33.222253583371639251708984375" lon="103.909969814121723175048828125">
        <ele>2201.199951171875</ele>
        <time>2026-05-20T04:34:46.000Z</time>
        <extensions>
          <ns3:TrackPointExtension>
            <ns3:hr>96</ns3:hr>
          </ns3:TrackPointExtension>
        </extensions>
      </trkpt>
      <trkpt lat="33.22232021950185298919677734375" lon="103.90996352769434452056884765625">
        <ele>2200.39990234375</ele>
        <time>2026-05-20T04:34:52.000Z</time>
        <extensions>
          <ns3:TrackPointExtension>
            <ns3:hr>97</ns3:hr>
          </ns3:TrackPointExtension>
        </extensions>
      </trkpt>
      <trkpt lat="33.22244695387780666351318359375" lon="103.90991650521755218505859375">
        <ele>2200.39990234375</ele>
        <time>2026-05-20T04:35:02.000Z</time>
        <extensions>
          <ns3:TrackPointExtension>
            <ns3:hr>93</ns3:hr>
          </ns3:TrackPointExtension>
        </extensions>
      </trkpt>
      <trkpt lat="33.2224579341709613800048828125" lon="103.90991172753274440765380859375">
        <ele>2200.39990234375</ele>
        <time>2026-05-20T04:35:03.000Z</time>
        <extensions>
          <ns3:TrackPointExtension>
            <ns3:hr>95</ns3:hr>
          </ns3:TrackPointExtension>
        </extensions>
      </trkpt>
      <trkpt lat="33.2226232253015041351318359375" lon="103.90983981080353260040283203125">
        <ele>2199.800048828125</ele>
        <time>2026-05-20T04:35:17.000Z</time>
        <extensions>
          <ns3:TrackPointExtension>
            <ns3:hr>92</ns3:hr>
          </ns3:TrackPointExtension>
        </extensions>
      </trkpt>
      <trkpt lat="33.22263470850884914398193359375" lon="103.90983243472874164581298828125">
        <ele>2199.800048828125</ele>
        <time>2026-05-20T04:35:18.000Z</time>
        <extensions>
          <ns3:TrackPointExtension>
            <ns3:hr>91</ns3:hr>
          </ns3:TrackPointExtension>
        </extensions>
      </trkpt>
      <trkpt lat="33.22279765270650386810302734375" lon="103.90973453409969806671142578125">
        <ele>2201.39990234375</ele>
        <time>2026-05-20T04:35:32.000Z</time>
        <extensions>
          <ns3:TrackPointExtension>
            <ns3:hr>89</ns3:hr>
          </ns3:TrackPointExtension>
        </extensions>
      </trkpt>
      <trkpt lat="33.22280989028513431549072265625" lon="103.909727744758129119873046875">
        <ele>2201.39990234375</ele>
        <time>2026-05-20T04:35:33.000Z</time>
        <extensions>
          <ns3:TrackPointExtension>
            <ns3:hr>89</ns3:hr>
          </ns3:TrackPointExtension>
        </extensions>
      </trkpt>
      <trkpt lat="33.22289655916392803192138671875" lon="103.9096974022686481475830078125">
        <ele>2202.199951171875</ele>
        <time>2026-05-20T04:35:41.000Z</time>
        <extensions>
          <ns3:TrackPointExtension>
            <ns3:hr>90</ns3:hr>
          </ns3:TrackPointExtension>
        </extensions>
      </trkpt>
      <trkpt lat="33.22293025441467761993408203125" lon="103.90967904590070247650146484375">
        <ele>2203.199951171875</ele>
        <time>2026-05-20T04:35:44.000Z</time>
        <extensions>
          <ns3:TrackPointExtension>
            <ns3:hr>88</ns3:hr>
          </ns3:TrackPointExtension>
        </extensions>
      </trkpt>
      <trkpt lat="33.22302882559597492218017578125" lon="103.90964501537382602691650390625">
        <ele>2206</ele>
        <time>2026-05-20T04:35:51.000Z</time>
        <extensions>
          <ns3:TrackPointExtension>
            <ns3:hr>91</ns3:hr>
          </ns3:TrackPointExtension>
        </extensions>
      </trkpt>
      <trkpt lat="33.223052211105823516845703125" lon="103.90965155325829982757568359375">
        <ele>2206.199951171875</ele>
        <time>2026-05-20T04:35:53.000Z</time>
        <extensions>
          <ns3:TrackPointExtension>
            <ns3:hr>92</ns3:hr>
          </ns3:TrackPointExtension>
        </extensions>
      </trkpt>
      <trkpt lat="33.22315271012485027313232421875" lon="103.9096870087087154388427734375">
        <ele>2206.199951171875</ele>
        <time>2026-05-20T04:36:01.000Z</time>
        <extensions>
          <ns3:TrackPointExtension>
            <ns3:hr>90</ns3:hr>
          </ns3:TrackPointExtension>
        </extensions>
      </trkpt>
      <trkpt lat="33.22323854081332683563232421875" lon="103.909720368683338165283203125">
        <ele>2206</ele>
        <time>2026-05-20T04:36:09.000Z</time>
        <extensions>
          <ns3:TrackPointExtension>
            <ns3:hr>90</ns3:hr>
          </ns3:TrackPointExtension>
        </extensions>
      </trkpt>
      <trkpt lat="33.2233192585408687591552734375" lon="103.90975230373442173004150390625">
        <ele>2206.199951171875</ele>
        <time>2026-05-20T04:36:16.000Z</time>
        <extensions>
          <ns3:TrackPointExtension>
            <ns3:hr>93</ns3:hr>
          </ns3:TrackPointExtension>
        </extensions>
      </trkpt>
      <trkpt lat="33.22335421107709407806396484375" lon="103.9097728393971920013427734375">
        <ele>2205.800048828125</ele>
        <time>2026-05-20T04:36:19.000Z</time>
        <extensions>
          <ns3:TrackPointExtension>
            <ns3:hr>94</ns3:hr>
          </ns3:TrackPointExtension>
        </extensions>
      </trkpt>
      <trkpt lat="33.22340651415288448333740234375" lon="103.909812904894351959228515625">
        <ele>2205</ele>
        <time>2026-05-20T04:36:24.000Z</time>
        <extensions>
          <ns3:TrackPointExtension>
            <ns3:hr>91</ns3:hr>
          </ns3:TrackPointExtension>
        </extensions>
      </trkpt>
      <trkpt lat="33.22341321967542171478271484375" lon="103.90982656739652156829833984375">
        <ele>2204.39990234375</ele>
        <time>2026-05-20T04:36:28.000Z</time>
        <extensions>
          <ns3:TrackPointExtension>
            <ns3:hr>95</ns3:hr>
          </ns3:TrackPointExtension>
        </extensions>
      </trkpt>
      <trkpt lat="33.223396204411983489990234375" lon="103.9098197780549526214599609375">
        <ele>2204.39990234375</ele>
        <time>2026-05-20T04:36:34.000Z</time>
        <extensions>
          <ns3:TrackPointExtension>
            <ns3:hr>95</ns3:hr>
          </ns3:TrackPointExtension>
        </extensions>
      </trkpt>
      <trkpt lat="33.223415650427341461181640625" lon="103.90981919132173061370849609375">
        <ele>2205</ele>
        <time>2026-05-20T04:36:43.000Z</time>
        <extensions>
          <ns3:TrackPointExtension>
            <ns3:hr>95</ns3:hr>
          </ns3:TrackPointExtension>
        </extensions>
      </trkpt>
      <trkpt lat="33.2234805263578891754150390625" lon="103.90986956655979156494140625">
        <ele>2204.199951171875</ele>
        <time>2026-05-20T04:36:49.000Z</time>
        <extensions>
          <ns3:TrackPointExtension>
            <ns3:hr>91</ns3:hr>
          </ns3:TrackPointExtension>
        </extensions>
      </trkpt>
      <trkpt lat="33.22349117137491703033447265625" lon="103.9098774455487728118896484375">
        <ele>2204.199951171875</ele>
        <time>2026-05-20T04:36:50.000Z</time>
        <extensions>
          <ns3:TrackPointExtension>
            <ns3:hr>92</ns3:hr>
          </ns3:TrackPointExtension>
        </extensions>
      </trkpt>
      <trkpt lat="33.22358672507107257843017578125" lon="103.90994609333574771881103515625">
        <ele>2203.39990234375</ele>
        <time>2026-05-20T04:36:58.000Z</time>
        <extensions>
          <ns3:TrackPointExtension>
            <ns3:hr>94</ns3:hr>
          </ns3:TrackPointExtension>
        </extensions>
      </trkpt>
      <trkpt lat="33.22361639700829982757568359375" lon="103.909968473017215728759765625">
        <ele>2203</ele>
        <time>2026-05-20T04:37:02.000Z</time>
        <extensions>
          <ns3:TrackPointExtension>
            <ns3:hr>98</ns3:hr>
          </ns3:TrackPointExtension>
        </extensions>
      </trkpt>
      <trkpt lat="33.22362410835921764373779296875" lon="103.9099783636629581451416015625">
        <ele>2202.800048828125</ele>
        <time>2026-05-20T04:37:03.000Z</time>
        <extensions>
          <ns3:TrackPointExtension>
            <ns3:hr>99</ns3:hr>
          </ns3:TrackPointExtension>
        </extensions>
      </trkpt>
      <trkpt lat="33.22365562431514263153076171875" lon="103.9100115559995174407958984375">
        <ele>2202</ele>
        <time>2026-05-20T04:37:06.000Z</time>
        <extensions>
          <ns3:TrackPointExtension>
            <ns3:hr>98</ns3:hr>
          </ns3:TrackPointExtension>
        </extensions>
      </trkpt>
      <trkpt lat="33.22368211112916469573974609375" lon="103.91003586351871490478515625">
        <ele>2201.60009765625</ele>
        <time>2026-05-20T04:37:09.000Z</time>
        <extensions>
          <ns3:TrackPointExtension>
            <ns3:hr>101</ns3:hr>
          </ns3:TrackPointExtension>
        </extensions>
      </trkpt>
      <trkpt lat="33.22368957102298736572265625" lon="103.91004801727831363677978515625">
        <ele>2201.199951171875</ele>
        <time>2026-05-20T04:37:10.000Z</time>
        <extensions>
          <ns3:TrackPointExtension>
            <ns3:hr>101</ns3:hr>
          </ns3:TrackPointExtension>
        </extensions>
      </trkpt>
      <trkpt lat="33.22370692156255245208740234375" lon="103.91006930731236934661865234375">
        <ele>2200.60009765625</ele>
        <time>2026-05-20T04:37:12.000Z</time>
        <extensions>
          <ns3:TrackPointExtension>
            <ns3:hr>102</ns3:hr>
          </ns3:TrackPointExtension>
        </extensions>
      </trkpt>
      <trkpt lat="33.22381705977022647857666015625" lon="103.91015329398214817047119140625">
        <ele>2199.60009765625</ele>
        <time>2026-05-20T04:37:22.000Z</time>
        <extensions>
          <ns3:TrackPointExtension>
            <ns3:hr>105</ns3:hr>
          </ns3:TrackPointExtension>
        </extensions>
      </trkpt>
      <trkpt lat="33.22382762096822261810302734375" lon="103.9101627655327320098876953125">
        <ele>2199.60009765625</ele>
        <time>2026-05-20T04:37:23.000Z</time>
        <extensions>
          <ns3:TrackPointExtension>
            <ns3:hr>103</ns3:hr>
          </ns3:TrackPointExtension>
        </extensions>
      </trkpt>
      <trkpt lat="33.2239411957561969757080078125" lon="103.9102593250572681427001953125">
        <ele>2199</ele>
        <time>2026-05-20T04:37:34.000Z</time>
        <extensions>
          <ns3:TrackPointExtension>
            <ns3:hr>102</ns3:hr>
          </ns3:TrackPointExtension>
        </extensions>
      </trkpt>
      <trkpt lat="33.22399978525936603546142578125" lon="103.9102972112596035003662109375">
        <ele>2199.199951171875</ele>
        <time>2026-05-20T04:37:39.000Z</time>
        <extensions>
          <ns3:TrackPointExtension>
            <ns3:hr>98</ns3:hr>
          </ns3:TrackPointExtension>
        </extensions>
      </trkpt>
      <trkpt lat="33.2240102626383304595947265625" lon="103.9103072695434093475341796875">
        <ele>2199.199951171875</ele>
        <time>2026-05-20T04:37:40.000Z</time>
        <extensions>
          <ns3:TrackPointExtension>
            <ns3:hr>102</ns3:hr>
          </ns3:TrackPointExtension>
        </extensions>
      </trkpt>
      <trkpt lat="33.22402627207338809967041015625" lon="103.910324536263942718505859375">
        <ele>2198.800048828125</ele>
        <time>2026-05-20T04:37:42.000Z</time>
        <extensions>
          <ns3:TrackPointExtension>
            <ns3:hr>106</ns3:hr>
          </ns3:TrackPointExtension>
        </extensions>
      </trkpt>
      <trkpt lat="33.224033899605274200439453125" lon="103.910333253443241119384765625">
        <ele>2198.800048828125</ele>
        <time>2026-05-20T04:37:43.000Z</time>
        <extensions>
          <ns3:TrackPointExtension>
            <ns3:hr>102</ns3:hr>
          </ns3:TrackPointExtension>
        </extensions>
      </trkpt>
      <trkpt lat="33.22404387407004833221435546875" lon="103.91034238971769809722900390625">
        <ele>2198.60009765625</ele>
        <time>2026-05-20T04:37:44.000Z</time>
        <extensions>
          <ns3:TrackPointExtension>
            <ns3:hr>106</ns3:hr>
          </ns3:TrackPointExtension>
        </extensions>
      </trkpt>
      <trkpt lat="33.22407715022563934326171875" lon="103.91037072055041790008544921875">
        <ele>2198.60009765625</ele>
        <time>2026-05-20T04:37:47.000Z</time>
        <extensions>
          <ns3:TrackPointExtension>
            <ns3:hr>102</ns3:hr>
          </ns3:TrackPointExtension>
        </extensions>
      </trkpt>
      <trkpt lat="33.22409416548907756805419921875" lon="103.910389244556427001953125">
        <ele>2198.39990234375</ele>
        <time>2026-05-20T04:37:52.000Z</time>
        <extensions>
          <ns3:TrackPointExtension>
            <ns3:hr>102</ns3:hr>
          </ns3:TrackPointExtension>
        </extensions>
      </trkpt>
      <trkpt lat="33.22408997453749179840087890625" lon="103.91038857400417327880859375">
        <ele>2198.199951171875</ele>
        <time>2026-05-20T04:37:55.000Z</time>
        <extensions>
          <ns3:TrackPointExtension>
            <ns3:hr>106</ns3:hr>
          </ns3:TrackPointExtension>
        </extensions>
      </trkpt>
      <trkpt lat="33.22408947162330150604248046875" lon="103.91038731671869754791259765625">
        <ele>2198.199951171875</ele>
        <time>2026-05-20T04:37:57.000Z</time>
        <extensions>
          <ns3:TrackPointExtension>
            <ns3:hr>102</ns3:hr>
          </ns3:TrackPointExtension>
        </extensions>
      </trkpt>
      <trkpt lat="33.2240877114236354827880859375" lon="103.9103863947093486785888671875">
        <ele>2198.199951171875</ele>
        <time>2026-05-20T04:37:58.000Z</time>
        <extensions>
          <ns3:TrackPointExtension>
            <ns3:hr>102</ns3:hr>
          </ns3:TrackPointExtension>
        </extensions>
      </trkpt>
      <trkpt lat="33.22408712469041347503662109375" lon="103.9103847183287143707275390625">
        <ele>2198.199951171875</ele>
        <time>2026-05-20T04:38:01.000Z</time>
        <extensions>
          <ns3:TrackPointExtension>
            <ns3:hr>99</ns3:hr>
          </ns3:TrackPointExtension>
        </extensions>
      </trkpt>
      <trkpt lat="33.22408712469041347503662109375" lon="103.9103847183287143707275390625">
        <ele>2198.199951171875</ele>
        <time>2026-05-20T04:38:04.000Z</time>
        <extensions>
          <ns3:TrackPointExtension>
            <ns3:hr>96</ns3:hr>
          </ns3:TrackPointExtension>
        </extensions>
      </trkpt>
      <trkpt lat="33.22408712469041347503662109375" lon="103.9103847183287143707275390625">
        <ele>2198.199951171875</ele>
        <time>2026-05-20T04:38:08.000Z</time>
        <extensions>
          <ns3:TrackPointExtension>
            <ns3:hr>93</ns3:hr>
          </ns3:TrackPointExtension>
        </extensions>
      </trkpt>
      <trkpt lat="33.22408712469041347503662109375" lon="103.9103847183287143707275390625">
        <ele>2198.199951171875</ele>
        <time>2026-05-20T04:38:10.000Z</time>
        <extensions>
          <ns3:TrackPointExtension>
            <ns3:hr>96</ns3:hr>
          </ns3:TrackPointExtension>
        </extensions>
      </trkpt>
      <trkpt lat="33.224102295935153961181640625" lon="103.91039402224123477935791015625">
        <ele>2198.39990234375</ele>
        <time>2026-05-20T04:38:12.000Z</time>
        <extensions>
          <ns3:TrackPointExtension>
            <ns3:hr>94</ns3:hr>
          </ns3:TrackPointExtension>
        </extensions>
      </trkpt>
      <trkpt lat="33.22417027316987514495849609375" lon="103.91045428812503814697265625">
        <ele>2198.60009765625</ele>
        <time>2026-05-20T04:38:18.000Z</time>
        <extensions>
          <ns3:TrackPointExtension>
            <ns3:hr>95</ns3:hr>
          </ns3:TrackPointExtension>
        </extensions>
      </trkpt>
      <trkpt lat="33.2241742126643657684326171875" lon="103.9105094410479068756103515625">
        <ele>2196.60009765625</ele>
        <time>2026-05-20T04:38:24.000Z</time>
        <extensions>
          <ns3:TrackPointExtension>
            <ns3:hr>95</ns3:hr>
          </ns3:TrackPointExtension>
        </extensions>
      </trkpt>
      <trkpt lat="33.22416423819959163665771484375" lon="103.91051589511334896087646484375">
        <ele>2196.199951171875</ele>
        <time>2026-05-20T04:38:31.000Z</time>
        <extensions>
          <ns3:TrackPointExtension>
            <ns3:hr>96</ns3:hr>
          </ns3:TrackPointExtension>
        </extensions>
      </trkpt>
      <trkpt lat="33.2241690158843994140625" lon="103.910531066358089447021484375">
        <ele>2195.800048828125</ele>
        <time>2026-05-20T04:38:38.000Z</time>
        <extensions>
          <ns3:TrackPointExtension>
            <ns3:hr>96</ns3:hr>
          </ns3:TrackPointExtension>
        </extensions>
      </trkpt>
      <trkpt lat="33.22416775859892368316650390625" lon="103.91053265891969203948974609375">
        <ele>2195.60009765625</ele>
        <time>2026-05-20T04:38:42.000Z</time>
        <extensions>
          <ns3:TrackPointExtension>
            <ns3:hr>93</ns3:hr>
          </ns3:TrackPointExtension>
        </extensions>
      </trkpt>
      <trkpt lat="33.22416775859892368316650390625" lon="103.91053265891969203948974609375">
        <ele>2195.60009765625</ele>
        <time>2026-05-20T04:38:43.000Z</time>
        <extensions>
          <ns3:TrackPointExtension>
            <ns3:hr>97</ns3:hr>
          </ns3:TrackPointExtension>
        </extensions>
      </trkpt>
      <trkpt lat="33.224167339503765106201171875" lon="103.91053249128162860870361328125">
        <ele>2195.60009765625</ele>
        <time>2026-05-20T04:38:54.000Z</time>
        <extensions>
          <ns3:TrackPointExtension>
            <ns3:hr>98</ns3:hr>
          </ns3:TrackPointExtension>
        </extensions>
      </trkpt>
      <trkpt lat="33.22422643192112445831298828125" lon="103.91055244021117687225341796875">
        <ele>2196.800048828125</ele>
        <time>2026-05-20T04:39:13.000Z</time>
        <extensions>
          <ns3:TrackPointExtension>
            <ns3:hr>97</ns3:hr>
          </ns3:TrackPointExtension>
        </extensions>
      </trkpt>
      <trkpt lat="33.224310837686061859130859375" lon="103.910615555942058563232421875">
        <ele>2197.199951171875</ele>
        <time>2026-05-20T04:39:20.000Z</time>
        <extensions>
          <ns3:TrackPointExtension>
            <ns3:hr>97</ns3:hr>
          </ns3:TrackPointExtension>
        </extensions>
      </trkpt>
      <trkpt lat="33.22434646077454090118408203125" lon="103.9106914959847927093505859375">
        <ele>2195.60009765625</ele>
        <time>2026-05-20T04:39:28.000Z</time>
        <extensions>
          <ns3:TrackPointExtension>
            <ns3:hr>96</ns3:hr>
          </ns3:TrackPointExtension>
        </extensions>
      </trkpt>
      <trkpt lat="33.2243500649929046630859375" lon="103.91069862060248851776123046875">
        <ele>2195.60009765625</ele>
        <time>2026-05-20T04:39:29.000Z</time>
        <extensions>
          <ns3:TrackPointExtension>
            <ns3:hr>95</ns3:hr>
          </ns3:TrackPointExtension>
        </extensions>
      </trkpt>
      <trkpt lat="33.2244280166923999786376953125" lon="103.91078688204288482666015625">
        <ele>2195</ele>
        <time>2026-05-20T04:39:38.000Z</time>
        <extensions>
          <ns3:TrackPointExtension>
            <ns3:hr>94</ns3:hr>
          </ns3:TrackPointExtension>
        </extensions>
      </trkpt>
      <trkpt lat="33.22449163533747196197509765625" lon="103.9108919911086559295654296875">
        <ele>2193.39990234375</ele>
        <time>2026-05-20T04:39:46.000Z</time>
        <extensions>
          <ns3:TrackPointExtension>
            <ns3:hr>95</ns3:hr>
          </ns3:TrackPointExtension>
        </extensions>
      </trkpt>
      <trkpt lat="33.224488198757171630859375" lon="103.91090850345790386199951171875">
        <ele>2192.800048828125</ele>
        <time>2026-05-20T04:39:47.000Z</time>
        <extensions>
          <ns3:TrackPointExtension>
            <ns3:hr>94</ns3:hr>
          </ns3:TrackPointExtension>
        </extensions>
      </trkpt>
      <trkpt lat="33.22448744438588619232177734375" lon="103.910920321941375732421875">
        <ele>2192.39990234375</ele>
        <time>2026-05-20T04:39:48.000Z</time>
        <extensions>
          <ns3:TrackPointExtension>
            <ns3:hr>94</ns3:hr>
          </ns3:TrackPointExtension>
        </extensions>
      </trkpt>
      <trkpt lat="33.2244793139398097991943359375" lon="103.9109429530799388885498046875">
        <ele>2191.39990234375</ele>
        <time>2026-05-20T04:39:52.000Z</time>
        <extensions>
          <ns3:TrackPointExtension>
            <ns3:hr>93</ns3:hr>
          </ns3:TrackPointExtension>
        </extensions>
      </trkpt>
      <trkpt lat="33.22448207996785640716552734375" lon="103.91096030361950397491455078125">
        <ele>2191</ele>
        <time>2026-05-20T04:39:54.000Z</time>
        <extensions>
          <ns3:TrackPointExtension>
            <ns3:hr>96</ns3:hr>
          </ns3:TrackPointExtension>
        </extensions>
      </trkpt>
      <trkpt lat="33.224482499063014984130859375" lon="103.9109989441931247711181640625">
        <ele>2190</ele>
        <time>2026-05-20T04:39:56.000Z</time>
        <extensions>
          <ns3:TrackPointExtension>
            <ns3:hr>93</ns3:hr>
          </ns3:TrackPointExtension>
        </extensions>
      </trkpt>
      <trkpt lat="33.224455006420612335205078125" lon="103.91107379458844661712646484375">
        <ele>2187.800048828125</ele>
        <time>2026-05-20T04:40:00.000Z</time>
        <extensions>
          <ns3:TrackPointExtension>
            <ns3:hr>93</ns3:hr>
          </ns3:TrackPointExtension>
        </extensions>
      </trkpt>
      <trkpt lat="33.22441971860826015472412109375" lon="103.91116985119879245758056640625">
        <ele>2186.39990234375</ele>
        <time>2026-05-20T04:40:10.000Z</time>
        <extensions>
          <ns3:TrackPointExtension>
            <ns3:hr>95</ns3:hr>
          </ns3:TrackPointExtension>
        </extensions>
      </trkpt>
      <trkpt lat="33.2244146056473255157470703125" lon="103.91116683371365070343017578125">
        <ele>2186.39990234375</ele>
        <time>2026-05-20T04:40:13.000Z</time>
        <extensions>
          <ns3:TrackPointExtension>
            <ns3:hr>98</ns3:hr>
          </ns3:TrackPointExtension>
        </extensions>
      </trkpt>
      <trkpt lat="33.22441536001861095428466796875" lon="103.91116314567625522613525390625">
        <ele>2186.39990234375</ele>
        <time>2026-05-20T04:40:15.000Z</time>
        <extensions>
          <ns3:TrackPointExtension>
            <ns3:hr>99</ns3:hr>
          </ns3:TrackPointExtension>
        </extensions>
      </trkpt>
      <trkpt lat="33.224437572062015533447265625" lon="103.911176808178424835205078125">
        <ele>2186.60009765625</ele>
        <time>2026-05-20T04:40:23.000Z</time>
        <extensions>
          <ns3:TrackPointExtension>
            <ns3:hr>102</ns3:hr>
          </ns3:TrackPointExtension>
        </extensions>
      </trkpt>
      <trkpt lat="33.22448375634849071502685546875" lon="103.91123506240546703338623046875">
        <ele>2186.39990234375</ele>
        <time>2026-05-20T04:40:30.000Z</time>
        <extensions>
          <ns3:TrackPointExtension>
            <ns3:hr>102</ns3:hr>
          </ns3:TrackPointExtension>
        </extensions>
      </trkpt>
      <trkpt lat="33.22451728396117687225341796875" lon="103.91126708127558231353759765625">
        <ele>2186.39990234375</ele>
        <time>2026-05-20T04:40:36.000Z</time>
        <extensions>
          <ns3:TrackPointExtension>
            <ns3:hr>102</ns3:hr>
          </ns3:TrackPointExtension>
        </extensions>
      </trkpt>
      <trkpt lat="33.22453991509974002838134765625" lon="103.9112698473036289215087890625">
        <ele>2186.60009765625</ele>
        <time>2026-05-20T04:40:38.000Z</time>
        <extensions>
          <ns3:TrackPointExtension>
            <ns3:hr>103</ns3:hr>
          </ns3:TrackPointExtension>
        </extensions>
      </trkpt>
      <trkpt lat="33.22456941939890384674072265625" lon="103.91127412207424640655517578125">
        <ele>2187</ele>
        <time>2026-05-20T04:40:41.000Z</time>
        <extensions>
          <ns3:TrackPointExtension>
            <ns3:hr>104</ns3:hr>
          </ns3:TrackPointExtension>
        </extensions>
      </trkpt>
      <trkpt lat="33.2246063835918903350830078125" lon="103.91126708127558231353759765625">
        <ele>2187.60009765625</ele>
        <time>2026-05-20T04:40:44.000Z</time>
        <extensions>
          <ns3:TrackPointExtension>
            <ns3:hr>104</ns3:hr>
          </ns3:TrackPointExtension>
        </extensions>
      </trkpt>
      <trkpt lat="33.22475030086934566497802734375" lon="103.9113006927073001861572265625">
        <ele>2188.199951171875</ele>
        <time>2026-05-20T04:40:55.000Z</time>
        <extensions>
          <ns3:TrackPointExtension>
            <ns3:hr>105</ns3:hr>
          </ns3:TrackPointExtension>
        </extensions>
      </trkpt>
      <trkpt lat="33.2248591817915439605712890625" lon="103.9113347232341766357421875">
        <ele>2188.60009765625</ele>
        <time>2026-05-20T04:41:03.000Z</time>
        <extensions>
          <ns3:TrackPointExtension>
            <ns3:hr>104</ns3:hr>
          </ns3:TrackPointExtension>
        </extensions>
      </trkpt>
      <trkpt lat="33.22489396668970584869384765625" lon="103.911376297473907470703125">
        <ele>2187.800048828125</ele>
        <time>2026-05-20T04:41:07.000Z</time>
        <extensions>
          <ns3:TrackPointExtension>
            <ns3:hr>104</ns3:hr>
          </ns3:TrackPointExtension>
        </extensions>
      </trkpt>
      <trkpt lat="33.22491827420890331268310546875" lon="103.911405466496944427490234375">
        <ele>2187.39990234375</ele>
        <time>2026-05-20T04:41:11.000Z</time>
        <extensions>
          <ns3:TrackPointExtension>
            <ns3:hr>100</ns3:hr>
          </ns3:TrackPointExtension>
        </extensions>
      </trkpt>
      <trkpt lat="33.22492539882659912109375" lon="103.91141024418175220489501953125">
        <ele>2187.39990234375</ele>
        <time>2026-05-20T04:41:12.000Z</time>
        <extensions>
          <ns3:TrackPointExtension>
            <ns3:hr>103</ns3:hr>
          </ns3:TrackPointExtension>
        </extensions>
      </trkpt>
    </trkseg>
  </trk>
</gpx>
