<?xml version="1.0" encoding="UTF-8"?>
<gpx version="1.1" creator="iloveGPX Merge"
  xmlns="http://www.topografix.com/GPX/1/1">
  <metadata>
    <name></name>
    <time>2024-07-08T06:48:23.000Z</time>
  </metadata>
  <trk>
    <name>Aiguille des possettes</name>
    <trkseg>
        <trkpt lat="45.98403970710933" lon="6.9268764462322"><ele>1258.800048828125</ele><time>2024-07-08T06:48:23.000Z</time></trkpt>
        <trkpt lat="45.98404850810766" lon="6.926892204210162"><ele>1258.5999755859375</ele><time>2024-07-08T06:48:24.000Z</time></trkpt>
        <trkpt lat="45.98404590971768" lon="6.9268997479230165"><ele>1258.5999755859375</ele><time>2024-07-08T06:48:25.000Z</time></trkpt>
        <trkpt lat="45.984057392925024" lon="6.9269106443971395"><ele>1258.4000244140625</ele><time>2024-07-08T06:48:29.000Z</time></trkpt>
        <trkpt lat="45.984080443158746" lon="6.92697954364121"><ele>1257.5999755859375</ele><time>2024-07-08T06:48:33.000Z</time></trkpt>
        <trkpt lat="45.98409662023187" lon="6.927038049325347"><ele>1256.800048828125</ele><time>2024-07-08T06:48:36.000Z</time></trkpt>
        <trkpt lat="45.98412226885557" lon="6.927173165604472"><ele>1256.4000244140625</ele><time>2024-07-08T06:48:43.000Z</time></trkpt>
        <trkpt lat="45.98412713035941" lon="6.927196132019162"><ele>1256.199951171875</ele><time>2024-07-08T06:48:44.000Z</time></trkpt>
        <trkpt lat="45.984133668243885" lon="6.927215661853552"><ele>1256.199951171875</ele><time>2024-07-08T06:48:45.000Z</time></trkpt>
        <trkpt lat="45.98414355888963" lon="6.92731817252934"><ele>1256</ele><time>2024-07-08T06:48:52.000Z</time></trkpt>
        <trkpt lat="45.98413928411901" lon="6.927346671000123"><ele>1255.800048828125</ele><time>2024-07-08T06:48:54.000Z</time></trkpt>
        <trkpt lat="45.98414816893637" lon="6.927458569407463"><ele>1255.4000244140625</ele><time>2024-07-08T06:49:02.000Z</time></trkpt>
        <trkpt lat="45.98415479063988" lon="6.927467454224825"><ele>1255.4000244140625</ele><time>2024-07-08T06:49:03.000Z</time></trkpt>
        <trkpt lat="45.98417825996876" lon="6.92760500125587"><ele>1255.199951171875</ele><time>2024-07-08T06:49:09.000Z</time></trkpt>
        <trkpt lat="45.9841847140342" lon="6.927680522203445"><ele>1255.199951171875</ele><time>2024-07-08T06:49:13.000Z</time></trkpt>
        <trkpt lat="45.984208434820175" lon="6.927832318469882"><ele>1255.199951171875</ele><time>2024-07-08T06:49:22.000Z</time></trkpt>
        <trkpt lat="45.98420726135373" lon="6.927933571860194"><ele>1255.199951171875</ele><time>2024-07-08T06:49:28.000Z</time></trkpt>
        <trkpt lat="45.98418530076742" lon="6.9279461447149515"><ele>1255.199951171875</ele><time>2024-07-08T06:49:30.000Z</time></trkpt>
        <trkpt lat="45.98418781533837" lon="6.928074136376381"><ele>1256</ele><time>2024-07-08T06:49:38.000Z</time></trkpt>
        <trkpt lat="45.98428437486291" lon="6.928118811920285"><ele>1257.4000244140625</ele><time>2024-07-08T06:49:46.000Z</time></trkpt>
        <trkpt lat="45.98431748338044" lon="6.928125601261854"><ele>1257.800048828125</ele><time>2024-07-08T06:49:50.000Z</time></trkpt>
        <trkpt lat="45.98437833599746" lon="6.928112776950002"><ele>1257.800048828125</ele><time>2024-07-08T06:49:56.000Z</time></trkpt>
        <trkpt lat="45.98449702374637" lon="6.9281473942101"><ele>1258.5999755859375</ele><time>2024-07-08T06:50:07.000Z</time></trkpt>
        <trkpt lat="45.98452736623585" lon="6.928189303725958"><ele>1259</ele><time>2024-07-08T06:50:11.000Z</time></trkpt>
        <trkpt lat="45.98457698710263" lon="6.928204894065857"><ele>1259.199951171875</ele><time>2024-07-08T06:50:15.000Z</time></trkpt>
        <trkpt lat="45.98467907868326" lon="6.928253341466188"><ele>1259.5999755859375</ele><time>2024-07-08T06:50:27.000Z</time></trkpt>
        <trkpt lat="45.98474160768092" lon="6.928283600136638"><ele>1260</ele><time>2024-07-08T06:50:33.000Z</time></trkpt>
        <trkpt lat="45.98475736565888" lon="6.9282895512878895"><ele>1260</ele><time>2024-07-08T06:50:37.000Z</time></trkpt>
        <trkpt lat="45.98475459963083" lon="6.928290473297238"><ele>1260</ele><time>2024-07-08T06:50:47.000Z</time></trkpt>
        <trkpt lat="45.98475459963083" lon="6.928290473297238"><ele>1260</ele><time>2024-07-08T06:50:48.000Z</time></trkpt>
        <trkpt lat="45.98475459963083" lon="6.928290473297238"><ele>1260</ele><time>2024-07-08T06:50:52.000Z</time></trkpt>
        <trkpt lat="45.98475459963083" lon="6.928290473297238"><ele>1260</ele><time>2024-07-08T06:50:59.000Z</time></trkpt>
        <trkpt lat="45.98475459963083" lon="6.928290473297238"><ele>1260</ele><time>2024-07-08T06:51:01.000Z</time></trkpt>
        <trkpt lat="45.98475594073534" lon="6.928290473297238"><ele>1260</ele><time>2024-07-08T06:51:08.000Z</time></trkpt>
        <trkpt lat="45.98480086773634" lon="6.928292401134968"><ele>1260.199951171875</ele><time>2024-07-08T06:51:16.000Z</time></trkpt>
        <trkpt lat="45.98481511697173" lon="6.928293574601412"><ele>1260.199951171875</ele><time>2024-07-08T06:51:17.000Z</time></trkpt>
        <trkpt lat="45.9848390892148" lon="6.92829642444849"><ele>1260.4000244140625</ele><time>2024-07-08T06:51:19.000Z</time></trkpt>
        <trkpt lat="45.98491947166622" lon="6.928310338407755"><ele>1260.800048828125</ele><time>2024-07-08T06:51:26.000Z</time></trkpt>
        <trkpt lat="45.98493833094835" lon="6.92832475528121"><ele>1260.800048828125</ele><time>2024-07-08T06:51:28.000Z</time></trkpt>
        <trkpt lat="45.98496205173433" lon="6.92834478802979"><ele>1261</ele><time>2024-07-08T06:51:30.000Z</time></trkpt>
        <trkpt lat="45.985023491084576" lon="6.928411675617099"><ele>1261.4000244140625</ele><time>2024-07-08T06:51:36.000Z</time></trkpt>
        <trkpt lat="45.98503991961479" lon="6.928436569869518"><ele>1261.5999755859375</ele><time>2024-07-08T06:51:38.000Z</time></trkpt>
        <trkpt lat="45.9850655682385" lon="6.928472779691219"><ele>1261.800048828125</ele><time>2024-07-08T06:51:41.000Z</time></trkpt>
        <trkpt lat="45.985094318166375" lon="6.928516449406743"><ele>1262.4000244140625</ele><time>2024-07-08T06:51:46.000Z</time></trkpt>
        <trkpt lat="45.98511409945786" lon="6.928547043353319"><ele>1262.5999755859375</ele><time>2024-07-08T06:51:49.000Z</time></trkpt>
        <trkpt lat="45.98512834869325" lon="6.928561711683869"><ele>1262.800048828125</ele><time>2024-07-08T06:51:52.000Z</time></trkpt>
        <trkpt lat="45.98512633703649" lon="6.9286152720451355"><ele>1263.199951171875</ele><time>2024-07-08T06:51:55.000Z</time></trkpt>
        <trkpt lat="45.98511133342981" lon="6.928695654496551"><ele>1263.5999755859375</ele><time>2024-07-08T06:51:59.000Z</time></trkpt>
        <trkpt lat="45.985105130821466" lon="6.928798081353307"><ele>1264.800048828125</ele><time>2024-07-08T06:52:05.000Z</time></trkpt>
        <trkpt lat="45.9851102437824" lon="6.92886371165514"><ele>1265.4000244140625</ele><time>2024-07-08T06:52:08.000Z</time></trkpt>
        <trkpt lat="45.98512382246554" lon="6.928944094106555"><ele>1266.4000244140625</ele><time>2024-07-08T06:52:13.000Z</time></trkpt>
        <trkpt lat="45.985098257660866" lon="6.929012490436435"><ele>1267</ele><time>2024-07-08T06:52:17.000Z</time></trkpt>
        <trkpt lat="45.98509054630995" lon="6.929030762985349"><ele>1267</ele><time>2024-07-08T06:52:18.000Z</time></trkpt>
        <trkpt lat="45.98506908863783" lon="6.929079461842775"><ele>1267.199951171875</ele><time>2024-07-08T06:52:21.000Z</time></trkpt>
        <trkpt lat="45.98506087437272" lon="6.9292196072638035"><ele>1268.199951171875</ele><time>2024-07-08T06:52:29.000Z</time></trkpt>
        <trkpt lat="45.98506707698107" lon="6.929235532879829"><ele>1268.4000244140625</ele><time>2024-07-08T06:52:30.000Z</time></trkpt>
        <trkpt lat="45.98512541502714" lon="6.929292613640428"><ele>1269</ele><time>2024-07-08T06:52:36.000Z</time></trkpt>
        <trkpt lat="45.98519565537572" lon="6.9293320924043655"><ele>1269.800048828125</ele><time>2024-07-08T06:52:42.000Z</time></trkpt>
        <trkpt lat="45.985283413901925" lon="6.929397052153945"><ele>1270.800048828125</ele><time>2024-07-08T06:52:49.000Z</time></trkpt>
        <trkpt lat="45.985293136909604" lon="6.9294036738574505"><ele>1271</ele><time>2024-07-08T06:52:50.000Z</time></trkpt>
        <trkpt lat="45.98540738224983" lon="6.929499730467796"><ele>1272.5999755859375</ele><time>2024-07-08T06:53:01.000Z</time></trkpt>
        <trkpt lat="45.98544795066118" lon="6.9295375328511"><ele>1272.800048828125</ele><time>2024-07-08T06:53:05.000Z</time></trkpt>
        <trkpt lat="45.98552900366485" lon="6.929578687995672"><ele>1273.199951171875</ele><time>2024-07-08T06:53:12.000Z</time></trkpt>
        <trkpt lat="45.98561257123947" lon="6.929589668288827"><ele>1273.199951171875</ele><time>2024-07-08T06:53:19.000Z</time></trkpt>
        <trkpt lat="45.98565640859306" lon="6.929583130404353"><ele>1273.199951171875</ele><time>2024-07-08T06:53:23.000Z</time></trkpt>
        <trkpt lat="45.98575221374631" lon="6.929579610005021"><ele>1272.800048828125</ele><time>2024-07-08T06:53:30.000Z</time></trkpt>
        <trkpt lat="45.98580543883145" lon="6.929576927796006"><ele>1272.5999755859375</ele><time>2024-07-08T06:53:35.000Z</time></trkpt>
        <trkpt lat="45.985841900110245" lon="6.929581956937909"><ele>1272.5999755859375</ele><time>2024-07-08T06:53:38.000Z</time></trkpt>
        <trkpt lat="45.985863357782364" lon="6.929589081555605"><ele>1272.5999755859375</ele><time>2024-07-08T06:53:40.000Z</time></trkpt>
        <trkpt lat="45.98587408661842" lon="6.929590506479144"><ele>1272.5999755859375</ele><time>2024-07-08T06:53:41.000Z</time></trkpt>
        <trkpt lat="45.98592622205615" lon="6.929604420438409"><ele>1272.4000244140625</ele><time>2024-07-08T06:53:45.000Z</time></trkpt>
        <trkpt lat="45.98603904247284" lon="6.929663177579641"><ele>1272.4000244140625</ele><time>2024-07-08T06:53:55.000Z</time></trkpt>
        <trkpt lat="45.98606594838202" lon="6.929670553654432"><ele>1272.4000244140625</ele><time>2024-07-08T06:53:57.000Z</time></trkpt>
        <trkpt lat="45.98616418428719" lon="6.92967826500535"><ele>1272.4000244140625</ele><time>2024-07-08T06:54:05.000Z</time></trkpt>
        <trkpt lat="45.98630500026047" lon="6.929700477048755"><ele>1272.199951171875</ele><time>2024-07-08T06:54:17.000Z</time></trkpt>
        <trkpt lat="45.98641086369753" lon="6.9297105353325605"><ele>1272</ele><time>2024-07-08T06:54:26.000Z</time></trkpt>
        <trkpt lat="45.98654396831989" lon="6.929711624979973"><ele>1272.199951171875</ele><time>2024-07-08T06:54:37.000Z</time></trkpt>
        <trkpt lat="45.98655352368951" lon="6.929710116237402"><ele>1272.199951171875</ele><time>2024-07-08T06:54:38.000Z</time></trkpt>
        <trkpt lat="45.98656517453492" lon="6.929708858951926"><ele>1272.199951171875</ele><time>2024-07-08T06:54:39.000Z</time></trkpt>
        <trkpt lat="45.98657749593258" lon="6.92970709875226"><ele>1272.4000244140625</ele><time>2024-07-08T06:54:40.000Z</time></trkpt>
        <trkpt lat="45.9867025539279" lon="6.929734004661441"><ele>1273.199951171875</ele><time>2024-07-08T06:54:51.000Z</time></trkpt>
        <trkpt lat="45.98672904074192" lon="6.929734842851758"><ele>1273.4000244140625</ele><time>2024-07-08T06:54:53.000Z</time></trkpt>
        <trkpt lat="45.98674966022372" lon="6.9297367706894875"><ele>1273.5999755859375</ele><time>2024-07-08T06:54:55.000Z</time></trkpt>
        <trkpt lat="45.98682920448482" lon="6.929750517010689"><ele>1274.4000244140625</ele><time>2024-07-08T06:55:02.000Z</time></trkpt>
        <trkpt lat="45.98687991499901" lon="6.929752444848418"><ele>1275.4000244140625</ele><time>2024-07-08T06:55:06.000Z</time></trkpt>
        <trkpt lat="45.98700371570885" lon="6.929756384342909"><ele>1277.5999755859375</ele><time>2024-07-08T06:55:16.000Z</time></trkpt>
        <trkpt lat="45.98706683143973" lon="6.929740961641073"><ele>1278.4000244140625</ele><time>2024-07-08T06:55:21.000Z</time></trkpt>
        <trkpt lat="45.98711754195392" lon="6.92974079400301"><ele>1279.4000244140625</ele><time>2024-07-08T06:55:25.000Z</time></trkpt>
        <trkpt lat="45.98722206428647" lon="6.92971296608448"><ele>1281</ele><time>2024-07-08T06:55:34.000Z</time></trkpt>
        <trkpt lat="45.987234050408006" lon="6.9297093618661165"><ele>1281.4000244140625</ele><time>2024-07-08T06:55:35.000Z</time></trkpt>
        <trkpt lat="45.987334633246064" lon="6.929635684937239"><ele>1283.5999755859375</ele><time>2024-07-08T06:55:45.000Z</time></trkpt>
        <trkpt lat="45.98734653554857" lon="6.929626716300845"><ele>1283.800048828125</ele><time>2024-07-08T06:55:46.000Z</time></trkpt>
        <trkpt lat="45.987423062324524" lon="6.929573407396674"><ele>1285.199951171875</ele><time>2024-07-08T06:55:53.000Z</time></trkpt>
        <trkpt lat="45.98755247890949" lon="6.929531078785658"><ele>1287.199951171875</ele><time>2024-07-08T06:56:04.000Z</time></trkpt>
        <trkpt lat="45.98766622133553" lon="6.929493276402354"><ele>1289</ele><time>2024-07-08T06:56:14.000Z</time></trkpt>
        <trkpt lat="45.98782145418227" lon="6.929458491504192"><ele>1290.5999755859375</ele><time>2024-07-08T06:56:26.000Z</time></trkpt>
        <trkpt lat="45.98795154131949" lon="6.929423036053777"><ele>1290.800048828125</ele><time>2024-07-08T06:56:38.000Z</time></trkpt>
        <trkpt lat="45.98802588880062" lon="6.9294225331395864"><ele>1291.5999755859375</ele><time>2024-07-08T06:56:44.000Z</time></trkpt>
        <trkpt lat="45.98806000314653" lon="6.929408200085163"><ele>1292</ele><time>2024-07-08T06:56:47.000Z</time></trkpt>
        <trkpt lat="45.988114066421986" lon="6.9293745048344135"><ele>1292.199951171875</ele><time>2024-07-08T06:56:52.000Z</time></trkpt>
        <trkpt lat="45.98812487907708" lon="6.929363859817386"><ele>1292.199951171875</ele><time>2024-07-08T06:56:53.000Z</time></trkpt>
        <trkpt lat="45.98814910277724" lon="6.929346509277821"><ele>1292.199951171875</ele><time>2024-07-08T06:56:55.000Z</time></trkpt>
        <trkpt lat="45.98824147135019" lon="6.92931373603642"><ele>1293.199951171875</ele><time>2024-07-08T06:57:02.000Z</time></trkpt>
        <trkpt lat="45.988318333402276" lon="6.929260427132249"><ele>1293.5999755859375</ele><time>2024-07-08T06:57:09.000Z</time></trkpt>
        <trkpt lat="45.98832688294351" lon="6.929249614477158"><ele>1293.800048828125</ele><time>2024-07-08T06:57:10.000Z</time></trkpt>
        <trkpt lat="45.98833937197924" lon="6.929223295301199"><ele>1294.199951171875</ele><time>2024-07-08T06:57:12.000Z</time></trkpt>
        <trkpt lat="45.98834674805403" lon="6.929193204268813"><ele>1294.5999755859375</ele><time>2024-07-08T06:57:14.000Z</time></trkpt>
        <trkpt lat="45.988360745832324" lon="6.929174093529582"><ele>1295</ele><time>2024-07-08T06:57:16.000Z</time></trkpt>
        <trkpt lat="45.98839075304568" lon="6.929161436855793"><ele>1295.4000244140625</ele><time>2024-07-08T06:57:19.000Z</time></trkpt>
        <trkpt lat="45.9884190838784" lon="6.9291583355516195"><ele>1295.5999755859375</ele><time>2024-07-08T06:57:21.000Z</time></trkpt>
        <trkpt lat="45.98844355903566" lon="6.929160011932254"><ele>1295.800048828125</ele><time>2024-07-08T06:57:23.000Z</time></trkpt>
        <trkpt lat="45.98846451379359" lon="6.92915984429419"><ele>1295.800048828125</ele><time>2024-07-08T06:57:25.000Z</time></trkpt>
        <trkpt lat="45.98848856985569" lon="6.92917007021606"><ele>1296.199951171875</ele><time>2024-07-08T06:57:27.000Z</time></trkpt>
        <trkpt lat="45.988509859889746" lon="6.929158670827746"><ele>1296.5999755859375</ele><time>2024-07-08T06:57:29.000Z</time></trkpt>
        <trkpt lat="45.988524947315454" lon="6.929151378571987"><ele>1297</ele><time>2024-07-08T06:57:30.000Z</time></trkpt>
        <trkpt lat="45.98856786265969" lon="6.929131178185344"><ele>1297.800048828125</ele><time>2024-07-08T06:57:33.000Z</time></trkpt>
        <trkpt lat="45.98857616074383" lon="6.929123634472489"><ele>1298</ele><time>2024-07-08T06:57:34.000Z</time></trkpt>
        <trkpt lat="45.98863994702697" lon="6.929075522348285"><ele>1298.199951171875</ele><time>2024-07-08T06:57:41.000Z</time></trkpt>
        <trkpt lat="45.988813787698746" lon="6.929102847352624"><ele>1299.4000244140625</ele><time>2024-07-08T06:57:52.000Z</time></trkpt>
        <trkpt lat="45.98889936693013" lon="6.929058339446783"><ele>1300</ele><time>2024-07-08T06:58:00.000Z</time></trkpt>
        <trkpt lat="45.98892434500158" lon="6.929061021655798"><ele>1300.199951171875</ele><time>2024-07-08T06:58:02.000Z</time></trkpt>
        <trkpt lat="45.988988885656" lon="6.929064877331257"><ele>1301</ele><time>2024-07-08T06:58:07.000Z</time></trkpt>
        <trkpt lat="45.98913514986634" lon="6.929058758541942"><ele>1302.5999755859375</ele><time>2024-07-08T06:58:18.000Z</time></trkpt>
        <trkpt lat="45.989166582003236" lon="6.929033612832427"><ele>1302.800048828125</ele><time>2024-07-08T06:58:24.000Z</time></trkpt>
        <trkpt lat="45.989168006926775" lon="6.929023722186685"><ele>1302.5999755859375</ele><time>2024-07-08T06:58:25.000Z</time></trkpt>
        <trkpt lat="45.989130875095725" lon="6.928957672789693"><ele>1303.199951171875</ele><time>2024-07-08T06:58:31.000Z</time></trkpt>
        <trkpt lat="45.98904512822628" lon="6.928900089114904"><ele>1303.5999755859375</ele><time>2024-07-08T06:58:39.000Z</time></trkpt>
        <trkpt lat="45.98905686289072" lon="6.9288785476237535"><ele>1304.199951171875</ele><time>2024-07-08T06:58:41.000Z</time></trkpt>
        <trkpt lat="45.989078572019935" lon="6.928874524310231"><ele>1304.4000244140625</ele><time>2024-07-08T06:58:43.000Z</time></trkpt>
        <trkpt lat="45.98911453038454" lon="6.928867567330599"><ele>1305</ele><time>2024-07-08T06:58:47.000Z</time></trkpt>
        <trkpt lat="45.989122074097395" lon="6.92887008190155"><ele>1305</ele><time>2024-07-08T06:58:48.000Z</time></trkpt>
        <trkpt lat="45.989141687750816" lon="6.9288641307502985"><ele>1305.4000244140625</ele><time>2024-07-08T06:58:50.000Z</time></trkpt>
        <trkpt lat="45.98922575823963" lon="6.92882364615798"><ele>1308.4000244140625</ele><time>2024-07-08T06:58:57.000Z</time></trkpt>
        <trkpt lat="45.98928124643862" lon="6.928816521540284"><ele>1309.800048828125</ele><time>2024-07-08T06:59:04.000Z</time></trkpt>
        <trkpt lat="45.989323910325766" lon="6.928822640329599"><ele>1310.4000244140625</ele><time>2024-07-08T06:59:07.000Z</time></trkpt>
        <trkpt lat="45.989369340240955" lon="6.928841583430767"><ele>1310.5999755859375</ele><time>2024-07-08T06:59:10.000Z</time></trkpt>
        <trkpt lat="45.989432288333774" lon="6.92884074524045"><ele>1311.5999755859375</ele><time>2024-07-08T06:59:15.000Z</time></trkpt>
        <trkpt lat="45.98945491947234" lon="6.928834542632103"><ele>1312</ele><time>2024-07-08T06:59:17.000Z</time></trkpt>
        <trkpt lat="45.989475287497044" lon="6.928833117708564"><ele>1312.199951171875</ele><time>2024-07-08T06:59:19.000Z</time></trkpt>
        <trkpt lat="45.98949431441724" lon="6.928832698613405"><ele>1312.4000244140625</ele><time>2024-07-08T06:59:20.000Z</time></trkpt>
        <trkpt lat="45.98950923420489" lon="6.928826747462153"><ele>1312.800048828125</ele><time>2024-07-08T06:59:21.000Z</time></trkpt>
        <trkpt lat="45.98952893167734" lon="6.928821634501219"><ele>1313.199951171875</ele><time>2024-07-08T06:59:23.000Z</time></trkpt>
        <trkpt lat="45.98963747732341" lon="6.928843595087528"><ele>1313.199951171875</ele><time>2024-07-08T06:59:31.000Z</time></trkpt>
        <trkpt lat="45.989699084311724" lon="6.928902352228761"><ele>1311.5999755859375</ele><time>2024-07-08T06:59:37.000Z</time></trkpt>
        <trkpt lat="45.9897608589381" lon="6.928951134905219"><ele>1310.4000244140625</ele><time>2024-07-08T06:59:43.000Z</time></trkpt>
        <trkpt lat="45.98978944122791" lon="6.928965216502547"><ele>1310</ele><time>2024-07-08T06:59:46.000Z</time></trkpt>
        <trkpt lat="45.98987342789769" lon="6.9290252309292555"><ele>1308.800048828125</ele><time>2024-07-08T06:59:54.000Z</time></trkpt>
        <trkpt lat="45.98995104432106" lon="6.92904987372458"><ele>1307.800048828125</ele><time>2024-07-08T07:00:01.000Z</time></trkpt>
        <trkpt lat="45.990002090111375" lon="6.929084993898869"><ele>1307.199951171875</ele><time>2024-07-08T07:00:03.000Z</time></trkpt>
        <trkpt lat="45.990057829767466" lon="6.929139895364642"><ele>1306.199951171875</ele><time>2024-07-08T07:00:08.000Z</time></trkpt>
        <trkpt lat="45.99015338346362" lon="6.929186666384339"><ele>1305.199951171875</ele><time>2024-07-08T07:00:17.000Z</time></trkpt>
        <trkpt lat="45.99026016891003" lon="6.929217930883169"><ele>1305.199951171875</ele><time>2024-07-08T07:00:25.000Z</time></trkpt>
        <trkpt lat="45.99034298211336" lon="6.929217344149947"><ele>1305.4000244140625</ele><time>2024-07-08T07:00:32.000Z</time></trkpt>
        <trkpt lat="45.99036544561386" lon="6.9292134046554565"><ele>1305.4000244140625</ele><time>2024-07-08T07:00:34.000Z</time></trkpt>
        <trkpt lat="45.99037868902087" lon="6.929213320836425"><ele>1305.4000244140625</ele><time>2024-07-08T07:00:36.000Z</time></trkpt>
        <trkpt lat="45.99040165543556" lon="6.929202675819397"><ele>1305.4000244140625</ele><time>2024-07-08T07:00:40.000Z</time></trkpt>
        <trkpt lat="45.990461418405175" lon="6.92920234054327"><ele>1306</ele><time>2024-07-08T07:00:46.000Z</time></trkpt>
        <trkpt lat="45.99047977477312" lon="6.92920577712357"><ele>1306.199951171875</ele><time>2024-07-08T07:00:47.000Z</time></trkpt>
        <trkpt lat="45.99050961434841" lon="6.929205022752285"><ele>1306.5999755859375</ele><time>2024-07-08T07:00:49.000Z</time></trkpt>
        <trkpt lat="45.99055445753038" lon="6.929196808487177"><ele>1307.4000244140625</ele><time>2024-07-08T07:00:53.000Z</time></trkpt>
        <trkpt lat="45.99056803621352" lon="6.9291966408491135"><ele>1307.5999755859375</ele><time>2024-07-08T07:00:55.000Z</time></trkpt>
        <trkpt lat="45.99062436260283" lon="6.929203597828746"><ele>1308.4000244140625</ele><time>2024-07-08T07:01:00.000Z</time></trkpt>
        <trkpt lat="45.99063165485859" lon="6.929207118228078"><ele>1308.5999755859375</ele><time>2024-07-08T07:01:01.000Z</time></trkpt>
        <trkpt lat="45.990680269896984" lon="6.929243328049779"><ele>1309.199951171875</ele><time>2024-07-08T07:01:04.000Z</time></trkpt>
        <trkpt lat="45.99071865901351" lon="6.929311724379659"><ele>1309.800048828125</ele><time>2024-07-08T07:01:09.000Z</time></trkpt>
        <trkpt lat="45.99077180027962" lon="6.929359585046768"><ele>1311.4000244140625</ele><time>2024-07-08T07:01:16.000Z</time></trkpt>
        <trkpt lat="45.990772219374776" lon="6.929349862039089"><ele>1311.4000244140625</ele><time>2024-07-08T07:01:18.000Z</time></trkpt>
        <trkpt lat="45.990767525509" lon="6.929324045777321"><ele>1311.4000244140625</ele><time>2024-07-08T07:01:20.000Z</time></trkpt>
        <trkpt lat="45.99076224491" lon="6.9292184337973595"><ele>1312.199951171875</ele><time>2024-07-08T07:01:26.000Z</time></trkpt>
        <trkpt lat="45.99078563041985" lon="6.929148361086845"><ele>1313.800048828125</ele><time>2024-07-08T07:01:31.000Z</time></trkpt>
        <trkpt lat="45.990796107798815" lon="6.929099494591355"><ele>1314.800048828125</ele><time>2024-07-08T07:01:34.000Z</time></trkpt>
        <trkpt lat="45.990800969302654" lon="6.929086670279503"><ele>1315</ele><time>2024-07-08T07:01:35.000Z</time></trkpt>
        <trkpt lat="45.99082041531801" lon="6.929029757156968"><ele>1316.4000244140625</ele><time>2024-07-08T07:01:40.000Z</time></trkpt>
        <trkpt lat="45.99084145389497" lon="6.9290119875222445"><ele>1317.4000244140625</ele><time>2024-07-08T07:01:43.000Z</time></trkpt>
        <trkpt lat="45.99087079055607" lon="6.928945770487189"><ele>1319.199951171875</ele><time>2024-07-08T07:01:49.000Z</time></trkpt>
        <trkpt lat="45.99087732844055" lon="6.928894389420748"><ele>1319.800048828125</ele><time>2024-07-08T07:01:53.000Z</time></trkpt>
        <trkpt lat="45.99090448580682" lon="6.92876061424613"><ele>1321</ele><time>2024-07-08T07:02:02.000Z</time></trkpt>
        <trkpt lat="45.99097556434572" lon="6.9286656472831964"><ele>1324</ele><time>2024-07-08T07:02:12.000Z</time></trkpt>
        <trkpt lat="45.991006242111325" lon="6.928627509623766"><ele>1326</ele><time>2024-07-08T07:02:16.000Z</time></trkpt>
        <trkpt lat="45.99099853076041" lon="6.928591467440128"><ele>1326</ele><time>2024-07-08T07:02:18.000Z</time></trkpt>
        <trkpt lat="45.9910111874342" lon="6.928588952869177"><ele>1326.800048828125</ele><time>2024-07-08T07:02:19.000Z</time></trkpt>
        <trkpt lat="45.99102158099413" lon="6.928587108850479"><ele>1327.4000244140625</ele><time>2024-07-08T07:02:20.000Z</time></trkpt>
        <trkpt lat="45.99104840308428" lon="6.92854612134397"><ele>1329.199951171875</ele><time>2024-07-08T07:02:25.000Z</time></trkpt>
        <trkpt lat="45.99105343222618" lon="6.928540002554655"><ele>1329.5999755859375</ele><time>2024-07-08T07:02:26.000Z</time></trkpt>
        <trkpt lat="45.99106055684388" lon="6.928481999784708"><ele>1329.4000244140625</ele><time>2024-07-08T07:02:34.000Z</time></trkpt>
        <trkpt lat="45.991068352013826" lon="6.928495913743973"><ele>1329.800048828125</ele><time>2024-07-08T07:02:36.000Z</time></trkpt>
        <trkpt lat="45.99108084104955" lon="6.928537907078862"><ele>1330.5999755859375</ele><time>2024-07-08T07:02:39.000Z</time></trkpt>
        <trkpt lat="45.99108419381082" lon="6.928553078323603"><ele>1330.800048828125</ele><time>2024-07-08T07:02:40.000Z</time></trkpt>
        <trkpt lat="45.99108712747693" lon="6.928611416369677"><ele>1330.5999755859375</ele><time>2024-07-08T07:02:45.000Z</time></trkpt>
        <trkpt lat="45.99110942333937" lon="6.928705293685198"><ele>1330.800048828125</ele><time>2024-07-08T07:02:51.000Z</time></trkpt>
        <trkpt lat="45.99110565148294" lon="6.928775953128934"><ele>1330</ele><time>2024-07-08T07:02:56.000Z</time></trkpt>
        <trkpt lat="45.99108964204788" lon="6.928816186264157"><ele>1328.800048828125</ele><time>2024-07-08T07:03:01.000Z</time></trkpt>
        <trkpt lat="45.991116212680936" lon="6.928880391642451"><ele>1329.800048828125</ele><time>2024-07-08T07:03:05.000Z</time></trkpt>
        <trkpt lat="45.99112358875573" lon="6.928869495168328"><ele>1330.4000244140625</ele><time>2024-07-08T07:03:07.000Z</time></trkpt>
        <trkpt lat="45.99114295095205" lon="6.928842673078179"><ele>1331.5999755859375</ele><time>2024-07-08T07:03:12.000Z</time></trkpt>
        <trkpt lat="45.99117371253669" lon="6.928824987262487"><ele>1333.4000244140625</ele><time>2024-07-08T07:03:17.000Z</time></trkpt>
        <trkpt lat="45.99118393845856" lon="6.928826244547963"><ele>1333.800048828125</ele><time>2024-07-08T07:03:18.000Z</time></trkpt>
        <trkpt lat="45.99121067672968" lon="6.928804786875844"><ele>1335.4000244140625</ele><time>2024-07-08T07:03:23.000Z</time></trkpt>
        <trkpt lat="45.991216795518994" lon="6.928698420524597"><ele>1336.5999755859375</ele><time>2024-07-08T07:03:30.000Z</time></trkpt>
        <trkpt lat="45.991197349503636" lon="6.92862331867218"><ele>1335.4000244140625</ele><time>2024-07-08T07:03:32.000Z</time></trkpt>
        <trkpt lat="45.99119550548494" lon="6.928585851565003"><ele>1335</ele><time>2024-07-08T07:03:34.000Z</time></trkpt>
        <trkpt lat="45.99123179912567" lon="6.928571434691548"><ele>1336.199951171875</ele><time>2024-07-08T07:03:38.000Z</time></trkpt>
        <trkpt lat="45.9912318829447" lon="6.928527262061834"><ele>1336</ele><time>2024-07-08T07:03:40.000Z</time></trkpt>
        <trkpt lat="45.99125132896006" lon="6.928513012826443"><ele>1336.5999755859375</ele><time>2024-07-08T07:03:43.000Z</time></trkpt>
        <trkpt lat="45.99126750603318" lon="6.9285033736377954"><ele>1337.199951171875</ele><time>2024-07-08T07:03:46.000Z</time></trkpt>
        <trkpt lat="45.99130061455071" lon="6.9285098277032375"><ele>1338.800048828125</ele><time>2024-07-08T07:03:48.000Z</time></trkpt>
        <trkpt lat="45.99134135060012" lon="6.928541762754321"><ele>1340.800048828125</ele><time>2024-07-08T07:03:50.000Z</time></trkpt>
        <trkpt lat="45.99136951379478" lon="6.928569255396724"><ele>1342.199951171875</ele><time>2024-07-08T07:03:52.000Z</time></trkpt>
        <trkpt lat="45.991371776908636" lon="6.9285607896745205"><ele>1342.199951171875</ele><time>2024-07-08T07:03:53.000Z</time></trkpt>
        <trkpt lat="45.99137202836573" lon="6.9285436905920506"><ele>1342.199951171875</ele><time>2024-07-08T07:03:54.000Z</time></trkpt>
        <trkpt lat="45.99137890152633" lon="6.928541595116258"><ele>1342.4000244140625</ele><time>2024-07-08T07:03:55.000Z</time></trkpt>
        <trkpt lat="45.99140035919845" lon="6.928564729169011"><ele>1343.5999755859375</ele><time>2024-07-08T07:03:57.000Z</time></trkpt>
        <trkpt lat="45.991408322006464" lon="6.92856615409255"><ele>1344</ele><time>2024-07-08T07:03:58.000Z</time></trkpt>
        <trkpt lat="45.99142609164119" lon="6.92858031950891"><ele>1344.800048828125</ele><time>2024-07-08T07:04:00.000Z</time></trkpt>
        <trkpt lat="45.991442101076245" lon="6.928598005324602"><ele>1345.5999755859375</ele><time>2024-07-08T07:04:01.000Z</time></trkpt>
        <trkpt lat="45.991490464657545" lon="6.928642177954316"><ele>1348</ele><time>2024-07-08T07:04:04.000Z</time></trkpt>
        <trkpt lat="45.991500187665224" lon="6.9286450278013945"><ele>1348.5999755859375</ele><time>2024-07-08T07:04:05.000Z</time></trkpt>
        <trkpt lat="45.99150722846389" lon="6.928641926497221"><ele>1348.800048828125</ele><time>2024-07-08T07:04:09.000Z</time></trkpt>
        <trkpt lat="45.991501193493605" lon="6.928642764687538"><ele>1348.5999755859375</ele><time>2024-07-08T07:04:10.000Z</time></trkpt>
        <trkpt lat="45.99143506027758" lon="6.928633628413081"><ele>1345.4000244140625</ele><time>2024-07-08T07:04:15.000Z</time></trkpt>
        <trkpt lat="45.991382924839854" lon="6.928635556250811"><ele>1343.199951171875</ele><time>2024-07-08T07:04:21.000Z</time></trkpt>
        <trkpt lat="45.99137797951698" lon="6.928643519058824"><ele>1343</ele><time>2024-07-08T07:04:22.000Z</time></trkpt>
        <trkpt lat="45.99137018434703" lon="6.928639747202396"><ele>1342.5999755859375</ele><time>2024-07-08T07:04:23.000Z</time></trkpt>
        <trkpt lat="45.99136071279645" lon="6.928554084151983"><ele>1341.5999755859375</ele><time>2024-07-08T07:04:26.000Z</time></trkpt>
        <trkpt lat="45.9914131835103" lon="6.928539918735623"><ele>1344</ele><time>2024-07-08T07:04:30.000Z</time></trkpt>
        <trkpt lat="45.99143690429628" lon="6.928525250405073"><ele>1345.199951171875</ele><time>2024-07-08T07:04:33.000Z</time></trkpt>
        <trkpt lat="45.99143153987825" lon="6.9284962490201"><ele>1344.800048828125</ele><time>2024-07-08T07:04:34.000Z</time></trkpt>
        <trkpt lat="45.99145567975938" lon="6.928476803004742"><ele>1345.800048828125</ele><time>2024-07-08T07:04:37.000Z</time></trkpt>
        <trkpt lat="45.991533463820815" lon="6.9284856878221035"><ele>1349.4000244140625</ele><time>2024-07-08T07:04:42.000Z</time></trkpt>
        <trkpt lat="45.99153849296272" lon="6.928480491042137"><ele>1349.800048828125</ele><time>2024-07-08T07:04:43.000Z</time></trkpt>
        <trkpt lat="45.991543689742684" lon="6.928470181301236"><ele>1350</ele><time>2024-07-08T07:04:44.000Z</time></trkpt>
        <trkpt lat="45.991568583995104" lon="6.928469510748982"><ele>1351</ele><time>2024-07-08T07:04:46.000Z</time></trkpt>
        <trkpt lat="45.99157772026956" lon="6.928467247635126"><ele>1351.4000244140625</ele><time>2024-07-08T07:04:47.000Z</time></trkpt>
        <trkpt lat="45.9915757086128" lon="6.928452327847481"><ele>1351.199951171875</ele><time>2024-07-08T07:04:48.000Z</time></trkpt>
        <trkpt lat="45.991589454934" lon="6.928433803841472"><ele>1351.5999755859375</ele><time>2024-07-08T07:04:50.000Z</time></trkpt>
        <trkpt lat="45.99159322679043" lon="6.928422320634127"><ele>1351.800048828125</ele><time>2024-07-08T07:04:51.000Z</time></trkpt>
        <trkpt lat="45.99163480103016" lon="6.928415279835463"><ele>1353.4000244140625</ele><time>2024-07-08T07:04:55.000Z</time></trkpt>
        <trkpt lat="45.99163345992565" lon="6.928384937345982"><ele>1353.199951171875</ele><time>2024-07-08T07:04:57.000Z</time></trkpt>
        <trkpt lat="45.99165148101747" lon="6.928355013951659"><ele>1353.800048828125</ele><time>2024-07-08T07:05:00.000Z</time></trkpt>
        <trkpt lat="45.99168065004051" lon="6.9283218216151"><ele>1354.800048828125</ele><time>2024-07-08T07:05:04.000Z</time></trkpt>
        <trkpt lat="45.99175214767456" lon="6.928270859643817"><ele>1356.5999755859375</ele><time>2024-07-08T07:05:13.000Z</time></trkpt>
        <trkpt lat="45.99176472052932" lon="6.928265746682882"><ele>1357</ele><time>2024-07-08T07:05:14.000Z</time></trkpt>
        <trkpt lat="45.99179891869426" lon="6.928260549902916"><ele>1358</ele><time>2024-07-08T07:05:19.000Z</time></trkpt>
        <trkpt lat="45.991804199293256" lon="6.928261807188392"><ele>1358.199951171875</ele><time>2024-07-08T07:05:20.000Z</time></trkpt>
        <trkpt lat="45.99181819707155" lon="6.9281870406121016"><ele>1357.800048828125</ele><time>2024-07-08T07:05:26.000Z</time></trkpt>
        <trkpt lat="45.99186203442514" lon="6.928125098347664"><ele>1360.199951171875</ele><time>2024-07-08T07:05:34.000Z</time></trkpt>
        <trkpt lat="45.991904865950346" lon="6.928109675645828"><ele>1362.4000244140625</ele><time>2024-07-08T07:05:39.000Z</time></trkpt>
        <trkpt lat="45.99190914072096" lon="6.928108334541321"><ele>1362.800048828125</ele><time>2024-07-08T07:05:40.000Z</time></trkpt>
        <trkpt lat="45.99192406050861" lon="6.928079081699252"><ele>1363.5999755859375</ele><time>2024-07-08T07:05:45.000Z</time></trkpt>
        <trkpt lat="45.99194082431495" lon="6.92805552855134"><ele>1364.4000244140625</ele><time>2024-07-08T07:05:47.000Z</time></trkpt>
        <trkpt lat="45.99195775575936" lon="6.928008925169706"><ele>1364.5999755859375</ele><time>2024-07-08T07:05:52.000Z</time></trkpt>
        <trkpt lat="45.992011399939656" lon="6.928036082535982"><ele>1367</ele><time>2024-07-08T07:05:57.000Z</time></trkpt>
        <trkpt lat="45.99201844073832" lon="6.9280297961086035"><ele>1367.199951171875</ele><time>2024-07-08T07:05:58.000Z</time></trkpt>
        <trkpt lat="45.99205423146486" lon="6.927930219098926"><ele>1366.5999755859375</ele><time>2024-07-08T07:06:07.000Z</time></trkpt>
        <trkpt lat="45.99209647625685" lon="6.927874060347676"><ele>1367.4000244140625</ele><time>2024-07-08T07:06:14.000Z</time></trkpt>
        <trkpt lat="45.99211215041578" lon="6.927886214107275"><ele>1368</ele><time>2024-07-08T07:06:19.000Z</time></trkpt>
        <trkpt lat="45.99212690256536" lon="6.92784933373332"><ele>1368.4000244140625</ele><time>2024-07-08T07:06:26.000Z</time></trkpt>
        <trkpt lat="45.9921819716692" lon="6.927807340398431"><ele>1370.199951171875</ele><time>2024-07-08T07:06:33.000Z</time></trkpt>
        <trkpt lat="45.992195131257176" lon="6.9278171472251415"><ele>1370.5999755859375</ele><time>2024-07-08T07:06:34.000Z</time></trkpt>
        <trkpt lat="45.99219320341945" lon="6.927839610725641"><ele>1370.5999755859375</ele><time>2024-07-08T07:06:38.000Z</time></trkpt>
        <trkpt lat="45.99216780625284" lon="6.9279013853520155"><ele>1369.800048828125</ele><time>2024-07-08T07:06:44.000Z</time></trkpt>
        <trkpt lat="45.99218557588756" lon="6.927976068109274"><ele>1371.199951171875</ele><time>2024-07-08T07:06:49.000Z</time></trkpt>
        <trkpt lat="45.992194628342986" lon="6.927995849400759"><ele>1371.800048828125</ele><time>2024-07-08T07:06:55.000Z</time></trkpt>
        <trkpt lat="45.99220208823681" lon="6.9279885571449995"><ele>1372</ele><time>2024-07-08T07:06:56.000Z</time></trkpt>
        <trkpt lat="45.99222371354699" lon="6.927941367030144"><ele>1372.199951171875</ele><time>2024-07-08T07:07:01.000Z</time></trkpt>
        <trkpt lat="45.992244835942984" lon="6.92793432623148"><ele>1372.800048828125</ele><time>2024-07-08T07:07:03.000Z</time></trkpt>
        <trkpt lat="45.9922612644732" lon="6.927920747548342"><ele>1373</ele><time>2024-07-08T07:07:05.000Z</time></trkpt>
        <trkpt lat="45.9923043474555" lon="6.927912030369043"><ele>1374.4000244140625</ele><time>2024-07-08T07:07:10.000Z</time></trkpt>
        <trkpt lat="45.99231692031026" lon="6.927814548835158"><ele>1374</ele><time>2024-07-08T07:07:16.000Z</time></trkpt>
        <trkpt lat="45.99231549538672" lon="6.927802311256528"><ele>1373.800048828125</ele><time>2024-07-08T07:07:17.000Z</time></trkpt>
        <trkpt lat="45.99236033856869" lon="6.92779946140945"><ele>1374.5999755859375</ele><time>2024-07-08T07:07:22.000Z</time></trkpt>
        <trkpt lat="45.99236687645316" lon="6.927793342620134"><ele>1374.5999755859375</ele><time>2024-07-08T07:07:23.000Z</time></trkpt>
        <trkpt lat="45.992387076839805" lon="6.927787642925978"><ele>1374.800048828125</ele><time>2024-07-08T07:07:25.000Z</time></trkpt>
        <trkpt lat="45.99238791503012" lon="6.927763503044844"><ele>1374.4000244140625</ele><time>2024-07-08T07:07:26.000Z</time></trkpt>
        <trkpt lat="45.99239462055266" lon="6.927747996523976"><ele>1374.199951171875</ele><time>2024-07-08T07:07:29.000Z</time></trkpt>
        <trkpt lat="45.99241272546351" lon="6.927706757560372"><ele>1373.800048828125</ele><time>2024-07-08T07:07:37.000Z</time></trkpt>
        <trkpt lat="45.99243636243045" lon="6.927683036774397"><ele>1374</ele><time>2024-07-08T07:07:44.000Z</time></trkpt>
        <trkpt lat="45.99248053506017" lon="6.92765437066555"><ele>1374.800048828125</ele><time>2024-07-08T07:07:51.000Z</time></trkpt>
        <trkpt lat="45.99253686144948" lon="6.927629392594099"><ele>1375.800048828125</ele><time>2024-07-08T07:08:00.000Z</time></trkpt>
        <trkpt lat="45.99260835908353" lon="6.927598128095269"><ele>1377.5999755859375</ele><time>2024-07-08T07:08:06.000Z</time></trkpt>
        <trkpt lat="45.99261313676834" lon="6.927600810304284"><ele>1377.5999755859375</ele><time>2024-07-08T07:08:07.000Z</time></trkpt>
        <trkpt lat="45.99261640571058" lon="6.927601983770728"><ele>1377.5999755859375</ele><time>2024-07-08T07:08:08.000Z</time></trkpt>
        <trkpt lat="45.99265202879906" lon="6.927567282691598"><ele>1378.800048828125</ele><time>2024-07-08T07:08:13.000Z</time></trkpt>
        <trkpt lat="45.99266141653061" lon="6.927484888583422"><ele>1379.800048828125</ele><time>2024-07-08T07:08:17.000Z</time></trkpt>
        <trkpt lat="45.9926981292665" lon="6.927454797551036"><ele>1381.199951171875</ele><time>2024-07-08T07:08:20.000Z</time></trkpt>
        <trkpt lat="45.99273098632693" lon="6.927334433421493"><ele>1382.800048828125</ele><time>2024-07-08T07:08:27.000Z</time></trkpt>
        <trkpt lat="45.99277096800506" lon="6.927244998514652"><ele>1386.5999755859375</ele><time>2024-07-08T07:08:33.000Z</time></trkpt>
        <trkpt lat="45.992838107049465" lon="6.927124047651887"><ele>1390</ele><time>2024-07-08T07:08:42.000Z</time></trkpt>
        <trkpt lat="45.992923183366656" lon="6.927146092057228"><ele>1391</ele><time>2024-07-08T07:08:49.000Z</time></trkpt>
        <trkpt lat="45.99294933490455" lon="6.927147516980767"><ele>1391.5999755859375</ele><time>2024-07-08T07:08:51.000Z</time></trkpt>
        <trkpt lat="45.99304069764912" lon="6.927100997418165"><ele>1394.4000244140625</ele><time>2024-07-08T07:08:59.000Z</time></trkpt>
        <trkpt lat="45.99304321222007" lon="6.927100578323007"><ele>1394.4000244140625</ele><time>2024-07-08T07:09:02.000Z</time></trkpt>
        <trkpt lat="45.99304296076298" lon="6.927097560837865"><ele>1394.4000244140625</ele><time>2024-07-08T07:09:06.000Z</time></trkpt>
        <trkpt lat="45.993042290210724" lon="6.927098901942372"><ele>1394.4000244140625</ele><time>2024-07-08T07:09:13.000Z</time></trkpt>
        <trkpt lat="45.99304270930588" lon="6.92709487862885"><ele>1394.4000244140625</ele><time>2024-07-08T07:09:30.000Z</time></trkpt>
        <trkpt lat="45.99304262548685" lon="6.927084652706981"><ele>1394.5999755859375</ele><time>2024-07-08T07:09:38.000Z</time></trkpt>
        <trkpt lat="45.9930366743356" lon="6.927097560837865"><ele>1394.199951171875</ele><time>2024-07-08T07:10:18.000Z</time></trkpt>
        <trkpt lat="45.99302996881306" lon="6.927136704325676"><ele>1393.5999755859375</ele><time>2024-07-08T07:10:51.000Z</time></trkpt>
        <trkpt lat="45.99302896298468" lon="6.92713838070631"><ele>1393.5999755859375</ele><time>2024-07-08T07:10:54.000Z</time></trkpt>
        <trkpt lat="45.99302896298468" lon="6.92713838070631"><ele>1393.5999755859375</ele><time>2024-07-08T07:10:56.000Z</time></trkpt>
        <trkpt lat="45.99302896298468" lon="6.92713838070631"><ele>1393.5999755859375</ele><time>2024-07-08T07:11:01.000Z</time></trkpt>
        <trkpt lat="45.993029801175" lon="6.9271365366876125"><ele>1393.5999755859375</ele><time>2024-07-08T07:11:11.000Z</time></trkpt>
        <trkpt lat="45.99302971735597" lon="6.927134525030851"><ele>1393.800048828125</ele><time>2024-07-08T07:11:18.000Z</time></trkpt>
        <trkpt lat="45.99302896298468" lon="6.927144918590784"><ele>1393.5999755859375</ele><time>2024-07-08T07:11:49.000Z</time></trkpt>
        <trkpt lat="45.99302929826081" lon="6.927145924419165"><ele>1393.5999755859375</ele><time>2024-07-08T07:11:53.000Z</time></trkpt>
        <trkpt lat="45.99303047172725" lon="6.927146930247545"><ele>1393.5999755859375</ele><time>2024-07-08T07:12:14.000Z</time></trkpt>
        <trkpt lat="45.99305008538067" lon="6.927127232775092"><ele>1394.199951171875</ele><time>2024-07-08T07:12:26.000Z</time></trkpt>
        <trkpt lat="45.99304891191423" lon="6.927116923034191"><ele>1394.4000244140625</ele><time>2024-07-08T07:12:41.000Z</time></trkpt>
        <trkpt lat="45.993047738447785" lon="6.927116923034191"><ele>1394.199951171875</ele><time>2024-07-08T07:12:45.000Z</time></trkpt>
        <trkpt lat="45.99307531490922" lon="6.927142990753055"><ele>1394.5999755859375</ele><time>2024-07-08T07:12:50.000Z</time></trkpt>
        <trkpt lat="45.993123427033424" lon="6.927155060693622"><ele>1395.5999755859375</ele><time>2024-07-08T07:12:54.000Z</time></trkpt>
        <trkpt lat="45.993148908019066" lon="6.927161095663905"><ele>1396</ele><time>2024-07-08T07:12:56.000Z</time></trkpt>
        <trkpt lat="45.993158631026745" lon="6.927160676568747"><ele>1396.199951171875</ele><time>2024-07-08T07:12:57.000Z</time></trkpt>
        <trkpt lat="45.99323130212724" lon="6.927190264686942"><ele>1397</ele><time>2024-07-08T07:13:04.000Z</time></trkpt>
        <trkpt lat="45.993234319612384" lon="6.927197054028511"><ele>1396.800048828125</ele><time>2024-07-08T07:13:05.000Z</time></trkpt>
        <trkpt lat="45.99327656440437" lon="6.927208537235856"><ele>1397</ele><time>2024-07-08T07:13:09.000Z</time></trkpt>
        <trkpt lat="45.99333783611655" lon="6.927215158939362"><ele>1397.4000244140625</ele><time>2024-07-08T07:13:14.000Z</time></trkpt>
        <trkpt lat="45.99335786886513" lon="6.9272184278815985"><ele>1397.5999755859375</ele><time>2024-07-08T07:13:16.000Z</time></trkpt>
        <trkpt lat="45.99337002262473" lon="6.927217673510313"><ele>1397.5999755859375</ele><time>2024-07-08T07:13:17.000Z</time></trkpt>
        <trkpt lat="45.99345996044576" lon="6.9271972216665745"><ele>1399</ele><time>2024-07-08T07:13:26.000Z</time></trkpt>
        <trkpt lat="45.99356833845377" lon="6.927187666296959"><ele>1400</ele><time>2024-07-08T07:13:36.000Z</time></trkpt>
        <trkpt lat="45.993618965148926" lon="6.927181212231517"><ele>1400.4000244140625</ele><time>2024-07-08T07:13:40.000Z</time></trkpt>
        <trkpt lat="45.99364100955427" lon="6.927180038765073"><ele>1400.800048828125</ele><time>2024-07-08T07:13:42.000Z</time></trkpt>
        <trkpt lat="45.99368518218398" lon="6.927181547507644"><ele>1401.199951171875</ele><time>2024-07-08T07:13:46.000Z</time></trkpt>
        <trkpt lat="45.9937050472945" lon="6.927182720974088"><ele>1401.4000244140625</ele><time>2024-07-08T07:13:48.000Z</time></trkpt>
        <trkpt lat="45.993822226300836" lon="6.927213566377759"><ele>1401.800048828125</ele><time>2024-07-08T07:13:58.000Z</time></trkpt>
        <trkpt lat="45.99394761957228" lon="6.92724441178143"><ele>1402.199951171875</ele><time>2024-07-08T07:14:08.000Z</time></trkpt>
        <trkpt lat="45.994003526866436" lon="6.927292523905635"><ele>1401.5999755859375</ele><time>2024-07-08T07:14:14.000Z</time></trkpt>
        <trkpt lat="45.99401551298797" lon="6.9273055996745825"><ele>1401.4000244140625</ele><time>2024-07-08T07:14:15.000Z</time></trkpt>
        <trkpt lat="45.9941244777292" lon="6.927363518625498"><ele>1400.800048828125</ele><time>2024-07-08T07:14:23.000Z</time></trkpt>
        <trkpt lat="45.9942383877933" lon="6.927450355142355"><ele>1400.199951171875</ele><time>2024-07-08T07:14:33.000Z</time></trkpt>
        <trkpt lat="45.994336288422346" lon="6.927502574399114"><ele>1400</ele><time>2024-07-08T07:14:44.000Z</time></trkpt>
        <trkpt lat="45.99447282962501" lon="6.927547920495272"><ele>1400.199951171875</ele><time>2024-07-08T07:14:55.000Z</time></trkpt>
        <trkpt lat="45.99453292787075" lon="6.927567450329661"><ele>1400.199951171875</ele><time>2024-07-08T07:15:00.000Z</time></trkpt>
        <trkpt lat="45.99457777105272" lon="6.927561750635505"><ele>1400.199951171875</ele><time>2024-07-08T07:15:04.000Z</time></trkpt>
        <trkpt lat="45.99464340135455" lon="6.92755370400846"><ele>1400.4000244140625</ele><time>2024-07-08T07:15:09.000Z</time></trkpt>
        <trkpt lat="45.994682628661394" lon="6.92752436734736"><ele>1400.800048828125</ele><time>2024-07-08T07:15:13.000Z</time></trkpt>
        <trkpt lat="45.994743816554546" lon="6.9274920132011175"><ele>1401</ele><time>2024-07-08T07:15:18.000Z</time></trkpt>
        <trkpt lat="45.994795532897115" lon="6.927511123940349"><ele>1401.4000244140625</ele><time>2024-07-08T07:15:21.000Z</time></trkpt>
        <trkpt lat="45.99486451596022" lon="6.927526043727994"><ele>1401.800048828125</ele><time>2024-07-08T07:15:26.000Z</time></trkpt>
        <trkpt lat="45.994898714125156" lon="6.927496287971735"><ele>1402.199951171875</ele><time>2024-07-08T07:15:31.000Z</time></trkpt>
        <trkpt lat="45.99496157839894" lon="6.927530067041516"><ele>1402.4000244140625</ele><time>2024-07-08T07:15:36.000Z</time></trkpt>
        <trkpt lat="45.99499527364969" lon="6.927551440894604"><ele>1402.4000244140625</ele><time>2024-07-08T07:15:39.000Z</time></trkpt>
        <trkpt lat="45.995126282796264" lon="6.927682030946016"><ele>1402.4000244140625</ele><time>2024-07-08T07:15:50.000Z</time></trkpt>
        <trkpt lat="45.99521462805569" lon="6.92770860157907"><ele>1402</ele><time>2024-07-08T07:15:57.000Z</time></trkpt>
        <trkpt lat="45.995267098769546" lon="6.927712373435497"><ele>1401.800048828125</ele><time>2024-07-08T07:16:01.000Z</time></trkpt>
        <trkpt lat="45.995292998850346" lon="6.927704829722643"><ele>1401.800048828125</ele><time>2024-07-08T07:16:03.000Z</time></trkpt>
        <trkpt lat="45.99542325362563" lon="6.927629224956036"><ele>1402</ele><time>2024-07-08T07:16:14.000Z</time></trkpt>
        <trkpt lat="45.99552928470075" lon="6.927560241892934"><ele>1403.199951171875</ele><time>2024-07-08T07:16:23.000Z</time></trkpt>
        <trkpt lat="45.995553843677044" lon="6.927545489743352"><ele>1403.5999755859375</ele><time>2024-07-08T07:16:25.000Z</time></trkpt>
        <trkpt lat="45.99557613953948" lon="6.9275211822241545"><ele>1404.199951171875</ele><time>2024-07-08T07:16:27.000Z</time></trkpt>
        <trkpt lat="45.995587622746825" lon="6.927511123940349"><ele>1404.4000244140625</ele><time>2024-07-08T07:16:28.000Z</time></trkpt>
        <trkpt lat="45.995596842840314" lon="6.92750534042716"><ele>1404.199951171875</ele><time>2024-07-08T07:16:29.000Z</time></trkpt>
        <trkpt lat="45.99565870128572" lon="6.927466532215476"><ele>1404</ele><time>2024-07-08T07:16:34.000Z</time></trkpt>
        <trkpt lat="45.995692228898406" lon="6.927454881370068"><ele>1403.800048828125</ele><time>2024-07-08T07:16:37.000Z</time></trkpt>
        <trkpt lat="45.99570354446769" lon="6.9273910112679005"><ele>1404.4000244140625</ele><time>2024-07-08T07:16:40.000Z</time></trkpt>
        <trkpt lat="45.99581711925566" lon="6.927351783961058"><ele>1405.4000244140625</ele><time>2024-07-08T07:16:49.000Z</time></trkpt>
        <trkpt lat="45.9958547540009" lon="6.927346335723996"><ele>1405.5999755859375</ele><time>2024-07-08T07:16:52.000Z</time></trkpt>
        <trkpt lat="45.99586556665599" lon="6.927341306582093"><ele>1405.5999755859375</ele><time>2024-07-08T07:16:53.000Z</time></trkpt>
        <trkpt lat="45.995900267735124" lon="6.927303001284599"><ele>1406.5999755859375</ele><time>2024-07-08T07:16:58.000Z</time></trkpt>
        <trkpt lat="45.99593237042427" lon="6.927280873060226"><ele>1407.199951171875</ele><time>2024-07-08T07:17:02.000Z</time></trkpt>
        <trkpt lat="45.99597226828337" lon="6.927265282720327"><ele>1407.4000244140625</ele><time>2024-07-08T07:17:06.000Z</time></trkpt>
        <trkpt lat="45.99600411951542" lon="6.927248351275921"><ele>1408</ele><time>2024-07-08T07:17:10.000Z</time></trkpt>
        <trkpt lat="45.99603882059455" lon="6.927227145060897"><ele>1408.5999755859375</ele><time>2024-07-08T07:17:14.000Z</time></trkpt>
        <trkpt lat="45.99605256691575" lon="6.927208872511983"><ele>1409</ele><time>2024-07-08T07:17:16.000Z</time></trkpt>
        <trkpt lat="45.99607452750206" lon="6.9271892588585615"><ele>1409.4000244140625</ele><time>2024-07-08T07:17:19.000Z</time></trkpt>
        <trkpt lat="45.99610445089638" lon="6.927174590528011"><ele>1410</ele><time>2024-07-08T07:17:23.000Z</time></trkpt>
        <trkpt lat="45.99614443257451" lon="6.927170064300299"><ele>1410.4000244140625</ele><time>2024-07-08T07:17:27.000Z</time></trkpt>
        <trkpt lat="45.99622171372175" lon="6.927159251645207"><ele>1411</ele><time>2024-07-08T07:17:36.000Z</time></trkpt>
        <trkpt lat="45.99623839370906" lon="6.927157491445541"><ele>1411.199951171875</ele><time>2024-07-08T07:17:38.000Z</time></trkpt>
        <trkpt lat="45.99625247530639" lon="6.927141482010484"><ele>1411.5999755859375</ele><time>2024-07-08T07:17:40.000Z</time></trkpt>
        <trkpt lat="45.996274100616574" lon="6.927119269967079"><ele>1412.4000244140625</ele><time>2024-07-08T07:17:43.000Z</time></trkpt>
        <trkpt lat="45.996298575773835" lon="6.927098147571087"><ele>1413.199951171875</ele><time>2024-07-08T07:17:47.000Z</time></trkpt>
        <trkpt lat="45.99633461795747" lon="6.927088424563408"><ele>1413.5999755859375</ele><time>2024-07-08T07:17:51.000Z</time></trkpt>
        <trkpt lat="45.99641349166632" lon="6.927059842273593"><ele>1414.800048828125</ele><time>2024-07-08T07:18:01.000Z</time></trkpt>
        <trkpt lat="45.996456909924746" lon="6.927017094567418"><ele>1416.199951171875</ele><time>2024-07-08T07:18:05.000Z</time></trkpt>
        <trkpt lat="45.99647241644561" lon="6.926975352689624"><ele>1417</ele><time>2024-07-08T07:18:07.000Z</time></trkpt>
        <trkpt lat="45.99647711031139" lon="6.926966216415167"><ele>1417</ele><time>2024-07-08T07:18:08.000Z</time></trkpt>
        <trkpt lat="45.99648113362491" lon="6.926965210586786"><ele>1417</ele><time>2024-07-08T07:18:09.000Z</time></trkpt>
        <trkpt lat="45.996506195515394" lon="6.926927492022514"><ele>1417.4000244140625</ele><time>2024-07-08T07:18:13.000Z</time></trkpt>
        <trkpt lat="45.99653980694711" lon="6.926876362413168"><ele>1418.199951171875</ele><time>2024-07-08T07:18:18.000Z</time></trkpt>
        <trkpt lat="45.99657241255045" lon="6.926839565858245"><ele>1418.800048828125</ele><time>2024-07-08T07:18:22.000Z</time></trkpt>
        <trkpt lat="45.99659822881222" lon="6.926826070994139"><ele>1418.800048828125</ele><time>2024-07-08T07:18:26.000Z</time></trkpt>
        <trkpt lat="45.996603928506374" lon="6.926815928891301"><ele>1418.800048828125</ele><time>2024-07-08T07:18:27.000Z</time></trkpt>
        <trkpt lat="45.996621446684" lon="6.926799500361085"><ele>1418.5999755859375</ele><time>2024-07-08T07:18:29.000Z</time></trkpt>
        <trkpt lat="45.9966510348022" lon="6.926731690764427"><ele>1419.199951171875</ele><time>2024-07-08T07:18:34.000Z</time></trkpt>
        <trkpt lat="45.99666025489569" lon="6.926720459014177"><ele>1419.199951171875</ele><time>2024-07-08T07:18:36.000Z</time></trkpt>
        <trkpt lat="45.99671750329435" lon="6.926654493436217"><ele>1419.4000244140625</ele><time>2024-07-08T07:18:43.000Z</time></trkpt>
        <trkpt lat="45.99677726626396" lon="6.926614176481962"><ele>1419</ele><time>2024-07-08T07:18:49.000Z</time></trkpt>
        <trkpt lat="45.99681397899985" lon="6.9265790563076735"><ele>1418.800048828125</ele><time>2024-07-08T07:18:53.000Z</time></trkpt>
        <trkpt lat="45.99691598676145" lon="6.926477635279298"><ele>1417.800048828125</ele><time>2024-07-08T07:19:04.000Z</time></trkpt>
        <trkpt lat="45.996962590143085" lon="6.926457602530718"><ele>1417.199951171875</ele><time>2024-07-08T07:19:08.000Z</time></trkpt>
        <trkpt lat="45.997018832713366" lon="6.926427343860269"><ele>1416.5999755859375</ele><time>2024-07-08T07:19:14.000Z</time></trkpt>
        <trkpt lat="45.99705026485026" lon="6.926412088796496"><ele>1416.4000244140625</ele><time>2024-07-08T07:19:18.000Z</time></trkpt>
        <trkpt lat="45.99709904752672" lon="6.926382249221206"><ele>1416.199951171875</ele><time>2024-07-08T07:19:22.000Z</time></trkpt>
        <trkpt lat="45.99722879938781" lon="6.926324162632227"><ele>1418</ele><time>2024-07-08T07:19:33.000Z</time></trkpt>
        <trkpt lat="45.9973122831434" lon="6.926273284479976"><ele>1418.5999755859375</ele><time>2024-07-08T07:19:41.000Z</time></trkpt>
        <trkpt lat="45.99741001613438" lon="6.926176976412535"><ele>1421</ele><time>2024-07-08T07:19:50.000Z</time></trkpt>
        <trkpt lat="45.99747774191201" lon="6.926113106310368"><ele>1423.5999755859375</ele><time>2024-07-08T07:19:58.000Z</time></trkpt>
        <trkpt lat="45.99751923233271" lon="6.926083518192172"><ele>1425</ele><time>2024-07-08T07:20:03.000Z</time></trkpt>
        <trkpt lat="45.9975263569504" lon="6.926070107147098"><ele>1425.199951171875</ele><time>2024-07-08T07:20:04.000Z</time></trkpt>
        <trkpt lat="45.99755317904055" lon="6.926034316420555"><ele>1425.800048828125</ele><time>2024-07-08T07:20:07.000Z</time></trkpt>
        <trkpt lat="45.99762937054038" lon="6.925944713875651"><ele>1428</ele><time>2024-07-08T07:20:16.000Z</time></trkpt>
        <trkpt lat="45.99769676104188" lon="6.925863577052951"><ele>1429.5999755859375</ele><time>2024-07-08T07:20:24.000Z</time></trkpt>
        <trkpt lat="45.997732216492295" lon="6.925808088853955"><ele>1430.800048828125</ele><time>2024-07-08T07:20:30.000Z</time></trkpt>
        <trkpt lat="45.99774110130966" lon="6.9257971085608006"><ele>1431</ele><time>2024-07-08T07:20:31.000Z</time></trkpt>
        <trkpt lat="45.997773790732026" lon="6.925690909847617"><ele>1432</ele><time>2024-07-08T07:20:37.000Z</time></trkpt>
        <trkpt lat="45.99782047793269" lon="6.925644055008888"><ele>1433.5999755859375</ele><time>2024-07-08T07:20:42.000Z</time></trkpt>
        <trkpt lat="45.99783464334905" lon="6.925601894035935"><ele>1434.5999755859375</ele><time>2024-07-08T07:20:45.000Z</time></trkpt>
        <trkpt lat="45.997860711067915" lon="6.92554640583694"><ele>1435.199951171875</ele><time>2024-07-08T07:20:49.000Z</time></trkpt>
        <trkpt lat="45.99787814542651" lon="6.9254879001528025"><ele>1435.4000244140625</ele><time>2024-07-08T07:20:53.000Z</time></trkpt>
        <trkpt lat="45.997888538986444" lon="6.925481026992202"><ele>1435.5999755859375</ele><time>2024-07-08T07:20:54.000Z</time></trkpt>
        <trkpt lat="45.99793757312" lon="6.925408355891705"><ele>1436.5999755859375</ele><time>2024-07-08T07:21:00.000Z</time></trkpt>
        <trkpt lat="45.99795953370631" lon="6.92537541501224"><ele>1437</ele><time>2024-07-08T07:21:03.000Z</time></trkpt>
        <trkpt lat="45.997963808476925" lon="6.925364350900054"><ele>1437.199951171875</ele><time>2024-07-08T07:21:04.000Z</time></trkpt>
        <trkpt lat="45.99798560142517" lon="6.925332164391875"><ele>1437.800048828125</ele><time>2024-07-08T07:21:07.000Z</time></trkpt>
        <trkpt lat="45.99799104966223" lon="6.925322692841291"><ele>1437.800048828125</ele><time>2024-07-08T07:21:08.000Z</time></trkpt>
        <trkpt lat="45.997994150966406" lon="6.925304587930441"><ele>1438</ele><time>2024-07-08T07:21:09.000Z</time></trkpt>
        <trkpt lat="45.99801016040146" lon="6.925250273197889"><ele>1438.5999755859375</ele><time>2024-07-08T07:21:13.000Z</time></trkpt>
        <trkpt lat="45.998056177049875" lon="6.925172572955489"><ele>1439</ele><time>2024-07-08T07:21:19.000Z</time></trkpt>
        <trkpt lat="45.99811267107725" lon="6.925051035359502"><ele>1439.800048828125</ele><time>2024-07-08T07:21:27.000Z</time></trkpt>
        <trkpt lat="45.99813035689294" lon="6.925033265724778"><ele>1439.800048828125</ele><time>2024-07-08T07:21:29.000Z</time></trkpt>
        <trkpt lat="45.998146366328" lon="6.925011221319437"><ele>1439.5999755859375</ele><time>2024-07-08T07:21:31.000Z</time></trkpt>
        <trkpt lat="45.99815525114536" lon="6.924995128065348"><ele>1439.4000244140625</ele><time>2024-07-08T07:21:33.000Z</time></trkpt>
        <trkpt lat="45.9981793910265" lon="6.924971407279372"><ele>1439</ele><time>2024-07-08T07:21:36.000Z</time></trkpt>
        <trkpt lat="45.998186096549034" lon="6.9249465968459845"><ele>1438.800048828125</ele><time>2024-07-08T07:21:39.000Z</time></trkpt>
        <trkpt lat="45.99820218980312" lon="6.924938466399908"><ele>1438.800048828125</ele><time>2024-07-08T07:21:44.000Z</time></trkpt>
        <trkpt lat="45.998237980529666" lon="6.924896640703082"><ele>1439</ele><time>2024-07-08T07:21:50.000Z</time></trkpt>
        <trkpt lat="45.998278465121984" lon="6.924882056191564"><ele>1439</ele><time>2024-07-08T07:21:54.000Z</time></trkpt>
        <trkpt lat="45.99829791113734" lon="6.924856575205922"><ele>1438.5999755859375</ele><time>2024-07-08T07:21:56.000Z</time></trkpt>
        <trkpt lat="45.998287769034505" lon="6.924768313765526"><ele>1439.199951171875</ele><time>2024-07-08T07:22:00.000Z</time></trkpt>
        <trkpt lat="45.99829279817641" lon="6.92469472065568"><ele>1440</ele><time>2024-07-08T07:22:04.000Z</time></trkpt>
        <trkpt lat="45.99829246290028" lon="6.924652140587568"><ele>1440.199951171875</ele><time>2024-07-08T07:22:06.000Z</time></trkpt>
        <trkpt lat="45.99832431413233" lon="6.924604782834649"><ele>1439.4000244140625</ele><time>2024-07-08T07:22:10.000Z</time></trkpt>
        <trkpt lat="45.99834971129894" lon="6.92460092715919"><ele>1439</ele><time>2024-07-08T07:22:13.000Z</time></trkpt>
        <trkpt lat="45.998394722118974" lon="6.924618864431977"><ele>1438.5999755859375</ele><time>2024-07-08T07:22:16.000Z</time></trkpt>
        <trkpt lat="45.99843177013099" lon="6.924604866653681"><ele>1437.800048828125</ele><time>2024-07-08T07:22:19.000Z</time></trkpt>
        <trkpt lat="45.99844618700445" lon="6.924580140039325"><ele>1437.4000244140625</ele><time>2024-07-08T07:22:21.000Z</time></trkpt>
        <trkpt lat="45.998472925275564" lon="6.924570249393582"><ele>1437</ele><time>2024-07-08T07:22:26.000Z</time></trkpt>
        <trkpt lat="45.998488599434495" lon="6.924593215808272"><ele>1437.4000244140625</ele><time>2024-07-08T07:22:29.000Z</time></trkpt>
        <trkpt lat="45.99849723279476" lon="6.9246232230216265"><ele>1437.800048828125</ele><time>2024-07-08T07:22:35.000Z</time></trkpt>
        <trkpt lat="45.998507626354694" lon="6.9246279168874025"><ele>1437.800048828125</ele><time>2024-07-08T07:22:49.000Z</time></trkpt>
        <trkpt lat="45.998507626354694" lon="6.9246279168874025"><ele>1437.800048828125</ele><time>2024-07-08T07:22:53.000Z</time></trkpt>
        <trkpt lat="45.998508213087916" lon="6.924629677087069"><ele>1437.800048828125</ele><time>2024-07-08T07:22:56.000Z</time></trkpt>
        <trkpt lat="45.998510560020804" lon="6.924636047333479"><ele>1438</ele><time>2024-07-08T07:23:00.000Z</time></trkpt>
        <trkpt lat="45.998510560020804" lon="6.924636969342828"><ele>1438</ele><time>2024-07-08T07:23:03.000Z</time></trkpt>
        <trkpt lat="45.998510560020804" lon="6.924644010141492"><ele>1438</ele><time>2024-07-08T07:23:10.000Z</time></trkpt>
        <trkpt lat="45.99850997328758" lon="6.924649039283395"><ele>1438</ele><time>2024-07-08T07:23:13.000Z</time></trkpt>
        <trkpt lat="45.998507710173726" lon="6.924661444500089"><ele>1438.199951171875</ele><time>2024-07-08T07:23:30.000Z</time></trkpt>
        <trkpt lat="45.99850745871663" lon="6.924661444500089"><ele>1438</ele><time>2024-07-08T07:23:36.000Z</time></trkpt>
        <trkpt lat="45.998499412089586" lon="6.9246829859912395"><ele>1438.199951171875</ele><time>2024-07-08T07:25:13.000Z</time></trkpt>
        <trkpt lat="45.99849404767156" lon="6.92469472065568"><ele>1438.199951171875</ele><time>2024-07-08T07:25:32.000Z</time></trkpt>
        <trkpt lat="45.9984933771193" lon="6.924696648493409"><ele>1438.199951171875</ele><time>2024-07-08T07:25:36.000Z</time></trkpt>
        <trkpt lat="45.99849279038608" lon="6.9246994983404875"><ele>1438.199951171875</ele><time>2024-07-08T07:25:47.000Z</time></trkpt>
        <trkpt lat="45.998548194766045" lon="6.924794213846326"><ele>1439.4000244140625</ele><time>2024-07-08T07:25:59.000Z</time></trkpt>
        <trkpt lat="45.99856319837272" lon="6.924817934632301"><ele>1439.800048828125</ele><time>2024-07-08T07:26:00.000Z</time></trkpt>
        <trkpt lat="45.99862874485552" lon="6.924958247691393"><ele>1442.800048828125</ele><time>2024-07-08T07:26:04.000Z</time></trkpt>
        <trkpt lat="45.99862715229392" lon="6.924976268783212"><ele>1443.199951171875</ele><time>2024-07-08T07:26:05.000Z</time></trkpt>
        <trkpt lat="45.99863117560744" lon="6.925066709518433"><ele>1444.800048828125</ele><time>2024-07-08T07:26:10.000Z</time></trkpt>
        <trkpt lat="45.998630253598094" lon="6.925086574628949"><ele>1445.199951171875</ele><time>2024-07-08T07:26:11.000Z</time></trkpt>
        <trkpt lat="45.9986318461597" lon="6.925105350092053"><ele>1445.4000244140625</ele><time>2024-07-08T07:26:12.000Z</time></trkpt>
        <trkpt lat="45.99863452836871" lon="6.92521071061492"><ele>1448</ele><time>2024-07-08T07:26:19.000Z</time></trkpt>
        <trkpt lat="45.99861499853432" lon="6.925299139693379"><ele>1450.199951171875</ele><time>2024-07-08T07:26:25.000Z</time></trkpt>
        <trkpt lat="45.99860116839409" lon="6.925312131643295"><ele>1450.199951171875</ele><time>2024-07-08T07:26:27.000Z</time></trkpt>
        <trkpt lat="45.998544758185744" lon="6.925370218232274"><ele>1451.199951171875</ele><time>2024-07-08T07:26:34.000Z</time></trkpt>
        <trkpt lat="45.99852807819843" lon="6.925380444154143"><ele>1451.199951171875</ele><time>2024-07-08T07:26:38.000Z</time></trkpt>
        <trkpt lat="45.9985195286572" lon="6.925381449982524"><ele>1451.199951171875</ele><time>2024-07-08T07:26:39.000Z</time></trkpt>
        <trkpt lat="45.99850594997406" lon="6.92550097592175"><ele>1453.199951171875</ele><time>2024-07-08T07:26:47.000Z</time></trkpt>
        <trkpt lat="45.99849136546254" lon="6.92560164257884"><ele>1453.800048828125</ele><time>2024-07-08T07:26:55.000Z</time></trkpt>
        <trkpt lat="45.99850871600211" lon="6.925681522116065"><ele>1455.199951171875</ele><time>2024-07-08T07:27:02.000Z</time></trkpt>
        <trkpt lat="45.998510140925646" lon="6.925804149359465"><ele>1456.5999755859375</ele><time>2024-07-08T07:27:10.000Z</time></trkpt>
        <trkpt lat="45.998507626354694" lon="6.925842454656959"><ele>1456.800048828125</ele><time>2024-07-08T07:27:14.000Z</time></trkpt>
        <trkpt lat="45.99850603379309" lon="6.925858296453953"><ele>1456.800048828125</ele><time>2024-07-08T07:27:16.000Z</time></trkpt>
        <trkpt lat="45.99850435741246" lon="6.925863660871983"><ele>1456.800048828125</ele><time>2024-07-08T07:27:17.000Z</time></trkpt>
        <trkpt lat="45.99850594997406" lon="6.925878748297691"><ele>1457</ele><time>2024-07-08T07:27:19.000Z</time></trkpt>
        <trkpt lat="45.99849991500378" lon="6.925916634500027"><ele>1457</ele><time>2024-07-08T07:27:23.000Z</time></trkpt>
        <trkpt lat="45.99847217090428" lon="6.925970781594515"><ele>1456.199951171875</ele><time>2024-07-08T07:27:29.000Z</time></trkpt>
        <trkpt lat="45.99844434298575" lon="6.926019815728068"><ele>1456</ele><time>2024-07-08T07:27:33.000Z</time></trkpt>
        <trkpt lat="45.99842682480812" lon="6.926036579534411"><ele>1455.800048828125</ele><time>2024-07-08T07:27:36.000Z</time></trkpt>
        <trkpt lat="45.998435877263546" lon="6.926072705537081"><ele>1456.5999755859375</ele><time>2024-07-08T07:27:42.000Z</time></trkpt>
        <trkpt lat="45.998481223359704" lon="6.926156440749764"><ele>1459.4000244140625</ele><time>2024-07-08T07:27:48.000Z</time></trkpt>
        <trkpt lat="45.99848348647356" lon="6.926157781854272"><ele>1459.4000244140625</ele><time>2024-07-08T07:27:51.000Z</time></trkpt>
        <trkpt lat="45.99848918616772" lon="6.926199188455939"><ele>1460.4000244140625</ele><time>2024-07-08T07:27:56.000Z</time></trkpt>
        <trkpt lat="45.99847183562815" lon="6.926285773515701"><ele>1461.199951171875</ele><time>2024-07-08T07:28:03.000Z</time></trkpt>
        <trkpt lat="45.99848348647356" lon="6.926332963630557"><ele>1462.5999755859375</ele><time>2024-07-08T07:28:10.000Z</time></trkpt>
        <trkpt lat="45.998483654111624" lon="6.926379483193159"><ele>1463.5999755859375</ele><time>2024-07-08T07:28:16.000Z</time></trkpt>
        <trkpt lat="45.99849186837673" lon="6.926405718550086"><ele>1464.5999755859375</ele><time>2024-07-08T07:28:24.000Z</time></trkpt>
        <trkpt lat="45.998501256108284" lon="6.926416950300336"><ele>1465.199951171875</ele><time>2024-07-08T07:28:29.000Z</time></trkpt>
        <trkpt lat="45.99848239682615" lon="6.926403371617198"><ele>1464.199951171875</ele><time>2024-07-08T07:28:34.000Z</time></trkpt>
        <trkpt lat="45.99852405488491" lon="6.926339417695999"><ele>1464.199951171875</ele><time>2024-07-08T07:28:42.000Z</time></trkpt>
        <trkpt lat="45.998560432344675" lon="6.92632969468832"><ele>1465.4000244140625</ele><time>2024-07-08T07:28:48.000Z</time></trkpt>
        <trkpt lat="45.99857493303716" lon="6.926349308341742"><ele>1466.4000244140625</ele><time>2024-07-08T07:28:53.000Z</time></trkpt>
        <trkpt lat="45.99859479814768" lon="6.9264244101941586"><ele>1468.5999755859375</ele><time>2024-07-08T07:28:59.000Z</time></trkpt>
        <trkpt lat="45.9985953848809" lon="6.926426757127047"><ele>1468.800048828125</ele><time>2024-07-08T07:29:00.000Z</time></trkpt>
        <trkpt lat="45.99861835129559" lon="6.92645818926394"><ele>1470.199951171875</ele><time>2024-07-08T07:29:04.000Z</time></trkpt>
        <trkpt lat="45.99859890528023" lon="6.926537733525038"><ele>1471</ele><time>2024-07-08T07:29:12.000Z</time></trkpt>
        <trkpt lat="45.99858574569225" lon="6.9265189580619335"><ele>1470.199951171875</ele><time>2024-07-08T07:29:16.000Z</time></trkpt>
        <trkpt lat="45.99857577122748" lon="6.926461374387145"><ele>1468.800048828125</ele><time>2024-07-08T07:29:22.000Z</time></trkpt>
        <trkpt lat="45.99857401102781" lon="6.926496829837561"><ele>1469.4000244140625</ele><time>2024-07-08T07:29:26.000Z</time></trkpt>
        <trkpt lat="45.99858985282481" lon="6.926528345793486"><ele>1470.5999755859375</ele><time>2024-07-08T07:29:28.000Z</time></trkpt>
        <trkpt lat="45.99861835129559" lon="6.92655248567462"><ele>1472</ele><time>2024-07-08T07:29:31.000Z</time></trkpt>
        <trkpt lat="45.99862069822848" lon="6.9265740271657705"><ele>1472.4000244140625</ele><time>2024-07-08T07:29:34.000Z</time></trkpt>
        <trkpt lat="45.99858272820711" lon="6.926633035764098"><ele>1471.5999755859375</ele><time>2024-07-08T07:29:40.000Z</time></trkpt>
        <trkpt lat="45.998581973835826" lon="6.92667419090867"><ele>1472</ele><time>2024-07-08T07:29:44.000Z</time></trkpt>
        <trkpt lat="45.99857937544584" lon="6.926684668287635"><ele>1472</ele><time>2024-07-08T07:29:46.000Z</time></trkpt>
        <trkpt lat="45.99857937544584" lon="6.9266983307898045"><ele>1472</ele><time>2024-07-08T07:29:52.000Z</time></trkpt>
        <trkpt lat="45.99860711954534" lon="6.9266800582408905"><ele>1473</ele><time>2024-07-08T07:29:57.000Z</time></trkpt>
        <trkpt lat="45.998617177829146" lon="6.926658684387803"><ele>1473.4000244140625</ele><time>2024-07-08T07:29:59.000Z</time></trkpt>
        <trkpt lat="45.99864483810961" lon="6.926632700487971"><ele>1474</ele><time>2024-07-08T07:30:02.000Z</time></trkpt>
        <trkpt lat="45.99865439347923" lon="6.926592802628875"><ele>1473.800048828125</ele><time>2024-07-08T07:30:06.000Z</time></trkpt>
        <trkpt lat="45.998670905828476" lon="6.926533626392484"><ele>1473.5999755859375</ele><time>2024-07-08T07:30:11.000Z</time></trkpt>
        <trkpt lat="45.99868825636804" lon="6.926559275016189"><ele>1474.5999755859375</ele><time>2024-07-08T07:30:13.000Z</time></trkpt>
        <trkpt lat="45.99870569072664" lon="6.9266018550843"><ele>1475.800048828125</ele><time>2024-07-08T07:30:15.000Z</time></trkpt>
        <trkpt lat="45.998700661584735" lon="6.926614847034216"><ele>1475.800048828125</ele><time>2024-07-08T07:30:16.000Z</time></trkpt>
        <trkpt lat="45.99868289195001" lon="6.926653403788805"><ele>1475.800048828125</ele><time>2024-07-08T07:30:19.000Z</time></trkpt>
        <trkpt lat="45.998689429834485" lon="6.926697576418519"><ele>1476.5999755859375</ele><time>2024-07-08T07:30:25.000Z</time></trkpt>
        <trkpt lat="45.99869789555669" lon="6.926731942221522"><ele>1477.4000244140625</ele><time>2024-07-08T07:30:30.000Z</time></trkpt>
        <trkpt lat="45.9986937046051" lon="6.926768906414509"><ele>1477.4000244140625</ele><time>2024-07-08T07:30:35.000Z</time></trkpt>
        <trkpt lat="45.99871130660176" lon="6.926817269995809"><ele>1479</ele><time>2024-07-08T07:30:41.000Z</time></trkpt>
        <trkpt lat="45.99872337654233" lon="6.926839901134372"><ele>1479.800048828125</ele><time>2024-07-08T07:30:48.000Z</time></trkpt>
        <trkpt lat="45.998739805072546" lon="6.926869992166758"><ele>1481.199951171875</ele><time>2024-07-08T07:30:52.000Z</time></trkpt>
        <trkpt lat="45.998739302158356" lon="6.926912236958742"><ele>1481.800048828125</ele><time>2024-07-08T07:30:59.000Z</time></trkpt>
        <trkpt lat="45.99874592386186" lon="6.926961774006486"><ele>1483</ele><time>2024-07-08T07:31:07.000Z</time></trkpt>
        <trkpt lat="45.99876587279141" lon="6.927029080688953"><ele>1486.4000244140625</ele><time>2024-07-08T07:31:12.000Z</time></trkpt>
        <trkpt lat="45.9987872466445" lon="6.927087921649218"><ele>1490.4000244140625</ele><time>2024-07-08T07:31:17.000Z</time></trkpt>
        <trkpt lat="45.998787665739655" lon="6.927089262753725"><ele>1490.5999755859375</ele><time>2024-07-08T07:31:18.000Z</time></trkpt>
        <trkpt lat="45.998805183917284" lon="6.927100159227848"><ele>1493</ele><time>2024-07-08T07:31:23.000Z</time></trkpt>
        <trkpt lat="45.998824294656515" lon="6.927102506160736"><ele>1495.4000244140625</ele><time>2024-07-08T07:31:27.000Z</time></trkpt>
        <trkpt lat="45.99884902127087" lon="6.927207950502634"><ele>1501.4000244140625</ele><time>2024-07-08T07:31:35.000Z</time></trkpt>
        <trkpt lat="45.9988612588495" lon="6.9272419810295105"><ele>1503.5999755859375</ele><time>2024-07-08T07:31:40.000Z</time></trkpt>
        <trkpt lat="45.998871736228466" lon="6.927239466458559"><ele>1505.199951171875</ele><time>2024-07-08T07:31:45.000Z</time></trkpt>
        <trkpt lat="45.9989011567086" lon="6.927294284105301"><ele>1510.199951171875</ele><time>2024-07-08T07:31:50.000Z</time></trkpt>
        <trkpt lat="45.998903503641486" lon="6.9273073598742485"><ele>1510.5999755859375</ele><time>2024-07-08T07:31:53.000Z</time></trkpt>
        <trkpt lat="45.998914232477546" lon="6.927355052903295"><ele>1512.199951171875</ele><time>2024-07-08T07:31:59.000Z</time></trkpt>
        <trkpt lat="45.99892269819975" lon="6.927377432584763"><ele>1512.800048828125</ele><time>2024-07-08T07:32:01.000Z</time></trkpt>
        <trkpt lat="45.998935271054506" lon="6.927422862499952"><ele>1513.4000244140625</ele><time>2024-07-08T07:32:07.000Z</time></trkpt>
        <trkpt lat="45.99894910119474" lon="6.927474662661552"><ele>1513.800048828125</ele><time>2024-07-08T07:32:16.000Z</time></trkpt>
        <trkpt lat="45.998944072052836" lon="6.927475333213806"><ele>1513.199951171875</ele><time>2024-07-08T07:32:22.000Z</time></trkpt>
        <trkpt lat="45.99895806983113" lon="6.927478518337011"><ele>1515</ele><time>2024-07-08T07:32:27.000Z</time></trkpt>
        <trkpt lat="45.99901230074465" lon="6.9274781830608845"><ele>1522.800048828125</ele><time>2024-07-08T07:32:35.000Z</time></trkpt>
        <trkpt lat="45.99900056608021" lon="6.92751120775938"><ele>1520.199951171875</ele><time>2024-07-08T07:32:41.000Z</time></trkpt>
        <trkpt lat="45.999026130884886" lon="6.927603241056204"><ele>1521.199951171875</ele><time>2024-07-08T07:32:49.000Z</time></trkpt>
        <trkpt lat="45.99904004484415" lon="6.927635511383414"><ele>1521.199951171875</ele><time>2024-07-08T07:32:56.000Z</time></trkpt>
        <trkpt lat="45.99907122552395" lon="6.927648670971394"><ele>1522.800048828125</ele><time>2024-07-08T07:33:03.000Z</time></trkpt>
        <trkpt lat="45.9990877378732" lon="6.927702985703945"><ele>1522</ele><time>2024-07-08T07:33:06.000Z</time></trkpt>
        <trkpt lat="45.9990996401757" lon="6.9277161452919245"><ele>1522.4000244140625</ele><time>2024-07-08T07:33:09.000Z</time></trkpt>
        <trkpt lat="45.99910357967019" lon="6.927724946290255"><ele>1522.4000244140625</ele><time>2024-07-08T07:33:10.000Z</time></trkpt>
        <trkpt lat="45.999114559963346" lon="6.927746739238501"><ele>1522.4000244140625</ele><time>2024-07-08T07:33:15.000Z</time></trkpt>
        <trkpt lat="45.999125707894564" lon="6.927733160555363"><ele>1523.5999755859375</ele><time>2024-07-08T07:33:18.000Z</time></trkpt>
        <trkpt lat="45.9991340059787" lon="6.927731903269887"><ele>1524.199951171875</ele><time>2024-07-08T07:33:19.000Z</time></trkpt>
        <trkpt lat="45.99914129823446" lon="6.927737519145012"><ele>1524.5999755859375</ele><time>2024-07-08T07:33:20.000Z</time></trkpt>
        <trkpt lat="45.99917499348521" lon="6.927745481953025"><ele>1526.199951171875</ele><time>2024-07-08T07:33:28.000Z</time></trkpt>
        <trkpt lat="45.999184884130955" lon="6.927764173597097"><ele>1526.4000244140625</ele><time>2024-07-08T07:33:33.000Z</time></trkpt>
        <trkpt lat="45.99918329156935" lon="6.927782278507948"><ele>1525.800048828125</ele><time>2024-07-08T07:33:34.000Z</time></trkpt>
        <trkpt lat="45.999191254377365" lon="6.92783516831696"><ele>1524.4000244140625</ele><time>2024-07-08T07:33:39.000Z</time></trkpt>
        <trkpt lat="45.99919988773763" lon="6.927879676222801"><ele>1523.4000244140625</ele><time>2024-07-08T07:33:44.000Z</time></trkpt>
        <trkpt lat="45.99918320775032" lon="6.9279695302248"><ele>1520</ele><time>2024-07-08T07:33:52.000Z</time></trkpt>
        <trkpt lat="45.99918957799673" lon="6.92798956297338"><ele>1520</ele><time>2024-07-08T07:33:55.000Z</time></trkpt>
        <trkpt lat="45.99919896572828" lon="6.928026443347335"><ele>1520</ele><time>2024-07-08T07:33:59.000Z</time></trkpt>
        <trkpt lat="45.999216651543975" lon="6.928061647340655"><ele>1520.4000244140625</ele><time>2024-07-08T07:34:02.000Z</time></trkpt>
        <trkpt lat="45.999232828617096" lon="6.92810196429491"><ele>1520.5999755859375</ele><time>2024-07-08T07:34:06.000Z</time></trkpt>
        <trkpt lat="45.99924280308187" lon="6.9281702768057585"><ele>1520</ele><time>2024-07-08T07:34:12.000Z</time></trkpt>
        <trkpt lat="45.999237187206745" lon="6.928170025348663"><ele>1519.5999755859375</ele><time>2024-07-08T07:34:13.000Z</time></trkpt>
        <trkpt lat="45.99923383444548" lon="6.928169773891568"><ele>1519.4000244140625</ele><time>2024-07-08T07:34:14.000Z</time></trkpt>
        <trkpt lat="45.999248418956995" lon="6.928215874359012"><ele>1519.5999755859375</ele><time>2024-07-08T07:34:19.000Z</time></trkpt>
        <trkpt lat="45.999262584373355" lon="6.928238170221448"><ele>1520</ele><time>2024-07-08T07:34:25.000Z</time></trkpt>
        <trkpt lat="45.99928001873195" lon="6.928264237940311"><ele>1520.800048828125</ele><time>2024-07-08T07:34:31.000Z</time></trkpt>
        <trkpt lat="45.99929359741509" lon="6.928262561559677"><ele>1521.5999755859375</ele><time>2024-07-08T07:34:34.000Z</time></trkpt>
        <trkpt lat="45.999302649870515" lon="6.928281839936972"><ele>1521.800048828125</ele><time>2024-07-08T07:34:37.000Z</time></trkpt>
        <trkpt lat="45.999347660690546" lon="6.928395163267851"><ele>1523.199951171875</ele><time>2024-07-08T07:34:44.000Z</time></trkpt>
        <trkpt lat="45.99935998208821" lon="6.928409328684211"><ele>1524</ele><time>2024-07-08T07:34:49.000Z</time></trkpt>
        <trkpt lat="45.99935134872794" lon="6.9284535851329565"><ele>1522.4000244140625</ele><time>2024-07-08T07:34:52.000Z</time></trkpt>
        <trkpt lat="45.999379344284534" lon="6.928530279546976"><ele>1524.5999755859375</ele><time>2024-07-08T07:35:01.000Z</time></trkpt>
        <trkpt lat="45.999407758936286" lon="6.928568920120597"><ele>1526.800048828125</ele><time>2024-07-08T07:35:08.000Z</time></trkpt>
        <trkpt lat="45.99946056492627" lon="6.928593143820763"><ele>1530.800048828125</ele><time>2024-07-08T07:35:17.000Z</time></trkpt>
        <trkpt lat="45.99946701899171" lon="6.928599430248141"><ele>1531.199951171875</ele><time>2024-07-08T07:35:18.000Z</time></trkpt>
        <trkpt lat="45.99950859323144" lon="6.928642429411411"><ele>1534.4000244140625</ele><time>2024-07-08T07:35:25.000Z</time></trkpt>
        <trkpt lat="45.999514292925596" lon="6.928676962852478"><ele>1534.800048828125</ele><time>2024-07-08T07:35:29.000Z</time></trkpt>
        <trkpt lat="45.99952518939972" lon="6.928690541535616"><ele>1535.5999755859375</ele><time>2024-07-08T07:35:30.000Z</time></trkpt>
        <trkpt lat="45.99952585995197" lon="6.92869221791625"><ele>1535.800048828125</ele><time>2024-07-08T07:35:34.000Z</time></trkpt>
        <trkpt lat="45.999526027590036" lon="6.928695654496551"><ele>1535.800048828125</ele><time>2024-07-08T07:35:35.000Z</time></trkpt>
        <trkpt lat="45.99952862598002" lon="6.928707556799054"><ele>1536</ele><time>2024-07-08T07:35:36.000Z</time></trkpt>
        <trkpt lat="45.99953415803611" lon="6.9287363067269325"><ele>1536.5999755859375</ele><time>2024-07-08T07:35:43.000Z</time></trkpt>
        <trkpt lat="45.999513706192374" lon="6.9287695828825235"><ele>1535.199951171875</ele><time>2024-07-08T07:35:47.000Z</time></trkpt>
        <trkpt lat="45.999489733949304" lon="6.9288223050534725"><ele>1534</ele><time>2024-07-08T07:35:55.000Z</time></trkpt>
        <trkpt lat="45.99948671646416" lon="6.928857173770666"><ele>1534</ele><time>2024-07-08T07:36:02.000Z</time></trkpt>
        <trkpt lat="45.999410189688206" lon="6.928917272016406"><ele>1529.4000244140625</ele><time>2024-07-08T07:36:08.000Z</time></trkpt>
        <trkpt lat="45.999424271285534" lon="6.929037552326918"><ele>1532.199951171875</ele><time>2024-07-08T07:36:14.000Z</time></trkpt>
        <trkpt lat="45.99944740533829" lon="6.929162945598364"><ele>1536</ele><time>2024-07-08T07:36:22.000Z</time></trkpt>
        <trkpt lat="45.999479005113244" lon="6.9292608462274075"><ele>1539.5999755859375</ele><time>2024-07-08T07:36:30.000Z</time></trkpt>
        <trkpt lat="45.999490739777684" lon="6.92927903495729"><ele>1540.5999755859375</ele><time>2024-07-08T07:36:36.000Z</time></trkpt>
        <trkpt lat="45.99948889575899" lon="6.929285153746605"><ele>1540.5999755859375</ele><time>2024-07-08T07:36:41.000Z</time></trkpt>
        <trkpt lat="45.99947087466717" lon="6.929245926439762"><ele>1538.800048828125</ele><time>2024-07-08T07:36:45.000Z</time></trkpt>
        <trkpt lat="45.99947489798069" lon="6.929255481809378"><ele>1539.199951171875</ele><time>2024-07-08T07:36:47.000Z</time></trkpt>
        <trkpt lat="45.999464839696884" lon="6.929205693304539"><ele>1537.800048828125</ele><time>2024-07-08T07:36:53.000Z</time></trkpt>
        <trkpt lat="45.999485375359654" lon="6.929158670827746"><ele>1538.4000244140625</ele><time>2024-07-08T07:36:59.000Z</time></trkpt>
        <trkpt lat="45.99949409253895" lon="6.929129501804709"><ele>1538.4000244140625</ele><time>2024-07-08T07:37:01.000Z</time></trkpt>
        <trkpt lat="45.99950423464179" lon="6.9291153363883495"><ele>1538.800048828125</ele><time>2024-07-08T07:37:05.000Z</time></trkpt>
        <trkpt lat="45.99954069592059" lon="6.929061356931925"><ele>1540.199951171875</ele><time>2024-07-08T07:37:10.000Z</time></trkpt>
        <trkpt lat="45.99955301731825" lon="6.929045934230089"><ele>1540.800048828125</ele><time>2024-07-08T07:37:11.000Z</time></trkpt>
        <trkpt lat="45.99956726655364" lon="6.928983069956303"><ele>1540.5999755859375</ele><time>2024-07-08T07:37:14.000Z</time></trkpt>
        <trkpt lat="45.99957933649421" lon="6.928941495716572"><ele>1541.199951171875</ele><time>2024-07-08T07:37:16.000Z</time></trkpt>
        <trkpt lat="45.999604146927595" lon="6.928928671404719"><ele>1542.5999755859375</ele><time>2024-07-08T07:37:18.000Z</time></trkpt>
        <trkpt lat="45.99962971173227" lon="6.928918361663818"><ele>1543.800048828125</ele><time>2024-07-08T07:37:21.000Z</time></trkpt>
        <trkpt lat="45.99966491572559" lon="6.928930934518576"><ele>1545.800048828125</ele><time>2024-07-08T07:37:27.000Z</time></trkpt>
        <trkpt lat="45.99965871311724" lon="6.928915847092867"><ele>1545.4000244140625</ele><time>2024-07-08T07:37:32.000Z</time></trkpt>
        <trkpt lat="45.99966164678335" lon="6.928917858749628"><ele>1545.5999755859375</ele><time>2024-07-08T07:37:33.000Z</time></trkpt>
        <trkpt lat="45.99970514886081" lon="6.928943172097206"><ele>1548.199951171875</ele><time>2024-07-08T07:37:39.000Z</time></trkpt>
        <trkpt lat="45.99972023628652" lon="6.928976280614734"><ele>1549.199951171875</ele><time>2024-07-08T07:37:46.000Z</time></trkpt>
        <trkpt lat="45.99974462762475" lon="6.929001845419407"><ele>1550.5999755859375</ele><time>2024-07-08T07:37:51.000Z</time></trkpt>
        <trkpt lat="45.99980179220438" lon="6.929039815440774"><ele>1554.4000244140625</ele><time>2024-07-08T07:37:57.000Z</time></trkpt>
        <trkpt lat="45.99979290738702" lon="6.929099913686514"><ele>1555</ele><time>2024-07-08T07:38:03.000Z</time></trkpt>
        <trkpt lat="45.9997920691967" lon="6.92910804413259"><ele>1555</ele><time>2024-07-08T07:38:09.000Z</time></trkpt>
        <trkpt lat="45.999793745577335" lon="6.92908113822341"><ele>1554.5999755859375</ele><time>2024-07-08T07:38:13.000Z</time></trkpt>
        <trkpt lat="45.99977874197066" lon="6.929102428257465"><ele>1554.199951171875</ele><time>2024-07-08T07:38:18.000Z</time></trkpt>
        <trkpt lat="45.99975342862308" lon="6.929125897586346"><ele>1553.4000244140625</ele><time>2024-07-08T07:38:24.000Z</time></trkpt>
        <trkpt lat="45.99977103061974" lon="6.929155234247446"><ele>1554.800048828125</ele><time>2024-07-08T07:38:30.000Z</time></trkpt>
        <trkpt lat="45.99976021796465" lon="6.9292396400123835"><ele>1555.800048828125</ele><time>2024-07-08T07:38:37.000Z</time></trkpt>
        <trkpt lat="45.999766839668155" lon="6.929331254214048"><ele>1557.5999755859375</ele><time>2024-07-08T07:38:44.000Z</time></trkpt>
        <trkpt lat="45.999737083911896" lon="6.929377941414714"><ele>1556.5999755859375</ele><time>2024-07-08T07:38:50.000Z</time></trkpt>
        <trkpt lat="45.99973247386515" lon="6.929390346631408"><ele>1556.5999755859375</ele><time>2024-07-08T07:38:51.000Z</time></trkpt>
        <trkpt lat="45.99973448552191" lon="6.929450361058116"><ele>1557.4000244140625</ele><time>2024-07-08T07:38:57.000Z</time></trkpt>
        <trkpt lat="45.99973255768418" lon="6.929537616670132"><ele>1558.4000244140625</ele><time>2024-07-08T07:39:06.000Z</time></trkpt>
        <trkpt lat="45.99973423406482" lon="6.929612131789327"><ele>1559.199951171875</ele><time>2024-07-08T07:39:13.000Z</time></trkpt>
        <trkpt lat="45.99972560070455" lon="6.929671308025718"><ele>1559.4000244140625</ele><time>2024-07-08T07:39:20.000Z</time></trkpt>
        <trkpt lat="45.99971914663911" lon="6.929753618314862"><ele>1559</ele><time>2024-07-08T07:39:28.000Z</time></trkpt>
        <trkpt lat="45.99972023628652" lon="6.929797036573291"><ele>1558.5999755859375</ele><time>2024-07-08T07:39:35.000Z</time></trkpt>
        <trkpt lat="45.99974798038602" lon="6.929808435961604"><ele>1560.5999755859375</ele><time>2024-07-08T07:39:45.000Z</time></trkpt>
        <trkpt lat="45.999766839668155" lon="6.929728388786316"><ele>1562.4000244140625</ele><time>2024-07-08T07:39:51.000Z</time></trkpt>
        <trkpt lat="45.999775640666485" lon="6.929671475663781"><ele>1562.199951171875</ele><time>2024-07-08T07:39:56.000Z</time></trkpt>
        <trkpt lat="45.99979852326214" lon="6.929617077112198"><ele>1563</ele><time>2024-07-08T07:40:04.000Z</time></trkpt>
        <trkpt lat="45.999829955399036" lon="6.9295429810881615"><ele>1564</ele><time>2024-07-08T07:40:13.000Z</time></trkpt>
        <trkpt lat="45.99985468201339" lon="6.929504759609699"><ele>1564.800048828125</ele><time>2024-07-08T07:40:19.000Z</time></trkpt>
        <trkpt lat="45.9998835157603" lon="6.929417084902525"><ele>1595</ele><time>2024-07-08T07:40:27.000Z</time></trkpt>
        <trkpt lat="45.99994193762541" lon="6.9294089544564486"><ele>1594.800048828125</ele><time>2024-07-08T07:40:35.000Z</time></trkpt>
        <trkpt lat="45.99996775388718" lon="6.929386323317885"><ele>1594.5999755859375</ele><time>2024-07-08T07:40:40.000Z</time></trkpt>
        <trkpt lat="45.99997429177165" lon="6.929377522319555"><ele>1594.800048828125</ele><time>2024-07-08T07:40:46.000Z</time></trkpt>
        <trkpt lat="46.000034138560295" lon="6.9294175039976835"><ele>1594.800048828125</ele><time>2024-07-08T07:40:56.000Z</time></trkpt>
        <trkpt lat="46.000030199065804" lon="6.929424712434411"><ele>1594.800048828125</ele><time>2024-07-08T07:41:02.000Z</time></trkpt>
        <trkpt lat="46.00003824569285" lon="6.929400153458118"><ele>1595</ele><time>2024-07-08T07:41:08.000Z</time></trkpt>
        <trkpt lat="46.00004377774894" lon="6.929398393258452"><ele>1595</ele><time>2024-07-08T07:41:09.000Z</time></trkpt>
        <trkpt lat="46.000077640637755" lon="6.929440386593342"><ele>1594.800048828125</ele><time>2024-07-08T07:41:13.000Z</time></trkpt>
        <trkpt lat="46.00007940083742" lon="6.929454049095511"><ele>1594.800048828125</ele><time>2024-07-08T07:41:15.000Z</time></trkpt>
        <trkpt lat="46.00009390152991" lon="6.929533341899514"><ele>1594.199951171875</ele><time>2024-07-08T07:41:23.000Z</time></trkpt>
        <trkpt lat="46.0001115873456" lon="6.929479530081153"><ele>1594.800048828125</ele><time>2024-07-08T07:41:29.000Z</time></trkpt>
        <trkpt lat="46.00012868642807" lon="6.929440973326564"><ele>1595.199951171875</ele><time>2024-07-08T07:41:36.000Z</time></trkpt>
        <trkpt lat="46.00014830008149" lon="6.9294077809900045"><ele>1596.199951171875</ele><time>2024-07-08T07:41:40.000Z</time></trkpt>
        <trkpt lat="46.00016959011555" lon="6.929394202306867"><ele>1597.800048828125</ele><time>2024-07-08T07:41:42.000Z</time></trkpt>
        <trkpt lat="46.000213511288166" lon="6.929353214800358"><ele>1601.199951171875</ele><time>2024-07-08T07:41:47.000Z</time></trkpt>
        <trkpt lat="46.00021711550653" lon="6.9293268118053675"><ele>1602</ele><time>2024-07-08T07:41:49.000Z</time></trkpt>
        <trkpt lat="46.00025215186179" lon="6.92933083511889"><ele>1604.5999755859375</ele><time>2024-07-08T07:41:55.000Z</time></trkpt>
        <trkpt lat="46.00029774941504" lon="6.929302923381329"><ele>1608.5999755859375</ele><time>2024-07-08T07:42:02.000Z</time></trkpt>
        <trkpt lat="46.000338569283485" lon="6.929289512336254"><ele>1612</ele><time>2024-07-08T07:42:09.000Z</time></trkpt>
        <trkpt lat="46.0003359708935" lon="6.929286662489176"><ele>1611.800048828125</ele><time>2024-07-08T07:42:18.000Z</time></trkpt>
        <trkpt lat="46.000355165451765" lon="6.9292384665459394"><ele>1614.5999755859375</ele><time>2024-07-08T07:42:28.000Z</time></trkpt>
        <trkpt lat="46.000379640609026" lon="6.929306527599692"><ele>1614.800048828125</ele><time>2024-07-08T07:42:35.000Z</time></trkpt>
        <trkpt lat="46.00040922872722" lon="6.929381713271141"><ele>1615.4000244140625</ele><time>2024-07-08T07:42:40.000Z</time></trkpt>
        <trkpt lat="46.000421550124884" lon="6.929450444877148"><ele>1614.800048828125</ele><time>2024-07-08T07:42:46.000Z</time></trkpt>
        <trkpt lat="46.00041316822171" lon="6.929497886449099"><ele>1613.199951171875</ele><time>2024-07-08T07:42:51.000Z</time></trkpt>
        <trkpt lat="46.00041291676462" lon="6.929529821500182"><ele>1612.4000244140625</ele><time>2024-07-08T07:42:54.000Z</time></trkpt>
        <trkpt lat="46.00040964782238" lon="6.9295889139175415"><ele>1611.4000244140625</ele><time>2024-07-08T07:43:00.000Z</time></trkpt>
        <trkpt lat="46.00044367834926" lon="6.929655130952597"><ele>1612.800048828125</ele><time>2024-07-08T07:43:06.000Z</time></trkpt>
        <trkpt lat="46.000466058030725" lon="6.929712546989322"><ele>1613.800048828125</ele><time>2024-07-08T07:43:12.000Z</time></trkpt>
        <trkpt lat="46.00049229338765" lon="6.929752109572291"><ele>1615</ele><time>2024-07-08T07:43:19.000Z</time></trkpt>
        <trkpt lat="46.000490030273795" lon="6.92974716424942"><ele>1614.800048828125</ele><time>2024-07-08T07:43:20.000Z</time></trkpt>
        <trkpt lat="46.00049355067313" lon="6.929756551980972"><ele>1615</ele><time>2024-07-08T07:43:22.000Z</time></trkpt>
        <trkpt lat="46.000527162104845" lon="6.929787062108517"><ele>1616.800048828125</ele><time>2024-07-08T07:43:25.000Z</time></trkpt>
        <trkpt lat="46.000553984194994" lon="6.929838191717863"><ele>1618</ele><time>2024-07-08T07:43:32.000Z</time></trkpt>
        <trkpt lat="46.00056974217296" lon="6.9298601523041725"><ele>1618.800048828125</ele><time>2024-07-08T07:43:34.000Z</time></trkpt>
        <trkpt lat="46.00060109049082" lon="6.929916813969612"><ele>1620.4000244140625</ele><time>2024-07-08T07:43:40.000Z</time></trkpt>
        <trkpt lat="46.000624392181635" lon="6.929977331310511"><ele>1621.4000244140625</ele><time>2024-07-08T07:43:48.000Z</time></trkpt>
        <trkpt lat="46.000670325011015" lon="6.930039441213012"><ele>1623.800048828125</ele><time>2024-07-08T07:43:54.000Z</time></trkpt>
        <trkpt lat="46.000683484598994" lon="6.930061737075448"><ele>1624.5999755859375</ele><time>2024-07-08T07:44:01.000Z</time></trkpt>
        <trkpt lat="46.00069488398731" lon="6.930099539458752"><ele>1625</ele><time>2024-07-08T07:44:05.000Z</time></trkpt>
        <trkpt lat="46.00070184096694" lon="6.930170701816678"><ele>1625</ele><time>2024-07-08T07:44:09.000Z</time></trkpt>
        <trkpt lat="46.00072539411485" lon="6.930231470614672"><ele>1625.800048828125</ele><time>2024-07-08T07:44:15.000Z</time></trkpt>
        <trkpt lat="46.000782642513514" lon="6.930352170020342"><ele>1627.5999755859375</ele><time>2024-07-08T07:44:24.000Z</time></trkpt>
        <trkpt lat="46.00083092227578" lon="6.930485777556896"><ele>1629</ele><time>2024-07-08T07:44:32.000Z</time></trkpt>
        <trkpt lat="46.00084877572954" lon="6.930611925199628"><ele>1629.199951171875</ele><time>2024-07-08T07:44:40.000Z</time></trkpt>
        <trkpt lat="46.00086025893688" lon="6.930676801130176"><ele>1629.199951171875</ele><time>2024-07-08T07:44:47.000Z</time></trkpt>
        <trkpt lat="46.0008854046464" lon="6.9307098258286715"><ele>1629.800048828125</ele><time>2024-07-08T07:44:53.000Z</time></trkpt>
        <trkpt lat="46.00088934414089" lon="6.930722314864397"><ele>1629.800048828125</ele><time>2024-07-08T07:44:54.000Z</time></trkpt>
        <trkpt lat="46.000909293070436" lon="6.9307566806674"><ele>1630.4000244140625</ele><time>2024-07-08T07:44:59.000Z</time></trkpt>
        <trkpt lat="46.00094256922603" lon="6.930794231593609"><ele>1631.4000244140625</ele><time>2024-07-08T07:45:04.000Z</time></trkpt>
        <trkpt lat="46.00094290450215" lon="6.930795153602958"><ele>1631.4000244140625</ele><time>2024-07-08T07:45:05.000Z</time></trkpt>
        <trkpt lat="46.00094617344439" lon="6.93079967983067"><ele>1631.5999755859375</ele><time>2024-07-08T07:45:06.000Z</time></trkpt>
        <trkpt lat="46.0009406413883" lon="6.930749220773578"><ele>1631.800048828125</ele><time>2024-07-08T07:45:11.000Z</time></trkpt>
        <trkpt lat="46.00092220120132" lon="6.930712843313813"><ele>1631.4000244140625</ele><time>2024-07-08T07:45:18.000Z</time></trkpt>
        <trkpt lat="46.00092111155391" lon="6.930705299600959"><ele>1631.4000244140625</ele><time>2024-07-08T07:45:23.000Z</time></trkpt>
        <trkpt lat="46.00095237605274" lon="6.930651906877756"><ele>1633.199951171875</ele><time>2024-07-08T07:45:29.000Z</time></trkpt>
        <trkpt lat="46.00095899775624" lon="6.930651655420661"><ele>1633.5999755859375</ele><time>2024-07-08T07:45:31.000Z</time></trkpt>
        <trkpt lat="46.000964445993304" lon="6.930647464469075"><ele>1633.800048828125</ele><time>2024-07-08T07:45:32.000Z</time></trkpt>
        <trkpt lat="46.00102731026709" lon="6.930558029562235"><ele>1636.4000244140625</ele><time>2024-07-08T07:45:37.000Z</time></trkpt>
        <trkpt lat="46.00105706602335" lon="6.930559286847711"><ele>1637.4000244140625</ele><time>2024-07-08T07:45:43.000Z</time></trkpt>
        <trkpt lat="46.00107600912452" lon="6.930547384545207"><ele>1638.199951171875</ele><time>2024-07-08T07:45:48.000Z</time></trkpt>
        <trkpt lat="46.001106603071094" lon="6.930545959621668"><ele>1639.199951171875</ele><time>2024-07-08T07:45:55.000Z</time></trkpt>
        <trkpt lat="46.00112370215356" lon="6.930544199422002"><ele>1640</ele><time>2024-07-08T07:45:59.000Z</time></trkpt>
        <trkpt lat="46.00112940184772" lon="6.930536739528179"><ele>1640.199951171875</ele><time>2024-07-08T07:46:00.000Z</time></trkpt>
        <trkpt lat="46.00114029832184" lon="6.930530788376927"><ele>1640.5999755859375</ele><time>2024-07-08T07:46:01.000Z</time></trkpt>
        <trkpt lat="46.00114448927343" lon="6.9305292796343565"><ele>1640.800048828125</ele><time>2024-07-08T07:46:02.000Z</time></trkpt>
        <trkpt lat="46.00114750675857" lon="6.930529698729515"><ele>1641</ele><time>2024-07-08T07:46:03.000Z</time></trkpt>
        <trkpt lat="46.00118757225573" lon="6.930568506941199"><ele>1642.199951171875</ele><time>2024-07-08T07:46:10.000Z</time></trkpt>
        <trkpt lat="46.001198552548885" lon="6.930615780875087"><ele>1642.4000244140625</ele><time>2024-07-08T07:46:16.000Z</time></trkpt>
        <trkpt lat="46.00123249925673" lon="6.9306026212871075"><ele>1643.800048828125</ele><time>2024-07-08T07:46:23.000Z</time></trkpt>
        <trkpt lat="46.00127784535289" lon="6.930602705106139"><ele>1645.4000244140625</ele><time>2024-07-08T07:46:29.000Z</time></trkpt>
        <trkpt lat="46.00129905156791" lon="6.930602202191949"><ele>1646.199951171875</ele><time>2024-07-08T07:46:35.000Z</time></trkpt>
        <trkpt lat="46.001332411542535" lon="6.930598681792617"><ele>1647.199951171875</ele><time>2024-07-08T07:46:41.000Z</time></trkpt>
        <trkpt lat="46.00136543624103" lon="6.930572111159563"><ele>1648.4000244140625</ele><time>2024-07-08T07:46:48.000Z</time></trkpt>
        <trkpt lat="46.00141732022166" lon="6.93061594851315"><ele>1649.800048828125</ele><time>2024-07-08T07:46:56.000Z</time></trkpt>
        <trkpt lat="46.00143332965672" lon="6.930601028725505"><ele>1650.4000244140625</ele><time>2024-07-08T07:47:00.000Z</time></trkpt>
        <trkpt lat="46.00146224722266" lon="6.930606393143535"><ele>1651.4000244140625</ele><time>2024-07-08T07:47:02.000Z</time></trkpt>
        <trkpt lat="46.00146593526006" lon="6.930621145293117"><ele>1651.4000244140625</ele><time>2024-07-08T07:47:04.000Z</time></trkpt>
        <trkpt lat="46.001461409032345" lon="6.930624665692449"><ele>1651.199951171875</ele><time>2024-07-08T07:47:05.000Z</time></trkpt>
        <trkpt lat="46.001453613862395" lon="6.930701611563563"><ele>1650.5999755859375</ele><time>2024-07-08T07:47:10.000Z</time></trkpt>
        <trkpt lat="46.001440873369575" lon="6.930714603513479"><ele>1650.199951171875</ele><time>2024-07-08T07:47:12.000Z</time></trkpt>
        <trkpt lat="46.00143391638994" lon="6.930773947387934"><ele>1650</ele><time>2024-07-08T07:47:17.000Z</time></trkpt>
        <trkpt lat="46.001431569457054" lon="6.930780066177249"><ele>1649.800048828125</ele><time>2024-07-08T07:47:22.000Z</time></trkpt>
        <trkpt lat="46.00143182091415" lon="6.930785262957215"><ele>1649.800048828125</ele><time>2024-07-08T07:47:24.000Z</time></trkpt>
        <trkpt lat="46.00144506432116" lon="6.930774785578251"><ele>1650.4000244140625</ele><time>2024-07-08T07:47:27.000Z</time></trkpt>
        <trkpt lat="46.00145135074854" lon="6.930778222158551"><ele>1650.5999755859375</ele><time>2024-07-08T07:47:28.000Z</time></trkpt>
        <trkpt lat="46.001469204202294" lon="6.930782664567232"><ele>1651</ele><time>2024-07-08T07:47:30.000Z</time></trkpt>
        <trkpt lat="46.00150424055755" lon="6.930769421160221"><ele>1652.199951171875</ele><time>2024-07-08T07:47:34.000Z</time></trkpt>
        <trkpt lat="46.00151672959328" lon="6.930751735344529"><ele>1652.5999755859375</ele><time>2024-07-08T07:47:38.000Z</time></trkpt>
        <trkpt lat="46.001557214185596" lon="6.930759195238352"><ele>1653.800048828125</ele><time>2024-07-08T07:47:46.000Z</time></trkpt>
        <trkpt lat="46.001556208357215" lon="6.930760536342859"><ele>1653.800048828125</ele><time>2024-07-08T07:47:47.000Z</time></trkpt>
        <trkpt lat="46.001567021012306" lon="6.930754082277417"><ele>1654.199951171875</ele><time>2024-07-08T07:47:52.000Z</time></trkpt>
        <trkpt lat="46.001585964113474" lon="6.930759781971574"><ele>1654.5999755859375</ele><time>2024-07-08T07:47:58.000Z</time></trkpt>
        <trkpt lat="46.001634411513805" lon="6.930787526071072"><ele>1656</ele><time>2024-07-08T07:48:05.000Z</time></trkpt>
        <trkpt lat="46.001669615507126" lon="6.930790124461055"><ele>1657.199951171875</ele><time>2024-07-08T07:48:11.000Z</time></trkpt>
        <trkpt lat="46.00168537348509" lon="6.930808732286096"><ele>1657.5999755859375</ele><time>2024-07-08T07:48:12.000Z</time></trkpt>
        <trkpt lat="46.00172149948776" lon="6.930819125846028"><ele>1658.800048828125</ele><time>2024-07-08T07:48:15.000Z</time></trkpt>
        <trkpt lat="46.00173398852348" lon="6.930821808055043"><ele>1659.199951171875</ele><time>2024-07-08T07:48:17.000Z</time></trkpt>
        <trkpt lat="46.00175402127206" lon="6.930851396173239"><ele>1659.5999755859375</ele><time>2024-07-08T07:48:21.000Z</time></trkpt>
        <trkpt lat="46.001757038757205" lon="6.9308829959481955"><ele>1659.5999755859375</ele><time>2024-07-08T07:48:23.000Z</time></trkpt>
        <trkpt lat="46.0017348267138" lon="6.930926330387592"><ele>1659</ele><time>2024-07-08T07:48:27.000Z</time></trkpt>
        <trkpt lat="46.00171982310712" lon="6.930944267660379"><ele>1658.5999755859375</ele><time>2024-07-08T07:48:31.000Z</time></trkpt>
        <trkpt lat="46.00171026773751" lon="6.930999923497438"><ele>1658</ele><time>2024-07-08T07:48:39.000Z</time></trkpt>
        <trkpt lat="46.001742873340845" lon="6.931049460545182"><ele>1658.800048828125</ele><time>2024-07-08T07:48:45.000Z</time></trkpt>
        <trkpt lat="46.00175720639527" lon="6.931061111390591"><ele>1659.199951171875</ele><time>2024-07-08T07:48:51.000Z</time></trkpt>
        <trkpt lat="46.00178453139961" lon="6.931072175502777"><ele>1660</ele><time>2024-07-08T07:48:57.000Z</time></trkpt>
        <trkpt lat="46.00178813561797" lon="6.931074690073729"><ele>1660</ele><time>2024-07-08T07:48:58.000Z</time></trkpt>
        <trkpt lat="46.00189005956054" lon="6.931162364780903"><ele>1662</ele><time>2024-07-08T07:49:06.000Z</time></trkpt>
        <trkpt lat="46.00192870013416" lon="6.931153396144509"><ele>1663</ele><time>2024-07-08T07:49:09.000Z</time></trkpt>
        <trkpt lat="46.001932891085744" lon="6.931152138859034"><ele>1663</ele><time>2024-07-08T07:49:10.000Z</time></trkpt>
        <trkpt lat="46.00195669569075" lon="6.931216092780232"><ele>1663.4000244140625</ele><time>2024-07-08T07:49:14.000Z</time></trkpt>
        <trkpt lat="46.0020112618804" lon="6.931245429441333"><ele>1664.4000244140625</ele><time>2024-07-08T07:49:22.000Z</time></trkpt>
        <trkpt lat="46.00204696878791" lon="6.931271329522133"><ele>1665.199951171875</ele><time>2024-07-08T07:49:31.000Z</time></trkpt>
        <trkpt lat="46.00209189578891" lon="6.931264707818627"><ele>1666.4000244140625</ele><time>2024-07-08T07:49:40.000Z</time></trkpt>
        <trkpt lat="46.00211704149842" lon="6.931267809122801"><ele>1667.5999755859375</ele><time>2024-07-08T07:49:46.000Z</time></trkpt>
        <trkpt lat="46.00214126519859" lon="6.931302510201931"><ele>1668.5999755859375</ele><time>2024-07-08T07:49:49.000Z</time></trkpt>
        <trkpt lat="46.002173870801926" lon="6.931297145783901"><ele>1670.199951171875</ele><time>2024-07-08T07:49:52.000Z</time></trkpt>
        <trkpt lat="46.0022253356874" lon="6.931289937347174"><ele>1673</ele><time>2024-07-08T07:49:57.000Z</time></trkpt>
        <trkpt lat="46.00224972702563" lon="6.931304689496756"><ele>1674</ele><time>2024-07-08T07:50:00.000Z</time></trkpt>
        <trkpt lat="46.00228434428573" lon="6.931449864059687"><ele>1675.4000244140625</ele><time>2024-07-08T07:50:08.000Z</time></trkpt>
        <trkpt lat="46.00229373201728" lon="6.93153846077621"><ele>1675.4000244140625</ele><time>2024-07-08T07:50:14.000Z</time></trkpt>
        <trkpt lat="46.00229867734015" lon="6.931626051664352"><ele>1674.800048828125</ele><time>2024-07-08T07:50:22.000Z</time></trkpt>
        <trkpt lat="46.002282835543156" lon="6.931623788550496"><ele>1674</ele><time>2024-07-08T07:50:30.000Z</time></trkpt>
        <trkpt lat="46.00228778086603" lon="6.931620938703418"><ele>1674.4000244140625</ele><time>2024-07-08T07:50:41.000Z</time></trkpt>
        <trkpt lat="46.0022840090096" lon="6.931635942310095"><ele>1674</ele><time>2024-07-08T07:51:07.000Z</time></trkpt>
        <trkpt lat="46.0022821649909" lon="6.931655807420611"><ele>1673.5999755859375</ele><time>2024-07-08T07:51:23.000Z</time></trkpt>
        <trkpt lat="46.0022821649909" lon="6.931655807420611"><ele>1673.5999755859375</ele><time>2024-07-08T07:51:25.000Z</time></trkpt>
        <trkpt lat="46.002282248809934" lon="6.931655807420611"><ele>1673.5999755859375</ele><time>2024-07-08T07:51:26.000Z</time></trkpt>
        <trkpt lat="46.00228434428573" lon="6.931651113554835"><ele>1673.800048828125</ele><time>2024-07-08T07:52:19.000Z</time></trkpt>
        <trkpt lat="46.00228250026703" lon="6.931650275364518"><ele>1673.800048828125</ele><time>2024-07-08T07:52:23.000Z</time></trkpt>
        <trkpt lat="46.00228006951511" lon="6.9316501915454865"><ele>1673.5999755859375</ele><time>2024-07-08T07:52:28.000Z</time></trkpt>
        <trkpt lat="46.00226791575551" lon="6.931649185717106"><ele>1673</ele><time>2024-07-08T07:52:43.000Z</time></trkpt>
        <trkpt lat="46.002262718975544" lon="6.931649185717106"><ele>1672.800048828125</ele><time>2024-07-08T07:52:46.000Z</time></trkpt>
        <trkpt lat="46.002257857471704" lon="6.931648179888725"><ele>1672.5999755859375</ele><time>2024-07-08T07:52:50.000Z</time></trkpt>
        <trkpt lat="46.00224972702563" lon="6.931637786328793"><ele>1672.4000244140625</ele><time>2024-07-08T07:53:08.000Z</time></trkpt>
        <trkpt lat="46.002246709540486" lon="6.931635607033968"><ele>1672.199951171875</ele><time>2024-07-08T07:53:12.000Z</time></trkpt>
        <trkpt lat="46.00224494934082" lon="6.931631667539477"><ele>1672.199951171875</ele><time>2024-07-08T07:53:16.000Z</time></trkpt>
        <trkpt lat="46.00224335677922" lon="6.931627644225955"><ele>1672.199951171875</ele><time>2024-07-08T07:53:20.000Z</time></trkpt>
        <trkpt lat="46.002242183312774" lon="6.93162496201694"><ele>1672.199951171875</ele><time>2024-07-08T07:53:24.000Z</time></trkpt>
        <trkpt lat="46.002241764217615" lon="6.931622615084052"><ele>1672.199951171875</ele><time>2024-07-08T07:53:46.000Z</time></trkpt>
        <trkpt lat="46.00224209949374" lon="6.931622363626957"><ele>1672.199951171875</ele><time>2024-07-08T07:53:58.000Z</time></trkpt>
        <trkpt lat="46.00224293768406" lon="6.931622698903084"><ele>1672.199951171875</ele><time>2024-07-08T07:54:27.000Z</time></trkpt>
        <trkpt lat="46.002243272960186" lon="6.931623201817274"><ele>1672.199951171875</ele><time>2024-07-08T07:54:33.000Z</time></trkpt>
        <trkpt lat="46.002243272960186" lon="6.931623537093401"><ele>1672.199951171875</ele><time>2024-07-08T07:54:36.000Z</time></trkpt>
        <trkpt lat="46.00224679335952" lon="6.9316651951521635"><ele>1672</ele><time>2024-07-08T07:55:04.000Z</time></trkpt>
        <trkpt lat="46.00224997848272" lon="6.931677181273699"><ele>1672</ele><time>2024-07-08T07:55:05.000Z</time></trkpt>
        <trkpt lat="46.00224746391177" lon="6.9316852279007435"><ele>1672</ele><time>2024-07-08T07:55:06.000Z</time></trkpt>
        <trkpt lat="46.00224536843598" lon="6.931698052212596"><ele>1672</ele><time>2024-07-08T07:55:13.000Z</time></trkpt>
        <trkpt lat="46.00224017165601" lon="6.931689167395234"><ele>1671.800048828125</ele><time>2024-07-08T07:55:20.000Z</time></trkpt>
        <trkpt lat="46.00223899818957" lon="6.931690089404583"><ele>1671.5999755859375</ele><time>2024-07-08T07:55:23.000Z</time></trkpt>
        <trkpt lat="46.00223799236119" lon="6.931687239557505"><ele>1671.5999755859375</ele><time>2024-07-08T07:55:24.000Z</time></trkpt>
        <trkpt lat="46.00223966874182" lon="6.931683719158173"><ele>1671.5999755859375</ele><time>2024-07-08T07:55:25.000Z</time></trkpt>
        <trkpt lat="46.00224117748439" lon="6.931687155738473"><ele>1671.800048828125</ele><time>2024-07-08T07:55:27.000Z</time></trkpt>
        <trkpt lat="46.00224788300693" lon="6.931679444387555"><ele>1672</ele><time>2024-07-08T07:55:31.000Z</time></trkpt>
        <trkpt lat="46.00224654190242" lon="6.9316749181598425"><ele>1671.800048828125</ele><time>2024-07-08T07:55:32.000Z</time></trkpt>
        <trkpt lat="46.002241261303425" lon="6.931677935644984"><ele>1671.800048828125</ele><time>2024-07-08T07:55:36.000Z</time></trkpt>
        <trkpt lat="46.00223992019892" lon="6.931680617853999"><ele>1671.5999755859375</ele><time>2024-07-08T07:55:37.000Z</time></trkpt>
        <trkpt lat="46.00223715417087" lon="6.931682461872697"><ele>1671.5999755859375</ele><time>2024-07-08T07:55:44.000Z</time></trkpt>
        <trkpt lat="46.00223715417087" lon="6.931682461872697"><ele>1671.5999755859375</ele><time>2024-07-08T07:55:45.000Z</time></trkpt>
        <trkpt lat="46.00224587135017" lon="6.931680114939809"><ele>1671.800048828125</ele><time>2024-07-08T07:56:02.000Z</time></trkpt>
        <trkpt lat="46.002254504710436" lon="6.931668967008591"><ele>1672.199951171875</ele><time>2024-07-08T07:56:08.000Z</time></trkpt>
        <trkpt lat="46.00226204842329" lon="6.9316713977605104"><ele>1672.5999755859375</ele><time>2024-07-08T07:56:09.000Z</time></trkpt>
        <trkpt lat="46.00231200456619" lon="6.931690173223615"><ele>1674.800048828125</ele><time>2024-07-08T07:56:15.000Z</time></trkpt>
        <trkpt lat="46.00236380472779" lon="6.931698555126786"><ele>1677</ele><time>2024-07-08T07:56:23.000Z</time></trkpt>
        <trkpt lat="46.00239900872111" lon="6.931685395538807"><ele>1678.199951171875</ele><time>2024-07-08T07:56:27.000Z</time></trkpt>
        <trkpt lat="46.00241920910776" lon="6.9316846411675215"><ele>1679</ele><time>2024-07-08T07:56:30.000Z</time></trkpt>
        <trkpt lat="46.00243614055216" lon="6.931692101061344"><ele>1679.4000244140625</ele><time>2024-07-08T07:56:34.000Z</time></trkpt>
        <trkpt lat="46.002509985119104" lon="6.931676929816604"><ele>1682</ele><time>2024-07-08T07:56:40.000Z</time></trkpt>
        <trkpt lat="46.00254192017019" lon="6.93164549767971"><ele>1683.4000244140625</ele><time>2024-07-08T07:56:47.000Z</time></trkpt>
        <trkpt lat="46.002551559358835" lon="6.931661842390895"><ele>1683.4000244140625</ele><time>2024-07-08T07:56:55.000Z</time></trkpt>
        <trkpt lat="46.002578465268016" lon="6.931680869311094"><ele>1684.199951171875</ele><time>2024-07-08T07:57:02.000Z</time></trkpt>
        <trkpt lat="46.00261484272778" lon="6.931704925373197"><ele>1685</ele><time>2024-07-08T07:57:10.000Z</time></trkpt>
        <trkpt lat="46.002641413360834" lon="6.931715402752161"><ele>1685.800048828125</ele><time>2024-07-08T07:57:16.000Z</time></trkpt>
        <trkpt lat="46.00272020325065" lon="6.9316858146339655"><ele>1688.5999755859375</ele><time>2024-07-08T07:57:24.000Z</time></trkpt>
        <trkpt lat="46.002744091674685" lon="6.9316542986780405"><ele>1689.800048828125</ele><time>2024-07-08T07:57:29.000Z</time></trkpt>
        <trkpt lat="46.0028088837862" lon="6.931641390547156"><ele>1692.199951171875</ele><time>2024-07-08T07:57:35.000Z</time></trkpt>
        <trkpt lat="46.002889685332775" lon="6.931653376668692"><ele>1695</ele><time>2024-07-08T07:57:45.000Z</time></trkpt>
        <trkpt lat="46.00292229093611" lon="6.931718001142144"><ele>1695.199951171875</ele><time>2024-07-08T07:57:53.000Z</time></trkpt>
        <trkpt lat="46.00300267338753" lon="6.931774243712425"><ele>1697.5999755859375</ele><time>2024-07-08T07:58:01.000Z</time></trkpt>
        <trkpt lat="46.003028908744454" lon="6.931801401078701"><ele>1698.4000244140625</ele><time>2024-07-08T07:58:07.000Z</time></trkpt>
        <trkpt lat="46.00307693704963" lon="6.9318401254713535"><ele>1700</ele><time>2024-07-08T07:58:14.000Z</time></trkpt>
        <trkpt lat="46.00314005278051" lon="6.931865187361836"><ele>1702.199951171875</ele><time>2024-07-08T07:58:23.000Z</time></trkpt>
        <trkpt lat="46.00317341275513" lon="6.931952023878694"><ele>1703</ele><time>2024-07-08T07:58:31.000Z</time></trkpt>
        <trkpt lat="46.00321532227099" lon="6.932011116296053"><ele>1703.800048828125</ele><time>2024-07-08T07:58:37.000Z</time></trkpt>
        <trkpt lat="46.003222865983844" lon="6.931952191516757"><ele>1704.4000244140625</ele><time>2024-07-08T07:58:44.000Z</time></trkpt>
        <trkpt lat="46.00324767641723" lon="6.931955711916089"><ele>1705</ele><time>2024-07-08T07:58:51.000Z</time></trkpt>
        <trkpt lat="46.00331548601389" lon="6.932003740221262"><ele>1706</ele><time>2024-07-08T07:58:59.000Z</time></trkpt>
        <trkpt lat="46.0033615026623" lon="6.93207154981792"><ele>1706.5999755859375</ele><time>2024-07-08T07:59:06.000Z</time></trkpt>
        <trkpt lat="46.00338195450604" lon="6.9321393594145775"><ele>1706.199951171875</ele><time>2024-07-08T07:59:14.000Z</time></trkpt>
        <trkpt lat="46.003406178206205" lon="6.93219761364162"><ele>1706.199951171875</ele><time>2024-07-08T07:59:20.000Z</time></trkpt>
        <trkpt lat="46.00345462560654" lon="6.932170623913407"><ele>1707.4000244140625</ele><time>2024-07-08T07:59:27.000Z</time></trkpt>
        <trkpt lat="46.003503911197186" lon="6.932201385498047"><ele>1708.199951171875</ele><time>2024-07-08T07:59:36.000Z</time></trkpt>
        <trkpt lat="46.00352821871638" lon="6.932183867320418"><ele>1709</ele><time>2024-07-08T07:59:41.000Z</time></trkpt>
        <trkpt lat="46.003574235364795" lon="6.932195853441954"><ele>1710.199951171875</ele><time>2024-07-08T07:59:47.000Z</time></trkpt>
        <trkpt lat="46.00359929725528" lon="6.932200379669666"><ele>1710.800048828125</ele><time>2024-07-08T07:59:52.000Z</time></trkpt>
        <trkpt lat="46.00365109741688" lon="6.932198451831937"><ele>1712.199951171875</ele><time>2024-07-08T08:00:00.000Z</time></trkpt>
        <trkpt lat="46.003694431856275" lon="6.932203816249967"><ele>1713.4000244140625</ele><time>2024-07-08T08:00:06.000Z</time></trkpt>
        <trkpt lat="46.003745729103684" lon="6.932219322770834"><ele>1714.5999755859375</ele><time>2024-07-08T08:00:11.000Z</time></trkpt>
        <trkpt lat="46.00378596223891" lon="6.932193925604224"><ele>1716.5999755859375</ele><time>2024-07-08T08:00:17.000Z</time></trkpt>
        <trkpt lat="46.0038676019758" lon="6.932294592261314"><ele>1718.800048828125</ele><time>2024-07-08T08:00:25.000Z</time></trkpt>
        <trkpt lat="46.00391370244324" lon="6.932295262813568"><ele>1720.800048828125</ele><time>2024-07-08T08:00:32.000Z</time></trkpt>
        <trkpt lat="46.003912445157766" lon="6.93234077654779"><ele>1720</ele><time>2024-07-08T08:00:37.000Z</time></trkpt>
        <trkpt lat="46.003929041326046" lon="6.932324348017573"><ele>1721</ele><time>2024-07-08T08:00:44.000Z</time></trkpt>
        <trkpt lat="46.00397178903222" lon="6.932315295562148"><ele>1723</ele><time>2024-07-08T08:00:50.000Z</time></trkpt>
        <trkpt lat="46.00399961695075" lon="6.932340357452631"><ele>1723.800048828125</ele><time>2024-07-08T08:00:55.000Z</time></trkpt>
        <trkpt lat="46.00403297692537" lon="6.932326192036271"><ele>1725.5999755859375</ele><time>2024-07-08T08:01:01.000Z</time></trkpt>
        <trkpt lat="46.00404596887529" lon="6.932361228391528"><ele>1725.5999755859375</ele><time>2024-07-08T08:01:06.000Z</time></trkpt>
        <trkpt lat="46.00408368743956" lon="6.932391487061977"><ele>1727</ele><time>2024-07-08T08:01:13.000Z</time></trkpt>
        <trkpt lat="46.00415887311101" lon="6.932463487610221"><ele>1729.800048828125</ele><time>2024-07-08T08:01:21.000Z</time></trkpt>
        <trkpt lat="46.00420036353171" lon="6.932599190622568"><ele>1728.800048828125</ele><time>2024-07-08T08:01:29.000Z</time></trkpt>
        <trkpt lat="46.004257779568434" lon="6.932589970529079"><ele>1732.5999755859375</ele><time>2024-07-08T08:01:36.000Z</time></trkpt>
        <trkpt lat="46.00429926998913" lon="6.932591898366809"><ele>1735.199951171875</ele><time>2024-07-08T08:01:41.000Z</time></trkpt>
        <trkpt lat="46.00434277206659" lon="6.932581756263971"><ele>1737.800048828125</ele><time>2024-07-08T08:01:47.000Z</time></trkpt>
        <trkpt lat="46.00434453226626" lon="6.932588629424572"><ele>1737.800048828125</ele><time>2024-07-08T08:01:48.000Z</time></trkpt>
        <trkpt lat="46.00436666049063" lon="6.932619223371148"><ele>1738.4000244140625</ele><time>2024-07-08T08:01:55.000Z</time></trkpt>
        <trkpt lat="46.00434696301818" lon="6.932600867003202"><ele>1737.5999755859375</ele><time>2024-07-08T08:02:02.000Z</time></trkpt>
        <trkpt lat="46.004348723217845" lon="6.932580415159464"><ele>1738.199951171875</ele><time>2024-07-08T08:02:04.000Z</time></trkpt>
        <trkpt lat="46.00435827858746" lon="6.93257094360888"><ele>1738.800048828125</ele><time>2024-07-08T08:02:07.000Z</time></trkpt>
        <trkpt lat="46.00436523556709" lon="6.93257387727499"><ele>1739.199951171875</ele><time>2024-07-08T08:02:08.000Z</time></trkpt>
        <trkpt lat="46.00437403656542" lon="6.932595921680331"><ele>1739.4000244140625</ele><time>2024-07-08T08:02:10.000Z</time></trkpt>
        <trkpt lat="46.004413263872266" lon="6.932688541710377"><ele>1739.5999755859375</ele><time>2024-07-08T08:02:17.000Z</time></trkpt>
        <trkpt lat="46.004477301612496" lon="6.932769510895014"><ele>1741.5999755859375</ele><time>2024-07-08T08:02:29.000Z</time></trkpt>
        <trkpt lat="46.004544189199805" lon="6.932799434289336"><ele>1744.800048828125</ele><time>2024-07-08T08:02:36.000Z</time></trkpt>
        <trkpt lat="46.004563216120005" lon="6.932854922488332"><ele>1744.5999755859375</ele><time>2024-07-08T08:02:43.000Z</time></trkpt>
        <trkpt lat="46.00462649948895" lon="6.932876631617546"><ele>1747.800048828125</ele><time>2024-07-08T08:02:51.000Z</time></trkpt>
        <trkpt lat="46.00462247617543" lon="6.9328520726412535"><ele>1748.199951171875</ele><time>2024-07-08T08:02:56.000Z</time></trkpt>
        <trkpt lat="46.00457226857543" lon="6.932789795100689"><ele>1746.5999755859375</ele><time>2024-07-08T08:03:03.000Z</time></trkpt>
        <trkpt lat="46.00455483421683" lon="6.9326818361878395"><ele>1748</ele><time>2024-07-08T08:03:12.000Z</time></trkpt>
        <trkpt lat="46.0045306943357" lon="6.932623414322734"><ele>1747.800048828125</ele><time>2024-07-08T08:03:20.000Z</time></trkpt>
        <trkpt lat="46.00455265492201" lon="6.9325752183794975"><ele>1750</ele><time>2024-07-08T08:03:29.000Z</time></trkpt>
        <trkpt lat="46.004573944956064" lon="6.932642692700028"><ele>1749.800048828125</ele><time>2024-07-08T08:03:35.000Z</time></trkpt>
        <trkpt lat="46.004625745117664" lon="6.932687954977155"><ele>1752</ele><time>2024-07-08T08:03:44.000Z</time></trkpt>
        <trkpt lat="46.00469850003719" lon="6.932685859501362"><ele>1756.4000244140625</ele><time>2024-07-08T08:03:50.000Z</time></trkpt>
        <trkpt lat="46.00470260716975" lon="6.932687200605869"><ele>1756.800048828125</ele><time>2024-07-08T08:03:51.000Z</time></trkpt>
        <trkpt lat="46.004742085933685" lon="6.932727349922061"><ele>1758.199951171875</ele><time>2024-07-08T08:03:57.000Z</time></trkpt>
        <trkpt lat="46.004789946600795" lon="6.932794572785497"><ele>1759.199951171875</ele><time>2024-07-08T08:04:04.000Z</time></trkpt>
        <trkpt lat="46.00483562797308" lon="6.932878643274307"><ele>1759.800048828125</ele><time>2024-07-08T08:04:12.000Z</time></trkpt>
        <trkpt lat="46.00490419194102" lon="6.9329433515667915"><ele>1761.5999755859375</ele><time>2024-07-08T08:04:21.000Z</time></trkpt>
        <trkpt lat="46.00496605038643" lon="6.932984925806522"><ele>1763.4000244140625</ele><time>2024-07-08T08:04:29.000Z</time></trkpt>
        <trkpt lat="46.00498021580279" lon="6.933005461469293"><ele>1763.4000244140625</ele><time>2024-07-08T08:04:31.000Z</time></trkpt>
        <trkpt lat="46.00498943589628" lon="6.933019710704684"><ele>1763.4000244140625</ele><time>2024-07-08T08:04:33.000Z</time></trkpt>
        <trkpt lat="46.005003517493606" lon="6.9330355525016785"><ele>1763.5999755859375</ele><time>2024-07-08T08:04:36.000Z</time></trkpt>
        <trkpt lat="46.00501357577741" lon="6.933044604957104"><ele>1763.800048828125</ele><time>2024-07-08T08:04:38.000Z</time></trkpt>
        <trkpt lat="46.005052803084254" lon="6.933099925518036"><ele>1764</ele><time>2024-07-08T08:04:43.000Z</time></trkpt>
        <trkpt lat="46.00505934096873" lon="6.933111995458603"><ele>1764</ele><time>2024-07-08T08:04:44.000Z</time></trkpt>
        <trkpt lat="46.00507652387023" lon="6.933150971308351"><ele>1763.5999755859375</ele><time>2024-07-08T08:04:47.000Z</time></trkpt>
        <trkpt lat="46.005078786984086" lon="6.9331589341163635"><ele>1763.4000244140625</ele><time>2024-07-08T08:04:48.000Z</time></trkpt>
        <trkpt lat="46.005085157230496" lon="6.93315926939249"><ele>1763.800048828125</ele><time>2024-07-08T08:04:49.000Z</time></trkpt>
        <trkpt lat="46.005132514983416" lon="6.933193802833557"><ele>1765.199951171875</ele><time>2024-07-08T08:04:56.000Z</time></trkpt>
        <trkpt lat="46.005133436992764" lon="6.933234790340066"><ele>1764.5999755859375</ele><time>2024-07-08T08:04:58.000Z</time></trkpt>
        <trkpt lat="46.00515481084585" lon="6.933292960748076"><ele>1764.5999755859375</ele><time>2024-07-08T08:05:03.000Z</time></trkpt>
        <trkpt lat="46.0051660425961" lon="6.933368816971779"><ele>1763.5999755859375</ele><time>2024-07-08T08:05:11.000Z</time></trkpt>
        <trkpt lat="46.005171155557036" lon="6.9333418272435665"><ele>1764.4000244140625</ele><time>2024-07-08T08:05:14.000Z</time></trkpt>
        <trkpt lat="46.005174005404115" lon="6.9333285838365555"><ele>1764.800048828125</ele><time>2024-07-08T08:05:15.000Z</time></trkpt>
        <trkpt lat="46.00517232902348" lon="6.933315088972449"><ele>1764.800048828125</ele><time>2024-07-08T08:05:16.000Z</time></trkpt>
        <trkpt lat="46.00517149083316" lon="6.933268904685974"><ele>1765.5999755859375</ele><time>2024-07-08T08:05:19.000Z</time></trkpt>
        <trkpt lat="46.005173083394766" lon="6.933256667107344"><ele>1766</ele><time>2024-07-08T08:05:20.000Z</time></trkpt>
        <trkpt lat="46.00520493462682" lon="6.933215847238898"><ele>1768</ele><time>2024-07-08T08:05:26.000Z</time></trkpt>
        <trkpt lat="46.00522714667022" lon="6.933251302689314"><ele>1768.4000244140625</ele><time>2024-07-08T08:05:31.000Z</time></trkpt>
        <trkpt lat="46.00524893961847" lon="6.9332813937217"><ele>1768.800048828125</ele><time>2024-07-08T08:05:36.000Z</time></trkpt>
        <trkpt lat="46.00527056492865" lon="6.933289943262935"><ele>1769.5999755859375</ele><time>2024-07-08T08:05:39.000Z</time></trkpt>
        <trkpt lat="46.005279030650854" lon="6.933300085365772"><ele>1769.800048828125</ele><time>2024-07-08T08:05:40.000Z</time></trkpt>
        <trkpt lat="46.00532135926187" lon="6.9333665538579226"><ele>1770.4000244140625</ele><time>2024-07-08T08:05:49.000Z</time></trkpt>
        <trkpt lat="46.005322616547346" lon="6.933367308229208"><ele>1770.4000244140625</ele><time>2024-07-08T08:05:50.000Z</time></trkpt>
        <trkpt lat="46.00535128265619" lon="6.9333756901323795"><ele>1771.5999755859375</ele><time>2024-07-08T08:05:54.000Z</time></trkpt>
        <trkpt lat="46.00537056103349" lon="6.933401003479958"><ele>1771.800048828125</ele><time>2024-07-08T08:05:57.000Z</time></trkpt>
        <trkpt lat="46.00539855659008" lon="6.933436207473278"><ele>1772.4000244140625</ele><time>2024-07-08T08:06:01.000Z</time></trkpt>
        <trkpt lat="46.005416410043836" lon="6.933457748964429"><ele>1772.800048828125</ele><time>2024-07-08T08:06:05.000Z</time></trkpt>
        <trkpt lat="46.005437448620796" lon="6.93350519053638"><ele>1773.4000244140625</ele><time>2024-07-08T08:06:10.000Z</time></trkpt>
        <trkpt lat="46.00545957684517" lon="6.933527234941721"><ele>1774.199951171875</ele><time>2024-07-08T08:06:13.000Z</time></trkpt>
        <trkpt lat="46.00548103451729" lon="6.933510471135378"><ele>1775</ele><time>2024-07-08T08:06:19.000Z</time></trkpt>
        <trkpt lat="46.00550710223615" lon="6.933518350124359"><ele>1776</ele><time>2024-07-08T08:06:24.000Z</time></trkpt>
        <trkpt lat="46.00552126765251" lon="6.933518936857581"><ele>1776.5999755859375</ele><time>2024-07-08T08:06:27.000Z</time></trkpt>
        <trkpt lat="46.00552026182413" lon="6.933500748127699"><ele>1776.800048828125</ele><time>2024-07-08T08:06:31.000Z</time></trkpt>
        <trkpt lat="46.00552394986153" lon="6.933484571054578"><ele>1777</ele><time>2024-07-08T08:06:32.000Z</time></trkpt>
        <trkpt lat="46.0055183339864" lon="6.9333951361477375"><ele>1778</ele><time>2024-07-08T08:06:39.000Z</time></trkpt>
        <trkpt lat="46.0054993070662" lon="6.933306036517024"><ele>1778.800048828125</ele><time>2024-07-08T08:06:49.000Z</time></trkpt>
        <trkpt lat="46.00549075752497" lon="6.933240741491318"><ele>1779.800048828125</ele><time>2024-07-08T08:06:57.000Z</time></trkpt>
        <trkpt lat="46.0054718144238" lon="6.9331748597323895"><ele>1780.4000244140625</ele><time>2024-07-08T08:07:05.000Z</time></trkpt>
        <trkpt lat="46.005438873544335" lon="6.933122891932726"><ele>1781</ele><time>2024-07-08T08:07:14.000Z</time></trkpt>
        <trkpt lat="46.00542210973799" lon="6.933066733181477"><ele>1782.4000244140625</ele><time>2024-07-08T08:07:21.000Z</time></trkpt>
        <trkpt lat="46.00540534593165" lon="6.933054914698005"><ele>1782.199951171875</ele><time>2024-07-08T08:07:24.000Z</time></trkpt>
        <trkpt lat="46.00539185106754" lon="6.93304049782455"><ele>1782.199951171875</ele><time>2024-07-08T08:07:27.000Z</time></trkpt>
        <trkpt lat="46.0053872410208" lon="6.933007137849927"><ele>1783.199951171875</ele><time>2024-07-08T08:07:30.000Z</time></trkpt>
        <trkpt lat="46.00536335259676" lon="6.932949470356107"><ele>1784.4000244140625</ele><time>2024-07-08T08:07:36.000Z</time></trkpt>
        <trkpt lat="46.005358658730984" lon="6.9329186249524355"><ele>1785.4000244140625</ele><time>2024-07-08T08:07:39.000Z</time></trkpt>
        <trkpt lat="46.00535052828491" lon="6.932817539200187"><ele>1789.199951171875</ele><time>2024-07-08T08:07:50.000Z</time></trkpt>
        <trkpt lat="46.00535111501813" lon="6.932741766795516"><ele>1793</ele><time>2024-07-08T08:07:59.000Z</time></trkpt>
        <trkpt lat="46.0053407214582" lon="6.932723158970475"><ele>1793.4000244140625</ele><time>2024-07-08T08:08:03.000Z</time></trkpt>
        <trkpt lat="46.00533829070628" lon="6.932713855057955"><ele>1793.5999755859375</ele><time>2024-07-08T08:08:04.000Z</time></trkpt>
        <trkpt lat="46.00534097291529" lon="6.93269994109869"><ele>1794.5999755859375</ele><time>2024-07-08T08:08:05.000Z</time></trkpt>
        <trkpt lat="46.0053491871804" lon="6.932686697691679"><ele>1795.5999755859375</ele><time>2024-07-08T08:08:07.000Z</time></trkpt>
        <trkpt lat="46.005362598225474" lon="6.932685859501362"><ele>1796.4000244140625</ele><time>2024-07-08T08:08:09.000Z</time></trkpt>
        <trkpt lat="46.00538128986955" lon="6.932692481204867"><ele>1797.199951171875</ele><time>2024-07-08T08:08:12.000Z</time></trkpt>
        <trkpt lat="46.005405597388744" lon="6.932686697691679"><ele>1799</ele><time>2024-07-08T08:08:16.000Z</time></trkpt>
        <trkpt lat="46.005421271547675" lon="6.932694911956787"><ele>1799.4000244140625</ele><time>2024-07-08T08:08:19.000Z</time></trkpt>
        <trkpt lat="46.00545312277973" lon="6.932717710733414"><ele>1799.800048828125</ele><time>2024-07-08T08:08:25.000Z</time></trkpt>
        <trkpt lat="46.00549545139074" lon="6.932775964960456"><ele>1799</ele><time>2024-07-08T08:08:33.000Z</time></trkpt>
        <trkpt lat="46.00550106726587" lon="6.932780658826232"><ele>1799</ele><time>2024-07-08T08:08:34.000Z</time></trkpt>
        <trkpt lat="46.00555395707488" lon="6.932802703231573"><ele>1800.5999755859375</ele><time>2024-07-08T08:08:43.000Z</time></trkpt>
        <trkpt lat="46.0055997222662" lon="6.932811504229903"><ele>1802.5999755859375</ele><time>2024-07-08T08:08:52.000Z</time></trkpt>
        <trkpt lat="46.00555865094066" lon="6.932728439569473"><ele>1805.4000244140625</ele><time>2024-07-08T08:09:02.000Z</time></trkpt>
        <trkpt lat="46.00555353797972" lon="6.932604303583503"><ele>1814</ele><time>2024-07-08T08:09:12.000Z</time></trkpt>
        <trkpt lat="46.00552621297538" lon="6.932554934173822"><ele>1814.199951171875</ele><time>2024-07-08T08:09:17.000Z</time></trkpt>
        <trkpt lat="46.005498049780726" lon="6.932540098205209"><ele>1812.800048828125</ele><time>2024-07-08T08:09:21.000Z</time></trkpt>
        <trkpt lat="46.00547198206186" lon="6.932478742673993"><ele>1813.5999755859375</ele><time>2024-07-08T08:09:30.000Z</time></trkpt>
        <trkpt lat="46.00546661764383" lon="6.932406909763813"><ele>1816.5999755859375</ele><time>2024-07-08T08:09:39.000Z</time></trkpt>
        <trkpt lat="46.00544004701078" lon="6.9323696102947"><ele>1816.4000244140625</ele><time>2024-07-08T08:09:44.000Z</time></trkpt>
        <trkpt lat="46.00547432899475" lon="6.9323711190372705"><ele>1819</ele><time>2024-07-08T08:09:48.000Z</time></trkpt>
        <trkpt lat="46.00548606365919" lon="6.932391067966819"><ele>1819</ele><time>2024-07-08T08:09:50.000Z</time></trkpt>
        <trkpt lat="46.00550852715969" lon="6.932440772652626"><ele>1818.199951171875</ele><time>2024-07-08T08:09:53.000Z</time></trkpt>
        <trkpt lat="46.005510622635484" lon="6.932452591136098"><ele>1817.800048828125</ele><time>2024-07-08T08:09:54.000Z</time></trkpt>
        <trkpt lat="46.00552319549024" lon="6.932464325800538"><ele>1818.199951171875</ele><time>2024-07-08T08:09:56.000Z</time></trkpt>
        <trkpt lat="46.00553199648857" lon="6.932447561994195"><ele>1819.800048828125</ele><time>2024-07-08T08:10:03.000Z</time></trkpt>
        <trkpt lat="46.00552353076637" lon="6.932394923642278"><ele>1821.800048828125</ele><time>2024-07-08T08:10:08.000Z</time></trkpt>
        <trkpt lat="46.00552110001445" lon="6.9323826022446156"><ele>1822.4000244140625</ele><time>2024-07-08T08:10:09.000Z</time></trkpt>
        <trkpt lat="46.00551841780543" lon="6.932373801246285"><ele>1822.5999755859375</ele><time>2024-07-08T08:10:10.000Z</time></trkpt>
        <trkpt lat="46.005516992881894" lon="6.93236374296248"><ele>1823</ele><time>2024-07-08T08:10:11.000Z</time></trkpt>
        <trkpt lat="46.00551255047321" lon="6.932351505383849"><ele>1823.4000244140625</ele><time>2024-07-08T08:10:13.000Z</time></trkpt>
        <trkpt lat="46.00551431067288" lon="6.932298950850964"><ele>1825.199951171875</ele><time>2024-07-08T08:10:20.000Z</time></trkpt>
        <trkpt lat="46.00550492294133" lon="6.93220934830606"><ele>1827</ele><time>2024-07-08T08:10:29.000Z</time></trkpt>
        <trkpt lat="46.005489164963365" lon="6.932140281423926"><ele>1827.5999755859375</ele><time>2024-07-08T08:10:37.000Z</time></trkpt>
        <trkpt lat="46.00545655936003" lon="6.93204564973712"><ele>1828.5999755859375</ele><time>2024-07-08T08:10:48.000Z</time></trkpt>
        <trkpt lat="46.005433006212115" lon="6.9319485034793615"><ele>1829.199951171875</ele><time>2024-07-08T08:10:58.000Z</time></trkpt>
        <trkpt lat="46.00540593266487" lon="6.931856721639633"><ele>1829.800048828125</ele><time>2024-07-08T08:11:06.000Z</time></trkpt>
        <trkpt lat="46.005389085039496" lon="6.931781284511089"><ele>1831.199951171875</ele><time>2024-07-08T08:11:13.000Z</time></trkpt>
        <trkpt lat="46.00537600927055" lon="6.931698136031628"><ele>1833.199951171875</ele><time>2024-07-08T08:11:22.000Z</time></trkpt>
        <trkpt lat="46.00536083802581" lon="6.931617921218276"><ele>1834.800048828125</ele><time>2024-07-08T08:11:30.000Z</time></trkpt>
        <trkpt lat="46.005348432809114" lon="6.931536449119449"><ele>1836.4000244140625</ele><time>2024-07-08T08:11:37.000Z</time></trkpt>
        <trkpt lat="46.00530761294067" lon="6.931455312296748"><ele>1836.199951171875</ele><time>2024-07-08T08:11:45.000Z</time></trkpt>
        <trkpt lat="46.00526184774935" lon="6.931385155767202"><ele>1835.199951171875</ele><time>2024-07-08T08:11:53.000Z</time></trkpt>
        <trkpt lat="46.00520946085453" lon="6.931346096098423"><ele>1833.199951171875</ele><time>2024-07-08T08:12:01.000Z</time></trkpt>
        <trkpt lat="46.005177861079574" lon="6.931273005902767"><ele>1833.199951171875</ele><time>2024-07-08T08:12:08.000Z</time></trkpt>
        <trkpt lat="46.00517274811864" lon="6.931135123595595"><ele>1833</ele><time>2024-07-08T08:12:19.000Z</time></trkpt>
        <trkpt lat="46.005166210234165" lon="6.931104278191924"><ele>1832.5999755859375</ele><time>2024-07-08T08:12:23.000Z</time></trkpt>
        <trkpt lat="46.00516587495804" lon="6.931077791377902"><ele>1832.5999755859375</ele><time>2024-07-08T08:12:26.000Z</time></trkpt>
        <trkpt lat="46.005162773653865" lon="6.93100486882031"><ele>1832.199951171875</ele><time>2024-07-08T08:12:32.000Z</time></trkpt>
        <trkpt lat="46.00516092963517" lon="6.93099464289844"><ele>1832</ele><time>2024-07-08T08:12:33.000Z</time></trkpt>
        <trkpt lat="46.00515020079911" lon="6.930906046181917"><ele>1830.199951171875</ele><time>2024-07-08T08:12:41.000Z</time></trkpt>
        <trkpt lat="46.005144165828824" lon="6.930862879380584"><ele>1829</ele><time>2024-07-08T08:12:46.000Z</time></trkpt>
        <trkpt lat="46.00514559075236" lon="6.930850055068731"><ele>1828.5999755859375</ele><time>2024-07-08T08:12:47.000Z</time></trkpt>
        <trkpt lat="46.005141818895936" lon="6.9308285135775805"><ele>1828</ele><time>2024-07-08T08:12:49.000Z</time></trkpt>
        <trkpt lat="46.005145255476236" lon="6.930815186351538"><ele>1827.800048828125</ele><time>2024-07-08T08:12:50.000Z</time></trkpt>
        <trkpt lat="46.00516168400645" lon="6.9307793118059635"><ele>1827.5999755859375</ele><time>2024-07-08T08:12:54.000Z</time></trkpt>
        <trkpt lat="46.00517970509827" lon="6.930774115025997"><ele>1828.4000244140625</ele><time>2024-07-08T08:12:56.000Z</time></trkpt>
        <trkpt lat="46.00520158186555" lon="6.930781155824661"><ele>1829.5999755859375</ele><time>2024-07-08T08:12:58.000Z</time></trkpt>
        <trkpt lat="46.00522345863283" lon="6.930788028985262"><ele>1830.800048828125</ele><time>2024-07-08T08:13:00.000Z</time></trkpt>
        <trkpt lat="46.00526235066354" lon="6.930810576304793"><ele>1833.199951171875</ele><time>2024-07-08T08:13:06.000Z</time></trkpt>
        <trkpt lat="46.00528615526855" lon="6.9308623764663935"><ele>1835.5999755859375</ele><time>2024-07-08T08:13:12.000Z</time></trkpt>
        <trkpt lat="46.005286909639835" lon="6.930873524397612"><ele>1835.800048828125</ele><time>2024-07-08T08:13:13.000Z</time></trkpt>
        <trkpt lat="46.00528875365853" lon="6.9309042021632195"><ele>1836.800048828125</ele><time>2024-07-08T08:13:16.000Z</time></trkpt>
        <trkpt lat="46.005292274057865" lon="6.930954661220312"><ele>1838.199951171875</ele><time>2024-07-08T08:13:22.000Z</time></trkpt>
        <trkpt lat="46.00533787161112" lon="6.931023728102446"><ele>1840.199951171875</ele><time>2024-07-08T08:13:31.000Z</time></trkpt>
        <trkpt lat="46.00538296625018" lon="6.931051639840007"><ele>1842.4000244140625</ele><time>2024-07-08T08:13:41.000Z</time></trkpt>
        <trkpt lat="46.005445243790746" lon="6.931095477193594"><ele>1845.199951171875</ele><time>2024-07-08T08:13:50.000Z</time></trkpt>
        <trkpt lat="46.00548690184951" lon="6.931104864925146"><ele>1847</ele><time>2024-07-08T08:13:58.000Z</time></trkpt>
        <trkpt lat="46.00549905560911" lon="6.93106010556221"><ele>1847.4000244140625</ele><time>2024-07-08T08:14:05.000Z</time></trkpt>
        <trkpt lat="46.0055185854435" lon="6.93096823990345"><ele>1849</ele><time>2024-07-08T08:14:13.000Z</time></trkpt>
        <trkpt lat="46.005542390048504" lon="6.930890288203955"><ele>1850.4000244140625</ele><time>2024-07-08T08:14:20.000Z</time></trkpt>
        <trkpt lat="46.00554616190493" lon="6.930777886882424"><ele>1850.199951171875</ele><time>2024-07-08T08:14:29.000Z</time></trkpt>
        <trkpt lat="46.00554314441979" lon="6.9307307805866"><ele>1848.5999755859375</ele><time>2024-07-08T08:14:33.000Z</time></trkpt>
        <trkpt lat="46.00555781275034" lon="6.930697001516819"><ele>1847.800048828125</ele><time>2024-07-08T08:14:36.000Z</time></trkpt>
        <trkpt lat="46.00558723323047" lon="6.930666910484433"><ele>1847</ele><time>2024-07-08T08:14:41.000Z</time></trkpt>
        <trkpt lat="46.00560424849391" lon="6.930657522752881"><ele>1846.800048828125</ele><time>2024-07-08T08:14:44.000Z</time></trkpt>
        <trkpt lat="46.005625454708934" lon="6.930647632107139"><ele>1846.5999755859375</ele><time>2024-07-08T08:14:49.000Z</time></trkpt>
        <trkpt lat="46.005637692287564" lon="6.930614775046706"><ele>1845.199951171875</ele><time>2024-07-08T08:14:55.000Z</time></trkpt>
        <trkpt lat="46.00567549467087" lon="6.930586528033018"><ele>1844.199951171875</ele><time>2024-07-08T08:15:01.000Z</time></trkpt>
        <trkpt lat="46.005732575431466" lon="6.930599687620997"><ele>1846.199951171875</ele><time>2024-07-08T08:15:11.000Z</time></trkpt>
        <trkpt lat="46.00577297620475" lon="6.930572614073753"><ele>1846</ele><time>2024-07-08T08:15:18.000Z</time></trkpt>
        <trkpt lat="46.00577247329056" lon="6.930623408406973"><ele>1848.5999755859375</ele><time>2024-07-08T08:15:24.000Z</time></trkpt>
        <trkpt lat="46.00577624514699" lon="6.930677890777588"><ele>1851.4000244140625</ele><time>2024-07-08T08:15:33.000Z</time></trkpt>
        <trkpt lat="46.00580843165517" lon="6.930662048980594"><ele>1851.5999755859375</ele><time>2024-07-08T08:15:39.000Z</time></trkpt>
        <trkpt lat="46.00582083687186" lon="6.930653415620327"><ele>1851.4000244140625</ele><time>2024-07-08T08:15:43.000Z</time></trkpt>
        <trkpt lat="46.005850341171026" lon="6.930622318759561"><ele>1850.800048828125</ele><time>2024-07-08T08:15:54.000Z</time></trkpt>
        <trkpt lat="46.00588286295533" lon="6.9305928982794285"><ele>1850.199951171875</ele><time>2024-07-08T08:16:02.000Z</time></trkpt>
        <trkpt lat="46.00592284463346" lon="6.930528189986944"><ele>1845.800048828125</ele><time>2024-07-08T08:16:09.000Z</time></trkpt>
        <trkpt lat="46.005989983677864" lon="6.930493908002973"><ele>1844.5999755859375</ele><time>2024-07-08T08:16:16.000Z</time></trkpt>
        <trkpt lat="46.00602803751826" lon="6.930485358461738"><ele>1847</ele><time>2024-07-08T08:16:23.000Z</time></trkpt>
        <trkpt lat="46.006052512675524" lon="6.930497512221336"><ele>1849.800048828125</ele><time>2024-07-08T08:16:30.000Z</time></trkpt>
        <trkpt lat="46.00606986321509" lon="6.930519221350551"><ele>1852.800048828125</ele><time>2024-07-08T08:16:38.000Z</time></trkpt>
        <trkpt lat="46.00612183101475" lon="6.930495835840702"><ele>1855</ele><time>2024-07-08T08:16:47.000Z</time></trkpt>
        <trkpt lat="46.006160555407405" lon="6.930503798648715"><ele>1858.5999755859375</ele><time>2024-07-08T08:16:54.000Z</time></trkpt>
        <trkpt lat="46.00618410855532" lon="6.930545708164573"><ele>1863.5999755859375</ele><time>2024-07-08T08:17:00.000Z</time></trkpt>
        <trkpt lat="46.00617597810924" lon="6.930566662922502"><ele>1864.5999755859375</ele><time>2024-07-08T08:17:06.000Z</time></trkpt>
        <trkpt lat="46.00618561729789" lon="6.930600358173251"><ele>1868</ele><time>2024-07-08T08:17:13.000Z</time></trkpt>
        <trkpt lat="46.00619466975331" lon="6.9306117575615644"><ele>1869.5999755859375</ele><time>2024-07-08T08:17:21.000Z</time></trkpt>
        <trkpt lat="46.0062075778842" lon="6.930577056482434"><ele>1867.800048828125</ele><time>2024-07-08T08:17:28.000Z</time></trkpt>
        <trkpt lat="46.00623540580273" lon="6.930587450042367"><ele>1870.800048828125</ele><time>2024-07-08T08:17:38.000Z</time></trkpt>
        <trkpt lat="46.006272034719586" lon="6.930602118372917"><ele>1872.800048828125</ele><time>2024-07-08T08:17:48.000Z</time></trkpt>
        <trkpt lat="46.006264155730605" lon="6.930650398135185"><ele>1876.800048828125</ele><time>2024-07-08T08:17:56.000Z</time></trkpt>
        <trkpt lat="46.00629332475364" lon="6.930678142234683"><ele>1878.199951171875</ele><time>2024-07-08T08:18:04.000Z</time></trkpt>
        <trkpt lat="46.006360882893205" lon="6.930656097829342"><ele>1875.199951171875</ele><time>2024-07-08T08:18:16.000Z</time></trkpt>
        <trkpt lat="46.00639290176332" lon="6.930674035102129"><ele>1875.800048828125</ele><time>2024-07-08T08:18:22.000Z</time></trkpt>
        <trkpt lat="46.00642316043377" lon="6.9306830037385225"><ele>1875.5999755859375</ele><time>2024-07-08T08:18:29.000Z</time></trkpt>
        <trkpt lat="46.006478145718575" lon="6.930706137791276"><ele>1875.5999755859375</ele><time>2024-07-08T08:18:38.000Z</time></trkpt>
        <trkpt lat="46.006519636139274" lon="6.930746370926499"><ele>1876.800048828125</ele><time>2024-07-08T08:18:45.000Z</time></trkpt>
        <trkpt lat="46.00660219788551" lon="6.930747628211975"><ele>1875.5999755859375</ele><time>2024-07-08T08:18:55.000Z</time></trkpt>
        <trkpt lat="46.00664201192558" lon="6.930746706202626"><ele>1874.4000244140625</ele><time>2024-07-08T08:19:02.000Z</time></trkpt>
        <trkpt lat="46.00667679682374" lon="6.930769504979253"><ele>1874.800048828125</ele><time>2024-07-08T08:19:10.000Z</time></trkpt>
        <trkpt lat="46.00668962113559" lon="6.93082507699728"><ele>1878.199951171875</ele><time>2024-07-08T08:19:19.000Z</time></trkpt>
        <trkpt lat="46.00665986537933" lon="6.930890707299113"><ele>1882</ele><time>2024-07-08T08:19:27.000Z</time></trkpt>
        <trkpt lat="46.00664000026882" lon="6.930957846343517"><ele>1885.5999755859375</ele><time>2024-07-08T08:19:36.000Z</time></trkpt>
        <trkpt lat="46.006664810702205" lon="6.930952901020646"><ele>1885</ele><time>2024-07-08T08:19:43.000Z</time></trkpt>
        <trkpt lat="46.00668375380337" lon="6.9309477880597115"><ele>1884.5999755859375</ele><time>2024-07-08T08:19:49.000Z</time></trkpt>
        <trkpt lat="46.00671962834895" lon="6.930970419198275"><ele>1884.800048828125</ele><time>2024-07-08T08:19:59.000Z</time></trkpt>
        <trkpt lat="46.006749887019396" lon="6.930982908234"><ele>1884.5999755859375</ele><time>2024-07-08T08:20:07.000Z</time></trkpt>
        <trkpt lat="46.006773272529244" lon="6.931055160239339"><ele>1886</ele><time>2024-07-08T08:20:17.000Z</time></trkpt>
        <trkpt lat="46.006798166781664" lon="6.931084832176566"><ele>1886.4000244140625</ele><time>2024-07-08T08:20:24.000Z</time></trkpt>
        <trkpt lat="46.00682666525245" lon="6.931136129423976"><ele>1887.800048828125</ele><time>2024-07-08T08:20:33.000Z</time></trkpt>
        <trkpt lat="46.00684049539268" lon="6.931175272911787"><ele>1889</ele><time>2024-07-08T08:20:41.000Z</time></trkpt>
        <trkpt lat="46.00687821395695" lon="6.931192288175225"><ele>1890</ele><time>2024-07-08T08:20:48.000Z</time></trkpt>
        <trkpt lat="46.006894055753946" lon="6.931202346459031"><ele>1890.5999755859375</ele><time>2024-07-08T08:20:54.000Z</time></trkpt>
        <trkpt lat="46.006915010511875" lon="6.931237047538161"><ele>1891.800048828125</ele><time>2024-07-08T08:21:01.000Z</time></trkpt>
        <trkpt lat="46.006906628608704" lon="6.931276023387909"><ele>1893.800048828125</ele><time>2024-07-08T08:21:09.000Z</time></trkpt>
        <trkpt lat="46.006902856752276" lon="6.931351460516453"><ele>1897.4000244140625</ele><time>2024-07-08T08:21:20.000Z</time></trkpt>
        <trkpt lat="46.00691073574126" lon="6.93140409886837"><ele>1900</ele><time>2024-07-08T08:21:28.000Z</time></trkpt>
        <trkpt lat="46.00691484287381" lon="6.931447684764862"><ele>1902</ele><time>2024-07-08T08:21:37.000Z</time></trkpt>
        <trkpt lat="46.00693001411855" lon="6.931508369743824"><ele>1905.199951171875</ele><time>2024-07-08T08:21:50.000Z</time></trkpt>
        <trkpt lat="46.006956584751606" lon="6.9315482676029205"><ele>1907.199951171875</ele><time>2024-07-08T08:22:02.000Z</time></trkpt>
        <trkpt lat="46.00693931803107" lon="6.931609120219946"><ele>1909.4000244140625</ele><time>2024-07-08T08:22:13.000Z</time></trkpt>
        <trkpt lat="46.00697209127247" lon="6.931640719994903"><ele>1911.199951171875</ele><time>2024-07-08T08:22:20.000Z</time></trkpt>
        <trkpt lat="46.007018610835075" lon="6.931698638945818"><ele>1914.4000244140625</ele><time>2024-07-08T08:22:30.000Z</time></trkpt>
        <trkpt lat="46.00704174488783" lon="6.931744487956166"><ele>1916.5999755859375</ele><time>2024-07-08T08:22:36.000Z</time></trkpt>
        <trkpt lat="46.007037218660116" lon="6.931768041104078"><ele>1917.5999755859375</ele><time>2024-07-08T08:22:39.000Z</time></trkpt>
        <trkpt lat="46.00705448538065" lon="6.931820930913091"><ele>1919.199951171875</ele><time>2024-07-08T08:22:45.000Z</time></trkpt>
        <trkpt lat="46.00708834826946" lon="6.931864097714424"><ele>1920.5999755859375</ele><time>2024-07-08T08:22:53.000Z</time></trkpt>
        <trkpt lat="46.00709061138332" lon="6.931863594800234"><ele>1920.800048828125</ele><time>2024-07-08T08:22:54.000Z</time></trkpt>
        <trkpt lat="46.00709220394492" lon="6.931863846257329"><ele>1920.800048828125</ele><time>2024-07-08T08:22:56.000Z</time></trkpt>
        <trkpt lat="46.00709111429751" lon="6.931866109371185"><ele>1920.800048828125</ele><time>2024-07-08T08:22:59.000Z</time></trkpt>
        <trkpt lat="46.00708734244108" lon="6.931866696104407"><ele>1920.800048828125</ele><time>2024-07-08T08:23:06.000Z</time></trkpt>
        <trkpt lat="46.00708734244108" lon="6.931866696104407"><ele>1920.800048828125</ele><time>2024-07-08T08:23:08.000Z</time></trkpt>
        <trkpt lat="46.00708734244108" lon="6.931866696104407"><ele>1920.800048828125</ele><time>2024-07-08T08:23:10.000Z</time></trkpt>
        <trkpt lat="46.007087510079145" lon="6.931866696104407"><ele>1920.800048828125</ele><time>2024-07-08T08:23:17.000Z</time></trkpt>
        <trkpt lat="46.00708767771721" lon="6.931878849864006"><ele>1921</ele><time>2024-07-08T08:23:36.000Z</time></trkpt>
        <trkpt lat="46.00708767771721" lon="6.931883627548814"><ele>1921.199951171875</ele><time>2024-07-08T08:23:39.000Z</time></trkpt>
        <trkpt lat="46.00708482787013" lon="6.931886058300734"><ele>1921.199951171875</ele><time>2024-07-08T08:23:43.000Z</time></trkpt>
        <trkpt lat="46.00708172656596" lon="6.931893099099398"><ele>1921.199951171875</ele><time>2024-07-08T08:23:52.000Z</time></trkpt>
        <trkpt lat="46.00708172656596" lon="6.931893853470683"><ele>1921.199951171875</ele><time>2024-07-08T08:23:54.000Z</time></trkpt>
        <trkpt lat="46.00708172656596" lon="6.931894272565842"><ele>1921.199951171875</ele><time>2024-07-08T08:24:00.000Z</time></trkpt>
        <trkpt lat="46.00708298385143" lon="6.931894272565842"><ele>1921.199951171875</ele><time>2024-07-08T08:24:04.000Z</time></trkpt>
        <trkpt lat="46.00708985701203" lon="6.931879771873355"><ele>1921</ele><time>2024-07-08T08:24:20.000Z</time></trkpt>
        <trkpt lat="46.00709077902138" lon="6.931891171261668"><ele>1921.199951171875</ele><time>2024-07-08T08:24:56.000Z</time></trkpt>
        <trkpt lat="46.007090862840414" lon="6.9319013971835375"><ele>1921.5999755859375</ele><time>2024-07-08T08:25:11.000Z</time></trkpt>
        <trkpt lat="46.007107039913535" lon="6.9319278839975595"><ele>1922.199951171875</ele><time>2024-07-08T08:25:21.000Z</time></trkpt>
        <trkpt lat="46.00710050202906" lon="6.9319031573832035"><ele>1921.5999755859375</ele><time>2024-07-08T08:25:43.000Z</time></trkpt>
        <trkpt lat="46.007099747657776" lon="6.931899720802903"><ele>1921.5999755859375</ele><time>2024-07-08T08:26:02.000Z</time></trkpt>
        <trkpt lat="46.00709304213524" lon="6.931899804621935"><ele>1921.5999755859375</ele><time>2024-07-08T08:26:12.000Z</time></trkpt>
        <trkpt lat="46.0070900246501" lon="6.931899720802903"><ele>1921.4000244140625</ele><time>2024-07-08T08:26:18.000Z</time></trkpt>
        <trkpt lat="46.007088515907526" lon="6.931898882612586"><ele>1921.4000244140625</ele><time>2024-07-08T08:26:43.000Z</time></trkpt>
        <trkpt lat="46.00708834826946" lon="6.9318990502506495"><ele>1921.4000244140625</ele><time>2024-07-08T08:26:47.000Z</time></trkpt>
        <trkpt lat="46.007088012993336" lon="6.931898714974523"><ele>1921.4000244140625</ele><time>2024-07-08T08:26:58.000Z</time></trkpt>
        <trkpt lat="46.00708759389818" lon="6.9318984635174274"><ele>1921.4000244140625</ele><time>2024-07-08T08:27:11.000Z</time></trkpt>
        <trkpt lat="46.007097819820046" lon="6.9318957813084126"><ele>1921.4000244140625</ele><time>2024-07-08T08:27:43.000Z</time></trkpt>
        <trkpt lat="46.007161773741245" lon="6.931904247030616"><ele>1922</ele><time>2024-07-08T08:27:47.000Z</time></trkpt>
        <trkpt lat="46.007264200598" lon="6.931913802400231"><ele>1922.199951171875</ele><time>2024-07-08T08:27:54.000Z</time></trkpt>
        <trkpt lat="46.00732044316828" lon="6.931949509307742"><ele>1923</ele><time>2024-07-08T08:28:03.000Z</time></trkpt>
        <trkpt lat="46.007363526150584" lon="6.93196065723896"><ele>1922.800048828125</ele><time>2024-07-08T08:28:09.000Z</time></trkpt>
        <trkpt lat="46.00736570544541" lon="6.931963507086039"><ele>1923</ele><time>2024-07-08T08:28:10.000Z</time></trkpt>
        <trkpt lat="46.00737316533923" lon="6.9319685362279415"><ele>1923.199951171875</ele><time>2024-07-08T08:28:11.000Z</time></trkpt>
        <trkpt lat="46.00739906542003" lon="6.931976331397891"><ele>1923.800048828125</ele><time>2024-07-08T08:28:15.000Z</time></trkpt>
        <trkpt lat="46.00743527524173" lon="6.931984378024936"><ele>1924.4000244140625</ele><time>2024-07-08T08:28:19.000Z</time></trkpt>
        <trkpt lat="46.007442735135555" lon="6.931988149881363"><ele>1924.5999755859375</ele><time>2024-07-08T08:28:20.000Z</time></trkpt>
        <trkpt lat="46.0074973013252" lon="6.931993011385202"><ele>1925.199951171875</ele><time>2024-07-08T08:28:28.000Z</time></trkpt>
        <trkpt lat="46.00751414895058" lon="6.932012205943465"><ele>1926</ele><time>2024-07-08T08:28:30.000Z</time></trkpt>
        <trkpt lat="46.00755488499999" lon="6.932049421593547"><ele>1927.800048828125</ele><time>2024-07-08T08:28:36.000Z</time></trkpt>
        <trkpt lat="46.00756863132119" lon="6.932054366916418"><ele>1928</ele><time>2024-07-08T08:28:37.000Z</time></trkpt>
        <trkpt lat="46.007609283551574" lon="6.932085547596216"><ele>1929.5999755859375</ele><time>2024-07-08T08:28:42.000Z</time></trkpt>
        <trkpt lat="46.007626885548234" lon="6.932095438241959"><ele>1930.199951171875</ele><time>2024-07-08T08:28:44.000Z</time></trkpt>
        <trkpt lat="46.00765077397227" lon="6.932122595608234"><ele>1931.4000244140625</ele><time>2024-07-08T08:28:49.000Z</time></trkpt>
        <trkpt lat="46.00769896991551" lon="6.932165343314409"><ele>1933</ele><time>2024-07-08T08:28:58.000Z</time></trkpt>
        <trkpt lat="46.007742220535874" lon="6.932203900068998"><ele>1934.5999755859375</ele><time>2024-07-08T08:29:05.000Z</time></trkpt>
        <trkpt lat="46.00775194354355" lon="6.932216640561819"><ele>1935</ele><time>2024-07-08T08:29:07.000Z</time></trkpt>
        <trkpt lat="46.00776828825474" lon="6.932243211194873"><ele>1936</ele><time>2024-07-08T08:29:13.000Z</time></trkpt>
        <trkpt lat="46.007804330438375" lon="6.932305991649628"><ele>1938.5999755859375</ele><time>2024-07-08T08:29:23.000Z</time></trkpt>
        <trkpt lat="46.007837522774935" lon="6.932381261140108"><ele>1941.4000244140625</ele><time>2024-07-08T08:29:34.000Z</time></trkpt>
        <trkpt lat="46.00785193964839" lon="6.932432139292359"><ele>1943.199951171875</ele><time>2024-07-08T08:29:41.000Z</time></trkpt>
        <trkpt lat="46.007860070094466" lon="6.932442029938102"><ele>1943.5999755859375</ele><time>2024-07-08T08:29:44.000Z</time></trkpt>
        <trkpt lat="46.00787297822535" lon="6.932500284165144"><ele>1945.5999755859375</ele><time>2024-07-08T08:29:53.000Z</time></trkpt>
        <trkpt lat="46.007879599928856" lon="6.932504894211888"><ele>1945.800048828125</ele><time>2024-07-08T08:29:55.000Z</time></trkpt>
        <trkpt lat="46.00790709257126" lon="6.932477233931422"><ele>1944.800048828125</ele><time>2024-07-08T08:30:00.000Z</time></trkpt>
        <trkpt lat="46.0079394467175" lon="6.932454016059637"><ele>1944</ele><time>2024-07-08T08:30:05.000Z</time></trkpt>
        <trkpt lat="46.007969453930855" lon="6.932455189526081"><ele>1944.199951171875</ele><time>2024-07-08T08:30:11.000Z</time></trkpt>
        <trkpt lat="46.00800038315356" lon="6.932449406012893"><ele>1944.199951171875</ele><time>2024-07-08T08:30:18.000Z</time></trkpt>
        <trkpt lat="46.008008094504476" lon="6.932450830936432"><ele>1944.199951171875</ele><time>2024-07-08T08:30:19.000Z</time></trkpt>
        <trkpt lat="46.008029552176595" lon="6.93250154145062"><ele>1946.199951171875</ele><time>2024-07-08T08:30:28.000Z</time></trkpt>
        <trkpt lat="46.00802142173052" lon="6.93251084536314"><ele>1946.4000244140625</ele><time>2024-07-08T08:30:29.000Z</time></trkpt>
        <trkpt lat="46.00799719803035" lon="6.932568764314055"><ele>1948.4000244140625</ele><time>2024-07-08T08:30:37.000Z</time></trkpt>
        <trkpt lat="46.00801379419863" lon="6.932601202279329"><ele>1949.5999755859375</ele><time>2024-07-08T08:30:45.000Z</time></trkpt>
        <trkpt lat="46.0080639179796" lon="6.932593574747443"><ele>1949.5999755859375</ele><time>2024-07-08T08:30:54.000Z</time></trkpt>
        <trkpt lat="46.008068192750216" lon="6.932597178965807"><ele>1949.800048828125</ele><time>2024-07-08T08:30:55.000Z</time></trkpt>
        <trkpt lat="46.008099457249045" lon="6.93261151202023"><ele>1950.4000244140625</ele><time>2024-07-08T08:31:02.000Z</time></trkpt>
        <trkpt lat="46.008109180256724" lon="6.932623665779829"><ele>1950.800048828125</ele><time>2024-07-08T08:31:04.000Z</time></trkpt>
        <trkpt lat="46.00809819996357" lon="6.932669263333082"><ele>1952</ele><time>2024-07-08T08:31:11.000Z</time></trkpt>
        <trkpt lat="46.00809778086841" lon="6.9327065628021955"><ele>1953.199951171875</ele><time>2024-07-08T08:31:18.000Z</time></trkpt>
        <trkpt lat="46.008109683170915" lon="6.932760793715715"><ele>1954.800048828125</ele><time>2024-07-08T08:31:27.000Z</time></trkpt>
        <trkpt lat="46.00814622826874" lon="6.932798428460956"><ele>1956</ele><time>2024-07-08T08:31:37.000Z</time></trkpt>
        <trkpt lat="46.00817330181599" lon="6.932839835062623"><ele>1957.199951171875</ele><time>2024-07-08T08:31:44.000Z</time></trkpt>
        <trkpt lat="46.00821169093251" lon="6.932837907224894"><ele>1957.199951171875</ele><time>2024-07-08T08:31:52.000Z</time></trkpt>
        <trkpt lat="46.00823390297592" lon="6.932854922488332"><ele>1957.4000244140625</ele><time>2024-07-08T08:31:58.000Z</time></trkpt>
        <trkpt lat="46.00825804285705" lon="6.932885684072971"><ele>1958.199951171875</ele><time>2024-07-08T08:32:04.000Z</time></trkpt>
        <trkpt lat="46.00826499983668" lon="6.932917786762118"><ele>1959.199951171875</ele><time>2024-07-08T08:32:08.000Z</time></trkpt>
        <trkpt lat="46.008274387568235" lon="6.932941423729062"><ele>1960</ele><time>2024-07-08T08:32:11.000Z</time></trkpt>
        <trkpt lat="46.00827757269144" lon="6.9329548347741365"><ele>1960.4000244140625</ele><time>2024-07-08T08:32:13.000Z</time></trkpt>
        <trkpt lat="46.00829458795488" lon="6.932997331023216"><ele>1961.800048828125</ele><time>2024-07-08T08:32:18.000Z</time></trkpt>
        <trkpt lat="46.00829970091581" lon="6.9330102391541"><ele>1962.199951171875</ele><time>2024-07-08T08:32:20.000Z</time></trkpt>
        <trkpt lat="46.00831747055054" lon="6.933036809787154"><ele>1962.800048828125</ele><time>2024-07-08T08:32:26.000Z</time></trkpt>
        <trkpt lat="46.00832258351147" lon="6.933032451197505"><ele>1962.800048828125</ele><time>2024-07-08T08:32:28.000Z</time></trkpt>
        <trkpt lat="46.00834362208843" lon="6.932997414842248"><ele>1961.5999755859375</ele><time>2024-07-08T08:32:35.000Z</time></trkpt>
        <trkpt lat="46.00836642086506" lon="6.933002695441246"><ele>1961.5999755859375</ele><time>2024-07-08T08:32:41.000Z</time></trkpt>
        <trkpt lat="46.00836876779795" lon="6.933006048202515"><ele>1961.5999755859375</ele><time>2024-07-08T08:32:42.000Z</time></trkpt>
        <trkpt lat="46.00836742669344" lon="6.933042844757438"><ele>1963</ele><time>2024-07-08T08:32:49.000Z</time></trkpt>
        <trkpt lat="46.008374048396945" lon="6.933061368763447"><ele>1963.5999755859375</ele><time>2024-07-08T08:32:52.000Z</time></trkpt>
        <trkpt lat="46.0083765629679" lon="6.933064134791493"><ele>1963.5999755859375</ele><time>2024-07-08T08:32:53.000Z</time></trkpt>
        <trkpt lat="46.00842224434018" lon="6.933079557493329"><ele>1964</ele><time>2024-07-08T08:33:03.000Z</time></trkpt>
        <trkpt lat="46.008482510223985" lon="6.933119874447584"><ele>1965</ele><time>2024-07-08T08:33:14.000Z</time></trkpt>
        <trkpt lat="46.00848955102265" lon="6.933170668780804"><ele>1967</ele><time>2024-07-08T08:33:22.000Z</time></trkpt>
        <trkpt lat="46.00853162817657" lon="6.933210901916027"><ele>1968.5999755859375</ele><time>2024-07-08T08:33:32.000Z</time></trkpt>
        <trkpt lat="46.008592983707786" lon="6.93324719555676"><ele>1970.199951171875</ele><time>2024-07-08T08:33:44.000Z</time></trkpt>
        <trkpt lat="46.008627684786916" lon="6.933297486975789"><ele>1972</ele><time>2024-07-08T08:33:54.000Z</time></trkpt>
        <trkpt lat="46.00866355933249" lon="6.9333212077617645"><ele>1973</ele><time>2024-07-08T08:34:02.000Z</time></trkpt>
        <trkpt lat="46.008690632879734" lon="6.9333642069250345"><ele>1974.5999755859375</ele><time>2024-07-08T08:34:08.000Z</time></trkpt>
        <trkpt lat="46.00870320573449" lon="6.933380635455251"><ele>1975.199951171875</ele><time>2024-07-08T08:34:10.000Z</time></trkpt>
        <trkpt lat="46.00872558541596" lon="6.933416677638888"><ele>1976.5999755859375</ele><time>2024-07-08T08:34:16.000Z</time></trkpt>
        <trkpt lat="46.008783839643" lon="6.933443583548069"><ele>1977.800048828125</ele><time>2024-07-08T08:34:25.000Z</time></trkpt>
        <trkpt lat="46.0088203009218" lon="6.9334673043340445"><ele>1979.199951171875</ele><time>2024-07-08T08:34:32.000Z</time></trkpt>
        <trkpt lat="46.00883362814784" lon="6.933526564389467"><ele>1982.199951171875</ele><time>2024-07-08T08:34:41.000Z</time></trkpt>
        <trkpt lat="46.00889028981328" lon="6.933561852201819"><ele>1984.4000244140625</ele><time>2024-07-08T08:34:50.000Z</time></trkpt>
        <trkpt lat="46.00891090929508" lon="6.933616250753403"><ele>1987.199951171875</ele><time>2024-07-08T08:34:56.000Z</time></trkpt>
        <trkpt lat="46.00891803391278" lon="6.933637037873268"><ele>1988</ele><time>2024-07-08T08:34:58.000Z</time></trkpt>
        <trkpt lat="46.008920297026634" lon="6.933647263795137"><ele>1988.4000244140625</ele><time>2024-07-08T08:34:59.000Z</time></trkpt>
        <trkpt lat="46.00893530063331" lon="6.933690262958407"><ele>1989.800048828125</ele><time>2024-07-08T08:35:06.000Z</time></trkpt>
        <trkpt lat="46.00897595286369" lon="6.933765867725015"><ele>1993</ele><time>2024-07-08T08:35:15.000Z</time></trkpt>
        <trkpt lat="46.00899246521294" lon="6.933808783069253"><ele>1994.4000244140625</ele><time>2024-07-08T08:35:21.000Z</time></trkpt>
        <trkpt lat="46.00902414880693" lon="6.933854296803474"><ele>1996.4000244140625</ele><time>2024-07-08T08:35:29.000Z</time></trkpt>
        <trkpt lat="46.009068908169866" lon="6.933918753638864"><ele>1998</ele><time>2024-07-08T08:35:39.000Z</time></trkpt>
        <trkpt lat="46.00911308079958" lon="6.933965273201466"><ele>1998.800048828125</ele><time>2024-07-08T08:35:47.000Z</time></trkpt>
        <trkpt lat="46.00914862006903" lon="6.9340206775814295"><ele>1999.800048828125</ele><time>2024-07-08T08:35:55.000Z</time></trkpt>
        <trkpt lat="46.00921676494181" lon="6.934026377275586"><ele>1999.800048828125</ele><time>2024-07-08T08:36:06.000Z</time></trkpt>
        <trkpt lat="46.00924987345934" lon="6.934064934030175"><ele>2000.800048828125</ele><time>2024-07-08T08:36:15.000Z</time></trkpt>
        <trkpt lat="46.009278958663344" lon="6.934126457199454"><ele>2002.4000244140625</ele><time>2024-07-08T08:36:22.000Z</time></trkpt>
        <trkpt lat="46.00930988788605" lon="6.934143304824829"><ele>2002.800048828125</ele><time>2024-07-08T08:36:27.000Z</time></trkpt>
        <trkpt lat="46.00937417708337" lon="6.934153279289603"><ele>2003</ele><time>2024-07-08T08:36:40.000Z</time></trkpt>
        <trkpt lat="46.00943762809038" lon="6.934185046702623"><ele>2003.5999755859375</ele><time>2024-07-08T08:36:50.000Z</time></trkpt>
        <trkpt lat="46.00944919511676" lon="6.934192422777414"><ele>2003.800048828125</ele><time>2024-07-08T08:36:52.000Z</time></trkpt>
        <trkpt lat="46.009496971964836" lon="6.934216478839517"><ele>2004.199951171875</ele><time>2024-07-08T08:37:00.000Z</time></trkpt>
        <trkpt lat="46.00954642519355" lon="6.934208013117313"><ele>2003.199951171875</ele><time>2024-07-08T08:37:07.000Z</time></trkpt>
        <trkpt lat="46.00955128669739" lon="6.9342088513076305"><ele>2003.199951171875</ele><time>2024-07-08T08:37:08.000Z</time></trkpt>
        <trkpt lat="46.00955564528704" lon="6.934214383363724"><ele>2003.4000244140625</ele><time>2024-07-08T08:37:09.000Z</time></trkpt>
        <trkpt lat="46.00955514237285" lon="6.934229638427496"><ele>2004</ele><time>2024-07-08T08:37:11.000Z</time></trkpt>
        <trkpt lat="46.009560003876686" lon="6.934244306758046"><ele>2004.5999755859375</ele><time>2024-07-08T08:37:13.000Z</time></trkpt>
        <trkpt lat="46.009570648893714" lon="6.93426501005888"><ele>2005.4000244140625</ele><time>2024-07-08T08:37:16.000Z</time></trkpt>
        <trkpt lat="46.00962454453111" lon="6.934292167425156"><ele>2006.199951171875</ele><time>2024-07-08T08:37:24.000Z</time></trkpt>
        <trkpt lat="46.00967349484563" lon="6.93431144580245"><ele>2007</ele><time>2024-07-08T08:37:30.000Z</time></trkpt>
        <trkpt lat="46.00968078710139" lon="6.934318151324987"><ele>2007.4000244140625</ele><time>2024-07-08T08:37:31.000Z</time></trkpt>
        <trkpt lat="46.00971020758152" lon="6.934359557926655"><ele>2008.800048828125</ele><time>2024-07-08T08:37:38.000Z</time></trkpt>
        <trkpt lat="46.0097146499902" lon="6.934364922344685"><ele>2009</ele><time>2024-07-08T08:37:39.000Z</time></trkpt>
        <trkpt lat="46.00978413596749" lon="6.934411861002445"><ele>2010.800048828125</ele><time>2024-07-08T08:37:48.000Z</time></trkpt>
        <trkpt lat="46.009825710207224" lon="6.934476736932993"><ele>2013</ele><time>2024-07-08T08:37:56.000Z</time></trkpt>
        <trkpt lat="46.00985026918352" lon="6.93449760787189"><ele>2013.800048828125</ele><time>2024-07-08T08:38:02.000Z</time></trkpt>
        <trkpt lat="46.00986963137984" lon="6.934503139927983"><ele>2014</ele><time>2024-07-08T08:38:05.000Z</time></trkpt>
        <trkpt lat="46.00989184342325" lon="6.93450540304184"><ele>2013.5999755859375</ele><time>2024-07-08T08:38:08.000Z</time></trkpt>
        <trkpt lat="46.00994070991874" lon="6.93454303778708"><ele>2014.199951171875</ele><time>2024-07-08T08:38:17.000Z</time></trkpt>
        <trkpt lat="46.00996082648635" lon="6.9345849473029375"><ele>2015.4000244140625</ele><time>2024-07-08T08:38:24.000Z</time></trkpt>
        <trkpt lat="46.00999888032675" lon="6.934637585654855"><ele>2016.5999755859375</ele><time>2024-07-08T08:38:32.000Z</time></trkpt>
        <trkpt lat="46.01005763746798" lon="6.934677315875888"><ele>2017.199951171875</ele><time>2024-07-08T08:38:41.000Z</time></trkpt>
        <trkpt lat="46.01010021753609" lon="6.93471210077405"><ele>2017.800048828125</ele><time>2024-07-08T08:38:48.000Z</time></trkpt>
        <trkpt lat="46.010123351588845" lon="6.934734731912613"><ele>2018.4000244140625</ele><time>2024-07-08T08:38:52.000Z</time></trkpt>
        <trkpt lat="46.01015109568834" lon="6.9347701873630285"><ele>2019.4000244140625</ele><time>2024-07-08T08:38:58.000Z</time></trkpt>
        <trkpt lat="46.01023357361555" lon="6.934798937290907"><ele>2020</ele><time>2024-07-08T08:39:08.000Z</time></trkpt>
        <trkpt lat="46.01028730161488" lon="6.934830537065864"><ele>2021</ele><time>2024-07-08T08:39:16.000Z</time></trkpt>
        <trkpt lat="46.01036064326763" lon="6.9348303694278"><ele>2020.800048828125</ele><time>2024-07-08T08:39:25.000Z</time></trkpt>
        <trkpt lat="46.0104002058506" lon="6.93489583209157"><ele>2023.199951171875</ele><time>2024-07-08T08:39:33.000Z</time></trkpt>
        <trkpt lat="46.01043775677681" lon="6.934949140995741"><ele>2025.199951171875</ele><time>2024-07-08T08:39:40.000Z</time></trkpt>
        <trkpt lat="46.01049458608031" lon="6.934955008327961"><ele>2025.199951171875</ele><time>2024-07-08T08:39:46.000Z</time></trkpt>
        <trkpt lat="46.01055049337447" lon="6.935003120452166"><ele>2026.800048828125</ele><time>2024-07-08T08:39:56.000Z</time></trkpt>
        <trkpt lat="46.010622661560774" lon="6.935008401051164"><ele>2026.5999755859375</ele><time>2024-07-08T08:40:06.000Z</time></trkpt>
        <trkpt lat="46.01069516502321" lon="6.935024745762348"><ele>2026.800048828125</ele><time>2024-07-08T08:40:14.000Z</time></trkpt>
        <trkpt lat="46.01070304401219" lon="6.935032457113266"><ele>2027.199951171875</ele><time>2024-07-08T08:40:15.000Z</time></trkpt>
        <trkpt lat="46.01078283973038" lon="6.935078473761678"><ele>2028.800048828125</ele><time>2024-07-08T08:40:24.000Z</time></trkpt>
        <trkpt lat="46.010800022631884" lon="6.935073863714933"><ele>2028.5999755859375</ele><time>2024-07-08T08:40:26.000Z</time></trkpt>
        <trkpt lat="46.01083899848163" lon="6.935074031352997"><ele>2028.4000244140625</ele><time>2024-07-08T08:40:31.000Z</time></trkpt>
        <trkpt lat="46.01087403483689" lon="6.935091633349657"><ele>2029.199951171875</ele><time>2024-07-08T08:40:35.000Z</time></trkpt>
        <trkpt lat="46.01092105731368" lon="6.935130944475532"><ele>2030.4000244140625</ele><time>2024-07-08T08:40:40.000Z</time></trkpt>
        <trkpt lat="46.010995907709" lon="6.935173189267516"><ele>2031.4000244140625</ele><time>2024-07-08T08:40:49.000Z</time></trkpt>
        <trkpt lat="46.01104360073805" lon="6.935193557292223"><ele>2031.800048828125</ele><time>2024-07-08T08:40:54.000Z</time></trkpt>
        <trkpt lat="46.01106815971434" lon="6.935226917266846"><ele>2032.5999755859375</ele><time>2024-07-08T08:40:59.000Z</time></trkpt>
        <trkpt lat="46.011083917692304" lon="6.935241669416428"><ele>2033</ele><time>2024-07-08T08:41:01.000Z</time></trkpt>
        <trkpt lat="46.011095233261585" lon="6.935288608074188"><ele>2034.199951171875</ele><time>2024-07-08T08:41:05.000Z</time></trkpt>
        <trkpt lat="46.01115273311734" lon="6.935314843431115"><ele>2034.800048828125</ele><time>2024-07-08T08:41:12.000Z</time></trkpt>
        <trkpt lat="46.01121190935373" lon="6.935356920585036"><ele>2036</ele><time>2024-07-08T08:41:19.000Z</time></trkpt>
        <trkpt lat="46.01121475920081" lon="6.935364715754986"><ele>2036.199951171875</ele><time>2024-07-08T08:41:20.000Z</time></trkpt>
        <trkpt lat="46.01122599095106" lon="6.935382569208741"><ele>2036.5999755859375</ele><time>2024-07-08T08:41:25.000Z</time></trkpt>
        <trkpt lat="46.01122548803687" lon="6.935381479561329"><ele>2036.5999755859375</ele><time>2024-07-08T08:41:38.000Z</time></trkpt>
        <trkpt lat="46.01122548803687" lon="6.935381479561329"><ele>2036.5999755859375</ele><time>2024-07-08T08:41:41.000Z</time></trkpt>
        <trkpt lat="46.01122548803687" lon="6.935382820665836"><ele>2036.5999755859375</ele><time>2024-07-08T08:41:50.000Z</time></trkpt>
        <trkpt lat="46.011222722008824" lon="6.93538399413228"><ele>2036.5999755859375</ele><time>2024-07-08T08:41:56.000Z</time></trkpt>
        <trkpt lat="46.011222722008824" lon="6.9353842455893755"><ele>2036.5999755859375</ele><time>2024-07-08T08:42:01.000Z</time></trkpt>
        <trkpt lat="46.011222722008824" lon="6.9353848323225975"><ele>2036.5999755859375</ele><time>2024-07-08T08:42:04.000Z</time></trkpt>
        <trkpt lat="46.011222722008824" lon="6.935386173427105"><ele>2036.5999755859375</ele><time>2024-07-08T08:42:08.000Z</time></trkpt>
        <trkpt lat="46.01122288964689" lon="6.935389442369342"><ele>2036.800048828125</ele><time>2024-07-08T08:42:20.000Z</time></trkpt>
        <trkpt lat="46.01122389547527" lon="6.935393633320928"><ele>2036.800048828125</ele><time>2024-07-08T08:42:42.000Z</time></trkpt>
        <trkpt lat="46.01122431457043" lon="6.93539422005415"><ele>2036.800048828125</ele><time>2024-07-08T08:42:47.000Z</time></trkpt>
        <trkpt lat="46.01122414693236" lon="6.935423891991377"><ele>2037.5999755859375</ele><time>2024-07-08T08:43:43.000Z</time></trkpt>
        <trkpt lat="46.01122146472335" lon="6.935415929183364"><ele>2037.4000244140625</ele><time>2024-07-08T08:44:03.000Z</time></trkpt>
        <trkpt lat="46.01122121326625" lon="6.935414839535952"><ele>2037.4000244140625</ele><time>2024-07-08T08:44:04.000Z</time></trkpt>
        <trkpt lat="46.011219285428524" lon="6.935410732403398"><ele>2037.199951171875</ele><time>2024-07-08T08:44:11.000Z</time></trkpt>
        <trkpt lat="46.01120084524155" lon="6.935391034930944"><ele>2036.800048828125</ele><time>2024-07-08T08:44:19.000Z</time></trkpt>
        <trkpt lat="46.01119564846158" lon="6.935379467904568"><ele>2036.5999755859375</ele><time>2024-07-08T08:44:29.000Z</time></trkpt>
        <trkpt lat="46.01119522936642" lon="6.935378378257155"><ele>2036.4000244140625</ele><time>2024-07-08T08:44:32.000Z</time></trkpt>
        <trkpt lat="46.01119522936642" lon="6.93537712097168"><ele>2036.4000244140625</ele><time>2024-07-08T08:44:37.000Z</time></trkpt>
        <trkpt lat="46.011196319013834" lon="6.93537519313395"><ele>2036.4000244140625</ele><time>2024-07-08T08:44:44.000Z</time></trkpt>
        <trkpt lat="46.01119749248028" lon="6.935373181477189"><ele>2036.4000244140625</ele><time>2024-07-08T08:45:06.000Z</time></trkpt>
        <trkpt lat="46.01119707338512" lon="6.935372008010745"><ele>2036.4000244140625</ele><time>2024-07-08T08:45:28.000Z</time></trkpt>
        <trkpt lat="46.01119715720415" lon="6.935371337458491"><ele>2036.4000244140625</ele><time>2024-07-08T08:45:39.000Z</time></trkpt>
        <trkpt lat="46.011196821928024" lon="6.935371505096555"><ele>2036.4000244140625</ele><time>2024-07-08T08:46:02.000Z</time></trkpt>
        <trkpt lat="46.01119665428996" lon="6.935371086001396"><ele>2036.4000244140625</ele><time>2024-07-08T08:46:21.000Z</time></trkpt>
        <trkpt lat="46.01119665428996" lon="6.935371086001396"><ele>2036.4000244140625</ele><time>2024-07-08T08:46:22.000Z</time></trkpt>
        <trkpt lat="46.011196402832866" lon="6.935370834544301"><ele>2036.199951171875</ele><time>2024-07-08T08:46:32.000Z</time></trkpt>
        <trkpt lat="46.011196319013834" lon="6.935370499268174"><ele>2036.199951171875</ele><time>2024-07-08T08:46:43.000Z</time></trkpt>
        <trkpt lat="46.011196402832866" lon="6.935370331630111"><ele>2036.199951171875</ele><time>2024-07-08T08:46:53.000Z</time></trkpt>
        <trkpt lat="46.01119724102318" lon="6.935370583087206"><ele>2036.199951171875</ele><time>2024-07-08T08:47:41.000Z</time></trkpt>
        <trkpt lat="46.011214423924685" lon="6.935381814837456"><ele>2036.5999755859375</ele><time>2024-07-08T08:47:56.000Z</time></trkpt>
        <trkpt lat="46.01125708781183" lon="6.935395812615752"><ele>2037</ele><time>2024-07-08T08:47:58.000Z</time></trkpt>
        <trkpt lat="46.011313581839204" lon="6.935421712696552"><ele>2038</ele><time>2024-07-08T08:48:01.000Z</time></trkpt>
        <trkpt lat="46.01139002479613" lon="6.935494467616081"><ele>2040.4000244140625</ele><time>2024-07-08T08:48:09.000Z</time></trkpt>
        <trkpt lat="46.01138683967292" lon="6.935573508962989"><ele>2042.199951171875</ele><time>2024-07-08T08:48:19.000Z</time></trkpt>
        <trkpt lat="46.011411314830184" lon="6.935645341873169"><ele>2044</ele><time>2024-07-08T08:48:29.000Z</time></trkpt>
        <trkpt lat="46.01142137311399" lon="6.935674259439111"><ele>2044.800048828125</ele><time>2024-07-08T08:48:34.000Z</time></trkpt>
        <trkpt lat="46.01144341751933" lon="6.935685072094202"><ele>2045.199951171875</ele><time>2024-07-08T08:48:37.000Z</time></trkpt>
        <trkpt lat="46.01143503561616" lon="6.935728909447789"><ele>2045.800048828125</ele><time>2024-07-08T08:48:43.000Z</time></trkpt>
        <trkpt lat="46.01144241169095" lon="6.93574408069253"><ele>2046</ele><time>2024-07-08T08:48:48.000Z</time></trkpt>
        <trkpt lat="46.01144685409963" lon="6.935747098177671"><ele>2046.199951171875</ele><time>2024-07-08T08:48:49.000Z</time></trkpt>
        <trkpt lat="46.01149220019579" lon="6.935725556686521"><ele>2046.199951171875</ele><time>2024-07-08T08:48:59.000Z</time></trkpt>
        <trkpt lat="46.01149655878544" lon="6.935723293572664"><ele>2046.4000244140625</ele><time>2024-07-08T08:49:00.000Z</time></trkpt>
        <trkpt lat="46.01150058209896" lon="6.93572161719203"><ele>2046.4000244140625</ele><time>2024-07-08T08:49:01.000Z</time></trkpt>
        <trkpt lat="46.01153385825455" lon="6.935713738203049"><ele>2046.5999755859375</ele><time>2024-07-08T08:49:09.000Z</time></trkpt>
        <trkpt lat="46.011577444151044" lon="6.935720946639776"><ele>2047.199951171875</ele><time>2024-07-08T08:49:16.000Z</time></trkpt>
        <trkpt lat="46.01160493679345" lon="6.935723628848791"><ele>2047.4000244140625</ele><time>2024-07-08T08:49:20.000Z</time></trkpt>
        <trkpt lat="46.011611223220825" lon="6.935727149248123"><ele>2047.4000244140625</ele><time>2024-07-08T08:49:21.000Z</time></trkpt>
        <trkpt lat="46.0116383805871" lon="6.935757659375668"><ele>2048.199951171875</ele><time>2024-07-08T08:49:26.000Z</time></trkpt>
        <trkpt lat="46.011689929291606" lon="6.935832342132926"><ele>2050</ele><time>2024-07-08T08:49:37.000Z</time></trkpt>
        <trkpt lat="46.011760672554374" lon="6.935861008241773"><ele>2051</ele><time>2024-07-08T08:49:48.000Z</time></trkpt>
        <trkpt lat="46.01181456819177" lon="6.9359072763472795"><ele>2052.199951171875</ele><time>2024-07-08T08:49:58.000Z</time></trkpt>
        <trkpt lat="46.011823285371065" lon="6.935910461470485"><ele>2052.199951171875</ele><time>2024-07-08T08:49:59.000Z</time></trkpt>
        <trkpt lat="46.011833678931" lon="6.93591607734561"><ele>2052.199951171875</ele><time>2024-07-08T08:50:01.000Z</time></trkpt>
        <trkpt lat="46.01184759289026" lon="6.935925045982003"><ele>2052.199951171875</ele><time>2024-07-08T08:50:03.000Z</time></trkpt>
        <trkpt lat="46.01185915991664" lon="6.935935355722904"><ele>2052.199951171875</ele><time>2024-07-08T08:50:05.000Z</time></trkpt>
        <trkpt lat="46.01186268031597" lon="6.93595320917666"><ele>2052.60009765625</ele><time>2024-07-08T08:50:07.000Z</time></trkpt>
        <trkpt lat="46.01188883185387" lon="6.935965530574322"><ele>2052.800048828125</ele><time>2024-07-08T08:50:12.000Z</time></trkpt>
        <trkpt lat="46.011902410537004" lon="6.935966620221734"><ele>2052.60009765625</ele><time>2024-07-08T08:50:16.000Z</time></trkpt>
        <trkpt lat="46.01196418516338" lon="6.935991430655122"><ele>2052.800048828125</ele><time>2024-07-08T08:50:27.000Z</time></trkpt>
        <trkpt lat="46.01202595978975" lon="6.936016073450446"><ele>2053</ele><time>2024-07-08T08:50:35.000Z</time></trkpt>
        <trkpt lat="46.01212168112397" lon="6.936057228595018"><ele>2053.800048828125</ele><time>2024-07-08T08:50:47.000Z</time></trkpt>
        <trkpt lat="46.01217322982848" lon="6.93609687499702"><ele>2055.199951171875</ele><time>2024-07-08T08:50:54.000Z</time></trkpt>
        <trkpt lat="46.01220692507923" lon="6.936162505298853"><ele>2057.199951171875</ele><time>2024-07-08T08:51:01.000Z</time></trkpt>
        <trkpt lat="46.01224774494767" lon="6.93624397739768"><ele>2059.39990234375</ele><time>2024-07-08T08:51:10.000Z</time></trkpt>
        <trkpt lat="46.01228856481612" lon="6.936277421191335"><ele>2060.60009765625</ele><time>2024-07-08T08:51:15.000Z</time></trkpt>
        <trkpt lat="46.01232435554266" lon="6.936298459768295"><ele>2061.39990234375</ele><time>2024-07-08T08:51:20.000Z</time></trkpt>
        <trkpt lat="46.012372551485896" lon="6.93631530739367"><ele>2062</ele><time>2024-07-08T08:51:28.000Z</time></trkpt>
        <trkpt lat="46.01241135969758" lon="6.936357971280813"><ele>2063</ele><time>2024-07-08T08:51:35.000Z</time></trkpt>
        <trkpt lat="46.01244555786252" lon="6.936413627117872"><ele>2064.199951171875</ele><time>2024-07-08T08:51:41.000Z</time></trkpt>
        <trkpt lat="46.012472715228796" lon="6.936444556340575"><ele>2065</ele><time>2024-07-08T08:51:44.000Z</time></trkpt>
        <trkpt lat="46.0125364176929" lon="6.936503481119871"><ele>2066.199951171875</ele><time>2024-07-08T08:51:52.000Z</time></trkpt>
        <trkpt lat="46.01257740519941" lon="6.936535248532891"><ele>2066.60009765625</ele><time>2024-07-08T08:51:58.000Z</time></trkpt>
        <trkpt lat="46.01259198971093" lon="6.936534494161606"><ele>2066.60009765625</ele><time>2024-07-08T08:52:00.000Z</time></trkpt>
        <trkpt lat="46.01261964999139" lon="6.936545725911856"><ele>2066.800048828125</ele><time>2024-07-08T08:52:03.000Z</time></trkpt>
        <trkpt lat="46.01263917982578" lon="6.936584785580635"><ele>2067.39990234375</ele><time>2024-07-08T08:52:07.000Z</time></trkpt>
        <trkpt lat="46.01271000690758" lon="6.93667589686811"><ele>2069.800048828125</ele><time>2024-07-08T08:52:18.000Z</time></trkpt>
        <trkpt lat="46.01277035661042" lon="6.936804726719856"><ele>2072.60009765625</ele><time>2024-07-08T08:52:29.000Z</time></trkpt>
        <trkpt lat="46.01283699274063" lon="6.936880247667432"><ele>2074.39990234375</ele><time>2024-07-08T08:52:38.000Z</time></trkpt>
        <trkpt lat="46.01285149343312" lon="6.936893323436379"><ele>2074.800048828125</ele><time>2024-07-08T08:52:40.000Z</time></trkpt>
        <trkpt lat="46.012886529788375" lon="6.93689676001668"><ele>2075.199951171875</ele><time>2024-07-08T08:52:45.000Z</time></trkpt>
        <trkpt lat="46.0129299480468" lon="6.9369271863251925"><ele>2076</ele><time>2024-07-08T08:52:51.000Z</time></trkpt>
        <trkpt lat="46.012948974967" lon="6.936942860484123"><ele>2076.39990234375</ele><time>2024-07-08T08:52:53.000Z</time></trkpt>
        <trkpt lat="46.01301083341241" lon="6.937010586261749"><ele>2077.60009765625</ele><time>2024-07-08T08:53:00.000Z</time></trkpt>
        <trkpt lat="46.013040002435446" lon="6.937053836882114"><ele>2078.199951171875</ele><time>2024-07-08T08:53:05.000Z</time></trkpt>
        <trkpt lat="46.013063974678516" lon="6.937066242098808"><ele>2078.60009765625</ele><time>2024-07-08T08:53:08.000Z</time></trkpt>
        <trkpt lat="46.013134801760316" lon="6.937111001461744"><ele>2079</ele><time>2024-07-08T08:53:18.000Z</time></trkpt>
        <trkpt lat="46.01314393803477" lon="6.937112594023347"><ele>2079</ele><time>2024-07-08T08:53:19.000Z</time></trkpt>
        <trkpt lat="46.01315081119537" lon="6.937114940956235"><ele>2079</ele><time>2024-07-08T08:53:20.000Z</time></trkpt>
        <trkpt lat="46.013199258595705" lon="6.937179900705814"><ele>2079.39990234375</ele><time>2024-07-08T08:53:27.000Z</time></trkpt>
        <trkpt lat="46.013252567499876" lon="6.937199262902141"><ele>2080.199951171875</ele><time>2024-07-08T08:53:34.000Z</time></trkpt>
        <trkpt lat="46.01332079619169" lon="6.937192725017667"><ele>2081.199951171875</ele><time>2024-07-08T08:53:44.000Z</time></trkpt>
        <trkpt lat="46.01336999796331" lon="6.937202196568251"><ele>2081.39990234375</ele><time>2024-07-08T08:53:50.000Z</time></trkpt>
        <trkpt lat="46.013397658243775" lon="6.9372146017849445"><ele>2081.60009765625</ele><time>2024-07-08T08:53:54.000Z</time></trkpt>
        <trkpt lat="46.013478292152286" lon="6.937237316742539"><ele>2082.199951171875</ele><time>2024-07-08T08:54:05.000Z</time></trkpt>
        <trkpt lat="46.013496313244104" lon="6.937234299257398"><ele>2082.60009765625</ele><time>2024-07-08T08:54:07.000Z</time></trkpt>
        <trkpt lat="46.01351726800203" lon="6.937238909304142"><ele>2083.199951171875</ele><time>2024-07-08T08:54:09.000Z</time></trkpt>
        <trkpt lat="46.013568649068475" lon="6.937258103862405"><ele>2084.800048828125</ele><time>2024-07-08T08:54:15.000Z</time></trkpt>
        <trkpt lat="46.01359438151121" lon="6.937287608161569"><ele>2086</ele><time>2024-07-08T08:54:19.000Z</time></trkpt>
        <trkpt lat="46.013610139489174" lon="6.937308730557561"><ele>2086.800048828125</ele><time>2024-07-08T08:54:22.000Z</time></trkpt>
        <trkpt lat="46.0136728361249" lon="6.937405206263065"><ele>2089.60009765625</ele><time>2024-07-08T08:54:33.000Z</time></trkpt>
        <trkpt lat="46.01372572593391" lon="6.937434207648039"><ele>2091.199951171875</ele><time>2024-07-08T08:54:41.000Z</time></trkpt>
        <trkpt lat="46.01373293437064" lon="6.937443846836686"><ele>2091.60009765625</ele><time>2024-07-08T08:54:42.000Z</time></trkpt>
        <trkpt lat="46.01374232210219" lon="6.937461784109473"><ele>2092</ele><time>2024-07-08T08:54:44.000Z</time></trkpt>
        <trkpt lat="46.013767970725894" lon="6.937501933425665"><ele>2093</ele><time>2024-07-08T08:54:49.000Z</time></trkpt>
        <trkpt lat="46.013784650713205" lon="6.937516098842025"><ele>2093.39990234375</ele><time>2024-07-08T08:54:51.000Z</time></trkpt>
        <trkpt lat="46.013814406469464" lon="6.937549794092774"><ele>2094.39990234375</ele><time>2024-07-08T08:54:56.000Z</time></trkpt>
        <trkpt lat="46.01384600624442" lon="6.937599079683423"><ele>2095.39990234375</ele><time>2024-07-08T08:55:03.000Z</time></trkpt>
        <trkpt lat="46.01387584581971" lon="6.937645431607962"><ele>2096.199951171875</ele><time>2024-07-08T08:55:10.000Z</time></trkpt>
        <trkpt lat="46.01392454467714" lon="6.9377093855291605"><ele>2097.39990234375</ele><time>2024-07-08T08:55:19.000Z</time></trkpt>
        <trkpt lat="46.01397039368749" lon="6.937731597572565"><ele>2098.199951171875</ele><time>2024-07-08T08:55:27.000Z</time></trkpt>
        <trkpt lat="46.013974668458104" lon="6.9377403147518635"><ele>2098.39990234375</ele><time>2024-07-08T08:55:28.000Z</time></trkpt>
        <trkpt lat="46.014001071453094" lon="6.937761353328824"><ele>2099</ele><time>2024-07-08T08:55:33.000Z</time></trkpt>
        <trkpt lat="46.014006519690156" lon="6.9377644546329975"><ele>2099</ele><time>2024-07-08T08:55:34.000Z</time></trkpt>
        <trkpt lat="46.01402437314391" lon="6.937768058851361"><ele>2099.39990234375</ele><time>2024-07-08T08:55:37.000Z</time></trkpt>
        <trkpt lat="46.014028983190656" lon="6.937769735231996"><ele>2099.39990234375</ele><time>2024-07-08T08:55:38.000Z</time></trkpt>
        <trkpt lat="46.01405069231987" lon="6.937781134620309"><ele>2099.800048828125</ele><time>2024-07-08T08:55:43.000Z</time></trkpt>
        <trkpt lat="46.014059241861105" lon="6.937782308086753"><ele>2099.800048828125</ele><time>2024-07-08T08:55:45.000Z</time></trkpt>
        <trkpt lat="46.01408681832254" lon="6.937780464068055"><ele>2100.199951171875</ele><time>2024-07-08T08:55:50.000Z</time></trkpt>
        <trkpt lat="46.01411716081202" lon="6.937771160155535"><ele>2100.39990234375</ele><time>2024-07-08T08:55:55.000Z</time></trkpt>
        <trkpt lat="46.01417960599065" lon="6.937820613384247"><ele>2101.39990234375</ele><time>2024-07-08T08:56:07.000Z</time></trkpt>
        <trkpt lat="46.014210786670446" lon="6.9378212839365005"><ele>2101.60009765625</ele><time>2024-07-08T08:56:12.000Z</time></trkpt>
        <trkpt lat="46.014242470264435" lon="6.937825223430991"><ele>2102</ele><time>2024-07-08T08:56:16.000Z</time></trkpt>
        <trkpt lat="46.014250349253416" lon="6.937827151268721"><ele>2102</ele><time>2024-07-08T08:56:17.000Z</time></trkpt>
        <trkpt lat="46.01431011222303" lon="6.937823295593262"><ele>2101.60009765625</ele><time>2024-07-08T08:56:26.000Z</time></trkpt>
        <trkpt lat="46.01433517411351" lon="6.937820445746183"><ele>2101.39990234375</ele><time>2024-07-08T08:56:33.000Z</time></trkpt>
        <trkpt lat="46.014370461925864" lon="6.937822960317135"><ele>2101.39990234375</ele><time>2024-07-08T08:56:41.000Z</time></trkpt>
        <trkpt lat="46.01440558210015" lon="6.937900157645345"><ele>2102.60009765625</ele><time>2024-07-08T08:56:51.000Z</time></trkpt>
        <trkpt lat="46.01444028317928" lon="6.937930081039667"><ele>2103.39990234375</ele><time>2024-07-08T08:56:58.000Z</time></trkpt>
        <trkpt lat="46.014473559334874" lon="6.937921280041337"><ele>2103</ele><time>2024-07-08T08:57:05.000Z</time></trkpt>
        <trkpt lat="46.01447909139097" lon="6.937912059947848"><ele>2102.800048828125</ele><time>2024-07-08T08:57:07.000Z</time></trkpt>
        <trkpt lat="46.014534244313836" lon="6.937909880653024"><ele>2102.39990234375</ele><time>2024-07-08T08:57:15.000Z</time></trkpt>
        <trkpt lat="46.014561988413334" lon="6.937957154586911"><ele>2103.60009765625</ele><time>2024-07-08T08:57:23.000Z</time></trkpt>
        <trkpt lat="46.014607921242714" lon="6.937961932271719"><ele>2103.800048828125</ele><time>2024-07-08T08:57:31.000Z</time></trkpt>
        <trkpt lat="46.014640275388956" lon="6.937979534268379"><ele>2104.39990234375</ele><time>2024-07-08T08:57:35.000Z</time></trkpt>
        <trkpt lat="46.01464622654021" lon="6.937984647229314"><ele>2104.60009765625</ele><time>2024-07-08T08:57:36.000Z</time></trkpt>
        <trkpt lat="46.01466776803136" lon="6.938003171235323"><ele>2105.199951171875</ele><time>2024-07-08T08:57:39.000Z</time></trkpt>
        <trkpt lat="46.01473616436124" lon="6.938060000538826"><ele>2107.199951171875</ele><time>2024-07-08T08:57:48.000Z</time></trkpt>
        <trkpt lat="46.01479860953987" lon="6.93811004050076"><ele>2108.800048828125</ele><time>2024-07-08T08:57:57.000Z</time></trkpt>
        <trkpt lat="46.01483657956123" lon="6.938166869804263"><ele>2110.60009765625</ele><time>2024-07-08T08:58:04.000Z</time></trkpt>
        <trkpt lat="46.014905478805304" lon="6.938242306932807"><ele>2112</ele><time>2024-07-08T08:58:13.000Z</time></trkpt>
        <trkpt lat="46.014948561787605" lon="6.938289161771536"><ele>2113</ele><time>2024-07-08T08:58:19.000Z</time></trkpt>
        <trkpt lat="46.01498753763735" lon="6.938323276117444"><ele>2113.800048828125</ele><time>2024-07-08T08:58:24.000Z</time></trkpt>
        <trkpt lat="46.015014946460724" lon="6.938343141227961"><ele>2114.39990234375</ele><time>2024-07-08T08:58:28.000Z</time></trkpt>
        <trkpt lat="46.01503472775221" lon="6.938357055187225"><ele>2114.800048828125</ele><time>2024-07-08T08:58:31.000Z</time></trkpt>
        <trkpt lat="46.01504269056022" lon="6.9383614137768745"><ele>2114.800048828125</ele><time>2024-07-08T08:58:32.000Z</time></trkpt>
        <trkpt lat="46.01506557315588" lon="6.938386727124453"><ele>2115.39990234375</ele><time>2024-07-08T08:58:35.000Z</time></trkpt>
        <trkpt lat="46.015071691945195" lon="6.938391420990229"><ele>2115.60009765625</ele><time>2024-07-08T08:58:36.000Z</time></trkpt>
        <trkpt lat="46.01508250460029" lon="6.93839879706502"><ele>2115.800048828125</ele><time>2024-07-08T08:58:37.000Z</time></trkpt>
        <trkpt lat="46.01512676104903" lon="6.938424361869693"><ele>2116.39990234375</ele><time>2024-07-08T08:58:42.000Z</time></trkpt>
        <trkpt lat="46.015198677778244" lon="6.938461158424616"><ele>2117.800048828125</ele><time>2024-07-08T08:58:50.000Z</time></trkpt>
        <trkpt lat="46.015206556767225" lon="6.938463505357504"><ele>2118</ele><time>2024-07-08T08:58:51.000Z</time></trkpt>
        <trkpt lat="46.015225667506456" lon="6.9384730607271194"><ele>2118.39990234375</ele><time>2024-07-08T08:58:54.000Z</time></trkpt>
        <trkpt lat="46.01526087149978" lon="6.9385298900306225"><ele>2119.60009765625</ele><time>2024-07-08T08:59:02.000Z</time></trkpt>
        <trkpt lat="46.01529146544635" lon="6.93860549479723"><ele>2120.800048828125</ele><time>2024-07-08T08:59:09.000Z</time></trkpt>
        <trkpt lat="46.0152960754931" lon="6.938615469262004"><ele>2120.800048828125</ele><time>2024-07-08T08:59:10.000Z</time></trkpt>
        <trkpt lat="46.01530630141497" lon="6.938644805923104"><ele>2121.199951171875</ele><time>2024-07-08T08:59:15.000Z</time></trkpt>
        <trkpt lat="46.015340751037" lon="6.938701719045639"><ele>2122</ele><time>2024-07-08T08:59:23.000Z</time></trkpt>
        <trkpt lat="46.01533773355186" lon="6.938728708773851"><ele>2122</ele><time>2024-07-08T08:59:30.000Z</time></trkpt>
        <trkpt lat="46.015337985008955" lon="6.938728205859661"><ele>2122</ele><time>2024-07-08T08:59:33.000Z</time></trkpt>
        <trkpt lat="46.01533790118992" lon="6.938729295507073"><ele>2122</ele><time>2024-07-08T08:59:36.000Z</time></trkpt>
        <trkpt lat="46.01533790118992" lon="6.938729295507073"><ele>2122</ele><time>2024-07-08T08:59:40.000Z</time></trkpt>
        <trkpt lat="46.015341337770224" lon="6.9387296307832"><ele>2122</ele><time>2024-07-08T09:00:24.000Z</time></trkpt>
        <trkpt lat="46.0152664873749" lon="6.93871546536684"><ele>2120.199951171875</ele><time>2024-07-08T09:01:19.000Z</time></trkpt>
        <trkpt lat="46.015266152098775" lon="6.938719991594553"><ele>2120</ele><time>2024-07-08T09:01:44.000Z</time></trkpt>
        <trkpt lat="46.01529431529343" lon="6.938715381547809"><ele>2120.800048828125</ele><time>2024-07-08T09:02:02.000Z</time></trkpt>
        <trkpt lat="46.01531367748976" lon="6.938712699338794"><ele>2121.199951171875</ele><time>2024-07-08T09:02:19.000Z</time></trkpt>
        <trkpt lat="46.01531585678458" lon="6.938711442053318"><ele>2121.39990234375</ele><time>2024-07-08T09:02:32.000Z</time></trkpt>
        <trkpt lat="46.015316443517804" lon="6.938709765672684"><ele>2121.39990234375</ele><time>2024-07-08T09:03:09.000Z</time></trkpt>
        <trkpt lat="46.015316443517804" lon="6.938709849491715"><ele>2121.39990234375</ele><time>2024-07-08T09:03:10.000Z</time></trkpt>
        <trkpt lat="46.015316443517804" lon="6.938710100948811"><ele>2121.39990234375</ele><time>2024-07-08T09:03:17.000Z</time></trkpt>
        <trkpt lat="46.01531686261296" lon="6.938710268586874"><ele>2121.39990234375</ele><time>2024-07-08T09:03:49.000Z</time></trkpt>
        <trkpt lat="46.01537276990712" lon="6.938755111768842"><ele>2122.800048828125</ele><time>2024-07-08T09:03:56.000Z</time></trkpt>
        <trkpt lat="46.015425994992256" lon="6.938784532248974"><ele>2124.199951171875</ele><time>2024-07-08T09:04:00.000Z</time></trkpt>
        <trkpt lat="46.01546949706972" lon="6.938778329640627"><ele>2125.199951171875</ele><time>2024-07-08T09:04:04.000Z</time></trkpt>
        <trkpt lat="46.01557468995452" lon="6.938777239993215"><ele>2126.60009765625</ele><time>2024-07-08T09:04:14.000Z</time></trkpt>
        <trkpt lat="46.0155807249248" lon="6.938782185316086"><ele>2126.800048828125</ele><time>2024-07-08T09:04:16.000Z</time></trkpt>
        <trkpt lat="46.0156290885061" lon="6.938819065690041"><ele>2128</ele><time>2024-07-08T09:04:24.000Z</time></trkpt>
        <trkpt lat="46.01567108184099" lon="6.9388349913060665"><ele>2128.800048828125</ele><time>2024-07-08T09:04:34.000Z</time></trkpt>
        <trkpt lat="46.01573386229575" lon="6.938828872516751"><ele>2129.60009765625</ele><time>2024-07-08T09:04:42.000Z</time></trkpt>
        <trkpt lat="46.015778705477715" lon="6.938847815617919"><ele>2130.39990234375</ele><time>2024-07-08T09:04:47.000Z</time></trkpt>
        <trkpt lat="46.01579714566469" lon="6.938862148672342"><ele>2130.800048828125</ele><time>2024-07-08T09:04:50.000Z</time></trkpt>
        <trkpt lat="46.01580569520593" lon="6.938872374594212"><ele>2131</ele><time>2024-07-08T09:04:53.000Z</time></trkpt>
        <trkpt lat="46.015806114301085" lon="6.938894335180521"><ele>2131.199951171875</ele><time>2024-07-08T09:04:58.000Z</time></trkpt>
        <trkpt lat="46.01583913899958" lon="6.938909757882357"><ele>2132</ele><time>2024-07-08T09:05:09.000Z</time></trkpt>
        <trkpt lat="46.01585749536753" lon="6.938914870843291"><ele>2132.199951171875</ele><time>2024-07-08T09:05:15.000Z</time></trkpt>
        <trkpt lat="46.01589437574148" lon="6.93891285918653"><ele>2132.60009765625</ele><time>2024-07-08T09:05:19.000Z</time></trkpt>
        <trkpt lat="46.015921365469694" lon="6.938931467011571"><ele>2133.199951171875</ele><time>2024-07-08T09:05:23.000Z</time></trkpt>
        <trkpt lat="46.01594609208405" lon="6.938940770924091"><ele>2133.60009765625</ele><time>2024-07-08T09:05:26.000Z</time></trkpt>
        <trkpt lat="46.01602479815483" lon="6.938982177525759"><ele>2134.60009765625</ele><time>2024-07-08T09:05:34.000Z</time></trkpt>
        <trkpt lat="46.01608539931476" lon="6.939018303528428"><ele>2135.39990234375</ele><time>2024-07-08T09:05:40.000Z</time></trkpt>
        <trkpt lat="46.01610325276852" lon="6.939024003222585"><ele>2135.60009765625</ele><time>2024-07-08T09:05:42.000Z</time></trkpt>
        <trkpt lat="46.01612085476518" lon="6.939026769250631"><ele>2135.60009765625</ele><time>2024-07-08T09:05:44.000Z</time></trkpt>
        <trkpt lat="46.0161367803812" lon="6.93902769125998"><ele>2135.60009765625</ele><time>2024-07-08T09:05:46.000Z</time></trkpt>
        <trkpt lat="46.01617030799389" lon="6.939046299085021"><ele>2136</ele><time>2024-07-08T09:05:52.000Z</time></trkpt>
        <trkpt lat="46.01620593108237" lon="6.939076222479343"><ele>2136.199951171875</ele><time>2024-07-08T09:06:00.000Z</time></trkpt>
        <trkpt lat="46.016227221116424" lon="6.939113521948457"><ele>2136.60009765625</ele><time>2024-07-08T09:06:06.000Z</time></trkpt>
        <trkpt lat="46.01627189666033" lon="6.939110169187188"><ele>2137</ele><time>2024-07-08T09:06:14.000Z</time></trkpt>
        <trkpt lat="46.01630827412009" lon="6.939140008762479"><ele>2137.800048828125</ele><time>2024-07-08T09:06:22.000Z</time></trkpt>
        <trkpt lat="46.01634104736149" lon="6.939151994884014"><ele>2138.60009765625</ele><time>2024-07-08T09:06:28.000Z</time></trkpt>
        <trkpt lat="46.016391925513744" lon="6.9391601253300905"><ele>2139.60009765625</ele><time>2024-07-08T09:06:36.000Z</time></trkpt>
        <trkpt lat="46.016459399834275" lon="6.939138751477003"><ele>2139</ele><time>2024-07-08T09:06:46.000Z</time></trkpt>
        <trkpt lat="46.016506254673004" lon="6.939136404544115"><ele>2138.800048828125</ele><time>2024-07-08T09:06:52.000Z</time></trkpt>
        <trkpt lat="46.01651396602392" lon="6.939134644344449"><ele>2138.60009765625</ele><time>2024-07-08T09:06:53.000Z</time></trkpt>
        <trkpt lat="46.01657800376415" lon="6.939128944650292"><ele>2139.199951171875</ele><time>2024-07-08T09:07:00.000Z</time></trkpt>
        <trkpt lat="46.016599629074335" lon="6.939133889973164"><ele>2139.800048828125</ele><time>2024-07-08T09:07:02.000Z</time></trkpt>
        <trkpt lat="46.01661555469036" lon="6.939145373180509"><ele>2140.39990234375</ele><time>2024-07-08T09:07:04.000Z</time></trkpt>
        <trkpt lat="46.016643131151795" lon="6.939171273261309"><ele>2141.60009765625</ele><time>2024-07-08T09:07:08.000Z</time></trkpt>
        <trkpt lat="46.01666056551039" lon="6.939190551638603"><ele>2142.39990234375</ele><time>2024-07-08T09:07:15.000Z</time></trkpt>
        <trkpt lat="46.01671018637717" lon="6.9392564333975315"><ele>2145.199951171875</ele><time>2024-07-08T09:07:23.000Z</time></trkpt>
        <trkpt lat="46.016780426725745" lon="6.9392902962863445"><ele>2147.39990234375</ele><time>2024-07-08T09:07:31.000Z</time></trkpt>
        <trkpt lat="46.016869861632586" lon="6.939312424510717"><ele>2148.800048828125</ele><time>2024-07-08T09:07:42.000Z</time></trkpt>
        <trkpt lat="46.01693959906697" lon="6.939354250207543"><ele>2150.199951171875</ele><time>2024-07-08T09:07:50.000Z</time></trkpt>
        <trkpt lat="46.016949489712715" lon="6.939362213015556"><ele>2150.39990234375</ele><time>2024-07-08T09:07:52.000Z</time></trkpt>
        <trkpt lat="46.016967007890344" lon="6.9393824134022"><ele>2151</ele><time>2024-07-08T09:07:56.000Z</time></trkpt>
        <trkpt lat="46.0169970151037" lon="6.939390124753118"><ele>2151.199951171875</ele><time>2024-07-08T09:08:02.000Z</time></trkpt>
        <trkpt lat="46.01701998151839" lon="6.939386436715722"><ele>2151.199951171875</ele><time>2024-07-08T09:08:08.000Z</time></trkpt>
        <trkpt lat="46.017032051458955" lon="6.939384173601866"><ele>2151.199951171875</ele><time>2024-07-08T09:08:10.000Z</time></trkpt>
        <trkpt lat="46.01706448942423" lon="6.939404206350446"><ele>2151.800048828125</ele><time>2024-07-08T09:08:18.000Z</time></trkpt>
        <trkpt lat="46.01704563014209" lon="6.939449971541762"><ele>2153</ele><time>2024-07-08T09:08:26.000Z</time></trkpt>
        <trkpt lat="46.017066752538085" lon="6.939491294324398"><ele>2154</ele><time>2024-07-08T09:08:34.000Z</time></trkpt>
        <trkpt lat="46.017099525779486" lon="6.939497413113713"><ele>2154.60009765625</ele><time>2024-07-08T09:08:39.000Z</time></trkpt>
        <trkpt lat="46.01710715331137" lon="6.939496826380491"><ele>2154.800048828125</ele><time>2024-07-08T09:08:40.000Z</time></trkpt>
        <trkpt lat="46.01711193099618" lon="6.939496491104364"><ele>2155</ele><time>2024-07-08T09:08:41.000Z</time></trkpt>
        <trkpt lat="46.017162473872304" lon="6.939525408670306"><ele>2157.39990234375</ele><time>2024-07-08T09:08:49.000Z</time></trkpt>
        <trkpt lat="46.01717538200319" lon="6.9395409151911736"><ele>2158.199951171875</ele><time>2024-07-08T09:08:54.000Z</time></trkpt>
        <trkpt lat="46.01718032732606" lon="6.9395453575998545"><ele>2158.39990234375</ele><time>2024-07-08T09:08:55.000Z</time></trkpt>
        <trkpt lat="46.01718485355377" lon="6.939550889655948"><ele>2158.800048828125</ele><time>2024-07-08T09:08:56.000Z</time></trkpt>
        <trkpt lat="46.017229948192835" lon="6.939589865505695"><ele>2160.60009765625</ele><time>2024-07-08T09:09:04.000Z</time></trkpt>
        <trkpt lat="46.01726590655744" lon="6.939631775021553"><ele>2162</ele><time>2024-07-08T09:09:12.000Z</time></trkpt>
        <trkpt lat="46.01731586270034" lon="6.9396445993334055"><ele>2163.60009765625</ele><time>2024-07-08T09:09:19.000Z</time></trkpt>
        <trkpt lat="46.0173490550369" lon="6.939655747264624"><ele>2164.800048828125</ele><time>2024-07-08T09:09:27.000Z</time></trkpt>
        <trkpt lat="46.01735517382622" lon="6.939647365361452"><ele>2165</ele><time>2024-07-08T09:09:29.000Z</time></trkpt>
        <trkpt lat="46.01737931370735" lon="6.939606796950102"><ele>2165.60009765625</ele><time>2024-07-08T09:09:38.000Z</time></trkpt>
        <trkpt lat="46.01743346080184" lon="6.939590200781822"><ele>2166.39990234375</ele><time>2024-07-08T09:09:48.000Z</time></trkpt>
        <trkpt lat="46.017440082505345" lon="6.93961157463491"><ele>2167</ele><time>2024-07-08T09:09:54.000Z</time></trkpt>
        <trkpt lat="46.017458187416196" lon="6.939599923789501"><ele>2166.800048828125</ele><time>2024-07-08T09:09:58.000Z</time></trkpt>
        <trkpt lat="46.01747654378414" lon="6.93961157463491"><ele>2167.39990234375</ele><time>2024-07-08T09:10:01.000Z</time></trkpt>
        <trkpt lat="46.01754016242921" lon="6.939639067277312"><ele>2168.800048828125</ele><time>2024-07-08T09:10:10.000Z</time></trkpt>
        <trkpt lat="46.01759020239115" lon="6.939653232693672"><ele>2169.60009765625</ele><time>2024-07-08T09:10:19.000Z</time></trkpt>
        <trkpt lat="46.01759464479983" lon="6.939659686759114"><ele>2169.800048828125</ele><time>2024-07-08T09:10:20.000Z</time></trkpt>
        <trkpt lat="46.0176357999444" lon="6.939678210765123"><ele>2170.800048828125</ele><time>2024-07-08T09:10:29.000Z</time></trkpt>
        <trkpt lat="46.01767083629966" lon="6.939675863832235"><ele>2170.199951171875</ele><time>2024-07-08T09:10:38.000Z</time></trkpt>
        <trkpt lat="46.01768868975341" lon="6.939702769741416"><ele>2170.60009765625</ele><time>2024-07-08T09:10:45.000Z</time></trkpt>
        <trkpt lat="46.01772699505091" lon="6.939704194664955"><ele>2170</ele><time>2024-07-08T09:10:52.000Z</time></trkpt>
        <trkpt lat="46.01777175441384" lon="6.939739985391498"><ele>2170</ele><time>2024-07-08T09:10:58.000Z</time></trkpt>
        <trkpt lat="46.01778030395508" lon="6.939801508560777"><ele>2171.39990234375</ele><time>2024-07-08T09:11:04.000Z</time></trkpt>
        <trkpt lat="46.01780394092202" lon="6.939823888242245"><ele>2171.60009765625</ele><time>2024-07-08T09:11:09.000Z</time></trkpt>
        <trkpt lat="46.01785406470299" lon="6.9398201163858175"><ele>2170.60009765625</ele><time>2024-07-08T09:11:17.000Z</time></trkpt>
        <trkpt lat="46.01785917766392" lon="6.939823888242245"><ele>2170.60009765625</ele><time>2024-07-08T09:11:18.000Z</time></trkpt>
        <trkpt lat="46.01790904998779" lon="6.939876191318035"><ele>2170.60009765625</ele><time>2024-07-08T09:11:28.000Z</time></trkpt>
        <trkpt lat="46.01795624010265" lon="6.939860684797168"><ele>2170</ele><time>2024-07-08T09:11:36.000Z</time></trkpt>
        <trkpt lat="46.01796411909163" lon="6.939876526594162"><ele>2170.199951171875</ele><time>2024-07-08T09:11:38.000Z</time></trkpt>
        <trkpt lat="46.017993623390794" lon="6.939897062256932"><ele>2170.199951171875</ele><time>2024-07-08T09:11:42.000Z</time></trkpt>
        <trkpt lat="46.018072329461575" lon="6.93992237560451"><ele>2170</ele><time>2024-07-08T09:11:50.000Z</time></trkpt>
        <trkpt lat="46.018103091046214" lon="6.939930003136396"><ele>2170</ele><time>2024-07-08T09:11:53.000Z</time></trkpt>
        <trkpt lat="46.01817240938544" lon="6.9398854952305555"><ele>2168.800048828125</ele><time>2024-07-08T09:12:01.000Z</time></trkpt>
        <trkpt lat="46.01822353899479" lon="6.939884992316365"><ele>2168.39990234375</ele><time>2024-07-08T09:12:09.000Z</time></trkpt>
        <trkpt lat="46.01825404912233" lon="6.939887423068285"><ele>2168.39990234375</ele><time>2024-07-08T09:12:13.000Z</time></trkpt>
        <trkpt lat="46.01828422397375" lon="6.939864791929722"><ele>2167.199951171875</ele><time>2024-07-08T09:12:16.000Z</time></trkpt>
        <trkpt lat="46.018339209258556" lon="6.939810644835234"><ele>2164.199951171875</ele><time>2024-07-08T09:12:21.000Z</time></trkpt>
        <trkpt lat="46.018380029127" lon="6.939812656491995"><ele>2163.60009765625</ele><time>2024-07-08T09:12:26.000Z</time></trkpt>
        <trkpt lat="46.01815028116107" lon="6.940253376960754"><ele>2174.199951171875</ele><time>2024-07-08T09:24:11.000Z</time></trkpt>
        <trkpt lat="46.01815170608461" lon="6.940260166302323"><ele>2174.39990234375</ele><time>2024-07-08T09:24:12.000Z</time></trkpt>
        <trkpt lat="46.01816989481449" lon="6.940356474369764"><ele>2175.60009765625</ele><time>2024-07-08T09:24:16.000Z</time></trkpt>
        <trkpt lat="46.01819814182818" lon="6.940550766885281"><ele>2178.199951171875</ele><time>2024-07-08T09:24:26.000Z</time></trkpt>
        <trkpt lat="46.018205769360065" lon="6.940739024430513"><ele>2179.800048828125</ele><time>2024-07-08T09:24:36.000Z</time></trkpt>
        <trkpt lat="46.01818749681115" lon="6.940857544541359"><ele>2179</ele><time>2024-07-08T09:24:44.000Z</time></trkpt>
        <trkpt lat="46.018191520124674" lon="6.940886462107301"><ele>2179</ele><time>2024-07-08T09:24:46.000Z</time></trkpt>
        <trkpt lat="46.01820878684521" lon="6.9409427884966135"><ele>2179.199951171875</ele><time>2024-07-08T09:24:51.000Z</time></trkpt>
        <trkpt lat="46.01821582764387" lon="6.940968437120318"><ele>2179.199951171875</ele><time>2024-07-08T09:24:53.000Z</time></trkpt>
        <trkpt lat="46.01820845156908" lon="6.941024512052536"><ele>2178.39990234375</ele><time>2024-07-08T09:24:58.000Z</time></trkpt>
        <trkpt lat="46.01822027005255" lon="6.941049657762051"><ele>2178.39990234375</ele><time>2024-07-08T09:25:00.000Z</time></trkpt>
        <trkpt lat="46.01826033554971" lon="6.9411165453493595"><ele>2178.39990234375</ele><time>2024-07-08T09:25:06.000Z</time></trkpt>
        <trkpt lat="46.01825715042651" lon="6.941184690222144"><ele>2177.60009765625</ele><time>2024-07-08T09:25:12.000Z</time></trkpt>
        <trkpt lat="46.01825446821749" lon="6.941193491220474"><ele>2177.39990234375</ele><time>2024-07-08T09:25:13.000Z</time></trkpt>
        <trkpt lat="46.018256060779095" lon="6.941213021054864"><ele>2177.199951171875</ele><time>2024-07-08T09:25:15.000Z</time></trkpt>
        <trkpt lat="46.018267795443535" lon="6.941257864236832"><ele>2176.800048828125</ele><time>2024-07-08T09:25:21.000Z</time></trkpt>
        <trkpt lat="46.01825664751232" lon="6.941281585022807"><ele>2176.39990234375</ele><time>2024-07-08T09:25:26.000Z</time></trkpt>
        <trkpt lat="46.01827651262283" lon="6.9413224048912525"><ele>2176</ele><time>2024-07-08T09:25:32.000Z</time></trkpt>
        <trkpt lat="46.01827785372734" lon="6.941335815936327"><ele>2175.60009765625</ele><time>2024-07-08T09:25:34.000Z</time></trkpt>
        <trkpt lat="46.018310794606805" lon="6.9413998536765575"><ele>2175</ele><time>2024-07-08T09:25:41.000Z</time></trkpt>
        <trkpt lat="46.018376341089606" lon="6.9414646457880735"><ele>2175.199951171875</ele><time>2024-07-08T09:25:50.000Z</time></trkpt>
        <trkpt lat="46.0183837171644" lon="6.94148501381278"><ele>2175</ele><time>2024-07-08T09:25:58.000Z</time></trkpt>
        <trkpt lat="46.018387572839856" lon="6.941490042954683"><ele>2175</ele><time>2024-07-08T09:25:59.000Z</time></trkpt>
        <trkpt lat="46.0184059292078" lon="6.94150454364717"><ele>2175.199951171875</ele><time>2024-07-08T09:26:03.000Z</time></trkpt>
        <trkpt lat="46.018415819853544" lon="6.941522648558021"><ele>2175</ele><time>2024-07-08T09:26:06.000Z</time></trkpt>
        <trkpt lat="46.01841866970062" lon="6.94152994081378"><ele>2174.800048828125</ele><time>2024-07-08T09:26:07.000Z</time></trkpt>
        <trkpt lat="46.018429985269904" lon="6.941535221412778"><ele>2175</ele><time>2024-07-08T09:26:09.000Z</time></trkpt>
        <trkpt lat="46.01845135912299" lon="6.941551398485899"><ele>2175.199951171875</ele><time>2024-07-08T09:26:11.000Z</time></trkpt>
        <trkpt lat="46.01847927086055" lon="6.941574029624462"><ele>2175.199951171875</ele><time>2024-07-08T09:26:13.000Z</time></trkpt>
        <trkpt lat="46.018492598086596" lon="6.941583501175046"><ele>2175</ele><time>2024-07-08T09:26:14.000Z</time></trkpt>
        <trkpt lat="46.0185822006315" lon="6.9416325353085995"><ele>2174.60009765625</ele><time>2024-07-08T09:26:22.000Z</time></trkpt>
        <trkpt lat="46.018599383533" lon="6.9416422583162785"><ele>2174.60009765625</ele><time>2024-07-08T09:26:24.000Z</time></trkpt>
        <trkpt lat="46.01865520700812" lon="6.94165650755167"><ele>2174.199951171875</ele><time>2024-07-08T09:26:32.000Z</time></trkpt>
        <trkpt lat="46.01871077902615" lon="6.941658100113273"><ele>2174</ele><time>2024-07-08T09:26:41.000Z</time></trkpt>
        <trkpt lat="46.01875327527523" lon="6.94167654030025"><ele>2173.60009765625</ele><time>2024-07-08T09:26:48.000Z</time></trkpt>
        <trkpt lat="46.018772050738335" lon="6.941721802577376"><ele>2172.60009765625</ele><time>2024-07-08T09:26:56.000Z</time></trkpt>
        <trkpt lat="46.0188137087971" lon="6.941744098439813"><ele>2171.39990234375</ele><time>2024-07-08T09:27:07.000Z</time></trkpt>
        <trkpt lat="46.01883139461279" lon="6.94176840595901"><ele>2170.60009765625</ele><time>2024-07-08T09:27:15.000Z</time></trkpt>
        <trkpt lat="46.01885017007589" lon="6.941801849752665"><ele>2169.800048828125</ele><time>2024-07-08T09:27:25.000Z</time></trkpt>
        <trkpt lat="46.01890951395035" lon="6.941801933571696"><ele>2168.39990234375</ele><time>2024-07-08T09:27:31.000Z</time></trkpt>
        <trkpt lat="46.01894622668624" lon="6.94181190803647"><ele>2167.39990234375</ele><time>2024-07-08T09:27:34.000Z</time></trkpt>
        <trkpt lat="46.01899668574333" lon="6.941842753440142"><ele>2165.800048828125</ele><time>2024-07-08T09:27:39.000Z</time></trkpt>
        <trkpt lat="46.01900305598974" lon="6.941848788410425"><ele>2165.60009765625</ele><time>2024-07-08T09:27:40.000Z</time></trkpt>
        <trkpt lat="46.0190277826041" lon="6.941862031817436"><ele>2164.800048828125</ele><time>2024-07-08T09:27:45.000Z</time></trkpt>
        <trkpt lat="46.01906776428223" lon="6.941843340173364"><ele>2164.60009765625</ele><time>2024-07-08T09:27:52.000Z</time></trkpt>
        <trkpt lat="46.019080923870206" lon="6.941873850300908"><ele>2163.800048828125</ele><time>2024-07-08T09:27:59.000Z</time></trkpt>
        <trkpt lat="46.0190983582288" lon="6.941931182518601"><ele>2162.60009765625</ele><time>2024-07-08T09:28:05.000Z</time></trkpt>
        <trkpt lat="46.01911780424416" lon="6.941930344328284"><ele>2162.199951171875</ele><time>2024-07-08T09:28:10.000Z</time></trkpt>
        <trkpt lat="46.019142027944326" lon="6.941954735666513"><ele>2161.39990234375</ele><time>2024-07-08T09:28:16.000Z</time></trkpt>
        <trkpt lat="46.01916616782546" lon="6.941961608827114"><ele>2161</ele><time>2024-07-08T09:28:24.000Z</time></trkpt>
        <trkpt lat="46.019237665459514" lon="6.941978791728616"><ele>2159.39990234375</ele><time>2024-07-08T09:28:31.000Z</time></trkpt>
        <trkpt lat="46.01933523081243" lon="6.942000919952989"><ele>2156</ele><time>2024-07-08T09:28:40.000Z</time></trkpt>
        <trkpt lat="46.019345289096236" lon="6.9420041888952255"><ele>2155.60009765625</ele><time>2024-07-08T09:28:41.000Z</time></trkpt>
        <trkpt lat="46.019384851679206" lon="6.942016342654824"><ele>2154.39990234375</ele><time>2024-07-08T09:28:46.000Z</time></trkpt>
        <trkpt lat="46.019420055672526" lon="6.942037548869848"><ele>2153.39990234375</ele><time>2024-07-08T09:28:51.000Z</time></trkpt>
        <trkpt lat="46.01946674287319" lon="6.942078620195389"><ele>2152</ele><time>2024-07-08T09:28:58.000Z</time></trkpt>
        <trkpt lat="46.019475711509585" lon="6.942087169736624"><ele>2151.800048828125</ele><time>2024-07-08T09:28:59.000Z</time></trkpt>
        <trkpt lat="46.0194905474782" lon="6.942123044282198"><ele>2151.800048828125</ele><time>2024-07-08T09:29:02.000Z</time></trkpt>
        <trkpt lat="46.01951125077903" lon="6.942159337922931"><ele>2151.60009765625</ele><time>2024-07-08T09:29:05.000Z</time></trkpt>
        <trkpt lat="46.019565565511584" lon="6.9422035943716764"><ele>2150.199951171875</ele><time>2024-07-08T09:29:13.000Z</time></trkpt>
        <trkpt lat="46.01963974535465" lon="6.942259585484862"><ele>2148.39990234375</ele><time>2024-07-08T09:29:22.000Z</time></trkpt>
        <trkpt lat="46.01969732902944" lon="6.942297723144293"><ele>2147</ele><time>2024-07-08T09:29:29.000Z</time></trkpt>
        <trkpt lat="46.019702441990376" lon="6.942304680123925"><ele>2146.800048828125</ele><time>2024-07-08T09:29:30.000Z</time></trkpt>
        <trkpt lat="46.01971006952226" lon="6.942356480285525"><ele>2147.199951171875</ele><time>2024-07-08T09:29:35.000Z</time></trkpt>
        <trkpt lat="46.019742507487535" lon="6.942390175536275"><ele>2146.60009765625</ele><time>2024-07-08T09:29:39.000Z</time></trkpt>
        <trkpt lat="46.01977787911892" lon="6.942409286275506"><ele>2145.800048828125</ele><time>2024-07-08T09:29:43.000Z</time></trkpt>
        <trkpt lat="46.01982448250055" lon="6.9424341805279255"><ele>2144.60009765625</ele><time>2024-07-08T09:29:48.000Z</time></trkpt>
        <trkpt lat="46.01984770037234" lon="6.942469887435436"><ele>2144.39990234375</ele><time>2024-07-08T09:29:51.000Z</time></trkpt>
        <trkpt lat="46.01985231041908" lon="6.942496206611395"><ele>2144.60009765625</ele><time>2024-07-08T09:29:53.000Z</time></trkpt>
        <trkpt lat="46.01985381916165" lon="6.942528896033764"><ele>2145</ele><time>2024-07-08T09:29:58.000Z</time></trkpt>
        <trkpt lat="46.01989162154496" lon="6.942608272656798"><ele>2144.800048828125</ele><time>2024-07-08T09:30:05.000Z</time></trkpt>
        <trkpt lat="46.01992112584412" lon="6.942706843838096"><ele>2145.800048828125</ele><time>2024-07-08T09:30:13.000Z</time></trkpt>
        <trkpt lat="46.019918359816074" lon="6.94271782413125"><ele>2145.800048828125</ele><time>2024-07-08T09:30:14.000Z</time></trkpt>
        <trkpt lat="46.01993998512626" lon="6.942766522988677"><ele>2145.800048828125</ele><time>2024-07-08T09:30:20.000Z</time></trkpt>
        <trkpt lat="46.019951635971665" lon="6.942769205197692"><ele>2145.60009765625</ele><time>2024-07-08T09:30:21.000Z</time></trkpt>
        <trkpt lat="46.02001994848251" lon="6.942795859649777"><ele>2145</ele><time>2024-07-08T09:30:28.000Z</time></trkpt>
        <trkpt lat="46.02003830485046" lon="6.942800218239427"><ele>2144.800048828125</ele><time>2024-07-08T09:30:31.000Z</time></trkpt>
        <trkpt lat="46.020067473873496" lon="6.942804157733917"><ele>2144</ele><time>2024-07-08T09:30:35.000Z</time></trkpt>
        <trkpt lat="46.020121118053794" lon="6.942858640104532"><ele>2143.60009765625</ele><time>2024-07-08T09:30:42.000Z</time></trkpt>
        <trkpt lat="46.02012304589152" lon="6.942871045321226"><ele>2144</ele><time>2024-07-08T09:30:51.000Z</time></trkpt>
        <trkpt lat="46.02012237533927" lon="6.942871464416385"><ele>2144</ele><time>2024-07-08T09:30:55.000Z</time></trkpt>
        <trkpt lat="46.020123129710555" lon="6.942871883511543"><ele>2144</ele><time>2024-07-08T09:31:15.000Z</time></trkpt>
        <trkpt lat="46.02012296207249" lon="6.942872386425734"><ele>2144</ele><time>2024-07-08T09:31:18.000Z</time></trkpt>
        <trkpt lat="46.02012447081506" lon="6.9429021421819925"><ele>2144.199951171875</ele><time>2024-07-08T09:31:26.000Z</time></trkpt>
        <trkpt lat="46.02020778693259" lon="6.942994510754943"><ele>2141.800048828125</ele><time>2024-07-08T09:31:46.000Z</time></trkpt>
        <trkpt lat="46.02025623433292" lon="6.9431027211248875"><ele>2139.800048828125</ele><time>2024-07-08T09:31:54.000Z</time></trkpt>
        <trkpt lat="46.02024014107883" lon="6.9431383442133665"><ele>2139.800048828125</ele><time>2024-07-08T09:32:03.000Z</time></trkpt>
        <trkpt lat="46.02022983133793" lon="6.9431630708277225"><ele>2140</ele><time>2024-07-08T09:32:06.000Z</time></trkpt>
        <trkpt lat="46.02022496983409" lon="6.943169357255101"><ele>2140</ele><time>2024-07-08T09:32:07.000Z</time></trkpt>
        <trkpt lat="46.02022211998701" lon="6.943184612318873"><ele>2140</ele><time>2024-07-08T09:32:09.000Z</time></trkpt>
        <trkpt lat="46.02022874169052" lon="6.9431934133172035"><ele>2139.800048828125</ele><time>2024-07-08T09:32:10.000Z</time></trkpt>
        <trkpt lat="46.02026310749352" lon="6.943219061940908"><ele>2138.800048828125</ele><time>2024-07-08T09:32:15.000Z</time></trkpt>
        <trkpt lat="46.02029831148684" lon="6.943278070539236"><ele>2137.39990234375</ele><time>2024-07-08T09:32:22.000Z</time></trkpt>
        <trkpt lat="46.02030350826681" lon="6.943305982276797"><ele>2137</ele><time>2024-07-08T09:32:25.000Z</time></trkpt>
        <trkpt lat="46.02032127790153" lon="6.943331966176629"><ele>2136.39990234375</ele><time>2024-07-08T09:32:32.000Z</time></trkpt>
        <trkpt lat="46.02037450298667" lon="6.943392734974623"><ele>2134.60009765625</ele><time>2024-07-08T09:32:42.000Z</time></trkpt>
        <trkpt lat="46.02042395621538" lon="6.943418635055423"><ele>2133.199951171875</ele><time>2024-07-08T09:32:49.000Z</time></trkpt>
        <trkpt lat="46.020511128008366" lon="6.943435566499829"><ele>2131</ele><time>2024-07-08T09:32:58.000Z</time></trkpt>
        <trkpt lat="46.0205680411309" lon="6.943470183759928"><ele>2129.39990234375</ele><time>2024-07-08T09:33:06.000Z</time></trkpt>
        <trkpt lat="46.020597377792" lon="6.943508740514517"><ele>2129</ele><time>2024-07-08T09:33:12.000Z</time></trkpt>
        <trkpt lat="46.020609783008695" lon="6.943520558997989"><ele>2128.800048828125</ele><time>2024-07-08T09:33:14.000Z</time></trkpt>
        <trkpt lat="46.02063048630953" lon="6.943535897880793"><ele>2128.39990234375</ele><time>2024-07-08T09:33:17.000Z</time></trkpt>
        <trkpt lat="46.02064372971654" lon="6.9435453694313765"><ele>2128</ele><time>2024-07-08T09:33:19.000Z</time></trkpt>
        <trkpt lat="46.020650351420045" lon="6.943549644201994"><ele>2128</ele><time>2024-07-08T09:33:20.000Z</time></trkpt>
        <trkpt lat="46.02065923623741" lon="6.943553080782294"><ele>2127.800048828125</ele><time>2024-07-08T09:33:21.000Z</time></trkpt>
        <trkpt lat="46.02068136446178" lon="6.943563558161259"><ele>2127.199951171875</ele><time>2024-07-08T09:33:23.000Z</time></trkpt>
        <trkpt lat="46.020706593990326" lon="6.94357973523438"><ele>2126.60009765625</ele><time>2024-07-08T09:33:26.000Z</time></trkpt>
        <trkpt lat="46.02072578854859" lon="6.943604797124863"><ele>2126.199951171875</ele><time>2024-07-08T09:33:29.000Z</time></trkpt>
        <trkpt lat="46.02074976079166" lon="6.943616950884461"><ele>2125.39990234375</ele><time>2024-07-08T09:33:32.000Z</time></trkpt>
        <trkpt lat="46.02082796394825" lon="6.943694232031703"><ele>2123.199951171875</ele><time>2024-07-08T09:33:42.000Z</time></trkpt>
        <trkpt lat="46.02087305858731" lon="6.943733124062419"><ele>2121.800048828125</ele><time>2024-07-08T09:33:48.000Z</time></trkpt>
        <trkpt lat="46.02090080268681" lon="6.943738907575607"><ele>2120.800048828125</ele><time>2024-07-08T09:33:51.000Z</time></trkpt>
        <trkpt lat="46.020950423553586" lon="6.943765478208661"><ele>2119.39990234375</ele><time>2024-07-08T09:33:57.000Z</time></trkpt>
        <trkpt lat="46.02099409326911" lon="6.943790456280112"><ele>2118</ele><time>2024-07-08T09:34:01.000Z</time></trkpt>
        <trkpt lat="46.02099912241101" lon="6.943804370239377"><ele>2118</ele><time>2024-07-08T09:34:03.000Z</time></trkpt>
        <trkpt lat="46.021019238978624" lon="6.9438183680176735"><ele>2117.60009765625</ele><time>2024-07-08T09:34:06.000Z</time></trkpt>
        <trkpt lat="46.021024100482464" lon="6.9438304379582405"><ele>2117.60009765625</ele><time>2024-07-08T09:34:08.000Z</time></trkpt>
        <trkpt lat="46.02104379795492" lon="6.943837478756905"><ele>2117</ele><time>2024-07-08T09:34:11.000Z</time></trkpt>
        <trkpt lat="46.02106458507478" lon="6.943850554525852"><ele>2116.39990234375</ele><time>2024-07-08T09:34:13.000Z</time></trkpt>
        <trkpt lat="46.02108210325241" lon="6.943861534819007"><ele>2116</ele><time>2024-07-08T09:34:15.000Z</time></trkpt>
        <trkpt lat="46.02111512795091" lon="6.943905036896467"><ele>2115.39990234375</ele><time>2024-07-08T09:34:21.000Z</time></trkpt>
        <trkpt lat="46.02110900916159" lon="6.943923979997635"><ele>2115.800048828125</ele><time>2024-07-08T09:34:23.000Z</time></trkpt>
        <trkpt lat="46.02113340049982" lon="6.944006290286779"><ele>2116</ele><time>2024-07-08T09:34:31.000Z</time></trkpt>
        <trkpt lat="46.02114111185074" lon="6.944018276408315"><ele>2115.800048828125</ele><time>2024-07-08T09:34:32.000Z</time></trkpt>
        <trkpt lat="46.021183943375945" lon="6.944061946123838"><ele>2115.199951171875</ele><time>2024-07-08T09:34:39.000Z</time></trkpt>
        <trkpt lat="46.02123943157494" lon="6.944101257249713"><ele>2114.199951171875</ele><time>2024-07-08T09:34:50.000Z</time></trkpt>
        <trkpt lat="46.021294416859746" lon="6.944127408787608"><ele>2113.199951171875</ele><time>2024-07-08T09:34:59.000Z</time></trkpt>
        <trkpt lat="46.02133959531784" lon="6.944153057411313"><ele>2112.800048828125</ele><time>2024-07-08T09:35:07.000Z</time></trkpt>
        <trkpt lat="46.021392652764916" lon="6.944211311638355"><ele>2112.60009765625</ele><time>2024-07-08T09:35:17.000Z</time></trkpt>
        <trkpt lat="46.021410170942545" lon="6.944228243082762"><ele>2112.60009765625</ele><time>2024-07-08T09:35:23.000Z</time></trkpt>
        <trkpt lat="46.021418049931526" lon="6.9442336075007915"><ele>2112.39990234375</ele><time>2024-07-08T09:35:25.000Z</time></trkpt>
        <trkpt lat="46.021429700776935" lon="6.944284150376916"><ele>2113.199951171875</ele><time>2024-07-08T09:35:34.000Z</time></trkpt>
        <trkpt lat="46.02147655561566" lon="6.9443028420209885"><ele>2112.39990234375</ele><time>2024-07-08T09:35:41.000Z</time></trkpt>
        <trkpt lat="46.02151880040765" lon="6.9442907720804214"><ele>2111.39990234375</ele><time>2024-07-08T09:35:49.000Z</time></trkpt>
        <trkpt lat="46.021572863683105" lon="6.944292364642024"><ele>2109.800048828125</ele><time>2024-07-08T09:35:55.000Z</time></trkpt>
        <trkpt lat="46.02161477319896" lon="6.944363946095109"><ele>2109.39990234375</ele><time>2024-07-08T09:36:00.000Z</time></trkpt>
        <trkpt lat="46.02167428471148" lon="6.944430246949196"><ele>2108.39990234375</ele><time>2024-07-08T09:36:08.000Z</time></trkpt>
        <trkpt lat="46.021737987175584" lon="6.944466372951865"><ele>2107</ele><time>2024-07-08T09:36:14.000Z</time></trkpt>
        <trkpt lat="46.021759528666735" lon="6.944468971341848"><ele>2106.199951171875</ele><time>2024-07-08T09:36:16.000Z</time></trkpt>
        <trkpt lat="46.02179657667875" lon="6.944507360458374"><ele>2105.60009765625</ele><time>2024-07-08T09:36:23.000Z</time></trkpt>
        <trkpt lat="46.0217974986881" lon="6.944522615522146"><ele>2105.800048828125</ele><time>2024-07-08T09:36:25.000Z</time></trkpt>
        <trkpt lat="46.02184234187007" lon="6.944570224732161"><ele>2105.199951171875</ele><time>2024-07-08T09:36:32.000Z</time></trkpt>
        <trkpt lat="46.02188643068075" lon="6.94463518448174"><ele>2105.39990234375</ele><time>2024-07-08T09:36:41.000Z</time></trkpt>
        <trkpt lat="46.02194108068943" lon="6.944672986865044"><ele>2104.60009765625</ele><time>2024-07-08T09:36:48.000Z</time></trkpt>
        <trkpt lat="46.02197980508208" lon="6.944735599681735"><ele>2104.800048828125</ele><time>2024-07-08T09:36:55.000Z</time></trkpt>
        <trkpt lat="46.02198399603367" lon="6.944741550832987"><ele>2104.800048828125</ele><time>2024-07-08T09:36:56.000Z</time></trkpt>
        <trkpt lat="46.022016098722816" lon="6.944808270782232"><ele>2104.800048828125</ele><time>2024-07-08T09:37:03.000Z</time></trkpt>
        <trkpt lat="46.02204551920295" lon="6.944806929677725"><ele>2104.39990234375</ele><time>2024-07-08T09:37:06.000Z</time></trkpt>
        <trkpt lat="46.022096648812294" lon="6.944841295480728"><ele>2103.800048828125</ele><time>2024-07-08T09:37:11.000Z</time></trkpt>
        <trkpt lat="46.0221793781966" lon="6.944857304915786"><ele>2101.60009765625</ele><time>2024-07-08T09:37:20.000Z</time></trkpt>
        <trkpt lat="46.02222363464534" lon="6.944876918569207"><ele>2100.39990234375</ele><time>2024-07-08T09:37:27.000Z</time></trkpt>
        <trkpt lat="46.022254982963204" lon="6.944869207218289"><ele>2099.39990234375</ele><time>2024-07-08T09:37:31.000Z</time></trkpt>
        <trkpt lat="46.022304352372885" lon="6.9448865577578545"><ele>2098.199951171875</ele><time>2024-07-08T09:37:36.000Z</time></trkpt>
        <trkpt lat="46.02237995713949" lon="6.944952942430973"><ele>2096.800048828125</ele><time>2024-07-08T09:37:45.000Z</time></trkpt>
        <trkpt lat="46.0224071983248" lon="6.944967275485396"><ele>2096.39990234375</ele><time>2024-07-08T09:37:48.000Z</time></trkpt>
        <trkpt lat="46.022448521107435" lon="6.944996025413275"><ele>2095.800048828125</ele><time>2024-07-08T09:37:53.000Z</time></trkpt>
        <trkpt lat="46.022466123104095" lon="6.9450712110847235"><ele>2096.39990234375</ele><time>2024-07-08T09:38:01.000Z</time></trkpt>
        <trkpt lat="46.0225057695061" lon="6.945137428119779"><ele>2096.199951171875</ele><time>2024-07-08T09:38:08.000Z</time></trkpt>
        <trkpt lat="46.022547176107764" lon="6.945150336250663"><ele>2095.39990234375</ele><time>2024-07-08T09:38:12.000Z</time></trkpt>
        <trkpt lat="46.02261205203831" lon="6.945172967389226"><ele>2094</ele><time>2024-07-08T09:38:19.000Z</time></trkpt>
        <trkpt lat="46.022637113928795" lon="6.9451778288930655"><ele>2093.60009765625</ele><time>2024-07-08T09:38:23.000Z</time></trkpt>
        <trkpt lat="46.02264767512679" lon="6.945185204967856"><ele>2093.39990234375</ele><time>2024-07-08T09:38:26.000Z</time></trkpt>
        <trkpt lat="46.02265211753547" lon="6.945190988481045"><ele>2093.39990234375</ele><time>2024-07-08T09:38:27.000Z</time></trkpt>
        <trkpt lat="46.02267441339791" lon="6.945207333192229"><ele>2093</ele><time>2024-07-08T09:38:31.000Z</time></trkpt>
        <trkpt lat="46.022695787250996" lon="6.945227617397904"><ele>2092.800048828125</ele><time>2024-07-08T09:38:34.000Z</time></trkpt>
        <trkpt lat="46.02275270037353" lon="6.945231556892395"><ele>2091.800048828125</ele><time>2024-07-08T09:38:42.000Z</time></trkpt>
        <trkpt lat="46.022776337340474" lon="6.9452606420964"><ele>2091.60009765625</ele><time>2024-07-08T09:38:47.000Z</time></trkpt>
        <trkpt lat="46.022797375917435" lon="6.945282854139805"><ele>2091.39990234375</ele><time>2024-07-08T09:38:51.000Z</time></trkpt>
        <trkpt lat="46.022857055068016" lon="6.94528603926301"><ele>2090.39990234375</ele><time>2024-07-08T09:38:58.000Z</time></trkpt>
        <trkpt lat="46.02286200039089" lon="6.945289894938469"><ele>2090.199951171875</ele><time>2024-07-08T09:38:59.000Z</time></trkpt>
        <trkpt lat="46.02288806810975" lon="6.945299366489053"><ele>2089.800048828125</ele><time>2024-07-08T09:39:07.000Z</time></trkpt>
        <trkpt lat="46.02289007976651" lon="6.94530070759356"><ele>2089.800048828125</ele><time>2024-07-08T09:39:11.000Z</time></trkpt>
        <trkpt lat="46.02289100177586" lon="6.945301461964846"><ele>2089.800048828125</ele><time>2024-07-08T09:39:19.000Z</time></trkpt>
        <trkpt lat="46.02289100177586" lon="6.945301461964846"><ele>2089.800048828125</ele><time>2024-07-08T09:39:22.000Z</time></trkpt>
        <trkpt lat="46.022926457226276" lon="6.945314956828952"><ele>2089.199951171875</ele><time>2024-07-08T09:39:39.000Z</time></trkpt>
        <trkpt lat="46.02297641336918" lon="6.945341443642974"><ele>2088</ele><time>2024-07-08T09:39:49.000Z</time></trkpt>
        <trkpt lat="46.02306450717151" lon="6.945393830537796"><ele>2085.800048828125</ele><time>2024-07-08T09:39:59.000Z</time></trkpt>
        <trkpt lat="46.02315662428737" lon="6.945444289594889"><ele>2083.39990234375</ele><time>2024-07-08T09:40:07.000Z</time></trkpt>
        <trkpt lat="46.02320431731641" lon="6.945462645962834"><ele>2082.199951171875</ele><time>2024-07-08T09:40:14.000Z</time></trkpt>
        <trkpt lat="46.023236168548465" lon="6.945488462224603"><ele>2081.199951171875</ele><time>2024-07-08T09:40:20.000Z</time></trkpt>
        <trkpt lat="46.02325075305998" lon="6.945511931553483"><ele>2081</ele><time>2024-07-08T09:40:23.000Z</time></trkpt>
        <trkpt lat="46.023254189640284" lon="6.94558066315949"><ele>2081.199951171875</ele><time>2024-07-08T09:40:31.000Z</time></trkpt>
        <trkpt lat="46.023290399461985" lon="6.945585859939456"><ele>2080</ele><time>2024-07-08T09:40:37.000Z</time></trkpt>
        <trkpt lat="46.023346558213234" lon="6.945609077811241"><ele>2078.60009765625</ele><time>2024-07-08T09:40:46.000Z</time></trkpt>
        <trkpt lat="46.0233914013952" lon="6.945631038397551"><ele>2077.39990234375</ele><time>2024-07-08T09:40:52.000Z</time></trkpt>
        <trkpt lat="46.02339567616582" lon="6.945633804425597"><ele>2077.199951171875</ele><time>2024-07-08T09:40:53.000Z</time></trkpt>
        <trkpt lat="46.02339978329837" lon="6.945634642615914"><ele>2077.199951171875</ele><time>2024-07-08T09:40:54.000Z</time></trkpt>
        <trkpt lat="46.02340405806899" lon="6.945635648444295"><ele>2077</ele><time>2024-07-08T09:40:55.000Z</time></trkpt>
        <trkpt lat="46.02342316880822" lon="6.945674540475011"><ele>2076.60009765625</ele><time>2024-07-08T09:41:04.000Z</time></trkpt>
        <trkpt lat="46.0234328918159" lon="6.945685101673007"><ele>2076.39990234375</ele><time>2024-07-08T09:41:07.000Z</time></trkpt>
        <trkpt lat="46.02343926206231" lon="6.945686610415578"><ele>2076.199951171875</ele><time>2024-07-08T09:41:09.000Z</time></trkpt>
        <trkpt lat="46.02344303391874" lon="6.9456905499100685"><ele>2076</ele><time>2024-07-08T09:41:10.000Z</time></trkpt>
        <trkpt lat="46.02345108054578" lon="6.945690466091037"><ele>2075.800048828125</ele><time>2024-07-08T09:41:14.000Z</time></trkpt>
        <trkpt lat="46.02349818684161" lon="6.945705050602555"><ele>2074.60009765625</ele><time>2024-07-08T09:41:22.000Z</time></trkpt>
        <trkpt lat="46.02352215908468" lon="6.945718294009566"><ele>2074.199951171875</ele><time>2024-07-08T09:41:26.000Z</time></trkpt>
        <trkpt lat="46.02354143746197" lon="6.945711672306061"><ele>2073.800048828125</ele><time>2024-07-08T09:41:29.000Z</time></trkpt>
        <trkpt lat="46.02355350740254" lon="6.945744780823588"><ele>2073.60009765625</ele><time>2024-07-08T09:41:34.000Z</time></trkpt>
        <trkpt lat="46.02357010357082" lon="6.945784678682685"><ele>2073.39990234375</ele><time>2024-07-08T09:41:41.000Z</time></trkpt>
        <trkpt lat="46.0235658288002" lon="6.945846369490027"><ele>2073.800048828125</ele><time>2024-07-08T09:41:50.000Z</time></trkpt>
        <trkpt lat="46.02353741414845" lon="6.945917112752795"><ele>2074.60009765625</ele><time>2024-07-08T09:41:57.000Z</time></trkpt>
        <trkpt lat="46.02354462258518" lon="6.945941587910056"><ele>2074.60009765625</ele><time>2024-07-08T09:41:59.000Z</time></trkpt>
        <trkpt lat="46.02356825955212" lon="6.945963045582175"><ele>2074</ele><time>2024-07-08T09:42:02.000Z</time></trkpt>
        <trkpt lat="46.0235763899982" lon="6.94597402587533"><ele>2073.800048828125</ele><time>2024-07-08T09:42:03.000Z</time></trkpt>
        <trkpt lat="46.023586532101035" lon="6.9460006803274155"><ele>2073.39990234375</ele><time>2024-07-08T09:42:05.000Z</time></trkpt>
        <trkpt lat="46.02358577772975" lon="6.946055833250284"><ele>2073</ele><time>2024-07-08T09:42:09.000Z</time></trkpt>
        <trkpt lat="46.02357161231339" lon="6.946071591228247"><ele>2073.199951171875</ele><time>2024-07-08T09:42:11.000Z</time></trkpt>
        <trkpt lat="46.02356909774244" lon="6.946084666997194"><ele>2073.199951171875</ele><time>2024-07-08T09:42:12.000Z</time></trkpt>
        <trkpt lat="46.0235779825598" lon="6.946146273985505"><ele>2072.39990234375</ele><time>2024-07-08T09:42:18.000Z</time></trkpt>
        <trkpt lat="46.02352341637015" lon="6.946198241785169"><ele>2073.39990234375</ele><time>2024-07-08T09:42:26.000Z</time></trkpt>
        <trkpt lat="46.023512771353126" lon="6.946202600374818"><ele>2073.39990234375</ele><time>2024-07-08T09:42:27.000Z</time></trkpt>
        <trkpt lat="46.023455103859305" lon="6.946251383051276"><ele>2074.199951171875</ele><time>2024-07-08T09:42:35.000Z</time></trkpt>
        <trkpt lat="46.023459462448955" lon="6.946298070251942"><ele>2073.199951171875</ele><time>2024-07-08T09:42:39.000Z</time></trkpt>
        <trkpt lat="46.0234709456563" lon="6.946339476853609"><ele>2072.199951171875</ele><time>2024-07-08T09:42:42.000Z</time></trkpt>
        <trkpt lat="46.02347086183727" lon="6.946354396641254"><ele>2072</ele><time>2024-07-08T09:42:43.000Z</time></trkpt>
        <trkpt lat="46.02343825623393" lon="6.946409130468965"><ele>2071.60009765625</ele><time>2024-07-08T09:42:49.000Z</time></trkpt>
        <trkpt lat="46.02334572002292" lon="6.946455901488662"><ele>2072.199951171875</ele><time>2024-07-08T09:43:00.000Z</time></trkpt>
        <trkpt lat="46.02323289960623" lon="6.946514239534736"><ele>2072.60009765625</ele><time>2024-07-08T09:43:13.000Z</time></trkpt>
        <trkpt lat="46.02320699952543" lon="6.946552712470293"><ele>2071.60009765625</ele><time>2024-07-08T09:43:21.000Z</time></trkpt>
        <trkpt lat="46.02322854101658" lon="6.946561681106687"><ele>2071.199951171875</ele><time>2024-07-08T09:43:23.000Z</time></trkpt>
        <trkpt lat="46.02325896732509" lon="6.946591939777136"><ele>2070.199951171875</ele><time>2024-07-08T09:43:27.000Z</time></trkpt>
        <trkpt lat="46.023321747779846" lon="6.946652205660939"><ele>2068</ele><time>2024-07-08T09:43:35.000Z</time></trkpt>
        <trkpt lat="46.02336147800088" lon="6.946684895083308"><ele>2066.800048828125</ele><time>2024-07-08T09:43:39.000Z</time></trkpt>
        <trkpt lat="46.023370027542114" lon="6.946694198995829"><ele>2066.39990234375</ele><time>2024-07-08T09:43:40.000Z</time></trkpt>
        <trkpt lat="46.02340439334512" lon="6.94671087898314"><ele>2065.800048828125</ele><time>2024-07-08T09:43:44.000Z</time></trkpt>
        <trkpt lat="46.02348846383393" lon="6.946733761578798"><ele>2064.199951171875</ele><time>2024-07-08T09:43:54.000Z</time></trkpt>
        <trkpt lat="46.02360396645963" lon="6.946796961128712"><ele>2062.39990234375</ele><time>2024-07-08T09:44:07.000Z</time></trkpt>
        <trkpt lat="46.02367185987532" lon="6.946853036060929"><ele>2061</ele><time>2024-07-08T09:44:16.000Z</time></trkpt>
        <trkpt lat="46.02367781102657" lon="6.946860998868942"><ele>2060.800048828125</ele><time>2024-07-08T09:44:17.000Z</time></trkpt>
        <trkpt lat="46.023699436336756" lon="6.946895867586136"><ele>2060</ele><time>2024-07-08T09:44:20.000Z</time></trkpt>
        <trkpt lat="46.023707734420896" lon="6.946967784315348"><ele>2058.39990234375</ele><time>2024-07-08T09:44:25.000Z</time></trkpt>
        <trkpt lat="46.02366649545729" lon="6.947045233100653"><ele>2056.60009765625</ele><time>2024-07-08T09:44:33.000Z</time></trkpt>
        <trkpt lat="46.02364051155746" lon="6.947067193686962"><ele>2056</ele><time>2024-07-08T09:44:36.000Z</time></trkpt>
        <trkpt lat="46.02360765449703" lon="6.94709544070065"><ele>2055.199951171875</ele><time>2024-07-08T09:44:40.000Z</time></trkpt>
        <trkpt lat="46.02353481575847" lon="6.947155203670263"><ele>2053.39990234375</ele><time>2024-07-08T09:44:49.000Z</time></trkpt>
        <trkpt lat="46.0235227458179" lon="6.947167860344052"><ele>2053</ele><time>2024-07-08T09:44:51.000Z</time></trkpt>
        <trkpt lat="46.02349793538451" lon="6.947205914184451"><ele>2051.60009765625</ele><time>2024-07-08T09:44:55.000Z</time></trkpt>
        <trkpt lat="46.0234535112977" lon="6.947263330221176"><ele>2049.60009765625</ele><time>2024-07-08T09:45:03.000Z</time></trkpt>
        <trkpt lat="46.02340296842158" lon="6.94732460193336"><ele>2047.800048828125</ele><time>2024-07-08T09:45:12.000Z</time></trkpt>
        <trkpt lat="46.02335209026933" lon="6.947356620803475"><ele>2047.199951171875</ele><time>2024-07-08T09:45:19.000Z</time></trkpt>
        <trkpt lat="46.02332375943661" lon="6.94738226942718"><ele>2046.800048828125</ele><time>2024-07-08T09:45:23.000Z</time></trkpt>
        <trkpt lat="46.023268941789865" lon="6.94742233492434"><ele>2046.199951171875</ele><time>2024-07-08T09:45:31.000Z</time></trkpt>
        <trkpt lat="46.02326366119087" lon="6.947425771504641"><ele>2046</ele><time>2024-07-08T09:45:32.000Z</time></trkpt>
        <trkpt lat="46.0232447180897" lon="6.94743943400681"><ele>2045.800048828125</ele><time>2024-07-08T09:45:35.000Z</time></trkpt>
        <trkpt lat="46.023220494389534" lon="6.947465501725674"><ele>2045.4000244140625</ele><time>2024-07-08T09:45:40.000Z</time></trkpt>
        <trkpt lat="46.02322217077017" lon="6.947472542524338"><ele>2045.199951171875</ele><time>2024-07-08T09:45:41.000Z</time></trkpt>
        <trkpt lat="46.02326047606766" lon="6.947525013238192"><ele>2044</ele><time>2024-07-08T09:45:49.000Z</time></trkpt>
        <trkpt lat="46.02332007139921" lon="6.9476022105664015"><ele>2042</ele><time>2024-07-08T09:45:57.000Z</time></trkpt>
        <trkpt lat="46.02337187156081" lon="6.947669517248869"><ele>2040.5999755859375</ele><time>2024-07-08T09:46:05.000Z</time></trkpt>
        <trkpt lat="46.02346365340054" lon="6.947768507525325"><ele>2038.4000244140625</ele><time>2024-07-08T09:46:18.000Z</time></trkpt>
        <trkpt lat="46.02352266199887" lon="6.947835898026824"><ele>2037</ele><time>2024-07-08T09:46:27.000Z</time></trkpt>
        <trkpt lat="46.02353825233877" lon="6.947853919118643"><ele>2036.5999755859375</ele><time>2024-07-08T09:46:29.000Z</time></trkpt>
        <trkpt lat="46.02355007082224" lon="6.9478993490338326"><ele>2035.800048828125</ele><time>2024-07-08T09:46:33.000Z</time></trkpt>
        <trkpt lat="46.0235452093184" lon="6.94790999405086"><ele>2035.5999755859375</ele><time>2024-07-08T09:46:34.000Z</time></trkpt>
        <trkpt lat="46.0235364921391" lon="6.94798375479877"><ele>2034.5999755859375</ele><time>2024-07-08T09:46:42.000Z</time></trkpt>
        <trkpt lat="46.02354085072875" lon="6.948019294068217"><ele>2033.800048828125</ele><time>2024-07-08T09:46:45.000Z</time></trkpt>
        <trkpt lat="46.023563062772155" lon="6.948062796145678"><ele>2033.199951171875</ele><time>2024-07-08T09:46:49.000Z</time></trkpt>
        <trkpt lat="46.02362299337983" lon="6.948152147233486"><ele>2031.5999755859375</ele><time>2024-07-08T09:46:57.000Z</time></trkpt>
        <trkpt lat="46.02365124039352" lon="6.948189279064536"><ele>2030.800048828125</ele><time>2024-07-08T09:47:01.000Z</time></trkpt>
        <trkpt lat="46.02367554791272" lon="6.948208473622799"><ele>2030.5999755859375</ele><time>2024-07-08T09:47:05.000Z</time></trkpt>
        <trkpt lat="46.02368066087365" lon="6.948209647089243"><ele>2030.5999755859375</ele><time>2024-07-08T09:47:06.000Z</time></trkpt>
        <trkpt lat="46.02372609078884" lon="6.948272762820125"><ele>2029.5999755859375</ele><time>2024-07-08T09:47:15.000Z</time></trkpt>
        <trkpt lat="46.02372357621789" lon="6.948331519961357"><ele>2028.800048828125</ele><time>2024-07-08T09:47:20.000Z</time></trkpt>
        <trkpt lat="46.02372223511338" lon="6.9483448471874"><ele>2028.5999755859375</ele><time>2024-07-08T09:47:21.000Z</time></trkpt>
        <trkpt lat="46.023718966171145" lon="6.948372172191739"><ele>2028.199951171875</ele><time>2024-07-08T09:47:23.000Z</time></trkpt>
        <trkpt lat="46.02371720597148" lon="6.948413830250502"><ele>2027.5999755859375</ele><time>2024-07-08T09:47:26.000Z</time></trkpt>
        <trkpt lat="46.023676302284" lon="6.948468564078212"><ele>2026.4000244140625</ele><time>2024-07-08T09:47:31.000Z</time></trkpt>
        <trkpt lat="46.023620311170816" lon="6.948534278199077"><ele>2024.800048828125</ele><time>2024-07-08T09:47:38.000Z</time></trkpt>
        <trkpt lat="46.023581167683005" lon="6.94859404116869"><ele>2023.5999755859375</ele><time>2024-07-08T09:47:43.000Z</time></trkpt>
        <trkpt lat="46.02350078523159" lon="6.94876947440207"><ele>2021.4000244140625</ele><time>2024-07-08T09:47:56.000Z</time></trkpt>
        <trkpt lat="46.02348117157817" lon="6.948851281777024"><ele>2020</ele><time>2024-07-08T09:48:02.000Z</time></trkpt>
        <trkpt lat="46.02350112050772" lon="6.948905009776354"><ele>2019</ele><time>2024-07-08T09:48:06.000Z</time></trkpt>
        <trkpt lat="46.02355409413576" lon="6.949041299521923"><ele>2016.5999755859375</ele><time>2024-07-08T09:48:16.000Z</time></trkpt>
        <trkpt lat="46.02357018738985" lon="6.949063595384359"><ele>2016</ele><time>2024-07-08T09:48:18.000Z</time></trkpt>
        <trkpt lat="46.023586448282" lon="6.949103409424424"><ele>2015.4000244140625</ele><time>2024-07-08T09:48:21.000Z</time></trkpt>
        <trkpt lat="46.023611007258296" lon="6.949186557903886"><ele>2014</ele><time>2024-07-08T09:48:27.000Z</time></trkpt>
        <trkpt lat="46.02361201308668" lon="6.949227126315236"><ele>2013.4000244140625</ele><time>2024-07-08T09:48:30.000Z</time></trkpt>
        <trkpt lat="46.023624585941434" lon="6.949266269803047"><ele>2012.800048828125</ele><time>2024-07-08T09:48:33.000Z</time></trkpt>
        <trkpt lat="46.023638332262635" lon="6.949286889284849"><ele>2012.4000244140625</ele><time>2024-07-08T09:48:35.000Z</time></trkpt>
        <trkpt lat="46.02373539470136" lon="6.949421418830752"><ele>2010.5999755859375</ele><time>2024-07-08T09:48:48.000Z</time></trkpt>
        <trkpt lat="46.02374956011772" lon="6.949440026655793"><ele>2010.4000244140625</ele><time>2024-07-08T09:48:50.000Z</time></trkpt>
        <trkpt lat="46.02383832447231" lon="6.9495792500674725"><ele>2009</ele><time>2024-07-08T09:49:02.000Z</time></trkpt>
        <trkpt lat="46.02391040883958" lon="6.949685281142592"><ele>2008.199951171875</ele><time>2024-07-08T09:49:11.000Z</time></trkpt>
        <trkpt lat="46.02392926812172" lon="6.949719563126564"><ele>2008</ele><time>2024-07-08T09:49:14.000Z</time></trkpt>
        <trkpt lat="46.02394636720419" lon="6.949752755463123"><ele>2007.5999755859375</ele><time>2024-07-08T09:49:17.000Z</time></trkpt>
        <trkpt lat="46.0239717643708" lon="6.949800783768296"><ele>2007.199951171875</ele><time>2024-07-08T09:49:21.000Z</time></trkpt>
        <trkpt lat="46.02405583485961" lon="6.949920225888491"><ele>2006.5999755859375</ele><time>2024-07-08T09:49:32.000Z</time></trkpt>
        <trkpt lat="46.02406312711537" lon="6.94993388839066"><ele>2006.4000244140625</ele><time>2024-07-08T09:49:33.000Z</time></trkpt>
        <trkpt lat="46.024109814316034" lon="6.949992813169956"><ele>2006.199951171875</ele><time>2024-07-08T09:49:41.000Z</time></trkpt>
        <trkpt lat="46.024117190390825" lon="6.949987867847085"><ele>2006.199951171875</ele><time>2024-07-08T09:49:42.000Z</time></trkpt>
        <trkpt lat="46.024190951138735" lon="6.949885273352265"><ele>2006.4000244140625</ele><time>2024-07-08T09:49:52.000Z</time></trkpt>
        <trkpt lat="46.024236883968115" lon="6.94983808323741"><ele>2006.4000244140625</ele><time>2024-07-08T09:49:56.000Z</time></trkpt>
        <trkpt lat="46.0243034362793" lon="6.949805226176977"><ele>2006.199951171875</ele><time>2024-07-08T09:50:02.000Z</time></trkpt>
        <trkpt lat="46.02441105991602" lon="6.949824169278145"><ele>2005</ele><time>2024-07-08T09:50:11.000Z</time></trkpt>
        <trkpt lat="46.02443855255842" lon="6.9498448725789785"><ele>2004.5999755859375</ele><time>2024-07-08T09:50:13.000Z</time></trkpt>
        <trkpt lat="46.02446923032403" lon="6.949868844822049"><ele>2004.4000244140625</ele><time>2024-07-08T09:50:16.000Z</time></trkpt>
        <trkpt lat="46.02451667189598" lon="6.94993095472455"><ele>2004</ele><time>2024-07-08T09:50:22.000Z</time></trkpt>
        <trkpt lat="46.024552127346396" lon="6.949979150667787"><ele>2003.800048828125</ele><time>2024-07-08T09:50:27.000Z</time></trkpt>
        <trkpt lat="46.02459529414773" lon="6.950045870617032"><ele>2003.5999755859375</ele><time>2024-07-08T09:50:35.000Z</time></trkpt>
        <trkpt lat="46.02460702881217" lon="6.950051821768284"><ele>2003.4000244140625</ele><time>2024-07-08T09:50:37.000Z</time></trkpt>
        <trkpt lat="46.02456897497177" lon="6.9499824196100235"><ele>2003.800048828125</ele><time>2024-07-08T10:50:20.000Z</time></trkpt>
        <trkpt lat="46.02456411346793" lon="6.950009493157268"><ele>2003.800048828125</ele><time>2024-07-08T10:50:21.000Z</time></trkpt>
        <trkpt lat="46.02457224391401" lon="6.950026089325547"><ele>2003.800048828125</ele><time>2024-07-08T10:50:22.000Z</time></trkpt>
        <trkpt lat="46.02454408071935" lon="6.950214179232717"><ele>2004.5999755859375</ele><time>2024-07-08T10:50:32.000Z</time></trkpt>
        <trkpt lat="46.024474846199155" lon="6.950285006314516"><ele>2005.4000244140625</ele><time>2024-07-08T10:50:39.000Z</time></trkpt>
        <trkpt lat="46.02443654090166" lon="6.950333705171943"><ele>2005.199951171875</ele><time>2024-07-08T10:50:43.000Z</time></trkpt>
        <trkpt lat="46.02436806075275" lon="6.950451303273439"><ele>2004.5999755859375</ele><time>2024-07-08T10:50:52.000Z</time></trkpt>
        <trkpt lat="46.02434610016644" lon="6.950536547228694"><ele>2004</ele><time>2024-07-08T10:50:57.000Z</time></trkpt>
        <trkpt lat="46.02433889172971" lon="6.950573762878776"><ele>2003.800048828125</ele><time>2024-07-08T10:50:59.000Z</time></trkpt>
        <trkpt lat="46.024329084903" lon="6.9506085477769375"><ele>2003.5999755859375</ele><time>2024-07-08T10:51:01.000Z</time></trkpt>
        <trkpt lat="46.024279883131385" lon="6.950757829472423"><ele>2002</ele><time>2024-07-08T10:51:10.000Z</time></trkpt>
        <trkpt lat="46.02427418343723" lon="6.950852293521166"><ele>2001.4000244140625</ele><time>2024-07-08T10:51:15.000Z</time></trkpt>
        <trkpt lat="46.02427678182721" lon="6.9509050995111465"><ele>2001</ele><time>2024-07-08T10:51:18.000Z</time></trkpt>
        <trkpt lat="46.02429622784257" lon="6.9509790278971195"><ele>2000.5999755859375</ele><time>2024-07-08T10:51:22.000Z</time></trkpt>
        <trkpt lat="46.02434618398547" lon="6.951206596568227"><ele>1999.199951171875</ele><time>2024-07-08T10:51:35.000Z</time></trkpt>
        <trkpt lat="46.024350710213184" lon="6.951261246576905"><ele>1999</ele><time>2024-07-08T10:51:38.000Z</time></trkpt>
        <trkpt lat="46.024318523705006" lon="6.951270634308457"><ele>1998.800048828125</ele><time>2024-07-08T10:51:41.000Z</time></trkpt>
        <trkpt lat="46.024239230901" lon="6.951184719800949"><ele>1998.5999755859375</ele><time>2024-07-08T10:51:49.000Z</time></trkpt>
        <trkpt lat="46.02421819232404" lon="6.951171141117811"><ele>1998.4000244140625</ele><time>2024-07-08T10:51:51.000Z</time></trkpt>
        <trkpt lat="46.02416471578181" lon="6.951124873012304"><ele>1998</ele><time>2024-07-08T10:51:56.000Z</time></trkpt>
        <trkpt lat="46.02406865917146" lon="6.951019009575248"><ele>1997.800048828125</ele><time>2024-07-08T10:52:06.000Z</time></trkpt>
        <trkpt lat="46.02394008077681" lon="6.950959749519825"><ele>1996.5999755859375</ele><time>2024-07-08T10:52:17.000Z</time></trkpt>
        <trkpt lat="46.02384176105261" lon="6.950931502506137"><ele>1995.5999755859375</ele><time>2024-07-08T10:52:26.000Z</time></trkpt>
        <trkpt lat="46.02376808412373" lon="6.950827818363905"><ele>1996</ele><time>2024-07-08T10:52:35.000Z</time></trkpt>
        <trkpt lat="46.02373220957816" lon="6.950736455619335"><ele>1996.800048828125</ele><time>2024-07-08T10:52:41.000Z</time></trkpt>
        <trkpt lat="46.02370857261121" lon="6.950704017654061"><ele>1997</ele><time>2024-07-08T10:52:44.000Z</time></trkpt>
        <trkpt lat="46.02363757789135" lon="6.9506606832146645"><ele>1996.5999755859375</ele><time>2024-07-08T10:52:51.000Z</time></trkpt>
        <trkpt lat="46.02362676523626" lon="6.950652971863747"><ele>1996.5999755859375</ele><time>2024-07-08T10:52:52.000Z</time></trkpt>
        <trkpt lat="46.02350631728768" lon="6.950580049306154"><ele>1995.800048828125</ele><time>2024-07-08T10:53:03.000Z</time></trkpt>
        <trkpt lat="46.02343180216849" lon="6.950514754280448"><ele>1995.5999755859375</ele><time>2024-07-08T10:53:11.000Z</time></trkpt>
        <trkpt lat="46.02333465591073" lon="6.950444681569934"><ele>1994.800048828125</ele><time>2024-07-08T10:53:21.000Z</time></trkpt>
        <trkpt lat="46.023243460804224" lon="6.950312834233046"><ele>1995</ele><time>2024-07-08T10:53:32.000Z</time></trkpt>
        <trkpt lat="46.02314354851842" lon="6.950139161199331"><ele>1995.800048828125</ele><time>2024-07-08T10:53:45.000Z</time></trkpt>
        <trkpt lat="46.023041205480695" lon="6.950014103204012"><ele>1996.199951171875</ele><time>2024-07-08T10:53:56.000Z</time></trkpt>
        <trkpt lat="46.022953279316425" lon="6.9499164540320635"><ele>1996.199951171875</ele><time>2024-07-08T10:54:05.000Z</time></trkpt>
        <trkpt lat="46.02286459878087" lon="6.94980975240469"><ele>1997</ele><time>2024-07-08T10:54:15.000Z</time></trkpt>
        <trkpt lat="46.02283727377653" lon="6.949775302782655"><ele>1997.4000244140625</ele><time>2024-07-08T10:54:18.000Z</time></trkpt>
        <trkpt lat="46.02282243780792" lon="6.949768345803022"><ele>1997.199951171875</ele><time>2024-07-08T10:54:19.000Z</time></trkpt>
        <trkpt lat="46.022768039256334" lon="6.949753174558282"><ele>1996.800048828125</ele><time>2024-07-08T10:54:24.000Z</time></trkpt>
        <trkpt lat="46.02264432236552" lon="6.949709169566631"><ele>1996</ele><time>2024-07-08T10:54:35.000Z</time></trkpt>
        <trkpt lat="46.022512055933475" lon="6.949619399383664"><ele>1996.4000244140625</ele><time>2024-07-08T10:54:47.000Z</time></trkpt>
        <trkpt lat="46.022481713443995" lon="6.949585201218724"><ele>1996.800048828125</ele><time>2024-07-08T10:54:50.000Z</time></trkpt>
        <trkpt lat="46.02247207425535" lon="6.949574304744601"><ele>1997</ele><time>2024-07-08T10:54:51.000Z</time></trkpt>
        <trkpt lat="46.022397223860025" lon="6.949545470997691"><ele>1996.800048828125</ele><time>2024-07-08T10:54:57.000Z</time></trkpt>
        <trkpt lat="46.02230594493449" lon="6.949523175135255"><ele>1996.4000244140625</ele><time>2024-07-08T10:55:05.000Z</time></trkpt>
        <trkpt lat="46.022239308804274" lon="6.949489060789347"><ele>1996.4000244140625</ele><time>2024-07-08T10:55:11.000Z</time></trkpt>
        <trkpt lat="46.02219798602164" lon="6.9494561199098825"><ele>1996.5999755859375</ele><time>2024-07-08T10:55:15.000Z</time></trkpt>
        <trkpt lat="46.022153897210956" lon="6.949441200122237"><ele>1996.4000244140625</ele><time>2024-07-08T10:55:19.000Z</time></trkpt>
        <trkpt lat="46.022096732631326" lon="6.94942519068718"><ele>1996.199951171875</ele><time>2024-07-08T10:55:24.000Z</time></trkpt>
        <trkpt lat="46.022051721811295" lon="6.949376743286848"><ele>1996.5999755859375</ele><time>2024-07-08T10:55:29.000Z</time></trkpt>
        <trkpt lat="46.02196781896055" lon="6.949292337521911"><ele>1997.199951171875</ele><time>2024-07-08T10:55:38.000Z</time></trkpt>
        <trkpt lat="46.02194795385003" lon="6.949282698333263"><ele>1997.199951171875</ele><time>2024-07-08T10:55:40.000Z</time></trkpt>
        <trkpt lat="46.02178811095655" lon="6.949172057211399"><ele>1997.800048828125</ele><time>2024-07-08T10:55:55.000Z</time></trkpt>
        <trkpt lat="46.02177092805505" lon="6.949173314496875"><ele>1997.5999755859375</ele><time>2024-07-08T10:55:57.000Z</time></trkpt>
        <trkpt lat="46.021721391007304" lon="6.949183456599712"><ele>1997</ele><time>2024-07-08T10:56:02.000Z</time></trkpt>
        <trkpt lat="46.02166464552283" lon="6.949198544025421"><ele>1996</ele><time>2024-07-08T10:56:07.000Z</time></trkpt>
        <trkpt lat="46.02161267772317" lon="6.949187815189362"><ele>1995.800048828125</ele><time>2024-07-08T10:56:12.000Z</time></trkpt>
        <trkpt lat="46.02158233523369" lon="6.949178008362651"><ele>1995.800048828125</ele><time>2024-07-08T10:56:15.000Z</time></trkpt>
        <trkpt lat="46.02154285646975" lon="6.949150348082185"><ele>1996.199951171875</ele><time>2024-07-08T10:56:19.000Z</time></trkpt>
        <trkpt lat="46.0215334687382" lon="6.949162753298879"><ele>1995.5999755859375</ele><time>2024-07-08T10:56:20.000Z</time></trkpt>
        <trkpt lat="46.02153631858528" lon="6.949189743027091"><ele>1995</ele><time>2024-07-08T10:56:23.000Z</time></trkpt>
        <trkpt lat="46.021541180089116" lon="6.949216816574335"><ele>1994.199951171875</ele><time>2024-07-08T10:56:25.000Z</time></trkpt>
        <trkpt lat="46.0215419344604" lon="6.9492806028574705"><ele>1992.4000244140625</ele><time>2024-07-08T10:56:29.000Z</time></trkpt>
        <trkpt lat="46.02151494473219" lon="6.949363918974996"><ele>1990.4000244140625</ele><time>2024-07-08T10:56:35.000Z</time></trkpt>
        <trkpt lat="46.02150329388678" lon="6.949400966987014"><ele>1989.5999755859375</ele><time>2024-07-08T10:56:39.000Z</time></trkpt>
        <trkpt lat="46.02142165414989" lon="6.949193850159645"><ele>1992.800048828125</ele><time>2024-07-08T11:25:16.000Z</time></trkpt>
        <trkpt lat="46.021426767110825" lon="6.94909293204546"><ele>1995.800048828125</ele><time>2024-07-08T11:25:18.000Z</time></trkpt>
        <trkpt lat="46.02154863998294" lon="6.949118077754974"><ele>1997.199951171875</ele><time>2024-07-08T11:25:24.000Z</time></trkpt>
        <trkpt lat="46.021560123190284" lon="6.949120592325926"><ele>1997.199951171875</ele><time>2024-07-08T11:25:25.000Z</time></trkpt>
        <trkpt lat="46.021571941673756" lon="6.9491298124194145"><ele>1997</ele><time>2024-07-08T11:25:26.000Z</time></trkpt>
        <trkpt lat="46.02162575349212" lon="6.949145318940282"><ele>1997.199951171875</ele><time>2024-07-08T11:25:31.000Z</time></trkpt>
        <trkpt lat="46.02165810763836" lon="6.949158478528261"><ele>1997.199951171875</ele><time>2024-07-08T11:25:34.000Z</time></trkpt>
        <trkpt lat="46.0216682497412" lon="6.949163842946291"><ele>1997.199951171875</ele><time>2024-07-08T11:25:35.000Z</time></trkpt>
        <trkpt lat="46.021710243076086" lon="6.949166189879179"><ele>1997.4000244140625</ele><time>2024-07-08T11:25:39.000Z</time></trkpt>
        <trkpt lat="46.02171929553151" lon="6.9491648487746716"><ele>1997.5999755859375</ele><time>2024-07-08T11:25:40.000Z</time></trkpt>
        <trkpt lat="46.0217631328851" lon="6.9491533655673265"><ele>1998.199951171875</ele><time>2024-07-08T11:25:44.000Z</time></trkpt>
        <trkpt lat="46.02180487476289" lon="6.949172727763653"><ele>1998</ele><time>2024-07-08T11:25:49.000Z</time></trkpt>
        <trkpt lat="46.021819710731506" lon="6.94919359870255"><ele>1997.5999755859375</ele><time>2024-07-08T11:25:51.000Z</time></trkpt>
        <trkpt lat="46.02183605544269" lon="6.949207345023751"><ele>1997.4000244140625</ele><time>2024-07-08T11:25:53.000Z</time></trkpt>
        <trkpt lat="46.02185902185738" lon="6.949231317266822"><ele>1997.199951171875</ele><time>2024-07-08T11:25:56.000Z</time></trkpt>
        <trkpt lat="46.021964717656374" lon="6.94928303360939"><ele>1997.4000244140625</ele><time>2024-07-08T11:26:06.000Z</time></trkpt>
        <trkpt lat="46.02201282978058" lon="6.9493080116808414"><ele>1997.5999755859375</ele><time>2024-07-08T11:26:11.000Z</time></trkpt>
        <trkpt lat="46.022031772881746" lon="6.949334917590022"><ele>1997.199951171875</ele><time>2024-07-08T11:26:14.000Z</time></trkpt>
        <trkpt lat="46.02204157970846" lon="6.949343299493194"><ele>1997.199951171875</ele><time>2024-07-08T11:26:15.000Z</time></trkpt>
        <trkpt lat="46.02209312841296" lon="6.949385711923242"><ele>1997</ele><time>2024-07-08T11:26:20.000Z</time></trkpt>
        <trkpt lat="46.022176863625646" lon="6.9494175631552935"><ele>1997.199951171875</ele><time>2024-07-08T11:26:28.000Z</time></trkpt>
        <trkpt lat="46.022216426208615" lon="6.9494319800287485"><ele>1997.4000244140625</ele><time>2024-07-08T11:26:31.000Z</time></trkpt>
        <trkpt lat="46.02230032905936" lon="6.949500376358628"><ele>1996.800048828125</ele><time>2024-07-08T11:26:38.000Z</time></trkpt>
        <trkpt lat="46.02243863046169" lon="6.949534825980663"><ele>1997.5999755859375</ele><time>2024-07-08T11:26:50.000Z</time></trkpt>
        <trkpt lat="46.0224796179682" lon="6.949560223147273"><ele>1997.4000244140625</ele><time>2024-07-08T11:26:54.000Z</time></trkpt>
        <trkpt lat="46.02254147641361" lon="6.949624260887504"><ele>1996.5999755859375</ele><time>2024-07-08T11:27:00.000Z</time></trkpt>
        <trkpt lat="46.02261356078088" lon="6.949675055220723"><ele>1996.4000244140625</ele><time>2024-07-08T11:27:07.000Z</time></trkpt>
        <trkpt lat="46.022705510258675" lon="6.94972132332623"><ele>1996.5999755859375</ele><time>2024-07-08T11:27:15.000Z</time></trkpt>
        <trkpt lat="46.02277709171176" lon="6.949754012748599"><ele>1997</ele><time>2024-07-08T11:27:21.000Z</time></trkpt>
        <trkpt lat="46.02278798818588" lon="6.94975845515728"><ele>1997</ele><time>2024-07-08T11:27:22.000Z</time></trkpt>
        <trkpt lat="46.02289628237486" lon="6.949819307774305"><ele>1997.199951171875</ele><time>2024-07-08T11:27:31.000Z</time></trkpt>
        <trkpt lat="46.02291497401893" lon="6.949840597808361"><ele>1997</ele><time>2024-07-08T11:27:33.000Z</time></trkpt>
        <trkpt lat="46.02300516329706" lon="6.949904803186655"><ele>1997.5999755859375</ele><time>2024-07-08T11:27:40.000Z</time></trkpt>
        <trkpt lat="46.023026620969176" lon="6.949940426275134"><ele>1997.199951171875</ele><time>2024-07-08T11:27:43.000Z</time></trkpt>
        <trkpt lat="46.02305235341191" lon="6.949987029656768"><ele>1996.800048828125</ele><time>2024-07-08T11:27:47.000Z</time></trkpt>
        <trkpt lat="46.023083785548806" lon="6.950013181194663"><ele>1997</ele><time>2024-07-08T11:27:50.000Z</time></trkpt>
        <trkpt lat="46.02309560403228" lon="6.950037740170956"><ele>1996.5999755859375</ele><time>2024-07-08T11:27:52.000Z</time></trkpt>
        <trkpt lat="46.02314941585064" lon="6.950104124844074"><ele>1996.4000244140625</ele><time>2024-07-08T11:27:58.000Z</time></trkpt>
        <trkpt lat="46.02324228733778" lon="6.950219124555588"><ele>1996.4000244140625</ele><time>2024-07-08T11:28:08.000Z</time></trkpt>
        <trkpt lat="46.02330531924963" lon="6.950372513383627"><ele>1995.4000244140625</ele><time>2024-07-08T11:28:18.000Z</time></trkpt>
        <trkpt lat="46.02341922931373" lon="6.950463205575943"><ele>1996</ele><time>2024-07-08T11:28:28.000Z</time></trkpt>
        <trkpt lat="46.02351754903793" lon="6.95055884309113"><ele>1996.4000244140625</ele><time>2024-07-08T11:28:39.000Z</time></trkpt>
        <trkpt lat="46.02356247603893" lon="6.9505885150283575"><ele>1996.5999755859375</ele><time>2024-07-08T11:28:43.000Z</time></trkpt>
        <trkpt lat="46.02366775274277" lon="6.950638722628355"><ele>1997.4000244140625</ele><time>2024-07-08T11:28:52.000Z</time></trkpt>
        <trkpt lat="46.023756600916386" lon="6.950731594115496"><ele>1997.199951171875</ele><time>2024-07-08T11:29:01.000Z</time></trkpt>
        <trkpt lat="46.02383639663458" lon="6.950906356796622"><ele>1995.800048828125</ele><time>2024-07-08T11:29:13.000Z</time></trkpt>
        <trkpt lat="46.02393178269267" lon="6.950938040390611"><ele>1996.800048828125</ele><time>2024-07-08T11:29:21.000Z</time></trkpt>
        <trkpt lat="46.02404854260385" lon="6.9509796146303415"><ele>1998</ele><time>2024-07-08T11:29:31.000Z</time></trkpt>
        <trkpt lat="46.02412431500852" lon="6.951042395085096"><ele>1998.4000244140625</ele><time>2024-07-08T11:29:38.000Z</time></trkpt>
        <trkpt lat="46.024147029966116" lon="6.951078353449702"><ele>1998.4000244140625</ele><time>2024-07-08T11:29:41.000Z</time></trkpt>
        <trkpt lat="46.02422380819917" lon="6.951147671788931"><ele>1998.5999755859375</ele><time>2024-07-08T11:29:51.000Z</time></trkpt>
        <trkpt lat="46.02429337799549" lon="6.951208943501115"><ele>1999</ele><time>2024-07-08T11:29:58.000Z</time></trkpt>
        <trkpt lat="46.024367893114686" lon="6.951264599338174"><ele>1998.800048828125</ele><time>2024-07-08T11:30:06.000Z</time></trkpt>
        <trkpt lat="46.02437451481819" lon="6.9512732326984406"><ele>1998.800048828125</ele><time>2024-07-08T11:30:07.000Z</time></trkpt>
        <trkpt lat="46.02440167218447" lon="6.951316818594933"><ele>1998.800048828125</ele><time>2024-07-08T11:30:13.000Z</time></trkpt>
        <trkpt lat="46.024407455697656" lon="6.9513315707445145"><ele>1998.5999755859375</ele><time>2024-07-08T11:30:22.000Z</time></trkpt>
        <trkpt lat="46.02446294389665" lon="6.951381526887417"><ele>1998.4000244140625</ele><time>2024-07-08T11:30:30.000Z</time></trkpt>
        <trkpt lat="46.02457132190466" lon="6.95146962068975"><ele>1998.199951171875</ele><time>2024-07-08T11:30:40.000Z</time></trkpt>
        <trkpt lat="46.024657068774104" lon="6.9514611549675465"><ele>1998</ele><time>2024-07-08T11:30:50.000Z</time></trkpt>
        <trkpt lat="46.024695709347725" lon="6.9513804372400045"><ele>1998.199951171875</ele><time>2024-07-08T11:30:57.000Z</time></trkpt>
        <trkpt lat="46.02471213787794" lon="6.9513459876179695"><ele>1998</ele><time>2024-07-08T11:31:00.000Z</time></trkpt>
        <trkpt lat="46.02472571656108" lon="6.951324949041009"><ele>1997.5999755859375</ele><time>2024-07-08T11:31:02.000Z</time></trkpt>
        <trkpt lat="46.02477416396141" lon="6.951253283768892"><ele>1996.4000244140625</ele><time>2024-07-08T11:31:09.000Z</time></trkpt>
        <trkpt lat="46.024783132597804" lon="6.951243644580245"><ele>1996.199951171875</ele><time>2024-07-08T11:31:10.000Z</time></trkpt>
        <trkpt lat="46.02489586919546" lon="6.951141217723489"><ele>1995</ele><time>2024-07-08T11:31:22.000Z</time></trkpt>
        <trkpt lat="46.02496133185923" lon="6.951088411733508"><ele>1994.5999755859375</ele><time>2024-07-08T11:31:29.000Z</time></trkpt>
        <trkpt lat="46.02498756721616" lon="6.951070977374911"><ele>1994.199951171875</ele><time>2024-07-08T11:31:32.000Z</time></trkpt>
        <trkpt lat="46.025074403733015" lon="6.951019428670406"><ele>1992.5999755859375</ele><time>2024-07-08T11:31:41.000Z</time></trkpt>
        <trkpt lat="46.025216644629836" lon="6.950978022068739"><ele>1990.4000244140625</ele><time>2024-07-08T11:31:54.000Z</time></trkpt>
        <trkpt lat="46.02529543451965" lon="6.950938878580928"><ele>1989.4000244140625</ele><time>2024-07-08T11:32:02.000Z</time></trkpt>
        <trkpt lat="46.02531303651631" lon="6.9509247969836"><ele>1989.199951171875</ele><time>2024-07-08T11:32:04.000Z</time></trkpt>
        <trkpt lat="46.02541244588792" lon="6.950879115611315"><ele>1987.800048828125</ele><time>2024-07-08T11:32:14.000Z</time></trkpt>
        <trkpt lat="46.02543029934168" lon="6.950866794213653"><ele>1987.5999755859375</ele><time>2024-07-08T11:32:16.000Z</time></trkpt>
        <trkpt lat="46.02549475617707" lon="6.9508058577775955"><ele>1986.4000244140625</ele><time>2024-07-08T11:32:24.000Z</time></trkpt>
        <trkpt lat="46.02552752941847" lon="6.950761349871755"><ele>1985.800048828125</ele><time>2024-07-08T11:32:28.000Z</time></trkpt>
        <trkpt lat="46.02553557604551" lon="6.950754644349217"><ele>1985.5999755859375</ele><time>2024-07-08T11:32:29.000Z</time></trkpt>
        <trkpt lat="46.02560925297439" lon="6.950689014047384"><ele>1983.800048828125</ele><time>2024-07-08T11:32:37.000Z</time></trkpt>
        <trkpt lat="46.02571654133499" lon="6.950598573312163"><ele>1981.800048828125</ele><time>2024-07-08T11:32:49.000Z</time></trkpt>
        <trkpt lat="46.02587495930493" lon="6.950548533350229"><ele>1979</ele><time>2024-07-08T11:33:05.000Z</time></trkpt>
        <trkpt lat="46.025913432240486" lon="6.950543504208326"><ele>1978.4000244140625</ele><time>2024-07-08T11:33:09.000Z</time></trkpt>
        <trkpt lat="46.02599733509123" lon="6.950525231659412"><ele>1977.4000244140625</ele><time>2024-07-08T11:33:17.000Z</time></trkpt>
        <trkpt lat="46.02600588463247" lon="6.950523052364588"><ele>1977.199951171875</ele><time>2024-07-08T11:33:18.000Z</time></trkpt>
        <trkpt lat="46.02616656571627" lon="6.950522046536207"><ele>1974.800048828125</ele><time>2024-07-08T11:33:32.000Z</time></trkpt>
        <trkpt lat="46.02628634311259" lon="6.950546018779278"><ele>1973.199951171875</ele><time>2024-07-08T11:33:44.000Z</time></trkpt>
        <trkpt lat="46.02638223208487" lon="6.950552053749561"><ele>1972.5999755859375</ele><time>2024-07-08T11:33:53.000Z</time></trkpt>
        <trkpt lat="46.02642606943846" lon="6.950558675453067"><ele>1972.199951171875</ele><time>2024-07-08T11:33:57.000Z</time></trkpt>
        <trkpt lat="46.02651508525014" lon="6.950570745393634"><ele>1971.199951171875</ele><time>2024-07-08T11:34:05.000Z</time></trkpt>
        <trkpt lat="46.026525143533945" lon="6.950580636039376"><ele>1971.199951171875</ele><time>2024-07-08T11:34:06.000Z</time></trkpt>
        <trkpt lat="46.0265704896301" lon="6.950594633817673"><ele>1970.5999755859375</ele><time>2024-07-08T11:34:10.000Z</time></trkpt>
        <trkpt lat="46.02669554762542" lon="6.950573343783617"><ele>1969.199951171875</ele><time>2024-07-08T11:34:21.000Z</time></trkpt>
        <trkpt lat="46.02671457454562" lon="6.950561609119177"><ele>1969</ele><time>2024-07-08T11:34:23.000Z</time></trkpt>
        <trkpt lat="46.026788083836436" lon="6.950525064021349"><ele>1968.199951171875</ele><time>2024-07-08T11:34:31.000Z</time></trkpt>
        <trkpt lat="46.026857402175665" lon="6.95046454668045"><ele>1967.4000244140625</ele><time>2024-07-08T11:34:39.000Z</time></trkpt>
        <trkpt lat="46.02696502581239" lon="6.950407885015011"><ele>1965.199951171875</ele><time>2024-07-08T11:34:51.000Z</time></trkpt>
        <trkpt lat="46.02709469385445" lon="6.950342170894146"><ele>1963</ele><time>2024-07-08T11:35:03.000Z</time></trkpt>
        <trkpt lat="46.027249256148934" lon="6.950240833684802"><ele>1960.5999755859375</ele><time>2024-07-08T11:35:19.000Z</time></trkpt>
        <trkpt lat="46.02736584842205" lon="6.950165564194322"><ele>1958.199951171875</ele><time>2024-07-08T11:35:31.000Z</time></trkpt>
        <trkpt lat="46.027470622211695" lon="6.950104963034391"><ele>1955.800048828125</ele><time>2024-07-08T11:35:42.000Z</time></trkpt>
        <trkpt lat="46.02759073488414" lon="6.950043523684144"><ele>1953.199951171875</ele><time>2024-07-08T11:35:54.000Z</time></trkpt>
        <trkpt lat="46.02769969962537" lon="6.94999298080802"><ele>1950.5999755859375</ele><time>2024-07-08T11:36:04.000Z</time></trkpt>
        <trkpt lat="46.02770900353789" lon="6.949988286942244"><ele>1950.4000244140625</ele><time>2024-07-08T11:36:05.000Z</time></trkpt>
        <trkpt lat="46.02772383950651" lon="6.949983844533563"><ele>1950.199951171875</ele><time>2024-07-08T11:36:06.000Z</time></trkpt>
        <trkpt lat="46.027815118432045" lon="6.949965488165617"><ele>1948.5999755859375</ele><time>2024-07-08T11:36:14.000Z</time></trkpt>
        <trkpt lat="46.02782743982971" lon="6.949962554499507"><ele>1948.4000244140625</ele><time>2024-07-08T11:36:15.000Z</time></trkpt>
        <trkpt lat="46.02788410149515" lon="6.9499387498945"><ele>1947.5999755859375</ele><time>2024-07-08T11:36:20.000Z</time></trkpt>
        <trkpt lat="46.027905475348234" lon="6.949930787086487"><ele>1947.199951171875</ele><time>2024-07-08T11:36:22.000Z</time></trkpt>
        <trkpt lat="46.02794285863638" lon="6.949922489002347"><ele>1946.800048828125</ele><time>2024-07-08T11:36:25.000Z</time></trkpt>
        <trkpt lat="46.027988623827696" lon="6.949908742681146"><ele>1946.4000244140625</ele><time>2024-07-08T11:36:29.000Z</time></trkpt>
        <trkpt lat="46.02808015421033" lon="6.949866749346256"><ele>1945.4000244140625</ele><time>2024-07-08T11:36:37.000Z</time></trkpt>
        <trkpt lat="46.028115609660745" lon="6.949845878407359"><ele>1945</ele><time>2024-07-08T11:36:40.000Z</time></trkpt>
        <trkpt lat="46.028148299083114" lon="6.949830371886492"><ele>1944.5999755859375</ele><time>2024-07-08T11:36:43.000Z</time></trkpt>
        <trkpt lat="46.02820370346308" lon="6.949797431007028"><ele>1944.199951171875</ele><time>2024-07-08T11:36:48.000Z</time></trkpt>
        <trkpt lat="46.0282130073756" lon="6.94978971965611"><ele>1944.199951171875</ele><time>2024-07-08T11:36:49.000Z</time></trkpt>
        <trkpt lat="46.02824293076992" lon="6.949765328317881"><ele>1944.199951171875</ele><time>2024-07-08T11:36:52.000Z</time></trkpt>
        <trkpt lat="46.028284672647715" lon="6.949745463207364"><ele>1944.4000244140625</ele><time>2024-07-08T11:36:56.000Z</time></trkpt>
        <trkpt lat="46.02831945754588" lon="6.949728699401021"><ele>1944.4000244140625</ele><time>2024-07-08T11:36:59.000Z</time></trkpt>
        <trkpt lat="46.028392128646374" lon="6.949689807370305"><ele>1944.5999755859375</ele><time>2024-07-08T11:37:06.000Z</time></trkpt>
        <trkpt lat="46.0284252371639" lon="6.949670780450106"><ele>1944.5999755859375</ele><time>2024-07-08T11:37:09.000Z</time></trkpt>
        <trkpt lat="46.028553396463394" lon="6.949626188725233"><ele>1944.199951171875</ele><time>2024-07-08T11:37:20.000Z</time></trkpt>
        <trkpt lat="46.02867040783167" lon="6.949596768245101"><ele>1942.4000244140625</ele><time>2024-07-08T11:37:30.000Z</time></trkpt>
        <trkpt lat="46.02882983162999" lon="6.949572712182999"><ele>1940</ele><time>2024-07-08T11:37:44.000Z</time></trkpt>
        <trkpt lat="46.02899285964668" lon="6.949553182348609"><ele>1937.5999755859375</ele><time>2024-07-08T11:37:57.000Z</time></trkpt>
        <trkpt lat="46.02915798313916" lon="6.9495489075779915"><ele>1935.199951171875</ele><time>2024-07-08T11:38:10.000Z</time></trkpt>
        <trkpt lat="46.02929058484733" lon="6.949560474604368"><ele>1933.4000244140625</ele><time>2024-07-08T11:38:21.000Z</time></trkpt>
        <trkpt lat="46.029419833794236" lon="6.949559133499861"><ele>1932</ele><time>2024-07-08T11:38:32.000Z</time></trkpt>
        <trkpt lat="46.029430478811264" lon="6.949560474604368"><ele>1932</ele><time>2024-07-08T11:38:33.000Z</time></trkpt>
        <trkpt lat="46.02959057316184" lon="6.949576735496521"><ele>1931.199951171875</ele><time>2024-07-08T11:38:46.000Z</time></trkpt>
        <trkpt lat="46.02972887456417" lon="6.949612693861127"><ele>1930.5999755859375</ele><time>2024-07-08T11:38:57.000Z</time></trkpt>
        <trkpt lat="46.029837504029274" lon="6.949639432132244"><ele>1930.199951171875</ele><time>2024-07-08T11:39:06.000Z</time></trkpt>
        <trkpt lat="46.02995996363461" lon="6.949657117947936"><ele>1930</ele><time>2024-07-08T11:39:17.000Z</time></trkpt>
        <trkpt lat="46.029980164021254" lon="6.949658039957285"><ele>1930</ele><time>2024-07-08T11:39:19.000Z</time></trkpt>
        <trkpt lat="46.03010664694011" lon="6.94966608658433"><ele>1930.5999755859375</ele><time>2024-07-08T11:39:31.000Z</time></trkpt>
        <trkpt lat="46.03011720813811" lon="6.949664996936917"><ele>1930.5999755859375</ele><time>2024-07-08T11:39:32.000Z</time></trkpt>
        <trkpt lat="46.0302453674376" lon="6.949625434353948"><ele>1930.4000244140625</ele><time>2024-07-08T11:39:44.000Z</time></trkpt>
        <trkpt lat="46.030255844816566" lon="6.949620991945267"><ele>1930.199951171875</ele><time>2024-07-08T11:39:45.000Z</time></trkpt>
        <trkpt lat="46.030358439311385" lon="6.949554523453116"><ele>1927.4000244140625</ele><time>2024-07-08T11:39:55.000Z</time></trkpt>
        <trkpt lat="46.03046019561589" lon="6.949486546218395"><ele>1923.800048828125</ele><time>2024-07-08T11:40:05.000Z</time></trkpt>
        <trkpt lat="46.03050906211138" lon="6.949381520971656"><ele>1919.800048828125</ele><time>2024-07-08T11:40:13.000Z</time></trkpt>
        <trkpt lat="46.03052389807999" lon="6.949291080236435"><ele>1916.5999755859375</ele><time>2024-07-08T11:40:20.000Z</time></trkpt>
        <trkpt lat="46.03052490390837" lon="6.9492667727172375"><ele>1916</ele><time>2024-07-08T11:40:22.000Z</time></trkpt>
        <trkpt lat="46.03052976541221" lon="6.949235759675503"><ele>1915.4000244140625</ele><time>2024-07-08T11:40:24.000Z</time></trkpt>
        <trkpt lat="46.030557341873646" lon="6.949120257049799"><ele>1912.4000244140625</ele><time>2024-07-08T11:40:33.000Z</time></trkpt>
        <trkpt lat="46.030560275539756" lon="6.949107013642788"><ele>1912.199951171875</ele><time>2024-07-08T11:40:34.000Z</time></trkpt>
        <trkpt lat="46.030612997710705" lon="6.949015818536282"><ele>1908.5999755859375</ele><time>2024-07-08T11:40:42.000Z</time></trkpt>
        <trkpt lat="46.03066756390035" lon="6.948944739997387"><ele>1905.5999755859375</ele><time>2024-07-08T11:40:49.000Z</time></trkpt>
        <trkpt lat="46.030680388212204" lon="6.94892194122076"><ele>1905</ele><time>2024-07-08T11:40:51.000Z</time></trkpt>
        <trkpt lat="46.030703941360116" lon="6.948888832703233"><ele>1904.199951171875</ele><time>2024-07-08T11:40:54.000Z</time></trkpt>
        <trkpt lat="46.030709808692336" lon="6.94887600839138"><ele>1904</ele><time>2024-07-08T11:40:55.000Z</time></trkpt>
        <trkpt lat="46.03073311038315" lon="6.948740305379033"><ele>1901.5999755859375</ele><time>2024-07-08T11:41:05.000Z</time></trkpt>
        <trkpt lat="46.03073101490736" lon="6.948727564886212"><ele>1901.4000244140625</ele><time>2024-07-08T11:41:06.000Z</time></trkpt>
        <trkpt lat="46.030654991045594" lon="6.9486274011433125"><ele>1899.4000244140625</ele><time>2024-07-08T11:41:16.000Z</time></trkpt>
        <trkpt lat="46.03060604073107" lon="6.948611224070191"><ele>1899.4000244140625</ele><time>2024-07-08T11:41:20.000Z</time></trkpt>
        <trkpt lat="46.03059363551438" lon="6.948606865480542"><ele>1899.4000244140625</ele><time>2024-07-08T11:41:21.000Z</time></trkpt>
        <trkpt lat="46.03056002408266" lon="6.948606446385384"><ele>1899.800048828125</ele><time>2024-07-08T11:41:24.000Z</time></trkpt>
        <trkpt lat="46.03053613565862" lon="6.948610553517938"><ele>1900.4000244140625</ele><time>2024-07-08T11:41:26.000Z</time></trkpt>
        <trkpt lat="46.030487939715385" lon="6.948606697842479"><ele>1901</ele><time>2024-07-08T11:41:30.000Z</time></trkpt>
        <trkpt lat="46.03044695220888" lon="6.948588425293565"><ele>1901</ele><time>2024-07-08T11:41:33.000Z</time></trkpt>
        <trkpt lat="46.03042574599385" lon="6.948562525212765"><ele>1900.4000244140625</ele><time>2024-07-08T11:41:35.000Z</time></trkpt>
        <trkpt lat="46.0304319486022" lon="6.948467558249831"><ele>1897.199951171875</ele><time>2024-07-08T11:41:40.000Z</time></trkpt>
        <trkpt lat="46.03045449592173" lon="6.948444340378046"><ele>1896.199951171875</ele><time>2024-07-08T11:41:42.000Z</time></trkpt>
        <trkpt lat="46.03051451034844" lon="6.948428750038147"><ele>1895</ele><time>2024-07-08T11:41:47.000Z</time></trkpt>
        <trkpt lat="46.030654571950436" lon="6.948413662612438"><ele>1893</ele><time>2024-07-08T11:42:00.000Z</time></trkpt>
        <trkpt lat="46.0306634567678" lon="6.948410980403423"><ele>1892.5999755859375</ele><time>2024-07-08T11:42:01.000Z</time></trkpt>
        <trkpt lat="46.0307601839304" lon="6.948389690369368"><ele>1890.199951171875</ele><time>2024-07-08T11:42:10.000Z</time></trkpt>
        <trkpt lat="46.03089219890535" lon="6.948364125564694"><ele>1887.5999755859375</ele><time>2024-07-08T11:42:23.000Z</time></trkpt>
        <trkpt lat="46.031019017100334" lon="6.948410561308265"><ele>1888.5999755859375</ele><time>2024-07-08T11:42:35.000Z</time></trkpt>
        <trkpt lat="46.03107643313706" lon="6.948497565463185"><ele>1890.800048828125</ele><time>2024-07-08T11:42:44.000Z</time></trkpt>
        <trkpt lat="46.03109562769532" lon="6.948525728657842"><ele>1891.4000244140625</ele><time>2024-07-08T11:42:47.000Z</time></trkpt>
        <trkpt lat="46.03110820055008" lon="6.948541570454836"><ele>1891.800048828125</ele><time>2024-07-08T11:42:49.000Z</time></trkpt>
        <trkpt lat="46.03111800737679" lon="6.9485528860241175"><ele>1892</ele><time>2024-07-08T11:42:51.000Z</time></trkpt>
        <trkpt lat="46.03114692494273" lon="6.9485626090317965"><ele>1891.800048828125</ele><time>2024-07-08T11:42:54.000Z</time></trkpt>
        <trkpt lat="46.03119227103889" lon="6.948572164401412"><ele>1891.4000244140625</ele><time>2024-07-08T11:42:59.000Z</time></trkpt>
        <trkpt lat="46.03122437372804" lon="6.948573254048824"><ele>1890.800048828125</ele><time>2024-07-08T11:43:02.000Z</time></trkpt>
        <trkpt lat="46.03132671676576" lon="6.948526399210095"><ele>1887.800048828125</ele><time>2024-07-08T11:43:13.000Z</time></trkpt>
        <trkpt lat="46.031350772827864" lon="6.948486668989062"><ele>1885.800048828125</ele><time>2024-07-08T11:43:18.000Z</time></trkpt>
        <trkpt lat="46.0313402954489" lon="6.948459260165691"><ele>1884.800048828125</ele><time>2024-07-08T11:43:20.000Z</time></trkpt>
        <trkpt lat="46.03129788301885" lon="6.948376195505261"><ele>1882.199951171875</ele><time>2024-07-08T11:43:27.000Z</time></trkpt>
        <trkpt lat="46.031288243830204" lon="6.948342751711607"><ele>1881</ele><time>2024-07-08T11:43:29.000Z</time></trkpt>
        <trkpt lat="46.031272150576115" lon="6.948305368423462"><ele>1879.800048828125</ele><time>2024-07-08T11:43:32.000Z</time></trkpt>
        <trkpt lat="46.031246250495315" lon="6.948197158053517"><ele>1876</ele><time>2024-07-08T11:43:39.000Z</time></trkpt>
        <trkpt lat="46.03123568929732" lon="6.948132449761033"><ele>1874</ele><time>2024-07-08T11:43:43.000Z</time></trkpt>
        <trkpt lat="46.03122060187161" lon="6.94808492437005"><ele>1872.800048828125</ele><time>2024-07-08T11:43:46.000Z</time></trkpt>
        <trkpt lat="46.03121540509164" lon="6.948071010410786"><ele>1872.4000244140625</ele><time>2024-07-08T11:43:47.000Z</time></trkpt>
        <trkpt lat="46.03120777755976" lon="6.9480575155466795"><ele>1872.199951171875</ele><time>2024-07-08T11:43:48.000Z</time></trkpt>
        <trkpt lat="46.03119168430567" lon="6.948034465312958"><ele>1871.800048828125</ele><time>2024-07-08T11:43:50.000Z</time></trkpt>
        <trkpt lat="46.03108347393572" lon="6.947965649887919"><ele>1871.4000244140625</ele><time>2024-07-08T11:44:00.000Z</time></trkpt>
        <trkpt lat="46.030984818935394" lon="6.947945533320308"><ele>1872.4000244140625</ele><time>2024-07-08T11:44:08.000Z</time></trkpt>
        <trkpt lat="46.03086587972939" lon="6.947917873039842"><ele>1872.4000244140625</ele><time>2024-07-08T11:44:19.000Z</time></trkpt>
        <trkpt lat="46.03075012564659" lon="6.947892811149359"><ele>1872.4000244140625</ele><time>2024-07-08T11:44:29.000Z</time></trkpt>
        <trkpt lat="46.030672676861286" lon="6.947881830856204"><ele>1872.800048828125</ele><time>2024-07-08T11:44:36.000Z</time></trkpt>
        <trkpt lat="46.03057745844126" lon="6.947870347648859"><ele>1873.5999755859375</ele><time>2024-07-08T11:44:44.000Z</time></trkpt>
        <trkpt lat="46.030445946380496" lon="6.947843190282583"><ele>1874.5999755859375</ele><time>2024-07-08T11:44:55.000Z</time></trkpt>
        <trkpt lat="46.030383333563805" lon="6.947822906076908"><ele>1874.5999755859375</ele><time>2024-07-08T11:45:01.000Z</time></trkpt>
        <trkpt lat="46.03035508655012" lon="6.9478146918118"><ele>1874.5999755859375</ele><time>2024-07-08T11:45:03.000Z</time></trkpt>
        <trkpt lat="46.030344273895025" lon="6.947814021259546"><ele>1874.800048828125</ele><time>2024-07-08T11:45:04.000Z</time></trkpt>
        <trkpt lat="46.03022072464228" lon="6.947800442576408"><ele>1875.5999755859375</ele><time>2024-07-08T11:45:14.000Z</time></trkpt>
        <trkpt lat="46.03012911044061" lon="6.9477541744709015"><ele>1874.800048828125</ele><time>2024-07-08T11:45:21.000Z</time></trkpt>
        <trkpt lat="46.030116034671664" lon="6.947738919407129"><ele>1874.4000244140625</ele><time>2024-07-08T11:45:23.000Z</time></trkpt>
        <trkpt lat="46.03011377155781" lon="6.947726430371404"><ele>1874</ele><time>2024-07-08T11:45:24.000Z</time></trkpt>
        <trkpt lat="46.030111173167825" lon="6.9477145280689"><ele>1873.5999755859375</ele><time>2024-07-08T11:45:25.000Z</time></trkpt>
        <trkpt lat="46.03010639548302" lon="6.947704553604126"><ele>1873.4000244140625</ele><time>2024-07-08T11:45:26.000Z</time></trkpt>
        <trkpt lat="46.0300986841321" lon="6.947663649916649"><ele>1872</ele><time>2024-07-08T11:45:29.000Z</time></trkpt>
        <trkpt lat="46.030096085742116" lon="6.94765442982316"><ele>1871.5999755859375</ele><time>2024-07-08T11:45:30.000Z</time></trkpt>
        <trkpt lat="46.030093654990196" lon="6.9476275239139795"><ele>1870.5999755859375</ele><time>2024-07-08T11:45:32.000Z</time></trkpt>
        <trkpt lat="46.03009197860956" lon="6.947513110935688"><ele>1868.800048828125</ele><time>2024-07-08T11:45:40.000Z</time></trkpt>
        <trkpt lat="46.03009834885597" lon="6.947347484529018"><ele>1865</ele><time>2024-07-08T11:45:50.000Z</time></trkpt>
        <trkpt lat="46.030129194259644" lon="6.9472111109644175"><ele>1863.199951171875</ele><time>2024-07-08T11:46:00.000Z</time></trkpt>
        <trkpt lat="46.03012869134545" lon="6.9470644276589155"><ele>1862.199951171875</ele><time>2024-07-08T11:46:09.000Z</time></trkpt>
        <trkpt lat="46.0301227401942" lon="6.947036180645227"><ele>1862</ele><time>2024-07-08T11:46:11.000Z</time></trkpt>
        <trkpt lat="46.03005342185497" lon="6.946841971948743"><ele>1860.199951171875</ele><time>2024-07-08T11:46:25.000Z</time></trkpt>
        <trkpt lat="46.03002986870706" lon="6.946764774620533"><ele>1859.4000244140625</ele><time>2024-07-08T11:46:30.000Z</time></trkpt>
        <trkpt lat="46.03001075796783" lon="6.946735605597496"><ele>1859</ele><time>2024-07-08T11:46:33.000Z</time></trkpt>
        <trkpt lat="46.02995208464563" lon="6.9466698076575994"><ele>1858.800048828125</ele><time>2024-07-08T11:46:41.000Z</time></trkpt>
        <trkpt lat="46.02994236163795" lon="6.946662180125713"><ele>1859</ele><time>2024-07-08T11:46:42.000Z</time></trkpt>
        <trkpt lat="46.02989919483662" lon="6.946546845138073"><ele>1857.199951171875</ele><time>2024-07-08T11:46:49.000Z</time></trkpt>
        <trkpt lat="46.0298328101635" lon="6.946464283391833"><ele>1857</ele><time>2024-07-08T11:46:56.000Z</time></trkpt>
        <trkpt lat="46.0298066586256" lon="6.946304189041257"><ele>1854</ele><time>2024-07-08T11:47:06.000Z</time></trkpt>
        <trkpt lat="46.0298188123852" lon="6.946268565952778"><ele>1852.5999755859375</ele><time>2024-07-08T11:47:08.000Z</time></trkpt>
        <trkpt lat="46.029871786013246" lon="6.946244342252612"><ele>1850.199951171875</ele><time>2024-07-08T11:47:13.000Z</time></trkpt>
        <trkpt lat="46.02995937690139" lon="6.946303267031908"><ele>1849.5999755859375</ele><time>2024-07-08T11:47:22.000Z</time></trkpt>
        <trkpt lat="46.02997035719454" lon="6.946316594257951"><ele>1849.800048828125</ele><time>2024-07-08T11:47:24.000Z</time></trkpt>
        <trkpt lat="46.03001276962459" lon="6.946332771331072"><ele>1849.199951171875</ele><time>2024-07-08T11:47:28.000Z</time></trkpt>
        <trkpt lat="46.03002852760255" lon="6.946342913433909"><ele>1849</ele><time>2024-07-08T11:47:29.000Z</time></trkpt>
        <trkpt lat="46.0301074013114" lon="6.946351379156113"><ele>1847.4000244140625</ele><time>2024-07-08T11:47:36.000Z</time></trkpt>
        <trkpt lat="46.03018191643059" lon="6.9463567435741425"><ele>1845.800048828125</ele><time>2024-07-08T11:47:43.000Z</time></trkpt>
        <trkpt lat="46.0302141867578" lon="6.946354815736413"><ele>1845</ele><time>2024-07-08T11:47:45.000Z</time></trkpt>
        <trkpt lat="46.03033136576414" lon="6.94641038775444"><ele>1844.199951171875</ele><time>2024-07-08T11:47:53.000Z</time></trkpt>
        <trkpt lat="46.03035617619753" lon="6.946425726637244"><ele>1844.199951171875</ele><time>2024-07-08T11:47:55.000Z</time></trkpt>
        <trkpt lat="46.03044577874243" lon="6.946510886773467"><ele>1844.199951171875</ele><time>2024-07-08T11:48:04.000Z</time></trkpt>
        <trkpt lat="46.030492298305035" lon="6.9465552270412445"><ele>1843.4000244140625</ele><time>2024-07-08T11:48:09.000Z</time></trkpt>
        <trkpt lat="46.03051006793976" lon="6.946577941998839"><ele>1843.199951171875</ele><time>2024-07-08T11:48:12.000Z</time></trkpt>
        <trkpt lat="46.03053504601121" lon="6.946595376357436"><ele>1842.5999755859375</ele><time>2024-07-08T11:48:16.000Z</time></trkpt>
        <trkpt lat="46.0305339563638" lon="6.946593783795834"><ele>1842.5999755859375</ele><time>2024-07-08T11:48:20.000Z</time></trkpt>
        <trkpt lat="46.0305355489254" lon="6.946596382185817"><ele>1842.5999755859375</ele><time>2024-07-08T11:48:22.000Z</time></trkpt>
        <trkpt lat="46.03053621947765" lon="6.9465958792716265"><ele>1842.4000244140625</ele><time>2024-07-08T11:48:25.000Z</time></trkpt>
        <trkpt lat="46.03053638711572" lon="6.946596130728722"><ele>1842.4000244140625</ele><time>2024-07-08T11:48:33.000Z</time></trkpt>
        <trkpt lat="46.03053638711572" lon="6.946595963090658"><ele>1842.4000244140625</ele><time>2024-07-08T11:48:41.000Z</time></trkpt>
        <trkpt lat="46.03053638711572" lon="6.946595963090658"><ele>1842.4000244140625</ele><time>2024-07-08T11:48:42.000Z</time></trkpt>
        <trkpt lat="46.03053638711572" lon="6.946596130728722"><ele>1842.4000244140625</ele><time>2024-07-08T11:48:52.000Z</time></trkpt>
        <trkpt lat="46.030536806210876" lon="6.946596214547753"><ele>1842.4000244140625</ele><time>2024-07-08T11:48:57.000Z</time></trkpt>
        <trkpt lat="46.030538314953446" lon="6.946596968919039"><ele>1842.4000244140625</ele><time>2024-07-08T11:49:04.000Z</time></trkpt>
        <trkpt lat="46.03053990751505" lon="6.946597890928388"><ele>1842.4000244140625</ele><time>2024-07-08T11:49:15.000Z</time></trkpt>
        <trkpt lat="46.030541164800525" lon="6.946597890928388"><ele>1842.4000244140625</ele><time>2024-07-08T11:49:20.000Z</time></trkpt>
        <trkpt lat="46.03054175153375" lon="6.946603674441576"><ele>1842.4000244140625</ele><time>2024-07-08T11:49:37.000Z</time></trkpt>
        <trkpt lat="46.03054175153375" lon="6.946607697755098"><ele>1842.5999755859375</ele><time>2024-07-08T11:49:46.000Z</time></trkpt>
        <trkpt lat="46.03054175153375" lon="6.946608033031225"><ele>1842.5999755859375</ele><time>2024-07-08T11:49:47.000Z</time></trkpt>
        <trkpt lat="46.03054250590503" lon="6.946615828201175"><ele>1842.5999755859375</ele><time>2024-07-08T11:50:05.000Z</time></trkpt>
        <trkpt lat="46.03054518811405" lon="6.946617923676968"><ele>1842.5999755859375</ele><time>2024-07-08T11:50:15.000Z</time></trkpt>
        <trkpt lat="46.030550971627235" lon="6.946613313630223"><ele>1842.199951171875</ele><time>2024-07-08T11:50:41.000Z</time></trkpt>
        <trkpt lat="46.03055415675044" lon="6.946607194840908"><ele>1842</ele><time>2024-07-08T11:50:46.000Z</time></trkpt>
        <trkpt lat="46.03055516257882" lon="6.946605769917369"><ele>1842</ele><time>2024-07-08T11:50:52.000Z</time></trkpt>
        <trkpt lat="46.03055667132139" lon="6.9466067757457495"><ele>1842</ele><time>2024-07-08T11:51:09.000Z</time></trkpt>
        <trkpt lat="46.03056253865361" lon="6.946606524288654"><ele>1841.800048828125</ele><time>2024-07-08T11:51:23.000Z</time></trkpt>
        <trkpt lat="46.03056295774877" lon="6.946606440469623"><ele>1841.800048828125</ele><time>2024-07-08T11:51:25.000Z</time></trkpt>
        <trkpt lat="46.030563628301024" lon="6.9466061890125275"><ele>1841.5999755859375</ele><time>2024-07-08T11:51:31.000Z</time></trkpt>
        <trkpt lat="46.030564131215215" lon="6.946605853736401"><ele>1841.5999755859375</ele><time>2024-07-08T11:51:41.000Z</time></trkpt>
        <trkpt lat="46.03056102991104" lon="6.946607613936067"><ele>1841.800048828125</ele><time>2024-07-08T11:52:30.000Z</time></trkpt>
        <trkpt lat="46.03056061081588" lon="6.946608955040574"><ele>1841.800048828125</ele><time>2024-07-08T11:52:58.000Z</time></trkpt>
        <trkpt lat="46.030560191720724" lon="6.946608871221542"><ele>1841.800048828125</ele><time>2024-07-08T11:53:23.000Z</time></trkpt>
        <trkpt lat="46.030559269711375" lon="6.946608787402511"><ele>1841.800048828125</ele><time>2024-07-08T11:53:30.000Z</time></trkpt>
        <trkpt lat="46.03055935353041" lon="6.946608955040574"><ele>1841.800048828125</ele><time>2024-07-08T11:53:33.000Z</time></trkpt>
        <trkpt lat="46.03055885061622" lon="6.946608368307352"><ele>1842</ele><time>2024-07-08T11:53:38.000Z</time></trkpt>
        <trkpt lat="46.03055809624493" lon="6.946607865393162"><ele>1842</ele><time>2024-07-08T11:53:52.000Z</time></trkpt>
        <trkpt lat="46.0305580124259" lon="6.94660778157413"><ele>1842</ele><time>2024-07-08T11:53:54.000Z</time></trkpt>
        <trkpt lat="46.0305580124259" lon="6.946607865393162"><ele>1842</ele><time>2024-07-08T11:53:56.000Z</time></trkpt>
        <trkpt lat="46.030556755140424" lon="6.94660778157413"><ele>1842</ele><time>2024-07-08T11:54:31.000Z</time></trkpt>
        <trkpt lat="46.03055700659752" lon="6.946607446298003"><ele>1842</ele><time>2024-07-08T11:54:39.000Z</time></trkpt>
        <trkpt lat="46.030554911121726" lon="6.946608452126384"><ele>1842</ele><time>2024-07-08T11:55:20.000Z</time></trkpt>
        <trkpt lat="46.03055449202657" lon="6.946608116850257"><ele>1842</ele><time>2024-07-08T11:55:27.000Z</time></trkpt>
        <trkpt lat="46.03055323474109" lon="6.946607446298003"><ele>1842</ele><time>2024-07-08T11:55:51.000Z</time></trkpt>
        <trkpt lat="46.030523059889674" lon="6.946521196514368"><ele>1841.5999755859375</ele><time>2024-07-08T11:56:03.000Z</time></trkpt>
        <trkpt lat="46.03046480566263" lon="6.946367472410202"><ele>1840.4000244140625</ele><time>2024-07-08T11:56:13.000Z</time></trkpt>
        <trkpt lat="46.03045432828367" lon="6.946355905383825"><ele>1840.5999755859375</ele><time>2024-07-08T11:56:14.000Z</time></trkpt>
        <trkpt lat="46.03040060028434" lon="6.946259764954448"><ele>1839.800048828125</ele><time>2024-07-08T11:56:22.000Z</time></trkpt>
        <trkpt lat="46.03040596470237" lon="6.946250461041927"><ele>1839.5999755859375</ele><time>2024-07-08T11:56:23.000Z</time></trkpt>
        <trkpt lat="46.03045114316046" lon="6.946220537647605"><ele>1837.800048828125</ele><time>2024-07-08T11:56:27.000Z</time></trkpt>
        <trkpt lat="46.030486430972815" lon="6.946208802983165"><ele>1836.5999755859375</ele><time>2024-07-08T11:56:30.000Z</time></trkpt>
        <trkpt lat="46.030537141487" lon="6.946184579282999"><ele>1834.4000244140625</ele><time>2024-07-08T11:56:35.000Z</time></trkpt>
        <trkpt lat="46.03059187531471" lon="6.946129761636257"><ele>1831.800048828125</ele><time>2024-07-08T11:56:44.000Z</time></trkpt>
        <trkpt lat="46.03057234548032" lon="6.9461040291935205"><ele>1831.800048828125</ele><time>2024-07-08T11:56:47.000Z</time></trkpt>
        <trkpt lat="46.03054879233241" lon="6.946052731946111"><ele>1831.800048828125</ele><time>2024-07-08T11:56:51.000Z</time></trkpt>
        <trkpt lat="46.03051098994911" lon="6.945975618436933"><ele>1831.800048828125</ele><time>2024-07-08T11:56:57.000Z</time></trkpt>
        <trkpt lat="46.03050185367465" lon="6.945961955934763"><ele>1831.800048828125</ele><time>2024-07-08T11:56:58.000Z</time></trkpt>
        <trkpt lat="46.03049741126597" lon="6.945949299260974"><ele>1831.800048828125</ele><time>2024-07-08T11:56:59.000Z</time></trkpt>
        <trkpt lat="46.03049883618951" lon="6.945907473564148"><ele>1831</ele><time>2024-07-08T11:57:03.000Z</time></trkpt>
        <trkpt lat="46.03051844984293" lon="6.945894565433264"><ele>1830.199951171875</ele><time>2024-07-08T11:57:05.000Z</time></trkpt>
        <trkpt lat="46.03053119033575" lon="6.945895738899708"><ele>1829.800048828125</ele><time>2024-07-08T11:57:06.000Z</time></trkpt>
        <trkpt lat="46.03055172599852" lon="6.945904036983848"><ele>1829.4000244140625</ele><time>2024-07-08T11:57:08.000Z</time></trkpt>
        <trkpt lat="46.03061115369201" lon="6.945916945114732"><ele>1828</ele><time>2024-07-08T11:57:14.000Z</time></trkpt>
        <trkpt lat="46.03065859526396" lon="6.945895487442613"><ele>1826.199951171875</ele><time>2024-07-08T11:57:21.000Z</time></trkpt>
        <trkpt lat="46.03063805960119" lon="6.945847123861313"><ele>1826</ele><time>2024-07-08T11:57:25.000Z</time></trkpt>
        <trkpt lat="46.03063311427832" lon="6.9458327908068895"><ele>1826</ele><time>2024-07-08T11:57:26.000Z</time></trkpt>
        <trkpt lat="46.030597910284996" lon="6.945717372000217"><ele>1825.199951171875</ele><time>2024-07-08T11:57:34.000Z</time></trkpt>
        <trkpt lat="46.03057712316513" lon="6.9456613808870316"><ele>1825</ele><time>2024-07-08T11:57:38.000Z</time></trkpt>
        <trkpt lat="46.03056924417615" lon="6.9456107541918755"><ele>1824.4000244140625</ele><time>2024-07-08T11:57:41.000Z</time></trkpt>
        <trkpt lat="46.03056580759585" lon="6.945600360631943"><ele>1824.4000244140625</ele><time>2024-07-08T11:57:42.000Z</time></trkpt>
        <trkpt lat="46.0305474512279" lon="6.945542441681027"><ele>1824</ele><time>2024-07-08T11:57:47.000Z</time></trkpt>
        <trkpt lat="46.03054686449468" lon="6.945518972352147"><ele>1823.5999755859375</ele><time>2024-07-08T11:57:49.000Z</time></trkpt>
        <trkpt lat="46.030549462884665" lon="6.945464741438627"><ele>1822.800048828125</ele><time>2024-07-08T11:57:53.000Z</time></trkpt>
        <trkpt lat="46.03058156557381" lon="6.945432219654322"><ele>1821.5999755859375</ele><time>2024-07-08T11:57:56.000Z</time></trkpt>
        <trkpt lat="46.03061417117715" lon="6.945444121956825"><ele>1820.800048828125</ele><time>2024-07-08T11:57:59.000Z</time></trkpt>
        <trkpt lat="46.03068717755377" lon="6.945435404777527"><ele>1818.800048828125</ele><time>2024-07-08T11:58:06.000Z</time></trkpt>
        <trkpt lat="46.03070075623691" lon="6.9454078283160925"><ele>1818.199951171875</ele><time>2024-07-08T11:58:13.000Z</time></trkpt>
        <trkpt lat="46.030636467039585" lon="6.945344964042306"><ele>1819</ele><time>2024-07-08T11:58:20.000Z</time></trkpt>
        <trkpt lat="46.030617943033576" lon="6.94530364125967"><ele>1819</ele><time>2024-07-08T11:58:23.000Z</time></trkpt>
        <trkpt lat="46.03060059249401" lon="6.9452467281371355"><ele>1818.800048828125</ele><time>2024-07-08T11:58:27.000Z</time></trkpt>
        <trkpt lat="46.030582655221224" lon="6.9451863784343"><ele>1818.4000244140625</ele><time>2024-07-08T11:58:33.000Z</time></trkpt>
        <trkpt lat="46.030582068488" lon="6.945174811407924"><ele>1818.199951171875</ele><time>2024-07-08T11:58:34.000Z</time></trkpt>
        <trkpt lat="46.03057947009802" lon="6.945152012631297"><ele>1818</ele><time>2024-07-08T11:58:36.000Z</time></trkpt>
        <trkpt lat="46.03056865744293" lon="6.945090908557177"><ele>1817.4000244140625</ele><time>2024-07-08T11:58:42.000Z</time></trkpt>
        <trkpt lat="46.03058114647865" lon="6.945064254105091"><ele>1816.5999755859375</ele><time>2024-07-08T11:58:46.000Z</time></trkpt>
        <trkpt lat="46.03057905100286" lon="6.944994684308767"><ele>1815.5999755859375</ele><time>2024-07-08T11:58:51.000Z</time></trkpt>
        <trkpt lat="46.03056580759585" lon="6.944964341819286"><ele>1815.5999755859375</ele><time>2024-07-08T11:58:53.000Z</time></trkpt>
        <trkpt lat="46.030532447621226" lon="6.944922097027302"><ele>1815.800048828125</ele><time>2024-07-08T11:58:56.000Z</time></trkpt>
        <trkpt lat="46.03049682453275" lon="6.944893933832645"><ele>1816.5999755859375</ele><time>2024-07-08T11:58:59.000Z</time></trkpt>
        <trkpt lat="46.03042105212808" lon="6.944805923849344"><ele>1817.199951171875</ele><time>2024-07-08T11:59:07.000Z</time></trkpt>
        <trkpt lat="46.03038408793509" lon="6.944732079282403"><ele>1816.4000244140625</ele><time>2024-07-08T11:59:14.000Z</time></trkpt>
        <trkpt lat="46.0303767118603" lon="6.944724954664707"><ele>1816.5999755859375</ele><time>2024-07-08T11:59:15.000Z</time></trkpt>
        <trkpt lat="46.030377550050616" lon="6.944712968543172"><ele>1816.199951171875</ele><time>2024-07-08T11:59:16.000Z</time></trkpt>
        <trkpt lat="46.03037394583225" lon="6.944664353504777"><ele>1815</ele><time>2024-07-08T11:59:21.000Z</time></trkpt>
        <trkpt lat="46.030333461239934" lon="6.9445042591542006"><ele>1812.800048828125</ele><time>2024-07-08T11:59:30.000Z</time></trkpt>
        <trkpt lat="46.030337484553456" lon="6.9444807060062885"><ele>1812.199951171875</ele><time>2024-07-08T11:59:31.000Z</time></trkpt>
        <trkpt lat="46.030338825657964" lon="6.944454722106457"><ele>1811.4000244140625</ele><time>2024-07-08T11:59:33.000Z</time></trkpt>
        <trkpt lat="46.03032633662224" lon="6.94443385116756"><ele>1811.4000244140625</ele><time>2024-07-08T11:59:35.000Z</time></trkpt>
        <trkpt lat="46.03027864359319" lon="6.944390181452036"><ele>1812.199951171875</ele><time>2024-07-08T11:59:38.000Z</time></trkpt>
        <trkpt lat="46.030259197577834" lon="6.944303093478084"><ele>1810.5999755859375</ele><time>2024-07-08T11:59:43.000Z</time></trkpt>
        <trkpt lat="46.030246540904045" lon="6.9442548137158155"><ele>1809.800048828125</ele><time>2024-07-08T11:59:46.000Z</time></trkpt>
        <trkpt lat="46.03026087395847" lon="6.94421156309545"><ele>1808.199951171875</ele><time>2024-07-08T11:59:49.000Z</time></trkpt>
        <trkpt lat="46.03026338852942" lon="6.944202594459057"><ele>1807.800048828125</ele><time>2024-07-08T11:59:50.000Z</time></trkpt>
        <trkpt lat="46.03021502494812" lon="6.944143753498793"><ele>1808.4000244140625</ele><time>2024-07-08T11:59:57.000Z</time></trkpt>
        <trkpt lat="46.03018702939153" lon="6.944134030491114"><ele>1809.4000244140625</ele><time>2024-07-08T11:59:59.000Z</time></trkpt>
        <trkpt lat="46.03015157394111" lon="6.944126654416323"><ele>1810.5999755859375</ele><time>2024-07-08T12:00:01.000Z</time></trkpt>
        <trkpt lat="46.03012609295547" lon="6.944100335240364"><ele>1811.199951171875</ele><time>2024-07-08T12:00:03.000Z</time></trkpt>
        <trkpt lat="46.03009147569537" lon="6.94405666552484"><ele>1812</ele><time>2024-07-08T12:00:06.000Z</time></trkpt>
        <trkpt lat="46.030070604756474" lon="6.944007463753223"><ele>1811.800048828125</ele><time>2024-07-08T12:00:09.000Z</time></trkpt>
        <trkpt lat="46.03007085621357" lon="6.943991873413324"><ele>1811.4000244140625</ele><time>2024-07-08T12:00:10.000Z</time></trkpt>
        <trkpt lat="46.030060378834605" lon="6.943968739360571"><ele>1811.199951171875</ele><time>2024-07-08T12:00:11.000Z</time></trkpt>
        <trkpt lat="46.03004302829504" lon="6.943945689126849"><ele>1811.5999755859375</ele><time>2024-07-08T12:00:13.000Z</time></trkpt>
        <trkpt lat="46.030025174841285" lon="6.943923309445381"><ele>1812</ele><time>2024-07-08T12:00:16.000Z</time></trkpt>
        <trkpt lat="46.030018385499716" lon="6.943922974169254"><ele>1812.199951171875</ele><time>2024-07-08T12:00:17.000Z</time></trkpt>
        <trkpt lat="46.02996792644262" lon="6.943881819024682"><ele>1813.800048828125</ele><time>2024-07-08T12:00:22.000Z</time></trkpt>
        <trkpt lat="46.02995686233044" lon="6.943855583667755"><ele>1813.5999755859375</ele><time>2024-07-08T12:00:24.000Z</time></trkpt>
        <trkpt lat="46.029936242848635" lon="6.943831359967589"><ele>1814</ele><time>2024-07-08T12:00:26.000Z</time></trkpt>
        <trkpt lat="46.02991587482393" lon="6.943815518170595"><ele>1814.800048828125</ele><time>2024-07-08T12:00:28.000Z</time></trkpt>
        <trkpt lat="46.029898691922426" lon="6.9438045378774405"><ele>1815.199951171875</ele><time>2024-07-08T12:00:29.000Z</time></trkpt>
        <trkpt lat="46.029885951429605" lon="6.943799760192633"><ele>1815.800048828125</ele><time>2024-07-08T12:00:30.000Z</time></trkpt>
        <trkpt lat="46.02988310158253" lon="6.943790288642049"><ele>1815.800048828125</ele><time>2024-07-08T12:00:31.000Z</time></trkpt>
        <trkpt lat="46.02986306883395" lon="6.943747624754906"><ele>1815.5999755859375</ele><time>2024-07-08T12:00:34.000Z</time></trkpt>
        <trkpt lat="46.02982509881258" lon="6.943729100748897"><ele>1816.800048828125</ele><time>2024-07-08T12:00:36.000Z</time></trkpt>
        <trkpt lat="46.02972107939422" lon="6.943627763539553"><ele>1817.800048828125</ele><time>2024-07-08T12:00:45.000Z</time></trkpt>
        <trkpt lat="46.0297136195004" lon="6.943603623658419"><ele>1817.199951171875</ele><time>2024-07-08T12:00:47.000Z</time></trkpt>
        <trkpt lat="46.02969132363796" lon="6.943549308925867"><ele>1816</ele><time>2024-07-08T12:00:51.000Z</time></trkpt>
        <trkpt lat="46.02965067140758" lon="6.943525420501828"><ele>1817</ele><time>2024-07-08T12:00:55.000Z</time></trkpt>
        <trkpt lat="46.02964681573212" lon="6.943513182923198"><ele>1816.5999755859375</ele><time>2024-07-08T12:00:56.000Z</time></trkpt>
        <trkpt lat="46.0296290460974" lon="6.943475883454084"><ele>1816</ele><time>2024-07-08T12:00:59.000Z</time></trkpt>
        <trkpt lat="46.029618149623275" lon="6.9434302020817995"><ele>1815</ele><time>2024-07-08T12:01:02.000Z</time></trkpt>
        <trkpt lat="46.02960113435984" lon="6.9433986861258745"><ele>1814.800048828125</ele><time>2024-07-08T12:01:05.000Z</time></trkpt>
        <trkpt lat="46.02957825176418" lon="6.943345796316862"><ele>1814.5999755859375</ele><time>2024-07-08T12:01:09.000Z</time></trkpt>
        <trkpt lat="46.02955696173012" lon="6.943295169621706"><ele>1814.5999755859375</ele><time>2024-07-08T12:01:12.000Z</time></trkpt>
        <trkpt lat="46.029556542634964" lon="6.9432558584958315"><ele>1813.4000244140625</ele><time>2024-07-08T12:01:14.000Z</time></trkpt>
        <trkpt lat="46.02955327369273" lon="6.94323624484241"><ele>1813.199951171875</ele><time>2024-07-08T12:01:15.000Z</time></trkpt>
        <trkpt lat="46.02954564616084" lon="6.9432110991328955"><ele>1813</ele><time>2024-07-08T12:01:17.000Z</time></trkpt>
        <trkpt lat="46.029538940638304" lon="6.943193664774299"><ele>1812.800048828125</ele><time>2024-07-08T12:01:18.000Z</time></trkpt>
        <trkpt lat="46.02952930144966" lon="6.943157119676471"><ele>1812.4000244140625</ele><time>2024-07-08T12:01:21.000Z</time></trkpt>
        <trkpt lat="46.02952443994582" lon="6.943128285929561"><ele>1812</ele><time>2024-07-08T12:01:23.000Z</time></trkpt>
        <trkpt lat="46.02951438166201" lon="6.943118730559945"><ele>1812.4000244140625</ele><time>2024-07-08T12:01:24.000Z</time></trkpt>
        <trkpt lat="46.02947423234582" lon="6.94307598285377"><ele>1814</ele><time>2024-07-08T12:01:28.000Z</time></trkpt>
        <trkpt lat="46.0294353403151" lon="6.942999707534909"><ele>1814.5999755859375</ele><time>2024-07-08T12:01:34.000Z</time></trkpt>
        <trkpt lat="46.029429975897074" lon="6.942979255691171"><ele>1814.5999755859375</ele><time>2024-07-08T12:01:35.000Z</time></trkpt>
        <trkpt lat="46.02939669974148" lon="6.9429348316043615"><ele>1815.5999755859375</ele><time>2024-07-08T12:01:39.000Z</time></trkpt>
        <trkpt lat="46.02937071584165" lon="6.942912200465798"><ele>1816.800048828125</ele><time>2024-07-08T12:01:41.000Z</time></trkpt>
        <trkpt lat="46.02935956791043" lon="6.942904992029071"><ele>1817.199951171875</ele><time>2024-07-08T12:01:42.000Z</time></trkpt>
        <trkpt lat="46.02932075969875" lon="6.942853108048439"><ele>1818</ele><time>2024-07-08T12:01:46.000Z</time></trkpt>
        <trkpt lat="46.02929980494082" lon="6.942834919318557"><ele>1818.4000244140625</ele><time>2024-07-08T12:01:48.000Z</time></trkpt>
        <trkpt lat="46.02926024235785" lon="6.942750429734588"><ele>1817</ele><time>2024-07-08T12:01:54.000Z</time></trkpt>
        <trkpt lat="46.029256135225296" lon="6.942736431956291"><ele>1816.800048828125</ele><time>2024-07-08T12:01:55.000Z</time></trkpt>
        <trkpt lat="46.0292212665081" lon="6.942676166072488"><ele>1816</ele><time>2024-07-08T12:02:00.000Z</time></trkpt>
        <trkpt lat="46.029200311750174" lon="6.942635346204042"><ele>1815.4000244140625</ele><time>2024-07-08T12:02:03.000Z</time></trkpt>
        <trkpt lat="46.02914784103632" lon="6.942585306242108"><ele>1815.5999755859375</ele><time>2024-07-08T12:02:08.000Z</time></trkpt>
        <trkpt lat="46.02914046496153" lon="6.94257122464478"><ele>1815.4000244140625</ele><time>2024-07-08T12:02:09.000Z</time></trkpt>
        <trkpt lat="46.0291369445622" lon="6.942556723952293"><ele>1815</ele><time>2024-07-08T12:02:10.000Z</time></trkpt>
        <trkpt lat="46.029124706983566" lon="6.9425454922020435"><ele>1815</ele><time>2024-07-08T12:02:11.000Z</time></trkpt>
        <trkpt lat="46.02908103726804" lon="6.942482041195035"><ele>1814.4000244140625</ele><time>2024-07-08T12:02:16.000Z</time></trkpt>
        <trkpt lat="46.02903979830444" lon="6.94242412224412"><ele>1813.800048828125</ele><time>2024-07-08T12:02:21.000Z</time></trkpt>
        <trkpt lat="46.02903451770544" lon="6.94240802899003"><ele>1813.4000244140625</ele><time>2024-07-08T12:02:22.000Z</time></trkpt>
        <trkpt lat="46.02902362123132" lon="6.942392522469163"><ele>1813.4000244140625</ele><time>2024-07-08T12:02:23.000Z</time></trkpt>
        <trkpt lat="46.029008366167545" lon="6.942365700379014"><ele>1813.199951171875</ele><time>2024-07-08T12:02:25.000Z</time></trkpt>
        <trkpt lat="46.02899059653282" lon="6.942347846925259"><ele>1813.5999755859375</ele><time>2024-07-08T12:02:27.000Z</time></trkpt>
        <trkpt lat="46.0289900097996" lon="6.942328987643123"><ele>1812.800048828125</ele><time>2024-07-08T12:02:28.000Z</time></trkpt>
        <trkpt lat="46.02896427735686" lon="6.942282635718584"><ele>1812.5999755859375</ele><time>2024-07-08T12:02:32.000Z</time></trkpt>
        <trkpt lat="46.02895941585302" lon="6.942266542464495"><ele>1812.4000244140625</ele><time>2024-07-08T12:02:33.000Z</time></trkpt>
        <trkpt lat="46.02894709445536" lon="6.942249275743961"><ele>1812.4000244140625</ele><time>2024-07-08T12:02:34.000Z</time></trkpt>
        <trkpt lat="46.028940975666046" lon="6.942190183326602"><ele>1810.5999755859375</ele><time>2024-07-08T12:02:37.000Z</time></trkpt>
        <trkpt lat="46.02894315496087" lon="6.942156404256821"><ele>1809.199951171875</ele><time>2024-07-08T12:02:39.000Z</time></trkpt>
        <trkpt lat="46.028938209638" lon="6.942069232463837"><ele>1806.4000244140625</ele><time>2024-07-08T12:02:47.000Z</time></trkpt>
        <trkpt lat="46.028900910168886" lon="6.942056240513921"><ele>1807.800048828125</ele><time>2024-07-08T12:02:50.000Z</time></trkpt>
        <trkpt lat="46.02888305671513" lon="6.942026987671852"><ele>1807.800048828125</ele><time>2024-07-08T12:02:54.000Z</time></trkpt>
        <trkpt lat="46.02881524711847" lon="6.941947275772691"><ele>1808.5999755859375</ele><time>2024-07-08T12:03:01.000Z</time></trkpt>
        <trkpt lat="46.028773840516806" lon="6.941847782582045"><ele>1807.199951171875</ele><time>2024-07-08T12:03:08.000Z</time></trkpt>
        <trkpt lat="46.02876336313784" lon="6.941839316859841"><ele>1807.5999755859375</ele><time>2024-07-08T12:03:09.000Z</time></trkpt>
        <trkpt lat="46.02873796597123" lon="6.9418274983763695"><ele>1808.5999755859375</ele><time>2024-07-08T12:03:11.000Z</time></trkpt>
        <trkpt lat="46.02873008698225" lon="6.941810147836804"><ele>1808.4000244140625</ele><time>2024-07-08T12:03:13.000Z</time></trkpt>
        <trkpt lat="46.02872371673584" lon="6.9417662266641855"><ele>1806.5999755859375</ele><time>2024-07-08T12:03:16.000Z</time></trkpt>
        <trkpt lat="46.02862891741097" lon="6.941722389310598"><ele>1809.4000244140625</ele><time>2024-07-08T12:03:24.000Z</time></trkpt>
        <trkpt lat="46.02861617691815" lon="6.941713420674205"><ele>1809.5999755859375</ele><time>2024-07-08T12:03:27.000Z</time></trkpt>
        <trkpt lat="46.0286031011492" lon="6.941704954952002"><ele>1809.800048828125</ele><time>2024-07-08T12:03:28.000Z</time></trkpt>
        <trkpt lat="46.028571082279086" lon="6.941671678796411"><ele>1809.5999755859375</ele><time>2024-07-08T12:03:31.000Z</time></trkpt>
        <trkpt lat="46.02850352413952" lon="6.941604875028133"><ele>1809.4000244140625</ele><time>2024-07-08T12:03:38.000Z</time></trkpt>
        <trkpt lat="46.02849254384637" lon="6.94159640930593"><ele>1809.4000244140625</ele><time>2024-07-08T12:03:40.000Z</time></trkpt>
        <trkpt lat="46.028478629887104" lon="6.941578136757016"><ele>1809.199951171875</ele><time>2024-07-08T12:03:42.000Z</time></trkpt>
        <trkpt lat="46.028474271297455" lon="6.9415724370628595"><ele>1809</ele><time>2024-07-08T12:03:43.000Z</time></trkpt>
        <trkpt lat="46.02847603149712" lon="6.941566150635481"><ele>1808.4000244140625</ele><time>2024-07-08T12:03:44.000Z</time></trkpt>
        <trkpt lat="46.02845834568143" lon="6.941542010754347"><ele>1807.5999755859375</ele><time>2024-07-08T12:03:47.000Z</time></trkpt>
        <trkpt lat="46.02844845503569" lon="6.94152751006186"><ele>1807</ele><time>2024-07-08T12:03:50.000Z</time></trkpt>
        <trkpt lat="46.028420962393284" lon="6.941508483141661"><ele>1806.800048828125</ele><time>2024-07-08T12:03:52.000Z</time></trkpt>
        <trkpt lat="46.02841945365071" lon="6.941499095410109"><ele>1806.199951171875</ele><time>2024-07-08T12:03:53.000Z</time></trkpt>
        <trkpt lat="46.02840419858694" lon="6.9414817448705435"><ele>1805.800048828125</ele><time>2024-07-08T12:03:55.000Z</time></trkpt>
        <trkpt lat="46.0283821541816" lon="6.941446205601096"><ele>1804.5999755859375</ele><time>2024-07-08T12:03:59.000Z</time></trkpt>
        <trkpt lat="46.02833638899028" lon="6.941405637189746"><ele>1804</ele><time>2024-07-08T12:04:03.000Z</time></trkpt>
        <trkpt lat="46.02828995324671" lon="6.941379988566041"><ele>1804</ele><time>2024-07-08T12:04:06.000Z</time></trkpt>
        <trkpt lat="46.028234381228685" lon="6.9413017854094505"><ele>1801.5999755859375</ele><time>2024-07-08T12:04:12.000Z</time></trkpt>
        <trkpt lat="46.02821954526007" lon="6.941240010783076"><ele>1798.800048828125</ele><time>2024-07-08T12:04:16.000Z</time></trkpt>
        <trkpt lat="46.028208984062076" lon="6.94122701883316"><ele>1798.4000244140625</ele><time>2024-07-08T12:04:18.000Z</time></trkpt>
        <trkpt lat="46.028172355145216" lon="6.941213523969054"><ele>1798.199951171875</ele><time>2024-07-08T12:04:23.000Z</time></trkpt>
        <trkpt lat="46.02809867821634" lon="6.94118544459343"><ele>1797.800048828125</ele><time>2024-07-08T12:04:31.000Z</time></trkpt>
        <trkpt lat="46.02805341593921" lon="6.941155856475234"><ele>1796.5999755859375</ele><time>2024-07-08T12:04:37.000Z</time></trkpt>
        <trkpt lat="46.02801376953721" lon="6.9411554373800755"><ele>1797.4000244140625</ele><time>2024-07-08T12:04:40.000Z</time></trkpt>
        <trkpt lat="46.02795652113855" lon="6.941137332469225"><ele>1797.4000244140625</ele><time>2024-07-08T12:04:43.000Z</time></trkpt>
        <trkpt lat="46.027940176427364" lon="6.941145043820143"><ele>1798.199951171875</ele><time>2024-07-08T12:04:44.000Z</time></trkpt>
        <trkpt lat="46.02791796438396" lon="6.9411474745720625"><ele>1799</ele><time>2024-07-08T12:04:46.000Z</time></trkpt>
        <trkpt lat="46.02790639735758" lon="6.941141104325652"><ele>1798.5999755859375</ele><time>2024-07-08T12:04:48.000Z</time></trkpt>
        <trkpt lat="46.02789793163538" lon="6.94114345125854"><ele>1799</ele><time>2024-07-08T12:04:49.000Z</time></trkpt>
        <trkpt lat="46.027805898338556" lon="6.941101709380746"><ele>1797.5999755859375</ele><time>2024-07-08T12:04:56.000Z</time></trkpt>
        <trkpt lat="46.02780329994857" lon="6.941099865362048"><ele>1797.5999755859375</ele><time>2024-07-08T12:04:57.000Z</time></trkpt>
        <trkpt lat="46.02776608429849" lon="6.941075474023819"><ele>1796.4000244140625</ele><time>2024-07-08T12:05:01.000Z</time></trkpt>
        <trkpt lat="46.02775317616761" lon="6.941063571721315"><ele>1795.800048828125</ele><time>2024-07-08T12:05:03.000Z</time></trkpt>
        <trkpt lat="46.027718307450414" lon="6.941050076857209"><ele>1795.4000244140625</ele><time>2024-07-08T12:05:06.000Z</time></trkpt>
        <trkpt lat="46.02767329663038" lon="6.941019566729665"><ele>1794.199951171875</ele><time>2024-07-08T12:05:10.000Z</time></trkpt>
        <trkpt lat="46.027661729604006" lon="6.941020153462887"><ele>1794.4000244140625</ele><time>2024-07-08T12:05:11.000Z</time></trkpt>
        <trkpt lat="46.02759056724608" lon="6.941005568951368"><ele>1795</ele><time>2024-07-08T12:05:16.000Z</time></trkpt>
        <trkpt lat="46.02753398939967" lon="6.940992325544357"><ele>1795.4000244140625</ele><time>2024-07-08T12:05:21.000Z</time></trkpt>
        <trkpt lat="46.02751571685076" lon="6.940983356907964"><ele>1795.199951171875</ele><time>2024-07-08T12:05:23.000Z</time></trkpt>
        <trkpt lat="46.02748445235193" lon="6.940980758517981"><ele>1795.800048828125</ele><time>2024-07-08T12:05:26.000Z</time></trkpt>
        <trkpt lat="46.02746056392789" lon="6.940981345251203"><ele>1796.5999755859375</ele><time>2024-07-08T12:05:28.000Z</time></trkpt>
        <trkpt lat="46.02742787450552" lon="6.940964749082923"><ele>1796.199951171875</ele><time>2024-07-08T12:05:32.000Z</time></trkpt>
        <trkpt lat="46.027406165376306" lon="6.940944632515311"><ele>1795.199951171875</ele><time>2024-07-08T12:05:35.000Z</time></trkpt>
        <trkpt lat="46.02732444182038" lon="6.940888222306967"><ele>1794.199951171875</ele><time>2024-07-08T12:05:41.000Z</time></trkpt>
        <trkpt lat="46.02730130776763" lon="6.940888725221157"><ele>1795.4000244140625</ele><time>2024-07-08T12:05:46.000Z</time></trkpt>
        <trkpt lat="46.027238024398685" lon="6.940820077434182"><ele>1793.4000244140625</ele><time>2024-07-08T12:05:52.000Z</time></trkpt>
        <trkpt lat="46.0271558817476" lon="6.9407787546515465"><ele>1793.800048828125</ele><time>2024-07-08T12:05:57.000Z</time></trkpt>
        <trkpt lat="46.02714314125478" lon="6.940769786015153"><ele>1793.800048828125</ele><time>2024-07-08T12:05:58.000Z</time></trkpt>
        <trkpt lat="46.02705705910921" lon="6.940663838759065"><ele>1791</ele><time>2024-07-08T12:06:07.000Z</time></trkpt>
        <trkpt lat="46.026999559253454" lon="6.940654283389449"><ele>1793.4000244140625</ele><time>2024-07-08T12:06:15.000Z</time></trkpt>
        <trkpt lat="46.02693501859903" lon="6.940607260912657"><ele>1794.5999755859375</ele><time>2024-07-08T12:06:21.000Z</time></trkpt>
        <trkpt lat="46.026925295591354" lon="6.940600303933024"><ele>1794.800048828125</ele><time>2024-07-08T12:06:22.000Z</time></trkpt>
        <trkpt lat="46.026887744665146" lon="6.940524699166417"><ele>1793</ele><time>2024-07-08T12:06:27.000Z</time></trkpt>
        <trkpt lat="46.02686972357333" lon="6.940511791035533"><ele>1793.4000244140625</ele><time>2024-07-08T12:06:29.000Z</time></trkpt>
        <trkpt lat="46.02684156037867" lon="6.940476167947054"><ele>1793.199951171875</ele><time>2024-07-08T12:06:31.000Z</time></trkpt>
        <trkpt lat="46.026828568428755" lon="6.940429145470262"><ele>1791.5999755859375</ele><time>2024-07-08T12:06:35.000Z</time></trkpt>
        <trkpt lat="46.02682865224779" lon="6.9404250383377075"><ele>1791.4000244140625</ele><time>2024-07-08T12:06:37.000Z</time></trkpt>
        <trkpt lat="46.026817839592695" lon="6.94041145965457"><ele>1791.199951171875</ele><time>2024-07-08T12:06:39.000Z</time></trkpt>
        <trkpt lat="46.026778277009726" lon="6.940358905121684"><ele>1789.800048828125</ele><time>2024-07-08T12:06:44.000Z</time></trkpt>
        <trkpt lat="46.026761094108224" lon="6.940309032797813"><ele>1787.4000244140625</ele><time>2024-07-08T12:06:48.000Z</time></trkpt>
        <trkpt lat="46.02672329172492" lon="6.94027709774673"><ele>1787</ele><time>2024-07-08T12:06:51.000Z</time></trkpt>
        <trkpt lat="46.02671113796532" lon="6.940249688923359"><ele>1785.800048828125</ele><time>2024-07-08T12:06:53.000Z</time></trkpt>
        <trkpt lat="46.02670334279537" lon="6.940221693366766"><ele>1784.4000244140625</ele><time>2024-07-08T12:06:55.000Z</time></trkpt>
        <trkpt lat="46.02670032531023" lon="6.940209791064262"><ele>1783.800048828125</ele><time>2024-07-08T12:06:56.000Z</time></trkpt>
        <trkpt lat="46.026644418016076" lon="6.9401714857667685"><ele>1783.5999755859375</ele><time>2024-07-08T12:07:02.000Z</time></trkpt>
        <trkpt lat="46.02657434530556" lon="6.940103843808174"><ele>1782.4000244140625</ele><time>2024-07-08T12:07:10.000Z</time></trkpt>
        <trkpt lat="46.02651801891625" lon="6.9400455057621"><ele>1780.4000244140625</ele><time>2024-07-08T12:07:16.000Z</time></trkpt>
        <trkpt lat="46.02650209330022" lon="6.940031675621867"><ele>1779.4000244140625</ele><time>2024-07-08T12:07:17.000Z</time></trkpt>
        <trkpt lat="46.026411820203066" lon="6.940008206292987"><ele>1778</ele><time>2024-07-08T12:07:23.000Z</time></trkpt>
        <trkpt lat="46.02639782242477" lon="6.939992951229215"><ele>1777</ele><time>2024-07-08T12:07:24.000Z</time></trkpt>
        <trkpt lat="46.02632464841008" lon="6.939969230443239"><ele>1775</ele><time>2024-07-08T12:07:32.000Z</time></trkpt>
        <trkpt lat="46.02623890154064" lon="6.939944671466947"><ele>1773</ele><time>2024-07-08T12:07:39.000Z</time></trkpt>
        <trkpt lat="46.02622825652361" lon="6.939928662031889"><ele>1772</ele><time>2024-07-08T12:07:40.000Z</time></trkpt>
        <trkpt lat="46.02620864287019" lon="6.9399146642535925"><ele>1771.199951171875</ele><time>2024-07-08T12:07:42.000Z</time></trkpt>
        <trkpt lat="46.02616472169757" lon="6.939908629283309"><ele>1770.5999755859375</ele><time>2024-07-08T12:07:45.000Z</time></trkpt>
        <trkpt lat="46.02612909860909" lon="6.9398866686969995"><ele>1769.199951171875</ele><time>2024-07-08T12:07:48.000Z</time></trkpt>
        <trkpt lat="46.02607252076268" lon="6.939836293458939"><ele>1766.4000244140625</ele><time>2024-07-08T12:07:53.000Z</time></trkpt>
        <trkpt lat="46.02605475112796" lon="6.93981341086328"><ele>1765.199951171875</ele><time>2024-07-08T12:07:56.000Z</time></trkpt>
        <trkpt lat="46.02604368701577" lon="6.939796395599842"><ele>1764.4000244140625</ele><time>2024-07-08T12:07:58.000Z</time></trkpt>
        <trkpt lat="46.0259938146919" lon="6.939793545752764"><ele>1764</ele><time>2024-07-08T12:08:02.000Z</time></trkpt>
        <trkpt lat="46.0259525757283" lon="6.9397886004298925"><ele>1765.199951171875</ele><time>2024-07-08T12:08:06.000Z</time></trkpt>
        <trkpt lat="46.02590044029057" lon="6.939731352031231"><ele>1765.5999755859375</ele><time>2024-07-08T12:08:11.000Z</time></trkpt>
        <trkpt lat="46.02588342502713" lon="6.939708888530731"><ele>1765.5999755859375</ele><time>2024-07-08T12:08:13.000Z</time></trkpt>
        <trkpt lat="46.02583732455969" lon="6.939684497192502"><ele>1767.199951171875</ele><time>2024-07-08T12:08:17.000Z</time></trkpt>
        <trkpt lat="46.025792146101594" lon="6.939619537442923"><ele>1767</ele><time>2024-07-08T12:08:23.000Z</time></trkpt>
        <trkpt lat="46.025782423093915" lon="6.93961501121521"><ele>1767.4000244140625</ele><time>2024-07-08T12:08:24.000Z</time></trkpt>
        <trkpt lat="46.02578074671328" lon="6.939609479159117"><ele>1767.199951171875</ele><time>2024-07-08T12:08:25.000Z</time></trkpt>
        <trkpt lat="46.025771694257855" lon="6.939556505531073"><ele>1765.4000244140625</ele><time>2024-07-08T12:08:29.000Z</time></trkpt>
        <trkpt lat="46.02576901204884" lon="6.939537562429905"><ele>1764.5999755859375</ele><time>2024-07-08T12:08:30.000Z</time></trkpt>
        <trkpt lat="46.02572416886687" lon="6.939445696771145"><ele>1762.199951171875</ele><time>2024-07-08T12:08:37.000Z</time></trkpt>
        <trkpt lat="46.0257226601243" lon="6.939432118088007"><ele>1761.5999755859375</ele><time>2024-07-08T12:08:38.000Z</time></trkpt>
        <trkpt lat="46.02571679279208" lon="6.939378222450614"><ele>1759</ele><time>2024-07-08T12:08:42.000Z</time></trkpt>
        <trkpt lat="46.02570447139442" lon="6.939350478351116"><ele>1758.199951171875</ele><time>2024-07-08T12:08:44.000Z</time></trkpt>
        <trkpt lat="46.02570447139442" lon="6.939340000972152"><ele>1757.5999755859375</ele><time>2024-07-08T12:08:45.000Z</time></trkpt>
        <trkpt lat="46.025684857741" lon="6.939303455874324"><ele>1756.800048828125</ele><time>2024-07-08T12:08:51.000Z</time></trkpt>
        <trkpt lat="46.02568209171295" lon="6.939276717603207"><ele>1755.5999755859375</ele><time>2024-07-08T12:08:53.000Z</time></trkpt>
        <trkpt lat="46.02558922022581" lon="6.93917915225029"><ele>1755.5999755859375</ele><time>2024-07-08T12:09:02.000Z</time></trkpt>
        <trkpt lat="46.02556482888758" lon="6.939152246341109"><ele>1755.5999755859375</ele><time>2024-07-08T12:09:05.000Z</time></trkpt>
        <trkpt lat="46.02550422772765" lon="6.93910195492208"><ele>1756.4000244140625</ele><time>2024-07-08T12:09:10.000Z</time></trkpt>
        <trkpt lat="46.025444800034165" lon="6.9390482269227505"><ele>1756.800048828125</ele><time>2024-07-08T12:09:15.000Z</time></trkpt>
        <trkpt lat="46.02543390356004" lon="6.93903548642993"><ele>1756.800048828125</ele><time>2024-07-08T12:09:16.000Z</time></trkpt>
        <trkpt lat="46.02538285776973" lon="6.9389817584306"><ele>1757.4000244140625</ele><time>2024-07-08T12:09:24.000Z</time></trkpt>
        <trkpt lat="46.025348575785756" lon="6.9388653337955475"><ele>1755</ele><time>2024-07-08T12:09:32.000Z</time></trkpt>
        <trkpt lat="46.02534731850028" lon="6.938850162550807"><ele>1754.5999755859375</ele><time>2024-07-08T12:09:33.000Z</time></trkpt>
        <trkpt lat="46.025341702625155" lon="6.938785118982196"><ele>1752.800048828125</ele><time>2024-07-08T12:09:37.000Z</time></trkpt>
        <trkpt lat="46.02529752999544" lon="6.938704485073686"><ele>1752.199951171875</ele><time>2024-07-08T12:09:42.000Z</time></trkpt>
        <trkpt lat="46.0252876393497" lon="6.938684368506074"><ele>1751.800048828125</ele><time>2024-07-08T12:09:44.000Z</time></trkpt>
        <trkpt lat="46.02526291273534" lon="6.938631646335125"><ele>1750.800048828125</ele><time>2024-07-08T12:09:48.000Z</time></trkpt>
        <trkpt lat="46.02523894049227" lon="6.938566770404577"><ele>1749.199951171875</ele><time>2024-07-08T12:09:53.000Z</time></trkpt>
        <trkpt lat="46.02523525245488" lon="6.9385431334376335"><ele>1748.4000244140625</ele><time>2024-07-08T12:09:54.000Z</time></trkpt>
        <trkpt lat="46.025221422314644" lon="6.938491752371192"><ele>1747.4000244140625</ele><time>2024-07-08T12:09:57.000Z</time></trkpt>
        <trkpt lat="46.02521429769695" lon="6.938412878662348"><ele>1745.800048828125</ele><time>2024-07-08T12:10:02.000Z</time></trkpt>
        <trkpt lat="46.025211280211806" lon="6.938398210331798"><ele>1745.5999755859375</ele><time>2024-07-08T12:10:04.000Z</time></trkpt>
        <trkpt lat="46.02520206011832" lon="6.9383796863257885"><ele>1745.5999755859375</ele><time>2024-07-08T12:10:06.000Z</time></trkpt>
        <trkpt lat="46.025175992399454" lon="6.938314139842987"><ele>1745</ele><time>2024-07-08T12:10:10.000Z</time></trkpt>
        <trkpt lat="46.02511564269662" lon="6.938200732693076"><ele>1745</ele><time>2024-07-08T12:10:18.000Z</time></trkpt>
        <trkpt lat="46.02511438541114" lon="6.93817600607872"><ele>1744.4000244140625</ele><time>2024-07-08T12:10:19.000Z</time></trkpt>
        <trkpt lat="46.02510726079345" lon="6.938092857599258"><ele>1743.199951171875</ele><time>2024-07-08T12:10:24.000Z</time></trkpt>
        <trkpt lat="46.02511388249695" lon="6.938041811808944"><ele>1741.5999755859375</ele><time>2024-07-08T12:10:28.000Z</time></trkpt>
        <trkpt lat="46.02511094883084" lon="6.937997974455357"><ele>1740.5999755859375</ele><time>2024-07-08T12:10:30.000Z</time></trkpt>
        <trkpt lat="46.02506208233535" lon="6.9379812106490135"><ele>1743.199951171875</ele><time>2024-07-08T12:10:36.000Z</time></trkpt>
        <trkpt lat="46.0250511020422" lon="6.937964782118797"><ele>1743.4000244140625</ele><time>2024-07-08T12:10:37.000Z</time></trkpt>
        <trkpt lat="46.02502444759011" lon="6.937854057177901"><ele>1742.4000244140625</ele><time>2024-07-08T12:10:44.000Z</time></trkpt>
        <trkpt lat="46.02501908317208" lon="6.937808878719807"><ele>1741.800048828125</ele><time>2024-07-08T12:10:47.000Z</time></trkpt>
        <trkpt lat="46.024979101493955" lon="6.937762191519141"><ele>1743.199951171875</ele><time>2024-07-08T12:10:52.000Z</time></trkpt>
        <trkpt lat="46.02497122250497" lon="6.937722209841013"><ele>1742.800048828125</ele><time>2024-07-08T12:10:55.000Z</time></trkpt>
        <trkpt lat="46.02496569044888" lon="6.937643922865391"><ele>1741</ele><time>2024-07-08T12:11:01.000Z</time></trkpt>
        <trkpt lat="46.02496711537242" lon="6.937578208744526"><ele>1738.5999755859375</ele><time>2024-07-08T12:11:08.000Z</time></trkpt>
        <trkpt lat="46.02495387196541" lon="6.937488354742527"><ele>1735.800048828125</ele><time>2024-07-08T12:11:15.000Z</time></trkpt>
        <trkpt lat="46.02495261467993" lon="6.9374755304306746"><ele>1735.4000244140625</ele><time>2024-07-08T12:11:16.000Z</time></trkpt>
        <trkpt lat="46.02492948062718" lon="6.937424400821328"><ele>1735</ele><time>2024-07-08T12:11:22.000Z</time></trkpt>
        <trkpt lat="46.024896958842874" lon="6.937304036691785"><ele>1732.199951171875</ele><time>2024-07-08T12:11:32.000Z</time></trkpt>
        <trkpt lat="46.02486544288695" lon="6.93721778690815"><ele>1730.800048828125</ele><time>2024-07-08T12:11:38.000Z</time></trkpt>
        <trkpt lat="46.02485655806959" lon="6.937198592349887"><ele>1730.4000244140625</ele><time>2024-07-08T12:11:40.000Z</time></trkpt>
        <trkpt lat="46.024849601089954" lon="6.937180403620005"><ele>1730</ele><time>2024-07-08T12:11:42.000Z</time></trkpt>
        <trkpt lat="46.02481137961149" lon="6.9371286034584045"><ele>1730</ele><time>2024-07-08T12:11:48.000Z</time></trkpt>
        <trkpt lat="46.02477039210498" lon="6.9370729476213455"><ele>1730</ele><time>2024-07-08T12:11:56.000Z</time></trkpt>
        <trkpt lat="46.02475228719413" lon="6.937052411958575"><ele>1729.800048828125</ele><time>2024-07-08T12:12:01.000Z</time></trkpt>
        <trkpt lat="46.024722615256906" lon="6.93702969700098"><ele>1730</ele><time>2024-07-08T12:12:04.000Z</time></trkpt>
        <trkpt lat="46.024697134271264" lon="6.937013100832701"><ele>1730.199951171875</ele><time>2024-07-08T12:12:07.000Z</time></trkpt>
        <trkpt lat="46.0246919374913" lon="6.937010334804654"><ele>1730.4000244140625</ele><time>2024-07-08T12:12:10.000Z</time></trkpt>
        <trkpt lat="46.02469344623387" lon="6.936991307884455"><ele>1729</ele><time>2024-07-08T12:12:14.000Z</time></trkpt>
        <trkpt lat="46.024692356586456" lon="6.936988290399313"><ele>1728.800048828125</ele><time>2024-07-08T12:12:15.000Z</time></trkpt>
        <trkpt lat="46.024695709347725" lon="6.936936993151903"><ele>1725.199951171875</ele><time>2024-07-08T12:12:21.000Z</time></trkpt>
        <trkpt lat="46.024677604436874" lon="6.9368441216647625"><ele>1720</ele><time>2024-07-08T12:12:29.000Z</time></trkpt>
        <trkpt lat="46.024638293311" lon="6.936779664829373"><ele>1718</ele><time>2024-07-08T12:12:36.000Z</time></trkpt>
        <trkpt lat="46.02463091723621" lon="6.936757201328874"><ele>1717.4000244140625</ele><time>2024-07-08T12:12:38.000Z</time></trkpt>
        <trkpt lat="46.024636030197144" lon="6.936702886596322"><ele>1714.800048828125</ele><time>2024-07-08T12:12:43.000Z</time></trkpt>
        <trkpt lat="46.024641981348395" lon="6.9366988632828"><ele>1714.4000244140625</ele><time>2024-07-08T12:12:44.000Z</time></trkpt>
        <trkpt lat="46.02465237490833" lon="6.936647817492485"><ele>1711.5999755859375</ele><time>2024-07-08T12:12:48.000Z</time></trkpt>
        <trkpt lat="46.024612225592136" lon="6.936563663184643"><ele>1710.199951171875</ele><time>2024-07-08T12:12:54.000Z</time></trkpt>
        <trkpt lat="46.02458599023521" lon="6.936531560495496"><ele>1710.199951171875</ele><time>2024-07-08T12:12:58.000Z</time></trkpt>
        <trkpt lat="46.02458599023521" lon="6.9365201611071825"><ele>1709.800048828125</ele><time>2024-07-08T12:12:59.000Z</time></trkpt>
        <trkpt lat="46.024577524513006" lon="6.936420248821378"><ele>1707.4000244140625</ele><time>2024-07-08T12:13:04.000Z</time></trkpt>
        <trkpt lat="46.02457182481885" lon="6.93637196905911"><ele>1706.4000244140625</ele><time>2024-07-08T12:13:07.000Z</time></trkpt>
        <trkpt lat="46.02456017397344" lon="6.936320336535573"><ele>1705.800048828125</ele><time>2024-07-08T12:13:11.000Z</time></trkpt>
        <trkpt lat="46.0245502833277" lon="6.936294101178646"><ele>1705.5999755859375</ele><time>2024-07-08T12:13:13.000Z</time></trkpt>
        <trkpt lat="46.02454022504389" lon="6.936285216361284"><ele>1705.800048828125</ele><time>2024-07-08T12:13:14.000Z</time></trkpt>
        <trkpt lat="46.024541314691305" lon="6.936274906620383"><ele>1705.5999755859375</ele><time>2024-07-08T12:13:15.000Z</time></trkpt>
        <trkpt lat="46.024537459015846" lon="6.936268704012036"><ele>1705.5999755859375</ele><time>2024-07-08T12:13:16.000Z</time></trkpt>
        <trkpt lat="46.024530082941055" lon="6.936244899407029"><ele>1705.4000244140625</ele><time>2024-07-08T12:13:18.000Z</time></trkpt>
        <trkpt lat="46.02451231330633" lon="6.9362191669642925"><ele>1705.800048828125</ele><time>2024-07-08T12:13:21.000Z</time></trkpt>
        <trkpt lat="46.02450384758413" lon="6.936209024861455"><ele>1706.199951171875</ele><time>2024-07-08T12:13:22.000Z</time></trkpt>
        <trkpt lat="46.02447803132236" lon="6.936149597167969"><ele>1706.800048828125</ele><time>2024-07-08T12:13:26.000Z</time></trkpt>
        <trkpt lat="46.024442575871944" lon="6.936104083433747"><ele>1708</ele><time>2024-07-08T12:13:30.000Z</time></trkpt>
        <trkpt lat="46.02442178875208" lon="6.936077261343598"><ele>1708.800048828125</ele><time>2024-07-08T12:13:32.000Z</time></trkpt>
        <trkpt lat="46.02436177432537" lon="6.936035519465804"><ele>1711.4000244140625</ele><time>2024-07-08T12:13:37.000Z</time></trkpt>
        <trkpt lat="46.024367893114686" lon="6.935961674898863"><ele>1710</ele><time>2024-07-08T12:13:43.000Z</time></trkpt>
        <trkpt lat="46.02433889172971" lon="6.935883304104209"><ele>1709.5999755859375</ele><time>2024-07-08T12:13:50.000Z</time></trkpt>
        <trkpt lat="46.02431684732437" lon="6.935817254707217"><ele>1709.199951171875</ele><time>2024-07-08T12:13:55.000Z</time></trkpt>
        <trkpt lat="46.024309722706676" lon="6.9357994850724936"><ele>1709.199951171875</ele><time>2024-07-08T12:13:56.000Z</time></trkpt>
        <trkpt lat="46.024274518713355" lon="6.935733100399375"><ele>1709.5999755859375</ele><time>2024-07-08T12:14:02.000Z</time></trkpt>
        <trkpt lat="46.02426756173372" lon="6.935720695182681"><ele>1709.5999755859375</ele><time>2024-07-08T12:14:03.000Z</time></trkpt>
        <trkpt lat="46.02424937300384" lon="6.9356967229396105"><ele>1710.199951171875</ele><time>2024-07-08T12:14:05.000Z</time></trkpt>
        <trkpt lat="46.02423696778715" lon="6.935639725998044"><ele>1708.800048828125</ele><time>2024-07-08T12:14:09.000Z</time></trkpt>
        <trkpt lat="46.024221796542406" lon="6.935582812875509"><ele>1707.4000244140625</ele><time>2024-07-08T12:14:14.000Z</time></trkpt>
        <trkpt lat="46.02421727031469" lon="6.935557331889868"><ele>1706.4000244140625</ele><time>2024-07-08T12:14:16.000Z</time></trkpt>
        <trkpt lat="46.024198830127716" lon="6.93548415787518"><ele>1704</ele><time>2024-07-08T12:14:22.000Z</time></trkpt>
        <trkpt lat="46.024188017472625" lon="6.935460604727268"><ele>1703.5999755859375</ele><time>2024-07-08T12:14:24.000Z</time></trkpt>
        <trkpt lat="46.02418349124491" lon="6.935452055186033"><ele>1703.5999755859375</ele><time>2024-07-08T12:14:25.000Z</time></trkpt>
        <trkpt lat="46.02410034276545" lon="6.935320124030113"><ele>1703.4000244140625</ele><time>2024-07-08T12:14:34.000Z</time></trkpt>
        <trkpt lat="46.02408433333039" lon="6.935239741578698"><ele>1701.199951171875</ele><time>2024-07-08T12:14:41.000Z</time></trkpt>
        <trkpt lat="46.02408114820719" lon="6.935233119875193"><ele>1701.199951171875</ele><time>2024-07-08T12:14:42.000Z</time></trkpt>
        <trkpt lat="46.02404812350869" lon="6.935167908668518"><ele>1701</ele><time>2024-07-08T12:14:48.000Z</time></trkpt>
        <trkpt lat="46.02403278462589" lon="6.935159442946315"><ele>1701.5999755859375</ele><time>2024-07-08T12:14:50.000Z</time></trkpt>
        <trkpt lat="46.02400688454509" lon="6.935079228132963"><ele>1700.4000244140625</ele><time>2024-07-08T12:14:56.000Z</time></trkpt>
        <trkpt lat="46.0240130033344" lon="6.934991553425789"><ele>1696.800048828125</ele><time>2024-07-08T12:15:03.000Z</time></trkpt>
        <trkpt lat="46.024032114073634" lon="6.934906393289566"><ele>1692.4000244140625</ele><time>2024-07-08T12:15:08.000Z</time></trkpt>
        <trkpt lat="46.024027252569795" lon="6.934822574257851"><ele>1690</ele><time>2024-07-08T12:15:13.000Z</time></trkpt>
        <trkpt lat="46.02403521537781" lon="6.934740012511611"><ele>1687.4000244140625</ele><time>2024-07-08T12:15:18.000Z</time></trkpt>
        <trkpt lat="46.02403672412038" lon="6.934726936742663"><ele>1687</ele><time>2024-07-08T12:15:19.000Z</time></trkpt>
        <trkpt lat="46.02403320372105" lon="6.934699276462197"><ele>1686.4000244140625</ele><time>2024-07-08T12:15:21.000Z</time></trkpt>
        <trkpt lat="46.0240288451314" lon="6.9346525054425"><ele>1685.5999755859375</ele><time>2024-07-08T12:15:24.000Z</time></trkpt>
        <trkpt lat="46.024014595896006" lon="6.934552928432822"><ele>1683.800048828125</ele><time>2024-07-08T12:15:31.000Z</time></trkpt>
        <trkpt lat="46.0239804815501" lon="6.93446584045887"><ele>1683.5999755859375</ele><time>2024-07-08T12:15:39.000Z</time></trkpt>
        <trkpt lat="46.02393806912005" lon="6.93442527204752"><ele>1684.800048828125</ele><time>2024-07-08T12:15:46.000Z</time></trkpt>
        <trkpt lat="46.023925160989165" lon="6.934368694201112"><ele>1684.199951171875</ele><time>2024-07-08T12:15:52.000Z</time></trkpt>
        <trkpt lat="46.02389071136713" lon="6.9343142956495285"><ele>1684.800048828125</ele><time>2024-07-08T12:15:59.000Z</time></trkpt>
        <trkpt lat="46.02385927923024" lon="6.934286132454872"><ele>1685.800048828125</ele><time>2024-07-08T12:16:06.000Z</time></trkpt>
        <trkpt lat="46.02385391481221" lon="6.934200301766396"><ele>1683</ele><time>2024-07-08T12:16:13.000Z</time></trkpt>
        <trkpt lat="46.02384679019451" lon="6.934174485504627"><ele>1682.4000244140625</ele><time>2024-07-08T12:16:15.000Z</time></trkpt>
        <trkpt lat="46.023809406906366" lon="6.934118494391441"><ele>1682.199951171875</ele><time>2024-07-08T12:16:18.000Z</time></trkpt>
        <trkpt lat="46.023796666413546" lon="6.934070801362395"><ele>1681.199951171875</ele><time>2024-07-08T12:16:20.000Z</time></trkpt>
        <trkpt lat="46.023739920929074" lon="6.9340206775814295"><ele>1682.4000244140625</ele><time>2024-07-08T12:16:25.000Z</time></trkpt>
        <trkpt lat="46.02372064255178" lon="6.933963429182768"><ele>1680.4000244140625</ele><time>2024-07-08T12:16:30.000Z</time></trkpt>
        <trkpt lat="46.023710668087006" lon="6.933960914611816"><ele>1680.800048828125</ele><time>2024-07-08T12:16:31.000Z</time></trkpt>
        <trkpt lat="46.023687617853284" lon="6.933901235461235"><ele>1679</ele><time>2024-07-08T12:16:36.000Z</time></trkpt>
        <trkpt lat="46.023660292848945" lon="6.933818841353059"><ele>1676.199951171875</ele><time>2024-07-08T12:16:42.000Z</time></trkpt>
        <trkpt lat="46.023616790771484" lon="6.933797635138035"><ele>1677.199951171875</ele><time>2024-07-08T12:16:47.000Z</time></trkpt>
        <trkpt lat="46.02357312105596" lon="6.933792270720005"><ele>1678.800048828125</ele><time>2024-07-08T12:16:54.000Z</time></trkpt>
        <trkpt lat="46.02357060648501" lon="6.933800233528018"><ele>1679.199951171875</ele><time>2024-07-08T12:16:59.000Z</time></trkpt>
        <trkpt lat="46.02355149574578" lon="6.933808950707316"><ele>1680.5999755859375</ele><time>2024-07-08T12:17:06.000Z</time></trkpt>
        <trkpt lat="46.023527355864644" lon="6.933773243799806"><ele>1679.800048828125</ele><time>2024-07-08T12:17:11.000Z</time></trkpt>
        <trkpt lat="46.02351201698184" lon="6.9337729923427105"><ele>1680.5999755859375</ele><time>2024-07-08T12:17:17.000Z</time></trkpt>
        <trkpt lat="46.02351193316281" lon="6.933753294870257"><ele>1679.5999755859375</ele><time>2024-07-08T12:17:22.000Z</time></trkpt>
        <trkpt lat="46.02351997978985" lon="6.933719515800476"><ele>1677.199951171875</ele><time>2024-07-08T12:17:28.000Z</time></trkpt>
        <trkpt lat="46.02353481575847" lon="6.933672660961747"><ele>1673</ele><time>2024-07-08T12:17:35.000Z</time></trkpt>
        <trkpt lat="46.02354244329035" lon="6.9336905144155025"><ele>1674</ele><time>2024-07-08T12:17:39.000Z</time></trkpt>
        <trkpt lat="46.02348301559687" lon="6.933688251301646"><ele>1676.4000244140625</ele><time>2024-07-08T12:17:45.000Z</time></trkpt>
        <trkpt lat="46.023420905694366" lon="6.933681629598141"><ele>1675.800048828125</ele><time>2024-07-08T12:17:50.000Z</time></trkpt>
        <trkpt lat="46.0233707819134" lon="6.933647263795137"><ele>1672.800048828125</ele><time>2024-07-08T12:17:55.000Z</time></trkpt>
        <trkpt lat="46.023341780528426" lon="6.933643743395805"><ele>1672.800048828125</ele><time>2024-07-08T12:18:02.000Z</time></trkpt>
        <trkpt lat="46.02338645607233" lon="6.933592949062586"><ele>1668.4000244140625</ele><time>2024-07-08T12:18:07.000Z</time></trkpt>
        <trkpt lat="46.0234209895134" lon="6.933573838323355"><ele>1667</ele><time>2024-07-08T12:18:11.000Z</time></trkpt>
        <trkpt lat="46.02346004918218" lon="6.933537041768432"><ele>1664.4000244140625</ele><time>2024-07-08T12:18:15.000Z</time></trkpt>
        <trkpt lat="46.02349877357483" lon="6.9334851577878"><ele>1659.5999755859375</ele><time>2024-07-08T12:18:21.000Z</time></trkpt>
        <trkpt lat="46.023542024195194" lon="6.933480966836214"><ele>1657.4000244140625</ele><time>2024-07-08T12:18:28.000Z</time></trkpt>
        <trkpt lat="46.02354227565229" lon="6.933476189151406"><ele>1657</ele><time>2024-07-08T12:18:29.000Z</time></trkpt>
        <trkpt lat="46.023559710010886" lon="6.933485828340054"><ele>1657</ele><time>2024-07-08T12:18:31.000Z</time></trkpt>
        <trkpt lat="46.02357898838818" lon="6.933495216071606"><ele>1657</ele><time>2024-07-08T12:18:33.000Z</time></trkpt>
        <trkpt lat="46.02357513271272" lon="6.93349689245224"><ele>1657.199951171875</ele><time>2024-07-08T12:18:35.000Z</time></trkpt>
        <trkpt lat="46.02354831062257" lon="6.933482391759753"><ele>1657.199951171875</ele><time>2024-07-08T12:18:37.000Z</time></trkpt>
        <trkpt lat="46.02355451323092" lon="6.93348222412169"><ele>1657</ele><time>2024-07-08T12:18:41.000Z</time></trkpt>
        <trkpt lat="46.02352718822658" lon="6.933486331254244"><ele>1658.4000244140625</ele><time>2024-07-08T12:18:44.000Z</time></trkpt>
        <trkpt lat="46.02350723929703" lon="6.933504603803158"><ele>1660.800048828125</ele><time>2024-07-08T12:18:47.000Z</time></trkpt>
        <trkpt lat="46.02350514382124" lon="6.933514242991805"><ele>1661.5999755859375</ele><time>2024-07-08T12:18:48.000Z</time></trkpt>
        <trkpt lat="46.023475555703044" lon="6.933522121980786"><ele>1663.4000244140625</ele><time>2024-07-08T12:18:51.000Z</time></trkpt>
        <trkpt lat="46.023470778018236" lon="6.93351692520082"><ele>1663</ele><time>2024-07-08T12:18:52.000Z</time></trkpt>
        <trkpt lat="46.023459462448955" lon="6.933513320982456"><ele>1662.5999755859375</ele><time>2024-07-08T12:18:57.000Z</time></trkpt>
        <trkpt lat="46.02343155071139" lon="6.933498401194811"><ele>1661.199951171875</ele><time>2024-07-08T12:19:02.000Z</time></trkpt>
        <trkpt lat="46.02342467755079" lon="6.933498401194811"><ele>1661.199951171875</ele><time>2024-07-08T12:19:06.000Z</time></trkpt>
        <trkpt lat="46.02338846772909" lon="6.933469735085964"><ele>1658.5999755859375</ele><time>2024-07-08T12:19:10.000Z</time></trkpt>
        <trkpt lat="46.023370530456305" lon="6.933460934087634"><ele>1657.800048828125</ele><time>2024-07-08T12:19:13.000Z</time></trkpt>
        <trkpt lat="46.023315796628594" lon="6.93343436345458"><ele>1655.5999755859375</ele><time>2024-07-08T12:19:19.000Z</time></trkpt>
        <trkpt lat="46.02324488572776" lon="6.933447355404496"><ele>1655.800048828125</ele><time>2024-07-08T12:19:24.000Z</time></trkpt>
        <trkpt lat="46.02320917882025" lon="6.933440398424864"><ele>1655.199951171875</ele><time>2024-07-08T12:19:27.000Z</time></trkpt>
        <trkpt lat="46.0231564566493" lon="6.933418940752745"><ele>1655.4000244140625</ele><time>2024-07-08T12:19:30.000Z</time></trkpt>
        <trkpt lat="46.023131059482694" lon="6.933399997651577"><ele>1655</ele><time>2024-07-08T12:19:33.000Z</time></trkpt>
        <trkpt lat="46.02309367619455" lon="6.933367224410176"><ele>1654.199951171875</ele><time>2024-07-08T12:19:40.000Z</time></trkpt>
        <trkpt lat="46.023081270977855" lon="6.933329589664936"><ele>1652.5999755859375</ele><time>2024-07-08T12:19:44.000Z</time></trkpt>
        <trkpt lat="46.0230459831655" lon="6.933297989889979"><ele>1652</ele><time>2024-07-08T12:19:48.000Z</time></trkpt>
        <trkpt lat="46.0230134613812" lon="6.933272089809179"><ele>1651.5999755859375</ele><time>2024-07-08T12:19:53.000Z</time></trkpt>
        <trkpt lat="46.02294380776584" lon="6.9332075491547585"><ele>1650</ele><time>2024-07-08T12:19:58.000Z</time></trkpt>
        <trkpt lat="46.022894605994225" lon="6.933162789791822"><ele>1649.4000244140625</ele><time>2024-07-08T12:20:04.000Z</time></trkpt>
        <trkpt lat="46.02283710613847" lon="6.9330688286572695"><ele>1646.199951171875</ele><time>2024-07-08T12:20:10.000Z</time></trkpt>
        <trkpt lat="46.02276284247637" lon="6.932939998805523"><ele>1641.4000244140625</ele><time>2024-07-08T12:20:15.000Z</time></trkpt>
        <trkpt lat="46.022751443088055" lon="6.932914601638913"><ele>1640.4000244140625</ele><time>2024-07-08T12:20:17.000Z</time></trkpt>
        <trkpt lat="46.02273618802428" lon="6.932918708771467"><ele>1641.4000244140625</ele><time>2024-07-08T12:20:18.000Z</time></trkpt>
        <trkpt lat="46.022674664855" lon="6.932882079854608"><ele>1641.800048828125</ele><time>2024-07-08T12:20:23.000Z</time></trkpt>
        <trkpt lat="46.022662511095405" lon="6.932832878082991"><ele>1639.199951171875</ele><time>2024-07-08T12:20:27.000Z</time></trkpt>
        <trkpt lat="46.02261532098055" lon="6.932812258601189"><ele>1639.199951171875</ele><time>2024-07-08T12:20:30.000Z</time></trkpt>
        <trkpt lat="46.02256167680025" lon="6.932773115113378"><ele>1637.5999755859375</ele><time>2024-07-08T12:20:37.000Z</time></trkpt>
        <trkpt lat="46.02250065654516" lon="6.932714944705367"><ele>1634.800048828125</ele><time>2024-07-08T12:20:42.000Z</time></trkpt>
        <trkpt lat="46.022460674867034" lon="6.932673957198858"><ele>1633</ele><time>2024-07-08T12:20:47.000Z</time></trkpt>
        <trkpt lat="46.02244575507939" lon="6.932649398222566"><ele>1631.5999755859375</ele><time>2024-07-08T12:20:49.000Z</time></trkpt>
        <trkpt lat="46.02239906787872" lon="6.932621989399195"><ele>1630.5999755859375</ele><time>2024-07-08T12:20:53.000Z</time></trkpt>
        <trkpt lat="46.022354140877724" lon="6.932602794840932"><ele>1630</ele><time>2024-07-08T12:20:58.000Z</time></trkpt>
        <trkpt lat="46.02230133488774" lon="6.932583684101701"><ele>1629.5999755859375</ele><time>2024-07-08T12:21:03.000Z</time></trkpt>
        <trkpt lat="46.02224266156554" lon="6.932557951658964"><ele>1628.800048828125</ele><time>2024-07-08T12:21:09.000Z</time></trkpt>
        <trkpt lat="46.02221801877022" lon="6.932515287771821"><ele>1626</ele><time>2024-07-08T12:21:16.000Z</time></trkpt>
        <trkpt lat="46.02216596715152" lon="6.9324668403714895"><ele>1623.199951171875</ele><time>2024-07-08T12:21:23.000Z</time></trkpt>
        <trkpt lat="46.0220945533365" lon="6.932411435991526"><ele>1620.4000244140625</ele><time>2024-07-08T12:21:29.000Z</time></trkpt>
        <trkpt lat="46.02207686752081" lon="6.932401712983847"><ele>1620</ele><time>2024-07-08T12:21:34.000Z</time></trkpt>
        <trkpt lat="46.0220340359956" lon="6.932353433221579"><ele>1617.4000244140625</ele><time>2024-07-08T12:21:40.000Z</time></trkpt>
        <trkpt lat="46.02196195162833" lon="6.932289898395538"><ele>1616</ele><time>2024-07-08T12:21:49.000Z</time></trkpt>
        <trkpt lat="46.021922305226326" lon="6.932261232286692"><ele>1615.800048828125</ele><time>2024-07-08T12:21:54.000Z</time></trkpt>
        <trkpt lat="46.02188777178526" lon="6.932253520935774"><ele>1616.4000244140625</ele><time>2024-07-08T12:21:56.000Z</time></trkpt>
        <trkpt lat="46.02185323834419" lon="6.932231392711401"><ele>1616.199951171875</ele><time>2024-07-08T12:21:58.000Z</time></trkpt>
        <trkpt lat="46.02182658389211" lon="6.932185124605894"><ele>1614.5999755859375</ele><time>2024-07-08T12:22:02.000Z</time></trkpt>
        <trkpt lat="46.021819207817316" lon="6.932142125442624"><ele>1612.5999755859375</ele><time>2024-07-08T12:22:05.000Z</time></trkpt>
        <trkpt lat="46.02179800160229" lon="6.93206375464797"><ele>1609.800048828125</ele><time>2024-07-08T12:22:10.000Z</time></trkpt>
        <trkpt lat="46.02177721448243" lon="6.932030897587538"><ele>1609.4000244140625</ele><time>2024-07-08T12:22:13.000Z</time></trkpt>
        <trkpt lat="46.02171585895121" lon="6.931965686380863"><ele>1610</ele><time>2024-07-08T12:22:19.000Z</time></trkpt>
        <trkpt lat="46.02167906239629" lon="6.931857895106077"><ele>1607.5999755859375</ele><time>2024-07-08T12:22:29.000Z</time></trkpt>
        <trkpt lat="46.021563140675426" lon="6.931779691949487"><ele>1610.199951171875</ele><time>2024-07-08T12:22:38.000Z</time></trkpt>
        <trkpt lat="46.02153707295656" lon="6.93173442967236"><ele>1609.5999755859375</ele><time>2024-07-08T12:22:44.000Z</time></trkpt>
        <trkpt lat="46.021528355777264" lon="6.931681120768189"><ele>1607.5999755859375</ele><time>2024-07-08T12:22:49.000Z</time></trkpt>
        <trkpt lat="46.02152810432017" lon="6.931631416082382"><ele>1605.4000244140625</ele><time>2024-07-08T12:22:53.000Z</time></trkpt>
        <trkpt lat="46.02152433246374" lon="6.9315803702920675"><ele>1603.4000244140625</ele><time>2024-07-08T12:22:56.000Z</time></trkpt>
        <trkpt lat="46.02149432525039" lon="6.9315132312476635"><ele>1601.4000244140625</ele><time>2024-07-08T12:23:01.000Z</time></trkpt>
        <trkpt lat="46.02148870937526" lon="6.931502753868699"><ele>1601</ele><time>2024-07-08T12:23:02.000Z</time></trkpt>
        <trkpt lat="46.02142517454922" lon="6.931399237364531"><ele>1599.199951171875</ele><time>2024-07-08T12:23:11.000Z</time></trkpt>
        <trkpt lat="46.02136985398829" lon="6.9313418213278055"><ele>1598.5999755859375</ele><time>2024-07-08T12:23:18.000Z</time></trkpt>
        <trkpt lat="46.021360298618674" lon="6.931337965652347"><ele>1598.800048828125</ele><time>2024-07-08T12:23:19.000Z</time></trkpt>
        <trkpt lat="46.021318808197975" lon="6.931276107206941"><ele>1597.5999755859375</ele><time>2024-07-08T12:23:25.000Z</time></trkpt>
        <trkpt lat="46.02126566693187" lon="6.931214248761535"><ele>1597</ele><time>2024-07-08T12:23:33.000Z</time></trkpt>
        <trkpt lat="46.02125049568713" lon="6.931186001747847"><ele>1596.4000244140625</ele><time>2024-07-08T12:23:35.000Z</time></trkpt>
        <trkpt lat="46.021245550364256" lon="6.931155491620302"><ele>1595.4000244140625</ele><time>2024-07-08T12:23:37.000Z</time></trkpt>
        <trkpt lat="46.021236665546894" lon="6.931145433336496"><ele>1595.4000244140625</ele><time>2024-07-08T12:23:38.000Z</time></trkpt>
        <trkpt lat="46.02117036469281" lon="6.931072510778904"><ele>1595.800048828125</ele><time>2024-07-08T12:23:44.000Z</time></trkpt>
        <trkpt lat="46.02112979628146" lon="6.931007131934166"><ele>1595.199951171875</ele><time>2024-07-08T12:23:51.000Z</time></trkpt>
        <trkpt lat="46.02110699750483" lon="6.930988021194935"><ele>1595.5999755859375</ele><time>2024-07-08T12:23:54.000Z</time></trkpt>
        <trkpt lat="46.021058298647404" lon="6.930938567966223"><ele>1596</ele><time>2024-07-08T12:24:02.000Z</time></trkpt>
        <trkpt lat="46.020992835983634" lon="6.930866232141852"><ele>1596.4000244140625</ele><time>2024-07-08T12:24:10.000Z</time></trkpt>
        <trkpt lat="46.020944975316525" lon="6.930775037035346"><ele>1594.5999755859375</ele><time>2024-07-08T12:24:18.000Z</time></trkpt>
        <trkpt lat="46.020935252308846" lon="6.930744191631675"><ele>1593.5999755859375</ele><time>2024-07-08T12:24:20.000Z</time></trkpt>
        <trkpt lat="46.02086274884641" lon="6.930656600743532"><ele>1592.5999755859375</ele><time>2024-07-08T12:24:26.000Z</time></trkpt>
        <trkpt lat="46.02083466947079" lon="6.930583091452718"><ele>1590</ele><time>2024-07-08T12:24:33.000Z</time></trkpt>
        <trkpt lat="46.0208373516798" lon="6.930542103946209"><ele>1587.800048828125</ele><time>2024-07-08T12:24:39.000Z</time></trkpt>
        <trkpt lat="46.020804746076465" lon="6.9304862804710865"><ele>1586.4000244140625</ele><time>2024-07-08T12:24:45.000Z</time></trkpt>
        <trkpt lat="46.02073467336595" lon="6.930408580228686"><ele>1585.4000244140625</ele><time>2024-07-08T12:24:52.000Z</time></trkpt>
        <trkpt lat="46.020714892074466" lon="6.930356360971928"><ele>1584</ele><time>2024-07-08T12:24:54.000Z</time></trkpt>
        <trkpt lat="46.02069460786879" lon="6.93031495437026"><ele>1582.800048828125</ele><time>2024-07-08T12:24:58.000Z</time></trkpt>
        <trkpt lat="46.02067608386278" lon="6.930283606052399"><ele>1582.199951171875</ele><time>2024-07-08T12:25:03.000Z</time></trkpt>
        <trkpt lat="46.02066493593156" lon="6.930257705971599"><ele>1581.4000244140625</ele><time>2024-07-08T12:25:05.000Z</time></trkpt>
        <trkpt lat="46.02063501253724" lon="6.930187549442053"><ele>1579.4000244140625</ele><time>2024-07-08T12:25:11.000Z</time></trkpt>
        <trkpt lat="46.020623026415706" lon="6.9301284570246935"><ele>1577.4000244140625</ele><time>2024-07-08T12:25:18.000Z</time></trkpt>
        <trkpt lat="46.02059184573591" lon="6.93005595356226"><ele>1574.4000244140625</ele><time>2024-07-08T12:25:24.000Z</time></trkpt>
        <trkpt lat="46.020546248182654" lon="6.929968865588307"><ele>1570.800048828125</ele><time>2024-07-08T12:25:30.000Z</time></trkpt>
        <trkpt lat="46.02050157263875" lon="6.929951179772615"><ele>1571</ele><time>2024-07-08T12:25:33.000Z</time></trkpt>
        <trkpt lat="46.02047332562506" lon="6.92992796190083"><ele>1570.4000244140625</ele><time>2024-07-08T12:25:35.000Z</time></trkpt>
        <trkpt lat="46.0204628482461" lon="6.929907593876123"><ele>1569.5999755859375</ele><time>2024-07-08T12:25:36.000Z</time></trkpt>
        <trkpt lat="46.0204263869673" lon="6.929835258051753"><ele>1566.5999755859375</ele><time>2024-07-08T12:25:42.000Z</time></trkpt>
        <trkpt lat="46.02041800506413" lon="6.929805753752589"><ele>1565.199951171875</ele><time>2024-07-08T12:25:44.000Z</time></trkpt>
        <trkpt lat="46.02042085491121" lon="6.9297977071255445"><ele>1564.5999755859375</ele><time>2024-07-08T12:25:45.000Z</time></trkpt>
        <trkpt lat="46.02039210498333" lon="6.929758815094829"><ele>1563.4000244140625</ele><time>2024-07-08T12:25:48.000Z</time></trkpt>
        <trkpt lat="46.02035061456263" lon="6.929668793454766"><ele>1559.800048828125</ele><time>2024-07-08T12:25:56.000Z</time></trkpt>
        <trkpt lat="46.02033452130854" lon="6.929630320519209"><ele>1558.199951171875</ele><time>2024-07-08T12:25:59.000Z</time></trkpt>
        <trkpt lat="46.02029336616397" lon="6.929575335234404"><ele>1556.4000244140625</ele><time>2024-07-08T12:26:02.000Z</time></trkpt>
        <trkpt lat="46.02024064399302" lon="6.929521607235074"><ele>1555</ele><time>2024-07-08T12:26:10.000Z</time></trkpt>
        <trkpt lat="46.02022589184344" lon="6.929523283615708"><ele>1555.4000244140625</ele><time>2024-07-08T12:26:12.000Z</time></trkpt>
        <trkpt lat="46.02020250633359" lon="6.929464442655444"><ele>1553</ele><time>2024-07-08T12:26:16.000Z</time></trkpt>
        <trkpt lat="46.0202070325613" lon="6.929456312209368"><ele>1552.4000244140625</ele><time>2024-07-08T12:26:17.000Z</time></trkpt>
        <trkpt lat="46.020209547132254" lon="6.929442062973976"><ele>1551.5999755859375</ele><time>2024-07-08T12:26:18.000Z</time></trkpt>
        <trkpt lat="46.020219353958964" lon="6.929411720484495"><ele>1549.5999755859375</ele><time>2024-07-08T12:26:21.000Z</time></trkpt>
        <trkpt lat="46.02024743333459" lon="6.92942320369184"><ele>1549.4000244140625</ele><time>2024-07-08T12:26:22.000Z</time></trkpt>
        <trkpt lat="46.02029621601105" lon="6.929440889507532"><ele>1549</ele><time>2024-07-08T12:26:26.000Z</time></trkpt>
        <trkpt lat="46.02040643803775" lon="6.929488582536578"><ele>1548.5999755859375</ele><time>2024-07-08T12:26:33.000Z</time></trkpt>
        <trkpt lat="46.020456813275814" lon="6.92950626835227"><ele>1548.800048828125</ele><time>2024-07-08T12:26:37.000Z</time></trkpt>
        <trkpt lat="46.020472990348935" lon="6.929505681619048"><ele>1548.5999755859375</ele><time>2024-07-08T12:26:39.000Z</time></trkpt>
        <trkpt lat="46.020522778853774" lon="6.92951213568449"><ele>1548.4000244140625</ele><time>2024-07-08T12:26:46.000Z</time></trkpt>
        <trkpt lat="46.02053476497531" lon="6.929515739902854"><ele>1548.4000244140625</ele><time>2024-07-08T12:26:47.000Z</time></trkpt>
        <trkpt lat="46.02065370418131" lon="6.9295488484203815"><ele>1548.800048828125</ele><time>2024-07-08T12:26:57.000Z</time></trkpt>
        <trkpt lat="46.02066384628415" lon="6.929549602791667"><ele>1548.5999755859375</ele><time>2024-07-08T12:26:58.000Z</time></trkpt>
        <trkpt lat="46.02068245410919" lon="6.929546250030398"><ele>1548.4000244140625</ele><time>2024-07-08T12:27:00.000Z</time></trkpt>
        <trkpt lat="46.020706593990326" lon="6.929555386304855"><ele>1548.4000244140625</ele><time>2024-07-08T12:27:03.000Z</time></trkpt>
        <trkpt lat="46.020731907337904" lon="6.929564438760281"><ele>1548</ele><time>2024-07-08T12:27:07.000Z</time></trkpt>
        <trkpt lat="46.020744228735566" lon="6.9295694679021835"><ele>1547.800048828125</ele><time>2024-07-08T12:27:08.000Z</time></trkpt>
        <trkpt lat="46.02075085043907" lon="6.92957273684442"><ele>1547.800048828125</ele><time>2024-07-08T12:27:09.000Z</time></trkpt>
        <trkpt lat="46.02083626203239" lon="6.929591093212366"><ele>1545.800048828125</ele><time>2024-07-08T12:27:18.000Z</time></trkpt>
        <trkpt lat="46.020927960053086" lon="6.929619926959276"><ele>1544</ele><time>2024-07-08T12:27:28.000Z</time></trkpt>
        <trkpt lat="46.020972803235054" lon="6.929687149822712"><ele>1545.5999755859375</ele><time>2024-07-08T12:27:36.000Z</time></trkpt>
        <trkpt lat="46.02101278491318" lon="6.92967876791954"><ele>1543.4000244140625</ele><time>2024-07-08T12:27:41.000Z</time></trkpt>
        <trkpt lat="46.02102284319699" lon="6.929676840081811"><ele>1543</ele><time>2024-07-08T12:27:42.000Z</time></trkpt>
        <trkpt lat="46.02105578407645" lon="6.929685305804014"><ele>1541.800048828125</ele><time>2024-07-08T12:27:44.000Z</time></trkpt>
        <trkpt lat="46.021109176799655" lon="6.929669296368957"><ele>1539</ele><time>2024-07-08T12:27:50.000Z</time></trkpt>
        <trkpt lat="46.02112946100533" lon="6.929664853960276"><ele>1538</ele><time>2024-07-08T12:27:52.000Z</time></trkpt>
        <trkpt lat="46.021160474047065" lon="6.929667452350259"><ele>1536.800048828125</ele><time>2024-07-08T12:27:58.000Z</time></trkpt>
        <trkpt lat="46.02125938050449" lon="6.929672984406352"><ele>1533.199951171875</ele><time>2024-07-08T12:28:06.000Z</time></trkpt>
        <trkpt lat="46.0212794970721" lon="6.92969586700201"><ele>1533.199951171875</ele><time>2024-07-08T12:28:09.000Z</time></trkpt>
        <trkpt lat="46.02136004716158" lon="6.929731070995331"><ele>1531.5999755859375</ele><time>2024-07-08T12:28:16.000Z</time></trkpt>
        <trkpt lat="46.02139097638428" lon="6.929784044623375"><ele>1532.4000244140625</ele><time>2024-07-08T12:28:22.000Z</time></trkpt>
        <trkpt lat="46.02147378958762" lon="6.929831570014358"><ele>1531</ele><time>2024-07-08T12:28:30.000Z</time></trkpt>
        <trkpt lat="46.02159985341132" lon="6.929857637733221"><ele>1525.5999755859375</ele><time>2024-07-08T12:28:40.000Z</time></trkpt>
        <trkpt lat="46.0216455347836" lon="6.929867444559932"><ele>1523</ele><time>2024-07-08T12:28:47.000Z</time></trkpt>
        <trkpt lat="46.02164310403168" lon="6.929840873926878"><ele>1522.199951171875</ele><time>2024-07-08T12:28:52.000Z</time></trkpt>
        <trkpt lat="46.02157219313085" lon="6.929787313565612"><ele>1524.199951171875</ele><time>2024-07-08T12:28:59.000Z</time></trkpt>
        <trkpt lat="46.02152626030147" lon="6.929724030196667"><ele>1523.800048828125</ele><time>2024-07-08T12:29:06.000Z</time></trkpt>
        <trkpt lat="46.02145358920097" lon="6.9296204298734665"><ele>1522.4000244140625</ele><time>2024-07-08T12:29:13.000Z</time></trkpt>
        <trkpt lat="46.021406818181276" lon="6.929552955552936"><ele>1521.199951171875</ele><time>2024-07-08T12:29:20.000Z</time></trkpt>
        <trkpt lat="46.02136197499931" lon="6.929485145956278"><ele>1519</ele><time>2024-07-08T12:29:26.000Z</time></trkpt>
        <trkpt lat="46.021326687186956" lon="6.929412474855781"><ele>1515.800048828125</ele><time>2024-07-08T12:29:34.000Z</time></trkpt>
        <trkpt lat="46.021274300292134" lon="6.929367044940591"><ele>1515.4000244140625</ele><time>2024-07-08T12:29:40.000Z</time></trkpt>
        <trkpt lat="46.021189307793975" lon="6.929294038563967"><ele>1514.800048828125</ele><time>2024-07-08T12:29:47.000Z</time></trkpt>
        <trkpt lat="46.02117723785341" lon="6.929288674145937"><ele>1515.199951171875</ele><time>2024-07-08T12:29:49.000Z</time></trkpt>
        <trkpt lat="46.02112099528313" lon="6.929219355806708"><ele>1514</ele><time>2024-07-08T12:29:55.000Z</time></trkpt>
        <trkpt lat="46.02111428976059" lon="6.929211392998695"><ele>1513.800048828125</ele><time>2024-07-08T12:29:56.000Z</time></trkpt>
        <trkpt lat="46.02107380516827" lon="6.929138218984008"><ele>1511.5999755859375</ele><time>2024-07-08T12:30:03.000Z</time></trkpt>
        <trkpt lat="46.021079840138555" lon="6.929125310853124"><ele>1510.5999755859375</ele><time>2024-07-08T12:30:05.000Z</time></trkpt>
        <trkpt lat="46.02104941383004" lon="6.929092789068818"><ele>1510.199951171875</ele><time>2024-07-08T12:30:09.000Z</time></trkpt>
        <trkpt lat="46.02102443575859" lon="6.929037552326918"><ele>1508.5999755859375</ele><time>2024-07-08T12:30:15.000Z</time></trkpt>
        <trkpt lat="46.02099375799298" lon="6.928981896489859"><ele>1507.4000244140625</ele><time>2024-07-08T12:30:21.000Z</time></trkpt>
        <trkpt lat="46.02093600668013" lon="6.928894389420748"><ele>1506.800048828125</ele><time>2024-07-08T12:30:31.000Z</time></trkpt>
        <trkpt lat="46.020892253145576" lon="6.928820461034775"><ele>1506.199951171875</ele><time>2024-07-08T12:30:38.000Z</time></trkpt>
        <trkpt lat="46.02088420651853" lon="6.928811827674508"><ele>1506.4000244140625</ele><time>2024-07-08T12:30:39.000Z</time></trkpt>
        <trkpt lat="46.02085839025676" lon="6.928758937865496"><ele>1505.5999755859375</ele><time>2024-07-08T12:30:43.000Z</time></trkpt>
        <trkpt lat="46.02082930505276" lon="6.928694229573011"><ele>1504.199951171875</ele><time>2024-07-08T12:30:49.000Z</time></trkpt>
        <trkpt lat="46.02081664837897" lon="6.928631700575352"><ele>1501.5999755859375</ele><time>2024-07-08T12:30:53.000Z</time></trkpt>
        <trkpt lat="46.020809607580304" lon="6.9286061357706785"><ele>1500.5999755859375</ele><time>2024-07-08T12:30:55.000Z</time></trkpt>
        <trkpt lat="46.02078496478498" lon="6.928573530167341"><ele>1500.199951171875</ele><time>2024-07-08T12:30:57.000Z</time></trkpt>
        <trkpt lat="46.02074992842972" lon="6.928524747490883"><ele>1499.4000244140625</ele><time>2024-07-08T12:31:00.000Z</time></trkpt>
        <trkpt lat="46.02072210051119" lon="6.9284772220999"><ele>1498.199951171875</ele><time>2024-07-08T12:31:03.000Z</time></trkpt>
        <trkpt lat="46.02069159038365" lon="6.928432211279869"><ele>1497.199951171875</ele><time>2024-07-08T12:31:06.000Z</time></trkpt>
        <trkpt lat="46.02067197673023" lon="6.928417626768351"><ele>1496.800048828125</ele><time>2024-07-08T12:31:07.000Z</time></trkpt>
        <trkpt lat="46.020611710846424" lon="6.928398180752993"><ele>1496.800048828125</ele><time>2024-07-08T12:31:11.000Z</time></trkpt>
        <trkpt lat="46.02060500532389" lon="6.928391056135297"><ele>1496.5999755859375</ele><time>2024-07-08T12:31:12.000Z</time></trkpt>
        <trkpt lat="46.02059938944876" lon="6.928354594856501"><ele>1494.5999755859375</ele><time>2024-07-08T12:31:15.000Z</time></trkpt>
        <trkpt lat="46.020590756088495" lon="6.928340848535299"><ele>1494</ele><time>2024-07-08T12:31:17.000Z</time></trkpt>
        <trkpt lat="46.02059913799167" lon="6.928306650370359"><ele>1492.4000244140625</ele><time>2024-07-08T12:31:22.000Z</time></trkpt>
        <trkpt lat="46.0205749142915" lon="6.9282768946141005"><ele>1491.4000244140625</ele><time>2024-07-08T12:31:27.000Z</time></trkpt>
        <trkpt lat="46.02056753821671" lon="6.928261974826455"><ele>1490.800048828125</ele><time>2024-07-08T12:31:32.000Z</time></trkpt>
        <trkpt lat="46.02048698812723" lon="6.928227944299579"><ele>1489.800048828125</ele><time>2024-07-08T12:31:39.000Z</time></trkpt>
        <trkpt lat="46.02042093873024" lon="6.928154518827796"><ele>1487</ele><time>2024-07-08T12:31:47.000Z</time></trkpt>
        <trkpt lat="46.02035790681839" lon="6.928042704239488"><ele>1482.800048828125</ele><time>2024-07-08T12:31:56.000Z</time></trkpt>
        <trkpt lat="46.02028079330921" lon="6.927885627374053"><ele>1476.5999755859375</ele><time>2024-07-08T12:32:07.000Z</time></trkpt>
        <trkpt lat="46.020242823287845" lon="6.927754366770387"><ele>1472</ele><time>2024-07-08T12:32:18.000Z</time></trkpt>
        <trkpt lat="46.020194459706545" lon="6.927648587152362"><ele>1468.4000244140625</ele><time>2024-07-08T12:32:28.000Z</time></trkpt>
        <trkpt lat="46.020135870203376" lon="6.927572311833501"><ele>1466.5999755859375</ele><time>2024-07-08T12:32:37.000Z</time></trkpt>
        <trkpt lat="46.02006847970188" lon="6.927494611591101"><ele>1467.199951171875</ele><time>2024-07-08T12:32:44.000Z</time></trkpt>
        <trkpt lat="46.02003880776465" lon="6.927464520558715"><ele>1467.5999755859375</ele><time>2024-07-08T12:32:47.000Z</time></trkpt>
        <trkpt lat="46.02001835592091" lon="6.92744423635304"><ele>1468</ele><time>2024-07-08T12:32:50.000Z</time></trkpt>
        <trkpt lat="46.01999974809587" lon="6.927429903298616"><ele>1468.4000244140625</ele><time>2024-07-08T12:32:53.000Z</time></trkpt>
        <trkpt lat="46.01992548443377" lon="6.927351783961058"><ele>1469.199951171875</ele><time>2024-07-08T12:33:04.000Z</time></trkpt>
        <trkpt lat="46.01987577974796" lon="6.927289171144366"><ele>1469</ele><time>2024-07-08T12:33:13.000Z</time></trkpt>
        <trkpt lat="46.01980620995164" lon="6.92715547978878"><ele>1464</ele><time>2024-07-08T12:33:22.000Z</time></trkpt>
        <trkpt lat="46.0197651386261" lon="6.9270836468786"><ele>1461</ele><time>2024-07-08T12:33:29.000Z</time></trkpt>
        <trkpt lat="46.01968710310757" lon="6.926971664652228"><ele>1457.4000244140625</ele><time>2024-07-08T12:33:38.000Z</time></trkpt>
        <trkpt lat="46.019645277410746" lon="6.92686814814806"><ele>1453.5999755859375</ele><time>2024-07-08T12:33:47.000Z</time></trkpt>
        <trkpt lat="46.019613509997725" lon="6.926801931113005"><ele>1451.4000244140625</ele><time>2024-07-08T12:33:51.000Z</time></trkpt>
        <trkpt lat="46.01956682279706" lon="6.926773935556412"><ele>1451.5999755859375</ele><time>2024-07-08T12:33:55.000Z</time></trkpt>
        <trkpt lat="46.01955274119973" lon="6.926756501197815"><ele>1451.800048828125</ele><time>2024-07-08T12:33:57.000Z</time></trkpt>
        <trkpt lat="46.01950655691326" lon="6.926706125959754"><ele>1452.199951171875</ele><time>2024-07-08T12:34:04.000Z</time></trkpt>
        <trkpt lat="46.01943732239306" lon="6.926597915589809"><ele>1452.199951171875</ele><time>2024-07-08T12:34:13.000Z</time></trkpt>
        <trkpt lat="46.01940446533263" lon="6.926553491503"><ele>1452.199951171875</ele><time>2024-07-08T12:34:17.000Z</time></trkpt>
        <trkpt lat="46.01939390413463" lon="6.926536224782467"><ele>1452.199951171875</ele><time>2024-07-08T12:34:18.000Z</time></trkpt>
        <trkpt lat="46.01933900266886" lon="6.926452489569783"><ele>1452.4000244140625</ele><time>2024-07-08T12:34:24.000Z</time></trkpt>
        <trkpt lat="46.019323244690895" lon="6.926415944471955"><ele>1452.199951171875</ele><time>2024-07-08T12:34:27.000Z</time></trkpt>
        <trkpt lat="46.0193021222949" lon="6.926384009420872"><ele>1452.199951171875</ele><time>2024-07-08T12:34:32.000Z</time></trkpt>
        <trkpt lat="46.019299775362015" lon="6.9263743702322245"><ele>1452</ele><time>2024-07-08T12:34:33.000Z</time></trkpt>
        <trkpt lat="46.01927689276636" lon="6.926314691081643"><ele>1451.199951171875</ele><time>2024-07-08T12:34:38.000Z</time></trkpt>
        <trkpt lat="46.01925224997103" lon="6.9262488931417465"><ele>1450.199951171875</ele><time>2024-07-08T12:34:44.000Z</time></trkpt>
        <trkpt lat="46.019245544448495" lon="6.926228944212198"><ele>1449.800048828125</ele><time>2024-07-08T12:34:49.000Z</time></trkpt>
        <trkpt lat="46.019235821440816" lon="6.926230201497674"><ele>1450.199951171875</ele><time>2024-07-08T12:34:51.000Z</time></trkpt>
        <trkpt lat="46.01921738125384" lon="6.926208743825555"><ele>1450.199951171875</ele><time>2024-07-08T12:34:54.000Z</time></trkpt>
        <trkpt lat="46.0191572830081" lon="6.9261381682008505"><ele>1450.199951171875</ele><time>2024-07-08T12:35:03.000Z</time></trkpt>
        <trkpt lat="46.01912023499608" lon="6.92610346712172"><ele>1450.4000244140625</ele><time>2024-07-08T12:35:07.000Z</time></trkpt>
        <trkpt lat="46.0191070754081" lon="6.926092319190502"><ele>1450.4000244140625</ele><time>2024-07-08T12:35:08.000Z</time></trkpt>
        <trkpt lat="46.019038343802094" lon="6.926035741344094"><ele>1451</ele><time>2024-07-08T12:35:14.000Z</time></trkpt>
        <trkpt lat="46.01902510039508" lon="6.926022497937083"><ele>1450.800048828125</ele><time>2024-07-08T12:35:15.000Z</time></trkpt>
        <trkpt lat="46.01887137629092" lon="6.925884196534753"><ele>1448.800048828125</ele><time>2024-07-08T12:35:25.000Z</time></trkpt>
        <trkpt lat="46.018858551979065" lon="6.9258619006723166"><ele>1448.4000244140625</ele><time>2024-07-08T12:35:27.000Z</time></trkpt>
        <trkpt lat="46.018831226974726" lon="6.925803646445274"><ele>1447.199951171875</ele><time>2024-07-08T12:35:30.000Z</time></trkpt>
        <trkpt lat="46.01884036324918" lon="6.925796270370483"><ele>1447</ele><time>2024-07-08T12:35:31.000Z</time></trkpt>
        <trkpt lat="46.01885251700878" lon="6.925776489078999"><ele>1446.5999755859375</ele><time>2024-07-08T12:35:33.000Z</time></trkpt>
        <trkpt lat="46.01882167160511" lon="6.925754612311721"><ele>1446.199951171875</ele><time>2024-07-08T12:35:37.000Z</time></trkpt>
        <trkpt lat="46.01875721476972" lon="6.925663584843278"><ele>1444.800048828125</ele><time>2024-07-08T12:35:45.000Z</time></trkpt>
        <trkpt lat="46.01872947067022" lon="6.925631817430258"><ele>1444.800048828125</ele><time>2024-07-08T12:35:48.000Z</time></trkpt>
        <trkpt lat="46.01869837380946" lon="6.925596445798874"><ele>1444.800048828125</ele><time>2024-07-08T12:35:51.000Z</time></trkpt>
        <trkpt lat="46.018703151494265" lon="6.925576664507389"><ele>1444.4000244140625</ele><time>2024-07-08T12:35:53.000Z</time></trkpt>
        <trkpt lat="46.01867322809994" lon="6.925532994791865"><ele>1444.199951171875</ele><time>2024-07-08T12:35:54.000Z</time></trkpt>
        <trkpt lat="46.01865897886455" lon="6.925502233207226"><ele>1444</ele><time>2024-07-08T12:35:57.000Z</time></trkpt>
        <trkpt lat="46.01870105601847" lon="6.925490163266659"><ele>1443.199951171875</ele><time>2024-07-08T12:36:01.000Z</time></trkpt>
        <trkpt lat="46.01873776875436" lon="6.925459234043956"><ele>1442.199951171875</ele><time>2024-07-08T12:36:06.000Z</time></trkpt>
        <trkpt lat="46.018734415993094" lon="6.92544573917985"><ele>1442</ele><time>2024-07-08T12:36:07.000Z</time></trkpt>
        <trkpt lat="46.018735421821475" lon="6.925399722531438"><ele>1441.4000244140625</ele><time>2024-07-08T12:36:11.000Z</time></trkpt>
        <trkpt lat="46.01873776875436" lon="6.925388826057315"><ele>1441.199951171875</ele><time>2024-07-08T12:36:12.000Z</time></trkpt>
        <trkpt lat="46.01874380372465" lon="6.925364099442959"><ele>1440.5999755859375</ele><time>2024-07-08T12:36:16.000Z</time></trkpt>
        <trkpt lat="46.01874212734401" lon="6.925353454425931"><ele>1440.4000244140625</ele><time>2024-07-08T12:36:22.000Z</time></trkpt>
        <trkpt lat="46.01872745901346" lon="6.925354544073343"><ele>1440.5999755859375</ele><time>2024-07-08T12:36:29.000Z</time></trkpt>
        <trkpt lat="46.01874782703817" lon="6.925344401970506"><ele>1440.199951171875</ele><time>2024-07-08T12:36:35.000Z</time></trkpt>
        <trkpt lat="46.01876299828291" lon="6.92534607835114"><ele>1440</ele><time>2024-07-08T12:36:55.000Z</time></trkpt>
        <trkpt lat="46.018800381571054" lon="6.925337193533778"><ele>1439</ele><time>2024-07-08T12:37:43.000Z</time></trkpt>
        <trkpt lat="46.0187616571784" lon="6.925310958176851"><ele>1439.4000244140625</ele><time>2024-07-08T12:38:21.000Z</time></trkpt>
        <trkpt lat="46.018759394064546" lon="6.925304755568504"><ele>1439.199951171875</ele><time>2024-07-08T12:38:24.000Z</time></trkpt>
        <trkpt lat="46.01875704713166" lon="6.925296960398555"><ele>1439.199951171875</ele><time>2024-07-08T12:38:26.000Z</time></trkpt>
        <trkpt lat="46.018727626651525" lon="6.9252781849354506"><ele>1439.199951171875</ele><time>2024-07-08T12:38:56.000Z</time></trkpt>
        <trkpt lat="46.018727542832494" lon="6.925278101116419"><ele>1439.199951171875</ele><time>2024-07-08T12:38:58.000Z</time></trkpt>
        <trkpt lat="46.01873793639243" lon="6.925285309553146"><ele>1439.199951171875</ele><time>2024-07-08T12:39:15.000Z</time></trkpt>
        <trkpt lat="46.01874698884785" lon="6.925298888236284"><ele>1439.4000244140625</ele><time>2024-07-08T12:39:23.000Z</time></trkpt>
        <trkpt lat="46.01874698884785" lon="6.925298888236284"><ele>1439.4000244140625</ele><time>2024-07-08T12:39:25.000Z</time></trkpt>
        <trkpt lat="46.01874698884785" lon="6.925298888236284"><ele>1439.4000244140625</ele><time>2024-07-08T12:39:32.000Z</time></trkpt>
        <trkpt lat="46.01873533800244" lon="6.925297966226935"><ele>1439.5999755859375</ele><time>2024-07-08T12:39:59.000Z</time></trkpt>
        <trkpt lat="46.018735840916634" lon="6.925295703113079"><ele>1439.4000244140625</ele><time>2024-07-08T12:40:10.000Z</time></trkpt>
        <trkpt lat="46.018735840916634" lon="6.925295200198889"><ele>1439.4000244140625</ele><time>2024-07-08T12:40:14.000Z</time></trkpt>
        <trkpt lat="46.01873525418341" lon="6.925293020904064"><ele>1439.4000244140625</ele><time>2024-07-08T12:40:20.000Z</time></trkpt>
        <trkpt lat="46.01869703270495" lon="6.925268964841962"><ele>1439.5999755859375</ele><time>2024-07-08T12:40:49.000Z</time></trkpt>
        <trkpt lat="46.01869074627757" lon="6.925268713384867"><ele>1439.5999755859375</ele><time>2024-07-08T12:40:56.000Z</time></trkpt>
        <trkpt lat="46.01869074627757" lon="6.925268713384867"><ele>1439.5999755859375</ele><time>2024-07-08T12:40:59.000Z</time></trkpt>
        <trkpt lat="46.01869166828692" lon="6.925268713384867"><ele>1439.5999755859375</ele><time>2024-07-08T12:41:03.000Z</time></trkpt>
        <trkpt lat="46.01869409903884" lon="6.925265779718757"><ele>1439.5999755859375</ele><time>2024-07-08T12:41:17.000Z</time></trkpt>
        <trkpt lat="46.01869074627757" lon="6.925263265147805"><ele>1439.5999755859375</ele><time>2024-07-08T12:41:23.000Z</time></trkpt>
        <trkpt lat="46.018690411001444" lon="6.925263265147805"><ele>1439.5999755859375</ele><time>2024-07-08T12:41:25.000Z</time></trkpt>
        <trkpt lat="46.01868965663016" lon="6.925263265147805"><ele>1439.5999755859375</ele><time>2024-07-08T12:41:30.000Z</time></trkpt>
        <trkpt lat="46.01867984980345" lon="6.925261840224266"><ele>1439.5999755859375</ele><time>2024-07-08T12:41:53.000Z</time></trkpt>
        <trkpt lat="46.018674820661545" lon="6.925264690071344"><ele>1439.800048828125</ele><time>2024-07-08T12:41:56.000Z</time></trkpt>
        <trkpt lat="46.01867993362248" lon="6.925284219905734"><ele>1440</ele><time>2024-07-08T12:42:01.000Z</time></trkpt>
        <trkpt lat="46.01868337020278" lon="6.925276843830943"><ele>1439.800048828125</ele><time>2024-07-08T12:42:05.000Z</time></trkpt>
        <trkpt lat="46.01868772879243" lon="6.925265779718757"><ele>1439.5999755859375</ele><time>2024-07-08T12:42:10.000Z</time></trkpt>
        <trkpt lat="46.01868772879243" lon="6.925265779718757"><ele>1439.5999755859375</ele><time>2024-07-08T12:42:12.000Z</time></trkpt>
        <trkpt lat="46.01864330470562" lon="6.925228480249643"><ele>1439.5999755859375</ele><time>2024-07-08T12:42:27.000Z</time></trkpt>
        <trkpt lat="46.01860709488392" lon="6.925192689523101"><ele>1439.4000244140625</ele><time>2024-07-08T12:42:35.000Z</time></trkpt>
        <trkpt lat="46.01859871298075" lon="6.925188917666674"><ele>1439.5999755859375</ele><time>2024-07-08T12:42:40.000Z</time></trkpt>
        <trkpt lat="46.01860139518976" lon="6.925191348418593"><ele>1439.5999755859375</ele><time>2024-07-08T12:42:52.000Z</time></trkpt>
        <trkpt lat="46.01860960945487" lon="6.9252184219658375"><ele>1440</ele><time>2024-07-08T12:42:56.000Z</time></trkpt>
        <trkpt lat="46.01861245930195" lon="6.925221187993884"><ele>1440</ele><time>2024-07-08T12:42:57.000Z</time></trkpt>
        <trkpt lat="46.01861606352031" lon="6.925212722271681"><ele>1439.800048828125</ele><time>2024-07-08T12:43:02.000Z</time></trkpt>
        <trkpt lat="46.01861296221614" lon="6.925217919051647"><ele>1439.800048828125</ele><time>2024-07-08T12:43:10.000Z</time></trkpt>
        <trkpt lat="46.0186133813113" lon="6.925217919051647"><ele>1439.800048828125</ele><time>2024-07-08T12:43:15.000Z</time></trkpt>
        <trkpt lat="46.01863802410662" lon="6.925179278478026"><ele>1438.800048828125</ele><time>2024-07-08T12:43:48.000Z</time></trkpt>
        <trkpt lat="46.018606424331665" lon="6.925109876319766"><ele>1438</ele><time>2024-07-08T12:43:51.000Z</time></trkpt>
        <trkpt lat="46.01862670853734" lon="6.925110127776861"><ele>1437.800048828125</ele><time>2024-07-08T12:43:54.000Z</time></trkpt>
        <trkpt lat="46.018616734072566" lon="6.925083389505744"><ele>1437.4000244140625</ele><time>2024-07-08T12:43:58.000Z</time></trkpt>
        <trkpt lat="46.01861740462482" lon="6.925078108906746"><ele>1437.199951171875</ele><time>2024-07-08T12:44:01.000Z</time></trkpt>
        <trkpt lat="46.01862922310829" lon="6.925076432526112"><ele>1437</ele><time>2024-07-08T12:44:13.000Z</time></trkpt>
        <trkpt lat="46.01862947456539" lon="6.925076097249985"><ele>1437</ele><time>2024-07-08T12:44:25.000Z</time></trkpt>
        <trkpt lat="46.018639029935" lon="6.925074839964509"><ele>1436.800048828125</ele><time>2024-07-08T12:44:42.000Z</time></trkpt>
        <trkpt lat="46.01863978430629" lon="6.925074839964509"><ele>1436.800048828125</ele><time>2024-07-08T12:44:45.000Z</time></trkpt>
        <trkpt lat="46.01863978430629" lon="6.925077186897397"><ele>1437</ele><time>2024-07-08T12:44:51.000Z</time></trkpt>
        <trkpt lat="46.01865470409393" lon="6.925063356757164"><ele>1436.4000244140625</ele><time>2024-07-08T12:44:55.000Z</time></trkpt>
        <trkpt lat="46.01869233883917" lon="6.9250470120459795"><ele>1435.5999755859375</ele><time>2024-07-08T12:45:00.000Z</time></trkpt>
        <trkpt lat="46.01868202909827" lon="6.924984902143478"><ele>1434.4000244140625</ele><time>2024-07-08T12:45:04.000Z</time></trkpt>
        <trkpt lat="46.01872670464218" lon="6.92495665512979"><ele>1433</ele><time>2024-07-08T12:45:10.000Z</time></trkpt>
        <trkpt lat="46.01875796914101" lon="6.924963109195232"><ele>1432.5999755859375</ele><time>2024-07-08T12:45:13.000Z</time></trkpt>
        <trkpt lat="46.01876400411129" lon="6.924947686493397"><ele>1432.199951171875</ele><time>2024-07-08T12:45:15.000Z</time></trkpt>
        <trkpt lat="46.01876450702548" lon="6.92493561655283"><ele>1431.800048828125</ele><time>2024-07-08T12:45:16.000Z</time></trkpt>
        <trkpt lat="46.01877171546221" lon="6.924839140847325"><ele>1429.5999755859375</ele><time>2024-07-08T12:45:22.000Z</time></trkpt>
        <trkpt lat="46.01879426278174" lon="6.924799159169197"><ele>1428.4000244140625</ele><time>2024-07-08T12:45:26.000Z</time></trkpt>
        <trkpt lat="46.01882695220411" lon="6.9247569143772125"><ele>1427</ele><time>2024-07-08T12:45:31.000Z</time></trkpt>
        <trkpt lat="46.01882133632898" lon="6.924720369279385"><ele>1426.4000244140625</ele><time>2024-07-08T12:45:35.000Z</time></trkpt>
        <trkpt lat="46.018841871991754" lon="6.924659013748169"><ele>1424.800048828125</ele><time>2024-07-08T12:45:41.000Z</time></trkpt>
        <trkpt lat="46.01890264078975" lon="6.924625905230641"><ele>1423.800048828125</ele><time>2024-07-08T12:45:44.000Z</time></trkpt>
        <trkpt lat="46.01891923695803" lon="6.924632610753179"><ele>1423.800048828125</ele><time>2024-07-08T12:45:49.000Z</time></trkpt>
        <trkpt lat="46.01890825666487" lon="6.924598412588239"><ele>1423.5999755859375</ele><time>2024-07-08T12:45:55.000Z</time></trkpt>
        <trkpt lat="46.01888721808791" lon="6.924499338492751"><ele>1422.5999755859375</ele><time>2024-07-08T12:46:00.000Z</time></trkpt>
        <trkpt lat="46.01885260082781" lon="6.924458853900433"><ele>1422.4000244140625</ele><time>2024-07-08T12:46:07.000Z</time></trkpt>
        <trkpt lat="46.0187981184572" lon="6.9244002643972635"><ele>1422.199951171875</ele><time>2024-07-08T12:46:14.000Z</time></trkpt>
        <trkpt lat="46.01878562942147" lon="6.924324994906783"><ele>1421.199951171875</ele><time>2024-07-08T12:46:21.000Z</time></trkpt>
        <trkpt lat="46.01883893832564" lon="6.924351314082742"><ele>1421</ele><time>2024-07-08T12:46:25.000Z</time></trkpt>
        <trkpt lat="46.01885092444718" lon="6.92435416392982"><ele>1420.800048828125</ele><time>2024-07-08T12:46:29.000Z</time></trkpt>
        <trkpt lat="46.01883625611663" lon="6.924322480335832"><ele>1420.5999755859375</ele><time>2024-07-08T12:46:35.000Z</time></trkpt>
        <trkpt lat="46.01880909875035" lon="6.924233632162213"><ele>1419</ele><time>2024-07-08T12:46:40.000Z</time></trkpt>
        <trkpt lat="46.018814127892256" lon="6.924173450097442"><ele>1417.4000244140625</ele><time>2024-07-08T12:46:45.000Z</time></trkpt>
        <trkpt lat="46.01879853755236" lon="6.924150651320815"><ele>1417</ele><time>2024-07-08T12:46:46.000Z</time></trkpt>
        <trkpt lat="46.018788227811456" lon="6.924123074859381"><ele>1416.4000244140625</ele><time>2024-07-08T12:46:48.000Z</time></trkpt>
        <trkpt lat="46.01879761554301" lon="6.924117123708129"><ele>1416.199951171875</ele><time>2024-07-08T12:46:49.000Z</time></trkpt>
        <trkpt lat="46.01883382536471" lon="6.924119554460049"><ele>1415.800048828125</ele><time>2024-07-08T12:46:52.000Z</time></trkpt>
        <trkpt lat="46.01884271018207" lon="6.924111591652036"><ele>1415.4000244140625</ele><time>2024-07-08T12:46:53.000Z</time></trkpt>
        <trkpt lat="46.018834579735994" lon="6.924061384052038"><ele>1414.199951171875</ele><time>2024-07-08T12:46:56.000Z</time></trkpt>
        <trkpt lat="46.0188515111804" lon="6.923990473151207"><ele>1411.800048828125</ele><time>2024-07-08T12:47:03.000Z</time></trkpt>
        <trkpt lat="46.01886601187289" lon="6.923976391553879"><ele>1411.199951171875</ele><time>2024-07-08T12:47:05.000Z</time></trkpt>
        <trkpt lat="46.01886810734868" lon="6.923965243622661"><ele>1411</ele><time>2024-07-08T12:47:06.000Z</time></trkpt>
        <trkpt lat="46.01887380704284" lon="6.923896847292781"><ele>1409.199951171875</ele><time>2024-07-08T12:47:11.000Z</time></trkpt>
        <trkpt lat="46.018907837569714" lon="6.9238389283418655"><ele>1406.800048828125</ele><time>2024-07-08T12:47:18.000Z</time></trkpt>
        <trkpt lat="46.01892870850861" lon="6.923842951655388"><ele>1406.4000244140625</ele><time>2024-07-08T12:47:19.000Z</time></trkpt>
        <trkpt lat="46.018945556133986" lon="6.923834988847375"><ele>1405.5999755859375</ele><time>2024-07-08T12:47:20.000Z</time></trkpt>
        <trkpt lat="46.01896919310093" lon="6.923781093209982"><ele>1403.4000244140625</ele><time>2024-07-08T12:47:24.000Z</time></trkpt>
        <trkpt lat="46.01900213398039" lon="6.923724599182606"><ele>1400.5999755859375</ele><time>2024-07-08T12:47:30.000Z</time></trkpt>
        <trkpt lat="46.01901043206453" lon="6.923697525635362"><ele>1399.800048828125</ele><time>2024-07-08T12:47:32.000Z</time></trkpt>
        <trkpt lat="46.018998445943" lon="6.923638600856066"><ele>1398.199951171875</ele><time>2024-07-08T12:47:35.000Z</time></trkpt>
        <trkpt lat="46.01901604793966" lon="6.923618232831359"><ele>1397</ele><time>2024-07-08T12:47:37.000Z</time></trkpt>
        <trkpt lat="46.01907287724316" lon="6.923604318872094"><ele>1394.800048828125</ele><time>2024-07-08T12:47:40.000Z</time></trkpt>
        <trkpt lat="46.019121408462524" lon="6.923609599471092"><ele>1393.5999755859375</ele><time>2024-07-08T12:47:47.000Z</time></trkpt>
        <trkpt lat="46.01909911260009" lon="6.92360850982368"><ele>1394.199951171875</ele><time>2024-07-08T12:47:48.000Z</time></trkpt>
        <trkpt lat="46.01905234158039" lon="6.923532988876104"><ele>1393.199951171875</ele><time>2024-07-08T12:47:53.000Z</time></trkpt>
        <trkpt lat="46.019071117043495" lon="6.923428466543555"><ele>1390</ele><time>2024-07-08T12:48:00.000Z</time></trkpt>
        <trkpt lat="46.01909768767655" lon="6.923402147367597"><ele>1389</ele><time>2024-07-08T12:48:03.000Z</time></trkpt>
        <trkpt lat="46.01914269849658" lon="6.923417067155242"><ele>1388.4000244140625</ele><time>2024-07-08T12:48:05.000Z</time></trkpt>
        <trkpt lat="46.01921880617738" lon="6.923413462936878"><ele>1387</ele><time>2024-07-08T12:48:10.000Z</time></trkpt>
        <trkpt lat="46.01923104375601" lon="6.923385467380285"><ele>1386.199951171875</ele><time>2024-07-08T12:48:13.000Z</time></trkpt>
        <trkpt lat="46.01924629881978" lon="6.923372475430369"><ele>1385.5999755859375</ele><time>2024-07-08T12:48:16.000Z</time></trkpt>
        <trkpt lat="46.01926138624549" lon="6.923358477652073"><ele>1385</ele><time>2024-07-08T12:48:20.000Z</time></trkpt>
        <trkpt lat="46.01925987750292" lon="6.923332745209336"><ele>1384.4000244140625</ele><time>2024-07-08T12:48:24.000Z</time></trkpt>
        <trkpt lat="46.01920858025551" lon="6.9232845492661"><ele>1384.4000244140625</ele><time>2024-07-08T12:48:31.000Z</time></trkpt>
        <trkpt lat="46.0192056465894" lon="6.923242723569274"><ele>1383.4000244140625</ele><time>2024-07-08T12:48:34.000Z</time></trkpt>
        <trkpt lat="46.019210424274206" lon="6.923228055238724"><ele>1383</ele><time>2024-07-08T12:48:35.000Z</time></trkpt>
        <trkpt lat="46.01921696215868" lon="6.923214057460427"><ele>1382.4000244140625</ele><time>2024-07-08T12:48:37.000Z</time></trkpt>
        <trkpt lat="46.01926825940609" lon="6.923205424100161"><ele>1380.800048828125</ele><time>2024-07-08T12:48:42.000Z</time></trkpt>
        <trkpt lat="46.01930036209524" lon="6.9232293125241995"><ele>1380.5999755859375</ele><time>2024-07-08T12:48:43.000Z</time></trkpt>
        <trkpt lat="46.019304636865854" lon="6.9232263788580894"><ele>1380.5999755859375</ele><time>2024-07-08T12:48:44.000Z</time></trkpt>
        <trkpt lat="46.019331039860845" lon="6.923239538446069"><ele>1380</ele><time>2024-07-08T12:48:46.000Z</time></trkpt>
        <trkpt lat="46.019339924678206" lon="6.923217996954918"><ele>1379.199951171875</ele><time>2024-07-08T12:48:48.000Z</time></trkpt>
        <trkpt lat="46.01938451640308" lon="6.923213973641396"><ele>1377.5999755859375</ele><time>2024-07-08T12:48:52.000Z</time></trkpt>
        <trkpt lat="46.01944955997169" lon="6.923217745497823"><ele>1375.4000244140625</ele><time>2024-07-08T12:48:59.000Z</time></trkpt>
        <trkpt lat="46.01951519027352" lon="6.923249177634716"><ele>1374.199951171875</ele><time>2024-07-08T12:49:05.000Z</time></trkpt>
        <trkpt lat="46.01953002624214" lon="6.9232546258717775"><ele>1373.800048828125</ele><time>2024-07-08T12:49:07.000Z</time></trkpt>
        <trkpt lat="46.01953849196434" lon="6.923243310302496"><ele>1373</ele><time>2024-07-08T12:49:09.000Z</time></trkpt>
        <trkpt lat="46.01955207064748" lon="6.9232207629829645"><ele>1371.800048828125</ele><time>2024-07-08T12:49:15.000Z</time></trkpt>
        <trkpt lat="46.01962834596634" lon="6.923237945884466"><ele>1369.5999755859375</ele><time>2024-07-08T12:49:22.000Z</time></trkpt>
        <trkpt lat="46.019653072580695" lon="6.9232413824647665"><ele>1368.5999755859375</ele><time>2024-07-08T12:49:27.000Z</time></trkpt>
        <trkpt lat="46.019688695669174" lon="6.9232620857656"><ele>1368</ele><time>2024-07-08T12:49:33.000Z</time></trkpt>
        <trkpt lat="46.01969917304814" lon="6.923252195119858"><ele>1367.5999755859375</ele><time>2024-07-08T12:49:35.000Z</time></trkpt>
        <trkpt lat="46.019728258252144" lon="6.92325035110116"><ele>1366.800048828125</ele><time>2024-07-08T12:49:37.000Z</time></trkpt>
        <trkpt lat="46.01978517137468" lon="6.92325378768146"><ele>1365.5999755859375</ele><time>2024-07-08T12:49:40.000Z</time></trkpt>
        <trkpt lat="46.01980193518102" lon="6.923258900642395"><ele>1365.199951171875</ele><time>2024-07-08T12:49:42.000Z</time></trkpt>
        <trkpt lat="46.01988240145147" lon="6.923297122120857"><ele>1363.5999755859375</ele><time>2024-07-08T12:49:50.000Z</time></trkpt>
        <trkpt lat="46.01989061571658" lon="6.923265773802996"><ele>1362.800048828125</ele><time>2024-07-08T12:49:55.000Z</time></trkpt>
        <trkpt lat="46.019941912963986" lon="6.923253871500492"><ele>1360.4000244140625</ele><time>2024-07-08T12:50:00.000Z</time></trkpt>
        <trkpt lat="46.01994266733527" lon="6.923242304474115"><ele>1360.199951171875</ele><time>2024-07-08T12:50:02.000Z</time></trkpt>
        <trkpt lat="46.01990511640906" lon="6.923175919800997"><ele>1360.5999755859375</ele><time>2024-07-08T12:50:04.000Z</time></trkpt>
        <trkpt lat="46.0198549926281" lon="6.9230687990784645"><ele>1360</ele><time>2024-07-08T12:50:10.000Z</time></trkpt>
        <trkpt lat="46.019871924072504" lon="6.923059159889817"><ele>1359.4000244140625</ele><time>2024-07-08T12:50:12.000Z</time></trkpt>
        <trkpt lat="46.01989363320172" lon="6.923056393861771"><ele>1358.4000244140625</ele><time>2024-07-08T12:50:14.000Z</time></trkpt>
        <trkpt lat="46.01988013833761" lon="6.923029739409685"><ele>1358.4000244140625</ele><time>2024-07-08T12:50:18.000Z</time></trkpt>
        <trkpt lat="46.01983319967985" lon="6.922950949519873"><ele>1358</ele><time>2024-07-08T12:50:24.000Z</time></trkpt>
        <trkpt lat="46.01981651969254" lon="6.922894790768623"><ele>1357.199951171875</ele><time>2024-07-08T12:50:27.000Z</time></trkpt>
        <trkpt lat="46.01982733234763" lon="6.922869142144918"><ele>1356.4000244140625</ele><time>2024-07-08T12:50:29.000Z</time></trkpt>
        <trkpt lat="46.019823057577014" lon="6.922846594825387"><ele>1356</ele><time>2024-07-08T12:50:30.000Z</time></trkpt>
        <trkpt lat="46.01979070343077" lon="6.9227580819278955"><ele>1354.800048828125</ele><time>2024-07-08T12:50:35.000Z</time></trkpt>
        <trkpt lat="46.01979640312493" lon="6.922701168805361"><ele>1353.800048828125</ele><time>2024-07-08T12:50:39.000Z</time></trkpt>
        <trkpt lat="46.019788943231106" lon="6.9226588401943445"><ele>1353.199951171875</ele><time>2024-07-08T12:50:41.000Z</time></trkpt>
        <trkpt lat="46.01976019330323" lon="6.922589186578989"><ele>1352.199951171875</ele><time>2024-07-08T12:50:44.000Z</time></trkpt>
        <trkpt lat="46.0197614505887" lon="6.922575524076819"><ele>1351.800048828125</ele><time>2024-07-08T12:50:45.000Z</time></trkpt>
        <trkpt lat="46.019782572984695" lon="6.922560101374984"><ele>1351</ele><time>2024-07-08T12:50:47.000Z</time></trkpt>
        <trkpt lat="46.01979740895331" lon="6.922532608732581"><ele>1350.199951171875</ele><time>2024-07-08T12:50:49.000Z</time></trkpt>
        <trkpt lat="46.01980579085648" lon="6.922510312870145"><ele>1349.4000244140625</ele><time>2024-07-08T12:50:51.000Z</time></trkpt>
        <trkpt lat="46.01982079446316" lon="6.922502433881164"><ele>1349</ele><time>2024-07-08T12:50:55.000Z</time></trkpt>
        <trkpt lat="46.01981014944613" lon="6.922443509101868"><ele>1347.5999755859375</ele><time>2024-07-08T12:50:58.000Z</time></trkpt>
        <trkpt lat="46.019797157496214" lon="6.922411322593689"><ele>1347</ele><time>2024-07-08T12:50:59.000Z</time></trkpt>
        <trkpt lat="46.01978508755565" lon="6.922369915992022"><ele>1346.199951171875</ele><time>2024-07-08T12:51:02.000Z</time></trkpt>
        <trkpt lat="46.01976798847318" lon="6.922308057546616"><ele>1345</ele><time>2024-07-08T12:51:07.000Z</time></trkpt>
        <trkpt lat="46.01974317803979" lon="6.922216527163982"><ele>1343.199951171875</ele><time>2024-07-08T12:51:15.000Z</time></trkpt>
        <trkpt lat="46.01972968317568" lon="6.922177467495203"><ele>1342.5999755859375</ele><time>2024-07-08T12:51:17.000Z</time></trkpt>
        <trkpt lat="46.01971778087318" lon="6.922150393947959"><ele>1342.4000244140625</ele><time>2024-07-08T12:51:20.000Z</time></trkpt>
        <trkpt lat="46.019712164998055" lon="6.922142012044787"><ele>1342.199951171875</ele><time>2024-07-08T12:51:21.000Z</time></trkpt>
        <trkpt lat="46.01970939897001" lon="6.922128349542618"><ele>1342</ele><time>2024-07-08T12:51:24.000Z</time></trkpt>
        <trkpt lat="46.01966103538871" lon="6.922035058960319"><ele>1341.199951171875</ele><time>2024-07-08T12:51:30.000Z</time></trkpt>
        <trkpt lat="46.01964804343879" lon="6.921985186636448"><ele>1341</ele><time>2024-07-08T12:51:33.000Z</time></trkpt>
        <trkpt lat="46.0196581017226" lon="6.921924166381359"><ele>1340.5999755859375</ele><time>2024-07-08T12:51:37.000Z</time></trkpt>
        <trkpt lat="46.01965826936066" lon="6.921904971823096"><ele>1340.4000244140625</ele><time>2024-07-08T12:51:38.000Z</time></trkpt>
        <trkpt lat="46.019651144742966" lon="6.9218371622264385"><ele>1340</ele><time>2024-07-08T12:51:44.000Z</time></trkpt>
        <trkpt lat="46.019644774496555" lon="6.921830540522933"><ele>1340</ele><time>2024-07-08T12:51:51.000Z</time></trkpt>
        <trkpt lat="46.019629100337625" lon="6.921794498339295"><ele>1339.5999755859375</ele><time>2024-07-08T12:52:01.000Z</time></trkpt>
        <trkpt lat="46.01956623606384" lon="6.921688048169017"><ele>1340.4000244140625</ele><time>2024-07-08T12:52:09.000Z</time></trkpt>
        <trkpt lat="46.019518626853824" lon="6.921624010428786"><ele>1341</ele><time>2024-07-08T12:52:16.000Z</time></trkpt>
        <trkpt lat="46.019502030685544" lon="6.921594673767686"><ele>1341.199951171875</ele><time>2024-07-08T12:52:21.000Z</time></trkpt>
        <trkpt lat="46.01945475675166" lon="6.921561062335968"><ele>1342</ele><time>2024-07-08T12:52:28.000Z</time></trkpt>
        <trkpt lat="46.019373117014766" lon="6.9214696157723665"><ele>1343.199951171875</ele><time>2024-07-08T12:52:36.000Z</time></trkpt>
        <trkpt lat="46.01927211508155" lon="6.921349503099918"><ele>1344.5999755859375</ele><time>2024-07-08T12:52:46.000Z</time></trkpt>
        <trkpt lat="46.01917589083314" lon="6.921256883069873"><ele>1346</ele><time>2024-07-08T12:52:55.000Z</time></trkpt>
        <trkpt lat="46.01909073069692" lon="6.921170884743333"><ele>1346.5999755859375</ele><time>2024-07-08T12:53:04.000Z</time></trkpt>
        <trkpt lat="46.01903113536537" lon="6.921115228906274"><ele>1346.800048828125</ele><time>2024-07-08T12:53:09.000Z</time></trkpt>
        <trkpt lat="46.018971372395754" lon="6.92103048786521"><ele>1346.4000244140625</ele><time>2024-07-08T12:53:16.000Z</time></trkpt>
        <trkpt lat="46.018945053219795" lon="6.921000564470887"><ele>1346.199951171875</ele><time>2024-07-08T12:53:19.000Z</time></trkpt>
        <trkpt lat="46.01887380704284" lon="6.920991009101272"><ele>1346.5999755859375</ele><time>2024-07-08T12:53:26.000Z</time></trkpt>
        <trkpt lat="46.01886408403516" lon="6.920998301357031"><ele>1346.800048828125</ele><time>2024-07-08T12:53:27.000Z</time></trkpt>
        <trkpt lat="46.0188533551991" lon="6.921001486480236"><ele>1346.800048828125</ele><time>2024-07-08T12:53:28.000Z</time></trkpt>
        <trkpt lat="46.018812200054526" lon="6.92099679261446"><ele>1347</ele><time>2024-07-08T12:53:32.000Z</time></trkpt>
        <trkpt lat="46.01879619061947" lon="6.920985477045178"><ele>1347</ele><time>2024-07-08T12:53:34.000Z</time></trkpt>
        <trkpt lat="46.01870449259877" lon="6.920901322737336"><ele>1347</ele><time>2024-07-08T12:53:43.000Z</time></trkpt>
        <trkpt lat="46.018658224493265" lon="6.920910039916635"><ele>1347.5999755859375</ele><time>2024-07-08T12:53:47.000Z</time></trkpt>
        <trkpt lat="46.01864514872432" lon="6.920899227261543"><ele>1347.5999755859375</ele><time>2024-07-08T12:53:49.000Z</time></trkpt>
        <trkpt lat="46.01863534189761" lon="6.920897467061877"><ele>1347.800048828125</ele><time>2024-07-08T12:53:50.000Z</time></trkpt>
        <trkpt lat="46.018571220338345" lon="6.920879948884249"><ele>1348.199951171875</ele><time>2024-07-08T12:53:55.000Z</time></trkpt>
        <trkpt lat="46.018494945019484" lon="6.920844577252865"><ele>1348.5999755859375</ele><time>2024-07-08T12:54:01.000Z</time></trkpt>
        <trkpt lat="46.01840970106423" lon="6.92083845846355"><ele>1349.800048828125</ele><time>2024-07-08T12:54:09.000Z</time></trkpt>
        <trkpt lat="46.018378688022494" lon="6.920864190906286"><ele>1350.5999755859375</ele><time>2024-07-08T12:54:15.000Z</time></trkpt>
        <trkpt lat="46.01829922758043" lon="6.920894030481577"><ele>1353.199951171875</ele><time>2024-07-08T12:54:22.000Z</time></trkpt>
        <trkpt lat="46.01823829114437" lon="6.920890174806118"><ele>1354.800048828125</ele><time>2024-07-08T12:54:29.000Z</time></trkpt>
        <trkpt lat="46.018200404942036" lon="6.920934850350022"><ele>1356.5999755859375</ele><time>2024-07-08T12:54:35.000Z</time></trkpt>
        <trkpt lat="46.018186155706644" lon="6.920954044908285"><ele>1357.199951171875</ele><time>2024-07-08T12:54:38.000Z</time></trkpt>
        <trkpt lat="46.0181675478816" lon="6.920955134555697"><ele>1357.4000244140625</ele><time>2024-07-08T12:54:40.000Z</time></trkpt>
        <trkpt lat="46.01813611574471" lon="6.920948680490255"><ele>1357.5999755859375</ele><time>2024-07-08T12:54:42.000Z</time></trkpt>
        <trkpt lat="46.01809948682785" lon="6.920944070443511"><ele>1358</ele><time>2024-07-08T12:54:46.000Z</time></trkpt>
        <trkpt lat="46.01795204915106" lon="6.920932000502944"><ele>1359.199951171875</ele><time>2024-07-08T12:54:55.000Z</time></trkpt>
        <trkpt lat="46.01790980435908" lon="6.920924121513963"><ele>1359.199951171875</ele><time>2024-07-08T12:54:58.000Z</time></trkpt>
        <trkpt lat="46.01787669584155" lon="6.92092252895236"><ele>1359.4000244140625</ele><time>2024-07-08T12:55:00.000Z</time></trkpt>
        <trkpt lat="46.01785968057811" lon="6.920918924733996"><ele>1359.199951171875</ele><time>2024-07-08T12:55:01.000Z</time></trkpt>
        <trkpt lat="46.017822213470936" lon="6.92093719728291"><ele>1359.5999755859375</ele><time>2024-07-08T12:55:05.000Z</time></trkpt>
        <trkpt lat="46.01780637167394" lon="6.920958403497934"><ele>1360.199951171875</ele><time>2024-07-08T12:55:07.000Z</time></trkpt>
        <trkpt lat="46.017784578725696" lon="6.920995702967048"><ele>1361.4000244140625</ele><time>2024-07-08T12:55:13.000Z</time></trkpt>
        <trkpt lat="46.017776280641556" lon="6.921004168689251"><ele>1361.5999755859375</ele><time>2024-07-08T12:55:14.000Z</time></trkpt>
        <trkpt lat="46.01777552627027" lon="6.92101045511663"><ele>1361.800048828125</ele><time>2024-07-08T12:55:15.000Z</time></trkpt>
        <trkpt lat="46.01772716268897" lon="6.920981789007783"><ele>1361</ele><time>2024-07-08T12:55:19.000Z</time></trkpt>
        <trkpt lat="46.01762272417545" lon="6.920979442074895"><ele>1360.800048828125</ele><time>2024-07-08T12:55:25.000Z</time></trkpt>
        <trkpt lat="46.017542257905006" lon="6.920976592227817"><ele>1360.5999755859375</ele><time>2024-07-08T12:55:30.000Z</time></trkpt>
        <trkpt lat="46.01748970337212" lon="6.920976843684912"><ele>1360.5999755859375</ele><time>2024-07-08T12:55:33.000Z</time></trkpt>
        <trkpt lat="46.017401944845915" lon="6.9209689646959305"><ele>1360.4000244140625</ele><time>2024-07-08T12:55:40.000Z</time></trkpt>
        <trkpt lat="46.01735190488398" lon="6.92094448953867"><ele>1360</ele><time>2024-07-08T12:55:44.000Z</time></trkpt>
        <trkpt lat="46.01730546914041" lon="6.9209014903754"><ele>1359.5999755859375</ele><time>2024-07-08T12:55:48.000Z</time></trkpt>
        <trkpt lat="46.01730261929333" lon="6.920899813994765"><ele>1359.5999755859375</ele><time>2024-07-08T12:55:49.000Z</time></trkpt>
        <trkpt lat="46.017208909615874" lon="6.920939711853862"><ele>1360.4000244140625</ele><time>2024-07-08T12:55:55.000Z</time></trkpt>
        <trkpt lat="46.0171939060092" lon="6.920948764309287"><ele>1360.5999755859375</ele><time>2024-07-08T12:55:57.000Z</time></trkpt>
        <trkpt lat="46.01717823185027" lon="6.920971060171723"><ele>1361</ele><time>2024-07-08T12:55:59.000Z</time></trkpt>
        <trkpt lat="46.01715652272105" lon="6.920967036858201"><ele>1361</ele><time>2024-07-08T12:56:01.000Z</time></trkpt>
        <trkpt lat="46.01711880415678" lon="6.920947842299938"><ele>1360.800048828125</ele><time>2024-07-08T12:56:04.000Z</time></trkpt>
        <trkpt lat="46.017099022865295" lon="6.920937532559037"><ele>1360.800048828125</ele><time>2024-07-08T12:56:06.000Z</time></trkpt>
        <trkpt lat="46.017067674547434" lon="6.920945327728987"><ele>1361.199951171875</ele><time>2024-07-08T12:56:12.000Z</time></trkpt>
        <trkpt lat="46.01706658490002" lon="6.920951111242175"><ele>1361.199951171875</ele><time>2024-07-08T12:56:13.000Z</time></trkpt>
        <trkpt lat="46.01704487577081" lon="6.920949686318636"><ele>1361.4000244140625</ele><time>2024-07-08T12:56:17.000Z</time></trkpt>
        <trkpt lat="46.01700397208333" lon="6.920916913077235"><ele>1361.4000244140625</ele><time>2024-07-08T12:56:20.000Z</time></trkpt>
        <trkpt lat="46.016971450299025" lon="6.920908363536"><ele>1361.5999755859375</ele><time>2024-07-08T12:56:22.000Z</time></trkpt>
        <trkpt lat="46.016912776976824" lon="6.920859580859542"><ele>1361.199951171875</ele><time>2024-07-08T12:56:28.000Z</time></trkpt>
        <trkpt lat="46.01690246723592" lon="6.920855892822146"><ele>1361.4000244140625</ele><time>2024-07-08T12:56:29.000Z</time></trkpt>
        <trkpt lat="46.016822420060635" lon="6.920814318582416"><ele>1361.4000244140625</ele><time>2024-07-08T12:56:37.000Z</time></trkpt>
        <trkpt lat="46.01672602817416" lon="6.920709880068898"><ele>1360.199951171875</ele><time>2024-07-08T12:56:46.000Z</time></trkpt>
        <trkpt lat="46.016686130315065" lon="6.920676100999117"><ele>1360</ele><time>2024-07-08T12:56:50.000Z</time></trkpt>
        <trkpt lat="46.01666861213744" lon="6.920668389648199"><ele>1360</ele><time>2024-07-08T12:56:52.000Z</time></trkpt>
        <trkpt lat="46.0166344139725" lon="6.920674508437514"><ele>1360.4000244140625</ele><time>2024-07-08T12:56:56.000Z</time></trkpt>
        <trkpt lat="46.016617231070995" lon="6.920697810128331"><ele>1360.800048828125</ele><time>2024-07-08T12:57:02.000Z</time></trkpt>
        <trkpt lat="46.01657138206065" lon="6.9207212794572115"><ele>1361.5999755859375</ele><time>2024-07-08T12:57:08.000Z</time></trkpt>
        <trkpt lat="46.016535591334105" lon="6.920780874788761"><ele>1363</ele><time>2024-07-08T12:57:14.000Z</time></trkpt>
        <trkpt lat="46.01653039455414" lon="6.9207895919680595"><ele>1363.199951171875</ele><time>2024-07-08T12:57:15.000Z</time></trkpt>
        <trkpt lat="46.016460908576846" lon="6.920799985527992"><ele>1363.800048828125</ele><time>2024-07-08T12:57:21.000Z</time></trkpt>
        <trkpt lat="46.016376754269004" lon="6.920768888667226"><ele>1363.800048828125</ele><time>2024-07-08T12:57:26.000Z</time></trkpt>
        <trkpt lat="46.016301065683365" lon="6.920811636373401"><ele>1365.800048828125</ele><time>2024-07-08T12:57:33.000Z</time></trkpt>
        <trkpt lat="46.01622168906033" lon="6.920846169814467"><ele>1367.4000244140625</ele><time>2024-07-08T12:57:39.000Z</time></trkpt>
        <trkpt lat="46.016145665198565" lon="6.920877601951361"><ele>1368.4000244140625</ele><time>2024-07-08T12:57:44.000Z</time></trkpt>
        <trkpt lat="46.01611909456551" lon="6.920909285545349"><ele>1369.199951171875</ele><time>2024-07-08T12:57:48.000Z</time></trkpt>
        <trkpt lat="46.016095289960504" lon="6.920935353264213"><ele>1369.5999755859375</ele><time>2024-07-08T12:57:51.000Z</time></trkpt>
        <trkpt lat="46.016024462878704" lon="6.9209913443773985"><ele>1370.800048828125</ele><time>2024-07-08T12:57:57.000Z</time></trkpt>
        <trkpt lat="46.01598372682929" lon="6.921032248064876"><ele>1371.800048828125</ele><time>2024-07-08T12:58:02.000Z</time></trkpt>
        <trkpt lat="46.01593377068639" lon="6.921058818697929"><ele>1371.800048828125</ele><time>2024-07-08T12:58:08.000Z</time></trkpt>
        <trkpt lat="46.01592555642128" lon="6.921065775677562"><ele>1372</ele><time>2024-07-08T12:58:09.000Z</time></trkpt>
        <trkpt lat="46.015903847292066" lon="6.9210814498364925"><ele>1372</ele><time>2024-07-08T12:58:12.000Z</time></trkpt>
        <trkpt lat="46.01587928831577" lon="6.921103745698929"><ele>1372.199951171875</ele><time>2024-07-08T12:58:15.000Z</time></trkpt>
        <trkpt lat="46.015811981633306" lon="6.921160072088242"><ele>1372</ele><time>2024-07-08T12:58:21.000Z</time></trkpt>
        <trkpt lat="46.01575255393982" lon="6.921226792037487"><ele>1372</ele><time>2024-07-08T12:58:28.000Z</time></trkpt>
        <trkpt lat="46.015688348561525" lon="6.92135838791728"><ele>1372.5999755859375</ele><time>2024-07-08T12:58:37.000Z</time></trkpt>
        <trkpt lat="46.01562850177288" lon="6.921413037925959"><ele>1372.4000244140625</ele><time>2024-07-08T12:58:43.000Z</time></trkpt>
        <trkpt lat="46.01561056450009" lon="6.921434411779046"><ele>1372.5999755859375</ele><time>2024-07-08T12:58:46.000Z</time></trkpt>
        <trkpt lat="46.0156031884253" lon="6.9214386865496635"><ele>1372.5999755859375</ele><time>2024-07-08T12:58:47.000Z</time></trkpt>
        <trkpt lat="46.015525152906775" lon="6.921481601893902"><ele>1372.5999755859375</ele><time>2024-07-08T12:58:55.000Z</time></trkpt>
        <trkpt lat="46.01551911793649" lon="6.921498868614435"><ele>1373</ele><time>2024-07-08T12:58:56.000Z</time></trkpt>
        <trkpt lat="46.015489026904106" lon="6.921540442854166"><ele>1373.4000244140625</ele><time>2024-07-08T12:59:00.000Z</time></trkpt>
        <trkpt lat="46.015462623909116" lon="6.921566762030125"><ele>1373.4000244140625</ele><time>2024-07-08T12:59:04.000Z</time></trkpt>
        <trkpt lat="46.0154580976814" lon="6.92159584723413"><ele>1373.800048828125</ele><time>2024-07-08T12:59:06.000Z</time></trkpt>
        <trkpt lat="46.015430605039" lon="6.9216089230030775"><ele>1373.5999755859375</ele><time>2024-07-08T12:59:09.000Z</time></trkpt>
        <trkpt lat="46.01540361531079" lon="6.921612862497568"><ele>1373.199951171875</ele><time>2024-07-08T12:59:11.000Z</time></trkpt>
        <trkpt lat="46.015386348590255" lon="6.92163054831326"><ele>1373.199951171875</ele><time>2024-07-08T12:59:13.000Z</time></trkpt>
        <trkpt lat="46.01537151262164" lon="6.921631554141641"><ele>1373</ele><time>2024-07-08T12:59:14.000Z</time></trkpt>
        <trkpt lat="46.01534452289343" lon="6.921635242179036"><ele>1372.800048828125</ele><time>2024-07-08T12:59:16.000Z</time></trkpt>
        <trkpt lat="46.01532272994518" lon="6.921669775620103"><ele>1373</ele><time>2024-07-08T12:59:19.000Z</time></trkpt>
        <trkpt lat="46.015311582013965" lon="6.921681175008416"><ele>1373</ele><time>2024-07-08T12:59:20.000Z</time></trkpt>
        <trkpt lat="46.01527964696288" lon="6.921758456155658"><ele>1374</ele><time>2024-07-08T12:59:26.000Z</time></trkpt>
        <trkpt lat="46.01526246406138" lon="6.921782931312919"><ele>1374.199951171875</ele><time>2024-07-08T12:59:28.000Z</time></trkpt>
        <trkpt lat="46.01521803997457" lon="6.921808579936624"><ele>1374.199951171875</ele><time>2024-07-08T12:59:33.000Z</time></trkpt>
        <trkpt lat="46.015134220942855" lon="6.921852249652147"><ele>1373.800048828125</ele><time>2024-07-08T12:59:40.000Z</time></trkpt>
        <trkpt lat="46.015093149617314" lon="6.921922322362661"><ele>1374.4000244140625</ele><time>2024-07-08T12:59:46.000Z</time></trkpt>
        <trkpt lat="46.01500648073852" lon="6.92197747528553"><ele>1374.5999755859375</ele><time>2024-07-08T12:59:54.000Z</time></trkpt>
        <trkpt lat="46.01495769806206" lon="6.921994239091873"><ele>1374.800048828125</ele><time>2024-07-08T12:59:58.000Z</time></trkpt>
        <trkpt lat="46.01493741385639" lon="6.921996250748634"><ele>1374.800048828125</ele><time>2024-07-08T12:59:59.000Z</time></trkpt>
        <trkpt lat="46.0149144474417" lon="6.92200337536633"><ele>1375</ele><time>2024-07-08T13:00:01.000Z</time></trkpt>
        <trkpt lat="46.01482325233519" lon="6.921996753662825"><ele>1375.199951171875</ele><time>2024-07-08T13:00:09.000Z</time></trkpt>
        <trkpt lat="46.014737505465746" lon="6.9219941552728415"><ele>1376.4000244140625</ele><time>2024-07-08T13:00:15.000Z</time></trkpt>
        <trkpt lat="46.01469190791249" lon="6.921984516084194"><ele>1376.800048828125</ele><time>2024-07-08T13:00:19.000Z</time></trkpt>
        <trkpt lat="46.01467187516391" lon="6.921986863017082"><ele>1377.199951171875</ele><time>2024-07-08T13:00:21.000Z</time></trkpt>
        <trkpt lat="46.01462443359196" lon="6.92200094461441"><ele>1378.199951171875</ele><time>2024-07-08T13:00:26.000Z</time></trkpt>
        <trkpt lat="46.01449971087277" lon="6.921980157494545"><ele>1378</ele><time>2024-07-08T13:00:36.000Z</time></trkpt>
        <trkpt lat="46.01448956876993" lon="6.921985689550638"><ele>1378</ele><time>2024-07-08T13:00:37.000Z</time></trkpt>
        <trkpt lat="46.01446651853621" lon="6.922004213556647"><ele>1378</ele><time>2024-07-08T13:00:40.000Z</time></trkpt>
        <trkpt lat="46.01441673003137" lon="6.922018714249134"><ele>1378</ele><time>2024-07-08T13:00:45.000Z</time></trkpt>
        <trkpt lat="46.01426308974624" lon="6.922022737562656"><ele>1377</ele><time>2024-07-08T13:00:57.000Z</time></trkpt>
        <trkpt lat="46.014160914346576" lon="6.922054253518581"><ele>1375.800048828125</ele><time>2024-07-08T13:01:06.000Z</time></trkpt>
        <trkpt lat="46.01410768926144" lon="6.9221037067472935"><ele>1375.5999755859375</ele><time>2024-07-08T13:01:12.000Z</time></trkpt>
        <trkpt lat="46.014085561037064" lon="6.922134133055806"><ele>1376</ele><time>2024-07-08T13:01:15.000Z</time></trkpt>
        <trkpt lat="46.01407910697162" lon="6.92214067094028"><ele>1376.199951171875</ele><time>2024-07-08T13:01:16.000Z</time></trkpt>
        <trkpt lat="46.014028480276465" lon="6.922217700630426"><ele>1378</ele><time>2024-07-08T13:01:22.000Z</time></trkpt>
        <trkpt lat="46.01397533901036" lon="6.922298837453127"><ele>1380.4000244140625</ele><time>2024-07-08T13:01:30.000Z</time></trkpt>
        <trkpt lat="46.01395539008081" lon="6.922316187992692"><ele>1380.4000244140625</ele><time>2024-07-08T13:01:32.000Z</time></trkpt>
        <trkpt lat="46.013943906873465" lon="6.9223257433623075"><ele>1380.5999755859375</ele><time>2024-07-08T13:01:33.000Z</time></trkpt>
        <trkpt lat="46.0139299929142" lon="6.922333287075162"><ele>1380.5999755859375</ele><time>2024-07-08T13:01:34.000Z</time></trkpt>
        <trkpt lat="46.01388950832188" lon="6.922354996204376"><ele>1380.800048828125</ele><time>2024-07-08T13:01:38.000Z</time></trkpt>
        <trkpt lat="46.01387785747647" lon="6.922364132478833"><ele>1381</ele><time>2024-07-08T13:01:39.000Z</time></trkpt>
        <trkpt lat="46.0138108022511" lon="6.922420375049114"><ele>1382.199951171875</ele><time>2024-07-08T13:01:46.000Z</time></trkpt>
        <trkpt lat="46.013801749795675" lon="6.922425488010049"><ele>1382.4000244140625</ele><time>2024-07-08T13:01:47.000Z</time></trkpt>
        <trkpt lat="46.013792948797345" lon="6.922432528808713"><ele>1382.4000244140625</ele><time>2024-07-08T13:01:48.000Z</time></trkpt>
        <trkpt lat="46.01376143284142" lon="6.922445269301534"><ele>1382.5999755859375</ele><time>2024-07-08T13:01:51.000Z</time></trkpt>
        <trkpt lat="46.013741819188" lon="6.922457674518228"><ele>1383</ele><time>2024-07-08T13:01:53.000Z</time></trkpt>
        <trkpt lat="46.013720110058784" lon="6.922465385869145"><ele>1383.199951171875</ele><time>2024-07-08T13:01:55.000Z</time></trkpt>
        <trkpt lat="46.01370912976563" lon="6.922468906268477"><ele>1383.4000244140625</ele><time>2024-07-08T13:01:56.000Z</time></trkpt>
        <trkpt lat="46.013698652386665" lon="6.922470331192017"><ele>1383.4000244140625</ele><time>2024-07-08T13:01:57.000Z</time></trkpt>
        <trkpt lat="46.01369203068316" lon="6.922480054199696"><ele>1383.800048828125</ele><time>2024-07-08T13:01:58.000Z</time></trkpt>
        <trkpt lat="46.01363746449351" lon="6.922521041706204"><ele>1384.800048828125</ele><time>2024-07-08T13:02:04.000Z</time></trkpt>
        <trkpt lat="46.01353310979903" lon="6.9225796312093735"><ele>1384.800048828125</ele><time>2024-07-08T13:02:15.000Z</time></trkpt>
        <trkpt lat="46.01351408287883" lon="6.922598658129573"><ele>1385</ele><time>2024-07-08T13:02:17.000Z</time></trkpt>
        <trkpt lat="46.01349715143442" lon="6.922621792182326"><ele>1385.199951171875</ele><time>2024-07-08T13:02:19.000Z</time></trkpt>
        <trkpt lat="46.013414254412055" lon="6.922661606222391"><ele>1385.199951171875</ele><time>2024-07-08T13:02:26.000Z</time></trkpt>
        <trkpt lat="46.01331761106849" lon="6.92272019572556"><ele>1385.199951171875</ele><time>2024-07-08T13:02:35.000Z</time></trkpt>
        <trkpt lat="46.013249047100544" lon="6.922771912068129"><ele>1385.4000244140625</ele><time>2024-07-08T13:02:42.000Z</time></trkpt>
        <trkpt lat="46.01322281174362" lon="6.922792950645089"><ele>1385.4000244140625</ele><time>2024-07-08T13:02:45.000Z</time></trkpt>
        <trkpt lat="46.01320738904178" lon="6.92279152572155"><ele>1385.199951171875</ele><time>2024-07-08T13:02:46.000Z</time></trkpt>
        <trkpt lat="46.01317595690489" lon="6.922807786613703"><ele>1385.5999755859375</ele><time>2024-07-08T13:02:49.000Z</time></trkpt>
        <trkpt lat="46.013170005753636" lon="6.92281792871654"><ele>1385.800048828125</ele><time>2024-07-08T13:02:50.000Z</time></trkpt>
        <trkpt lat="46.01307210512459" lon="6.922857239842415"><ele>1386</ele><time>2024-07-08T13:02:58.000Z</time></trkpt>
        <trkpt lat="46.01295760832727" lon="6.922916667535901"><ele>1385.5999755859375</ele><time>2024-07-08T13:03:09.000Z</time></trkpt>
        <trkpt lat="46.01291796192527" lon="6.922935526818037"><ele>1386</ele><time>2024-07-08T13:03:13.000Z</time></trkpt>
        <trkpt lat="46.01287521421909" lon="6.922958912327886"><ele>1387</ele><time>2024-07-08T13:03:17.000Z</time></trkpt>
        <trkpt lat="46.01282953284681" lon="6.923096375539899"><ele>1390.800048828125</ele><time>2024-07-08T13:03:26.000Z</time></trkpt>
        <trkpt lat="46.01281989365816" lon="6.923120263963938"><ele>1391.199951171875</ele><time>2024-07-08T13:03:28.000Z</time></trkpt>
        <trkpt lat="46.01280623115599" lon="6.923177428543568"><ele>1392.199951171875</ele><time>2024-07-08T13:03:32.000Z</time></trkpt>
        <trkpt lat="46.012789802625775" lon="6.923217074945569"><ele>1393.199951171875</ele><time>2024-07-08T13:03:35.000Z</time></trkpt>
        <trkpt lat="46.01278502494097" lon="6.923227468505502"><ele>1393.5999755859375</ele><time>2024-07-08T13:03:36.000Z</time></trkpt>
        <trkpt lat="46.01276985369623" lon="6.923294859007001"><ele>1395.5999755859375</ele><time>2024-07-08T13:03:41.000Z</time></trkpt>
        <trkpt lat="46.01276591420174" lon="6.923309275880456"><ele>1395.800048828125</ele><time>2024-07-08T13:03:42.000Z</time></trkpt>
        <trkpt lat="46.01276088505983" lon="6.923322770744562"><ele>1396</ele><time>2024-07-08T13:03:43.000Z</time></trkpt>
        <trkpt lat="46.01271176710725" lon="6.923427628353238"><ele>1398</ele><time>2024-07-08T13:03:51.000Z</time></trkpt>
        <trkpt lat="46.01268217898905" lon="6.923450259491801"><ele>1398.199951171875</ele><time>2024-07-08T13:03:55.000Z</time></trkpt>
        <trkpt lat="46.01266650483012" lon="6.923489402979612"><ele>1399.199951171875</ele><time>2024-07-08T13:03:58.000Z</time></trkpt>
        <trkpt lat="46.01260104216635" lon="6.923583280295134"><ele>1400.199951171875</ele><time>2024-07-08T13:04:06.000Z</time></trkpt>
        <trkpt lat="46.01257162168622" lon="6.9236277882009745"><ele>1400.5999755859375</ele><time>2024-07-08T13:04:09.000Z</time></trkpt>
        <trkpt lat="46.01256173104048" lon="6.923640612512827"><ele>1400.5999755859375</ele><time>2024-07-08T13:04:10.000Z</time></trkpt>
        <trkpt lat="46.01255158893764" lon="6.923652263358235"><ele>1400.5999755859375</ele><time>2024-07-08T13:04:11.000Z</time></trkpt>
        <trkpt lat="46.01247648708522" lon="6.923728119581938"><ele>1398.5999755859375</ele><time>2024-07-08T13:04:19.000Z</time></trkpt>
        <trkpt lat="46.01245678961277" lon="6.923752008005977"><ele>1398.5999755859375</ele><time>2024-07-08T13:04:21.000Z</time></trkpt>
        <trkpt lat="46.01240121759474" lon="6.923843454569578"><ele>1399</ele><time>2024-07-08T13:04:29.000Z</time></trkpt>
        <trkpt lat="46.01239467971027" lon="6.923876814544201"><ele>1399.800048828125</ele><time>2024-07-08T13:04:31.000Z</time></trkpt>
        <trkpt lat="46.01237799972296" lon="6.923896512016654"><ele>1399.5999755859375</ele><time>2024-07-08T13:04:33.000Z</time></trkpt>
        <trkpt lat="46.01236743852496" lon="6.923921909183264"><ele>1400</ele><time>2024-07-08T13:04:35.000Z</time></trkpt>
        <trkpt lat="46.012360230088234" lon="6.923931548371911"><ele>1400</ele><time>2024-07-08T13:04:36.000Z</time></trkpt>
        <trkpt lat="46.0123360902071" lon="6.923962226137519"><ele>1400.5999755859375</ele><time>2024-07-08T13:04:39.000Z</time></trkpt>
        <trkpt lat="46.01232628338039" lon="6.92399013787508"><ele>1400.800048828125</ele><time>2024-07-08T13:04:41.000Z</time></trkpt>
        <trkpt lat="46.01231496781111" lon="6.924014780670404"><ele>1401</ele><time>2024-07-08T13:04:43.000Z</time></trkpt>
        <trkpt lat="46.01231102831662" lon="6.924027018249035"><ele>1401.199951171875</ele><time>2024-07-08T13:04:44.000Z</time></trkpt>
        <trkpt lat="46.01229066029191" lon="6.924093067646027"><ele>1402.5999755859375</ele><time>2024-07-08T13:04:49.000Z</time></trkpt>
        <trkpt lat="46.01224162615836" lon="6.924138078466058"><ele>1402.5999755859375</ele><time>2024-07-08T13:04:54.000Z</time></trkpt>
        <trkpt lat="46.0122118704021" lon="6.924153668805957"><ele>1402.4000244140625</ele><time>2024-07-08T13:04:57.000Z</time></trkpt>
        <trkpt lat="46.01211623288691" lon="6.92420270293951"><ele>1400.800048828125</ele><time>2024-07-08T13:05:06.000Z</time></trkpt>
        <trkpt lat="46.01210944354534" lon="6.924214521422982"><ele>1400.800048828125</ele><time>2024-07-08T13:05:07.000Z</time></trkpt>
        <trkpt lat="46.01208480075002" lon="6.924220304936171"><ele>1400.4000244140625</ele><time>2024-07-08T13:05:09.000Z</time></trkpt>
        <trkpt lat="46.012074910104275" lon="6.9242229871451855"><ele>1400.5999755859375</ele><time>2024-07-08T13:05:10.000Z</time></trkpt>
        <trkpt lat="46.01202109828591" lon="6.92422860302031"><ele>1401</ele><time>2024-07-08T13:05:14.000Z</time></trkpt>
        <trkpt lat="46.011984469369054" lon="6.92425936460495"><ele>1401.199951171875</ele><time>2024-07-08T13:05:17.000Z</time></trkpt>
        <trkpt lat="46.011929819360375" lon="6.92428182810545"><ele>1401.4000244140625</ele><time>2024-07-08T13:05:23.000Z</time></trkpt>
        <trkpt lat="46.01182345300913" lon="6.924320217221975"><ele>1402</ele><time>2024-07-08T13:05:33.000Z</time></trkpt>
        <trkpt lat="46.01177324540913" lon="6.924323737621307"><ele>1402.4000244140625</ele><time>2024-07-08T13:05:38.000Z</time></trkpt>
        <trkpt lat="46.01173544302583" lon="6.924317954108119"><ele>1403</ele><time>2024-07-08T13:05:41.000Z</time></trkpt>
        <trkpt lat="46.01168716326356" lon="6.92429892718792"><ele>1403.5999755859375</ele><time>2024-07-08T13:05:45.000Z</time></trkpt>
        <trkpt lat="46.011642487719655" lon="6.924303034320474"><ele>1404.4000244140625</ele><time>2024-07-08T13:05:48.000Z</time></trkpt>
        <trkpt lat="46.01159906946123" lon="6.924302531406283"><ele>1405.199951171875</ele><time>2024-07-08T13:05:52.000Z</time></trkpt>
        <trkpt lat="46.01152539253235" lon="6.9242969155311584"><ele>1406.199951171875</ele><time>2024-07-08T13:05:59.000Z</time></trkpt>
        <trkpt lat="46.011451464146376" lon="6.92429456859827"><ele>1407.199951171875</ele><time>2024-07-08T13:06:07.000Z</time></trkpt>
        <trkpt lat="46.01137150079012" lon="6.924337819218636"><ele>1409</ele><time>2024-07-08T13:06:16.000Z</time></trkpt>
        <trkpt lat="46.01127284578979" lon="6.924410993233323"><ele>1412</ele><time>2024-07-08T13:06:25.000Z</time></trkpt>
        <trkpt lat="46.011191038414836" lon="6.924482407048345"><ele>1414.199951171875</ele><time>2024-07-08T13:06:33.000Z</time></trkpt>
        <trkpt lat="46.01117201149464" lon="6.924492213875055"><ele>1414.5999755859375</ele><time>2024-07-08T13:06:35.000Z</time></trkpt>
        <trkpt lat="46.01116245612502" lon="6.924499087035656"><ele>1414.5999755859375</ele><time>2024-07-08T13:06:36.000Z</time></trkpt>
        <trkpt lat="46.01107821799815" lon="6.924500344321132"><ele>1415</ele><time>2024-07-08T13:06:44.000Z</time></trkpt>
        <trkpt lat="46.01102574728429" lon="6.924518868327141"><ele>1415.4000244140625</ele><time>2024-07-08T13:06:49.000Z</time></trkpt>
        <trkpt lat="46.01099666208029" lon="6.924520209431648"><ele>1415.4000244140625</ele><time>2024-07-08T13:06:51.000Z</time></trkpt>
        <trkpt lat="46.01098098792136" lon="6.924519874155521"><ele>1415.5999755859375</ele><time>2024-07-08T13:06:52.000Z</time></trkpt>
        <trkpt lat="46.010838244110346" lon="6.924506966024637"><ele>1413.800048828125</ele><time>2024-07-08T13:07:02.000Z</time></trkpt>
        <trkpt lat="46.0107696801424" lon="6.924477042630315"><ele>1412.5999755859375</ele><time>2024-07-08T13:07:11.000Z</time></trkpt>
        <trkpt lat="46.010753167793155" lon="6.924474276602268"><ele>1412.4000244140625</ele><time>2024-07-08T13:07:13.000Z</time></trkpt>
        <trkpt lat="46.01073355413973" lon="6.924458518624306"><ele>1411.800048828125</ele><time>2024-07-08T13:07:15.000Z</time></trkpt>
        <trkpt lat="46.01070371456444" lon="6.924428343772888"><ele>1411.199951171875</ele><time>2024-07-08T13:07:18.000Z</time></trkpt>
        <trkpt lat="46.01059600710869" lon="6.92431703209877"><ele>1409.4000244140625</ele><time>2024-07-08T13:07:28.000Z</time></trkpt>
        <trkpt lat="46.0104728769511" lon="6.924257688224316"><ele>1409</ele><time>2024-07-08T13:07:39.000Z</time></trkpt>
        <trkpt lat="46.01036014035344" lon="6.924248971045017"><ele>1409.5999755859375</ele><time>2024-07-08T13:07:48.000Z</time></trkpt>
        <trkpt lat="46.01029719226062" lon="6.924218628555536"><ele>1410</ele><time>2024-07-08T13:07:55.000Z</time></trkpt>
        <trkpt lat="46.01020758971572" lon="6.924229189753532"><ele>1411</ele><time>2024-07-08T13:08:04.000Z</time></trkpt>
        <trkpt lat="46.010066606104374" lon="6.9242465402930975"><ele>1412.5999755859375</ele><time>2024-07-08T13:08:16.000Z</time></trkpt>
        <trkpt lat="46.00998974405229" lon="6.9242689199745655"><ele>1413.5999755859375</ele><time>2024-07-08T13:08:25.000Z</time></trkpt>
        <trkpt lat="46.00998186506331" lon="6.924274619668722"><ele>1413.5999755859375</ele><time>2024-07-08T13:08:26.000Z</time></trkpt>
        <trkpt lat="46.00986359640956" lon="6.924287443980575"><ele>1415</ele><time>2024-07-08T13:08:37.000Z</time></trkpt>
        <trkpt lat="46.009783716872334" lon="6.924257269129157"><ele>1415.4000244140625</ele><time>2024-07-08T13:08:44.000Z</time></trkpt>
        <trkpt lat="46.00975806824863" lon="6.92427353002131"><ele>1415.800048828125</ele><time>2024-07-08T13:08:47.000Z</time></trkpt>
        <trkpt lat="46.00973602384329" lon="6.924286521971226"><ele>1416</ele><time>2024-07-08T13:08:49.000Z</time></trkpt>
        <trkpt lat="46.00967005826533" lon="6.924337986856699"><ele>1416.5999755859375</ele><time>2024-07-08T13:08:56.000Z</time></trkpt>
        <trkpt lat="46.00958690978587" lon="6.924406718462706"><ele>1417.4000244140625</ele><time>2024-07-08T13:09:04.000Z</time></trkpt>
        <trkpt lat="46.00951516069472" lon="6.924432618543506"><ele>1417.199951171875</ele><time>2024-07-08T13:09:11.000Z</time></trkpt>
        <trkpt lat="46.00950694642961" lon="6.924433121457696"><ele>1417.199951171875</ele><time>2024-07-08T13:09:12.000Z</time></trkpt>
        <trkpt lat="46.00937342271209" lon="6.924425745382905"><ele>1416.199951171875</ele><time>2024-07-08T13:09:23.000Z</time></trkpt>
        <trkpt lat="46.00931734777987" lon="6.924452735111117"><ele>1415.4000244140625</ele><time>2024-07-08T13:09:30.000Z</time></trkpt>
        <trkpt lat="46.00930821150541" lon="6.924455752596259"><ele>1415.4000244140625</ele><time>2024-07-08T13:09:31.000Z</time></trkpt>
        <trkpt lat="46.00918156094849" lon="6.924495147541165"><ele>1415.5999755859375</ele><time>2024-07-08T13:09:43.000Z</time></trkpt>
        <trkpt lat="46.00907611660659" lon="6.924515599384904"><ele>1416</ele><time>2024-07-08T13:09:52.000Z</time></trkpt>
        <trkpt lat="46.00898349657655" lon="6.92451249808073"><ele>1416.800048828125</ele><time>2024-07-08T13:10:01.000Z</time></trkpt>
        <trkpt lat="46.00887956097722" lon="6.924483496695757"><ele>1418.800048828125</ele><time>2024-07-08T13:10:10.000Z</time></trkpt>
        <trkpt lat="46.00876414217055" lon="6.924444520846009"><ele>1420.800048828125</ele><time>2024-07-08T13:10:19.000Z</time></trkpt>
        <trkpt lat="46.008685771375895" lon="6.924422308802605"><ele>1421.4000244140625</ele><time>2024-07-08T13:10:27.000Z</time></trkpt>
        <trkpt lat="46.008668756112456" lon="6.9244117476046085"><ele>1421.5999755859375</ele><time>2024-07-08T13:10:29.000Z</time></trkpt>
        <trkpt lat="46.00858887657523" lon="6.9243187084794044"><ele>1422.199951171875</ele><time>2024-07-08T13:10:39.000Z</time></trkpt>
        <trkpt lat="46.00855652242899" lon="6.924282414838672"><ele>1422.4000244140625</ele><time>2024-07-08T13:10:42.000Z</time></trkpt>
        <trkpt lat="46.00850472226739" lon="6.9242332968860865"><ele>1422.800048828125</ele><time>2024-07-08T13:10:47.000Z</time></trkpt>
        <trkpt lat="46.00849198177457" lon="6.924218880012631"><ele>1422.800048828125</ele><time>2024-07-08T13:10:49.000Z</time></trkpt>
        <trkpt lat="46.0084867849946" lon="6.924221646040678"><ele>1423</ele><time>2024-07-08T13:10:54.000Z</time></trkpt>
        <trkpt lat="46.0084902215749" lon="6.924219634383917"><ele>1422.800048828125</ele><time>2024-07-08T13:11:03.000Z</time></trkpt>
        <trkpt lat="46.008481001481414" lon="6.924210246652365"><ele>1423</ele><time>2024-07-08T13:11:25.000Z</time></trkpt>
        <trkpt lat="46.008479660376906" lon="6.924208318814635"><ele>1423</ele><time>2024-07-08T13:11:30.000Z</time></trkpt>
        <trkpt lat="46.00845820270479" lon="6.924179652705789"><ele>1423</ele><time>2024-07-08T13:12:33.000Z</time></trkpt>
        <trkpt lat="46.00840522907674" lon="6.924157943576574"><ele>1423</ele><time>2024-07-08T13:13:01.000Z</time></trkpt>
        <trkpt lat="46.00829056464136" lon="6.924125170335174"><ele>1423</ele><time>2024-07-08T13:13:09.000Z</time></trkpt>
        <trkpt lat="46.00822920911014" lon="6.924120560288429"><ele>1423.199951171875</ele><time>2024-07-08T13:13:15.000Z</time></trkpt>
        <trkpt lat="46.00818277336657" lon="6.9240969233214855"><ele>1423.4000244140625</ele><time>2024-07-08T13:13:20.000Z</time></trkpt>
        <trkpt lat="46.0080742277205" lon="6.924080578610301"><ele>1424.199951171875</ele><time>2024-07-08T13:13:32.000Z</time></trkpt>
        <trkpt lat="46.00799619220197" lon="6.924047218635678"><ele>1424.5999755859375</ele><time>2024-07-08T13:13:41.000Z</time></trkpt>
        <trkpt lat="46.00792469456792" lon="6.9240286108106375"><ele>1425</ele><time>2024-07-08T13:13:49.000Z</time></trkpt>
        <trkpt lat="46.00791564211249" lon="6.924025174230337"><ele>1425</ele><time>2024-07-08T13:14:00.000Z</time></trkpt>
        <trkpt lat="46.00785252638161" lon="6.924012182280421"><ele>1425.4000244140625</ele><time>2024-07-08T13:14:07.000Z</time></trkpt>
        <trkpt lat="46.00776535458863" lon="6.923953173682094"><ele>1426.199951171875</ele><time>2024-07-08T13:14:17.000Z</time></trkpt>
        <trkpt lat="46.007649432867765" lon="6.923880502581596"><ele>1427</ele><time>2024-07-08T13:14:28.000Z</time></trkpt>
        <trkpt lat="46.007541390135884" lon="6.9238136149942875"><ele>1427.800048828125</ele><time>2024-07-08T13:14:39.000Z</time></trkpt>
        <trkpt lat="46.007460253313184" lon="6.923748906701803"><ele>1428.4000244140625</ele><time>2024-07-08T13:14:48.000Z</time></trkpt>
        <trkpt lat="46.00738976150751" lon="6.923695346340537"><ele>1429</ele><time>2024-07-08T13:14:56.000Z</time></trkpt>
        <trkpt lat="46.0073680523783" lon="6.923677744343877"><ele>1429.199951171875</ele><time>2024-07-08T13:15:03.000Z</time></trkpt>
        <trkpt lat="46.00737023167312" lon="6.923680007457733"><ele>1429.199951171875</ele><time>2024-07-08T13:15:14.000Z</time></trkpt>
        <trkpt lat="46.00737023167312" lon="6.923680007457733"><ele>1429.199951171875</ele><time>2024-07-08T13:15:18.000Z</time></trkpt>
        <trkpt lat="46.00737023167312" lon="6.923680007457733"><ele>1429.199951171875</ele><time>2024-07-08T13:15:19.000Z</time></trkpt>
        <trkpt lat="46.007371321320534" lon="6.923679420724511"><ele>1429.199951171875</ele><time>2024-07-08T13:15:31.000Z</time></trkpt>
        <trkpt lat="46.0073714889586" lon="6.923674810677767"><ele>1429.199951171875</ele><time>2024-07-08T13:15:51.000Z</time></trkpt>
        <trkpt lat="46.00737207569182" lon="6.923674726858735"><ele>1429.199951171875</ele><time>2024-07-08T13:16:01.000Z</time></trkpt>
        <trkpt lat="46.00732614286244" lon="6.923643797636032"><ele>1429.4000244140625</ele><time>2024-07-08T13:16:14.000Z</time></trkpt>
        <trkpt lat="46.00731491111219" lon="6.923629967495799"><ele>1429.5999755859375</ele><time>2024-07-08T13:16:15.000Z</time></trkpt>
        <trkpt lat="46.00723930634558" lon="6.923547573387623"><ele>1430</ele><time>2024-07-08T13:16:21.000Z</time></trkpt>
        <trkpt lat="46.00720980204642" lon="6.923500299453735"><ele>1430.4000244140625</ele><time>2024-07-08T13:16:26.000Z</time></trkpt>
        <trkpt lat="46.00715221837163" lon="6.923448583111167"><ele>1430.800048828125</ele><time>2024-07-08T13:16:32.000Z</time></trkpt>
        <trkpt lat="46.00706714205444" lon="6.92343114875257"><ele>1431.4000244140625</ele><time>2024-07-08T13:16:40.000Z</time></trkpt>
        <trkpt lat="46.00696446374059" lon="6.9234254490584135"><ele>1432.800048828125</ele><time>2024-07-08T13:16:49.000Z</time></trkpt>
        <trkpt lat="46.0069274995476" lon="6.923419078812003"><ele>1433.4000244140625</ele><time>2024-07-08T13:16:52.000Z</time></trkpt>
        <trkpt lat="46.00684259086847" lon="6.923409942537546"><ele>1434.5999755859375</ele><time>2024-07-08T13:16:59.000Z</time></trkpt>
        <trkpt lat="46.0067860968411" lon="6.923408936709166"><ele>1435.5999755859375</ele><time>2024-07-08T13:17:05.000Z</time></trkpt>
        <trkpt lat="46.00669012404978" lon="6.923372056335211"><ele>1437.199951171875</ele><time>2024-07-08T13:17:13.000Z</time></trkpt>
        <trkpt lat="46.00665684789419" lon="6.923346491530538"><ele>1437.800048828125</ele><time>2024-07-08T13:17:16.000Z</time></trkpt>
        <trkpt lat="46.00663966499269" lon="6.92333048209548"><ele>1438.199951171875</ele><time>2024-07-08T13:17:18.000Z</time></trkpt>
        <trkpt lat="46.00660194642842" lon="6.923312125727534"><ele>1438.800048828125</ele><time>2024-07-08T13:17:23.000Z</time></trkpt>
        <trkpt lat="46.00653992034495" lon="6.923332745209336"><ele>1439.199951171875</ele><time>2024-07-08T13:17:30.000Z</time></trkpt>
        <trkpt lat="46.006505051627755" lon="6.923339786008"><ele>1439.4000244140625</ele><time>2024-07-08T13:17:33.000Z</time></trkpt>
        <trkpt lat="46.00645895116031" lon="6.923328889533877"><ele>1439.800048828125</ele><time>2024-07-08T13:17:40.000Z</time></trkpt>
        <trkpt lat="46.00641234777868" lon="6.923318160697818"><ele>1440.199951171875</ele><time>2024-07-08T13:17:45.000Z</time></trkpt>
        <trkpt lat="46.00639130920172" lon="6.923323525115848"><ele>1440.4000244140625</ele><time>2024-07-08T13:17:47.000Z</time></trkpt>
        <trkpt lat="46.006336407735944" lon="6.923357388004661"><ele>1440.800048828125</ele><time>2024-07-08T13:17:53.000Z</time></trkpt>
        <trkpt lat="46.00631126202643" lon="6.923358142375946"><ele>1441</ele><time>2024-07-08T13:17:55.000Z</time></trkpt>
        <trkpt lat="46.006294917315245" lon="6.923366105183959"><ele>1441.199951171875</ele><time>2024-07-08T13:17:57.000Z</time></trkpt>
        <trkpt lat="46.006256360560656" lon="6.923360992223024"><ele>1441.5999755859375</ele><time>2024-07-08T13:18:00.000Z</time></trkpt>
        <trkpt lat="46.00622006691992" lon="6.923357555642724"><ele>1442</ele><time>2024-07-08T13:18:03.000Z</time></trkpt>
        <trkpt lat="46.00611579604447" lon="6.923356465995312"><ele>1442.800048828125</ele><time>2024-07-08T13:18:11.000Z</time></trkpt>
        <trkpt lat="46.00610909052193" lon="6.923365099355578"><ele>1442.800048828125</ele><time>2024-07-08T13:18:12.000Z</time></trkpt>
        <trkpt lat="46.00604019127786" lon="6.923465766012669"><ele>1443.199951171875</ele><time>2024-07-08T13:18:21.000Z</time></trkpt>
        <trkpt lat="46.00602929480374" lon="6.92347314208746"><ele>1443.4000244140625</ele><time>2024-07-08T13:18:22.000Z</time></trkpt>
        <trkpt lat="46.00598311051726" lon="6.923556039109826"><ele>1444.199951171875</ele><time>2024-07-08T13:18:29.000Z</time></trkpt>
        <trkpt lat="46.005963580682874" lon="6.92358311265707"><ele>1444.5999755859375</ele><time>2024-07-08T13:18:31.000Z</time></trkpt>
        <trkpt lat="46.00588571280241" lon="6.923706075176597"><ele>1445.5999755859375</ele><time>2024-07-08T13:18:41.000Z</time></trkpt>
        <trkpt lat="46.005837516859174" lon="6.923807244747877"><ele>1446</ele><time>2024-07-08T13:18:49.000Z</time></trkpt>
        <trkpt lat="46.00580524653196" lon="6.923890225589275"><ele>1446.4000244140625</ele><time>2024-07-08T13:18:54.000Z</time></trkpt>
        <trkpt lat="46.00571966730058" lon="6.924066329374909"><ele>1448</ele><time>2024-07-08T13:19:07.000Z</time></trkpt>
        <trkpt lat="46.005690079182386" lon="6.924169426783919"><ele>1448.5999755859375</ele><time>2024-07-08T13:19:14.000Z</time></trkpt>
        <trkpt lat="46.00566585548222" lon="6.924320803955197"><ele>1449.5999755859375</ele><time>2024-07-08T13:19:22.000Z</time></trkpt>
        <trkpt lat="46.005599554628134" lon="6.924468744546175"><ele>1451.4000244140625</ele><time>2024-07-08T13:19:32.000Z</time></trkpt>
        <trkpt lat="46.00550903007388" lon="6.92458332516253"><ele>1454</ele><time>2024-07-08T13:19:42.000Z</time></trkpt>
        <trkpt lat="46.00545245222747" lon="6.924611488357186"><ele>1455.199951171875</ele><time>2024-07-08T13:19:47.000Z</time></trkpt>
        <trkpt lat="46.00541138090193" lon="6.924612410366535"><ele>1455.800048828125</ele><time>2024-07-08T13:19:51.000Z</time></trkpt>
        <trkpt lat="46.0052455868572" lon="6.924607213586569"><ele>1457.5999755859375</ele><time>2024-07-08T13:20:03.000Z</time></trkpt>
        <trkpt lat="46.005160342901945" lon="6.9245740212500095"><ele>1458</ele><time>2024-07-08T13:20:10.000Z</time></trkpt>
        <trkpt lat="46.005131006240845" lon="6.924554072320461"><ele>1458</ele><time>2024-07-08T13:20:13.000Z</time></trkpt>
        <trkpt lat="46.00505297072232" lon="6.924514090642333"><ele>1457.5999755859375</ele><time>2024-07-08T13:20:20.000Z</time></trkpt>
        <trkpt lat="46.0049984883517" lon="6.92447385750711"><ele>1457.199951171875</ele><time>2024-07-08T13:20:25.000Z</time></trkpt>
        <trkpt lat="46.004842668771744" lon="6.924406802281737"><ele>1456.5999755859375</ele><time>2024-07-08T13:20:37.000Z</time></trkpt>
        <trkpt lat="46.004732362926006" lon="6.924317199736834"><ele>1454.5999755859375</ele><time>2024-07-08T13:20:47.000Z</time></trkpt>
        <trkpt lat="46.004603281617165" lon="6.924269841983914"><ele>1453.199951171875</ele><time>2024-07-08T13:20:59.000Z</time></trkpt>
        <trkpt lat="46.004507057368755" lon="6.924229357391596"><ele>1455.5999755859375</ele><time>2024-07-08T13:21:08.000Z</time></trkpt>
        <trkpt lat="46.004383424296975" lon="6.92412449978292"><ele>1459.4000244140625</ele><time>2024-07-08T13:21:19.000Z</time></trkpt>
        <trkpt lat="46.004296420142055" lon="6.924042776226997"><ele>1461.800048828125</ele><time>2024-07-08T13:21:28.000Z</time></trkpt>
        <trkpt lat="46.00419541820884" lon="6.923944875597954"><ele>1463</ele><time>2024-07-08T13:21:38.000Z</time></trkpt>
        <trkpt lat="46.00407572463155" lon="6.9238807540386915"><ele>1465</ele><time>2024-07-08T13:21:50.000Z</time></trkpt>
        <trkpt lat="46.003939770162106" lon="6.92380053922534"><ele>1465.4000244140625</ele><time>2024-07-08T13:22:02.000Z</time></trkpt>
        <trkpt lat="46.00385217927396" lon="6.923746727406979"><ele>1464.800048828125</ele><time>2024-07-08T13:22:11.000Z</time></trkpt>
        <trkpt lat="46.00382820703089" lon="6.923735663294792"><ele>1464.800048828125</ele><time>2024-07-08T13:22:13.000Z</time></trkpt>
        <trkpt lat="46.00378210656345" lon="6.923731053248048"><ele>1465</ele><time>2024-07-08T13:22:17.000Z</time></trkpt>
        <trkpt lat="46.003702813759446" lon="6.9237287901341915"><ele>1464.5999755859375</ele><time>2024-07-08T13:22:24.000Z</time></trkpt>
        <trkpt lat="46.00358437746763" lon="6.923700124025345"><ele>1463.800048828125</ele><time>2024-07-08T13:22:34.000Z</time></trkpt>
        <trkpt lat="46.00350265391171" lon="6.923690987750888"><ele>1463.199951171875</ele><time>2024-07-08T13:22:40.000Z</time></trkpt>
        <trkpt lat="46.00346116349101" lon="6.923686293885112"><ele>1462.800048828125</ele><time>2024-07-08T13:22:44.000Z</time></trkpt>
        <trkpt lat="46.003355886787176" lon="6.923710266128182"><ele>1461.800048828125</ele><time>2024-07-08T13:22:54.000Z</time></trkpt>
        <trkpt lat="46.003237618133426" lon="6.923756115138531"><ele>1460.800048828125</ele><time>2024-07-08T13:23:04.000Z</time></trkpt>
        <trkpt lat="46.00313116796315" lon="6.923763491213322"><ele>1459</ele><time>2024-07-08T13:23:12.000Z</time></trkpt>
        <trkpt lat="46.00297342054546" lon="6.923774471506476"><ele>1456.800048828125</ele><time>2024-07-08T13:23:24.000Z</time></trkpt>
        <trkpt lat="46.00281424820423" lon="6.923782350495458"><ele>1454.5999755859375</ele><time>2024-07-08T13:23:36.000Z</time></trkpt>
        <trkpt lat="46.002801172435284" lon="6.9237888883799314"><ele>1454.4000244140625</ele><time>2024-07-08T13:23:37.000Z</time></trkpt>
        <trkpt lat="46.00271450355649" lon="6.923743290826678"><ele>1453</ele><time>2024-07-08T13:23:47.000Z</time></trkpt>
        <trkpt lat="46.00262423045933" lon="6.923744380474091"><ele>1452.4000244140625</ele><time>2024-07-08T13:23:54.000Z</time></trkpt>
        <trkpt lat="46.002575783059" lon="6.9237390998750925"><ele>1452.4000244140625</ele><time>2024-07-08T13:23:58.000Z</time></trkpt>
        <trkpt lat="46.00252331234515" lon="6.923726862296462"><ele>1452.4000244140625</ele><time>2024-07-08T13:24:02.000Z</time></trkpt>
        <trkpt lat="46.00247687660158" lon="6.923746559768915"><ele>1453</ele><time>2024-07-08T13:24:06.000Z</time></trkpt>
        <trkpt lat="46.00237285718322" lon="6.9237918220460415"><ele>1453.4000244140625</ele><time>2024-07-08T13:24:15.000Z</time></trkpt>
        <trkpt lat="46.00224235095084" lon="6.923794504255056"><ele>1452.800048828125</ele><time>2024-07-08T13:24:25.000Z</time></trkpt>
        <trkpt lat="46.002147383987904" lon="6.923813447356224"><ele>1452.4000244140625</ele><time>2024-07-08T13:24:34.000Z</time></trkpt>
        <trkpt lat="46.00209524855018" lon="6.923828367143869"><ele>1452</ele><time>2024-07-08T13:24:39.000Z</time></trkpt>
        <trkpt lat="46.00200589746237" lon="6.923831384629011"><ele>1452.5999755859375</ele><time>2024-07-08T13:24:46.000Z</time></trkpt>
        <trkpt lat="46.00186583586037" lon="6.923838257789612"><ele>1453.800048828125</ele><time>2024-07-08T13:24:59.000Z</time></trkpt>
        <trkpt lat="46.00185753777623" lon="6.923840856179595"><ele>1453.800048828125</ele><time>2024-07-08T13:25:00.000Z</time></trkpt>
        <trkpt lat="46.00176868960261" lon="6.923885280266404"><ele>1454.4000244140625</ele><time>2024-07-08T13:25:08.000Z</time></trkpt>
        <trkpt lat="46.00162820890546" lon="6.923905648291111"><ele>1456.4000244140625</ele><time>2024-07-08T13:25:19.000Z</time></trkpt>
        <trkpt lat="46.0015067551285" lon="6.9239190593361855"><ele>1459.5999755859375</ele><time>2024-07-08T13:25:31.000Z</time></trkpt>
        <trkpt lat="46.00145830772817" lon="6.923938589170575"><ele>1459.800048828125</ele><time>2024-07-08T13:25:36.000Z</time></trkpt>
        <trkpt lat="46.00142729468644" lon="6.923950156196952"><ele>1458.5999755859375</ele><time>2024-07-08T13:25:39.000Z</time></trkpt>
        <trkpt lat="46.00128664635122" lon="6.923976726830006"><ele>1453.199951171875</ele><time>2024-07-08T13:25:49.000Z</time></trkpt>
        <trkpt lat="46.00119209848344" lon="6.924029868096113"><ele>1452</ele><time>2024-07-08T13:25:57.000Z</time></trkpt>
        <trkpt lat="46.00107315927744" lon="6.924062054604292"><ele>1451.5999755859375</ele><time>2024-07-08T13:26:08.000Z</time></trkpt>
        <trkpt lat="46.000921027734876" lon="6.924089044332504"><ele>1451.199951171875</ele><time>2024-07-08T13:26:21.000Z</time></trkpt>
        <trkpt lat="46.00090744905174" lon="6.924089379608631"><ele>1451.199951171875</ele><time>2024-07-08T13:26:22.000Z</time></trkpt>
        <trkpt lat="46.000789599493146" lon="6.924114525318146"><ele>1452.4000244140625</ele><time>2024-07-08T13:26:32.000Z</time></trkpt>
        <trkpt lat="46.000777781009674" lon="6.92411276511848"><ele>1452.199951171875</ele><time>2024-07-08T13:26:33.000Z</time></trkpt>
        <trkpt lat="46.00069647654891" lon="6.924108574166894"><ele>1451.4000244140625</ele><time>2024-07-08T13:26:40.000Z</time></trkpt>
        <trkpt lat="46.000676611438394" lon="6.924113938584924"><ele>1451.4000244140625</ele><time>2024-07-08T13:26:42.000Z</time></trkpt>
        <trkpt lat="46.00061550736427" lon="6.924161547794938"><ele>1451.199951171875</ele><time>2024-07-08T13:26:50.000Z</time></trkpt>
        <trkpt lat="46.00059673190117" lon="6.924174288287759"><ele>1451.199951171875</ele><time>2024-07-08T13:26:52.000Z</time></trkpt>
        <trkpt lat="46.00055582821369" lon="6.924192225560546"><ele>1451</ele><time>2024-07-08T13:26:55.000Z</time></trkpt>
        <trkpt lat="46.00052984431386" lon="6.924194321036339"><ele>1450.800048828125</ele><time>2024-07-08T13:26:56.000Z</time></trkpt>
        <trkpt lat="46.000486090779305" lon="6.92420513369143"><ele>1450.4000244140625</ele><time>2024-07-08T13:27:00.000Z</time></trkpt>
        <trkpt lat="46.00038953125477" lon="6.924204546958208"><ele>1449.4000244140625</ele><time>2024-07-08T13:27:10.000Z</time></trkpt>
        <trkpt lat="46.00029146298766" lon="6.92423639819026"><ele>1447</ele><time>2024-07-08T13:27:20.000Z</time></trkpt>
        <trkpt lat="46.00016305223107" lon="6.924269925802946"><ele>1443.5999755859375</ele><time>2024-07-08T13:27:32.000Z</time></trkpt>
        <trkpt lat="46.00008132867515" lon="6.924243690446019"><ele>1443</ele><time>2024-07-08T13:27:40.000Z</time></trkpt>
        <trkpt lat="46.00000354461372" lon="6.924234889447689"><ele>1443</ele><time>2024-07-08T13:27:47.000Z</time></trkpt>
        <trkpt lat="45.99998124875128" lon="6.924224244430661"><ele>1443</ele><time>2024-07-08T13:27:49.000Z</time></trkpt>
        <trkpt lat="45.99985158070922" lon="6.924202283844352"><ele>1439.5999755859375</ele><time>2024-07-08T13:27:59.000Z</time></trkpt>
        <trkpt lat="45.99984495900571" lon="6.9242029543966055"><ele>1439.800048828125</ele><time>2024-07-08T13:28:00.000Z</time></trkpt>
        <trkpt lat="45.99981595762074" lon="6.924198428168893"><ele>1440</ele><time>2024-07-08T13:28:02.000Z</time></trkpt>
        <trkpt lat="45.99971629679203" lon="6.924171354621649"><ele>1440.4000244140625</ele><time>2024-07-08T13:28:12.000Z</time></trkpt>
        <trkpt lat="45.999622168019414" lon="6.924146879464388"><ele>1440.800048828125</ele><time>2024-07-08T13:28:20.000Z</time></trkpt>
        <trkpt lat="45.99960925988853" lon="6.924144197255373"><ele>1440.800048828125</ele><time>2024-07-08T13:28:21.000Z</time></trkpt>
        <trkpt lat="45.99953977391124" lon="6.924122152850032"><ele>1440.800048828125</ele><time>2024-07-08T13:28:27.000Z</time></trkpt>
        <trkpt lat="45.999427707865834" lon="6.924144867807627"><ele>1441.5999755859375</ele><time>2024-07-08T13:28:37.000Z</time></trkpt>
        <trkpt lat="45.99934699013829" lon="6.924186106771231"><ele>1443</ele><time>2024-07-08T13:28:43.000Z</time></trkpt>
        <trkpt lat="45.99932326935232" lon="6.9242023676633835"><ele>1443.4000244140625</ele><time>2024-07-08T13:28:45.000Z</time></trkpt>
        <trkpt lat="45.99927599541843" lon="6.924239918589592"><ele>1444.4000244140625</ele><time>2024-07-08T13:28:50.000Z</time></trkpt>
        <trkpt lat="45.99918999709189" lon="6.92428283393383"><ele>1444.5999755859375</ele><time>2024-07-08T13:28:59.000Z</time></trkpt>
        <trkpt lat="45.999054461717606" lon="6.924340836703777"><ele>1444.5999755859375</ele><time>2024-07-08T13:29:11.000Z</time></trkpt>
        <trkpt lat="45.99891984835267" lon="6.924370676279068"><ele>1443.4000244140625</ele><time>2024-07-08T13:29:22.000Z</time></trkpt>
        <trkpt lat="45.99888523109257" lon="6.92437176592648"><ele>1442.800048828125</ele><time>2024-07-08T13:29:25.000Z</time></trkpt>
        <trkpt lat="45.99878607317805" lon="6.9243741966784"><ele>1441</ele><time>2024-07-08T13:29:32.000Z</time></trkpt>
        <trkpt lat="45.998653303831816" lon="6.924403198063374"><ele>1439.4000244140625</ele><time>2024-07-08T13:29:42.000Z</time></trkpt>
        <trkpt lat="45.99863293580711" lon="6.924413340166211"><ele>1439.199951171875</ele><time>2024-07-08T13:29:44.000Z</time></trkpt>
        <trkpt lat="45.99853444844484" lon="6.92448073066771"><ele>1438</ele><time>2024-07-08T13:29:54.000Z</time></trkpt>
        <trkpt lat="45.998526653274894" lon="6.924488442018628"><ele>1437.800048828125</ele><time>2024-07-08T13:29:55.000Z</time></trkpt>
        <trkpt lat="45.99851684644818" lon="6.924494560807943"><ele>1437.800048828125</ele><time>2024-07-08T13:29:56.000Z</time></trkpt>
        <trkpt lat="45.99850729107857" lon="6.92449975758791"><ele>1437.5999755859375</ele><time>2024-07-08T13:29:57.000Z</time></trkpt>
        <trkpt lat="45.998479295521975" lon="6.92451492883265"><ele>1437.199951171875</ele><time>2024-07-08T13:30:00.000Z</time></trkpt>
        <trkpt lat="45.99846554920077" lon="6.924536302685738"><ele>1437.199951171875</ele><time>2024-07-08T13:30:02.000Z</time></trkpt>
        <trkpt lat="45.99845121614635" lon="6.92455692216754"><ele>1437.4000244140625</ele><time>2024-07-08T13:30:04.000Z</time></trkpt>
        <trkpt lat="45.998408887535334" lon="6.924636550247669"><ele>1438.4000244140625</ele><time>2024-07-08T13:30:10.000Z</time></trkpt>
        <trkpt lat="45.998404109850526" lon="6.92464929074049"><ele>1438.5999755859375</ele><time>2024-07-08T13:30:11.000Z</time></trkpt>
        <trkpt lat="45.998378628864884" lon="6.924716094508767"><ele>1439.4000244140625</ele><time>2024-07-08T13:30:15.000Z</time></trkpt>
        <trkpt lat="45.998365469276905" lon="6.9247436709702015"><ele>1439.5999755859375</ele><time>2024-07-08T13:30:17.000Z</time></trkpt>
        <trkpt lat="45.99833923391998" lon="6.924785580486059"><ele>1439.199951171875</ele><time>2024-07-08T13:30:20.000Z</time></trkpt>
        <trkpt lat="45.998289193958044" lon="6.924865124747157"><ele>1438.800048828125</ele><time>2024-07-08T13:30:26.000Z</time></trkpt>
        <trkpt lat="45.998278548941016" lon="6.92489605396986"><ele>1439.4000244140625</ele><time>2024-07-08T13:30:28.000Z</time></trkpt>
        <trkpt lat="45.998272681608796" lon="6.92496151663363"><ele>1440</ele><time>2024-07-08T13:30:31.000Z</time></trkpt>
        <trkpt lat="45.99825130775571" lon="6.925012059509754"><ele>1440</ele><time>2024-07-08T13:30:34.000Z</time></trkpt>
        <trkpt lat="45.998218366876245" lon="6.925043324008584"><ele>1439.800048828125</ele><time>2024-07-08T13:30:37.000Z</time></trkpt>
        <trkpt lat="45.99820311181247" lon="6.925056902691722"><ele>1439.5999755859375</ele><time>2024-07-08T13:30:39.000Z</time></trkpt>
        <trkpt lat="45.998192466795444" lon="6.925074839964509"><ele>1439.5999755859375</ele><time>2024-07-08T13:30:42.000Z</time></trkpt>
        <trkpt lat="45.99817369133234" lon="6.925099231302738"><ele>1440</ele><time>2024-07-08T13:30:44.000Z</time></trkpt>
        <trkpt lat="45.99815374240279" lon="6.92514231428504"><ele>1439.800048828125</ele><time>2024-07-08T13:30:47.000Z</time></trkpt>
        <trkpt lat="45.998110910877585" lon="6.925238370895386"><ele>1440</ele><time>2024-07-08T13:30:54.000Z</time></trkpt>
        <trkpt lat="45.99806724116206" lon="6.9253429770469666"><ele>1439.4000244140625</ele><time>2024-07-08T13:31:00.000Z</time></trkpt>
        <trkpt lat="45.998029271140695" lon="6.925426376983523"><ele>1438.5999755859375</ele><time>2024-07-08T13:31:06.000Z</time></trkpt>
        <trkpt lat="45.99802206270397" lon="6.925437105819583"><ele>1438.5999755859375</ele><time>2024-07-08T13:31:07.000Z</time></trkpt>
        <trkpt lat="45.997972609475255" lon="6.925517655909061"><ele>1437.5999755859375</ele><time>2024-07-08T13:31:13.000Z</time></trkpt>
        <trkpt lat="45.99790924228728" lon="6.925621842965484"><ele>1436</ele><time>2024-07-08T13:31:21.000Z</time></trkpt>
        <trkpt lat="45.997893484309316" lon="6.925646066665649"><ele>1435.5999755859375</ele><time>2024-07-08T13:31:23.000Z</time></trkpt>
        <trkpt lat="45.997805474326015" lon="6.925788894295692"><ele>1432.800048828125</ele><time>2024-07-08T13:31:34.000Z</time></trkpt>
        <trkpt lat="45.99771863780916" lon="6.925887046381831"><ele>1430.4000244140625</ele><time>2024-07-08T13:31:44.000Z</time></trkpt>
        <trkpt lat="45.99768611602485" lon="6.9259214121848345"><ele>1429.4000244140625</ele><time>2024-07-08T13:31:50.000Z</time></trkpt>
        <trkpt lat="45.99761864170432" lon="6.925973631441593"><ele>1427.5999755859375</ele><time>2024-07-08T13:31:56.000Z</time></trkpt>
        <trkpt lat="45.99755032919347" lon="6.926080081611872"><ele>1425.800048828125</ele><time>2024-07-08T13:32:04.000Z</time></trkpt>
        <trkpt lat="45.99743390455842" lon="6.926231207326055"><ele>1421.4000244140625</ele><time>2024-07-08T13:32:17.000Z</time></trkpt>
        <trkpt lat="45.997323766350746" lon="6.926338747143745"><ele>1419</ele><time>2024-07-08T13:32:28.000Z</time></trkpt>
        <trkpt lat="45.99717984907329" lon="6.926420722156763"><ele>1417.4000244140625</ele><time>2024-07-08T13:32:39.000Z</time></trkpt>
        <trkpt lat="45.997065771371126" lon="6.926480736583471"><ele>1416.199951171875</ele><time>2024-07-08T13:32:49.000Z</time></trkpt>
        <trkpt lat="45.99704431369901" lon="6.926480820402503"><ele>1416.4000244140625</ele><time>2024-07-08T13:32:51.000Z</time></trkpt>
        <trkpt lat="45.997015899047256" lon="6.9264868553727865"><ele>1416.800048828125</ele><time>2024-07-08T13:32:53.000Z</time></trkpt>
        <trkpt lat="45.996948508545756" lon="6.926507977768779"><ele>1417.4000244140625</ele><time>2024-07-08T13:32:59.000Z</time></trkpt>
        <trkpt lat="45.99684038199484" lon="6.926571847870946"><ele>1418.800048828125</ele><time>2024-07-08T13:33:10.000Z</time></trkpt>
        <trkpt lat="45.996773578226566" lon="6.926695900037885"><ele>1418.5999755859375</ele><time>2024-07-08T13:33:20.000Z</time></trkpt>
        <trkpt lat="45.99674298427999" lon="6.926719788461924"><ele>1419</ele><time>2024-07-08T13:33:23.000Z</time></trkpt>
        <trkpt lat="45.99673091433942" lon="6.926729930564761"><ele>1418.800048828125</ele><time>2024-07-08T13:33:24.000Z</time></trkpt>
        <trkpt lat="45.9966993983835" lon="6.926772594451904"><ele>1418.5999755859375</ele><time>2024-07-08T13:33:28.000Z</time></trkpt>
        <trkpt lat="45.99667710252106" lon="6.926801847293973"><ele>1418.4000244140625</ele><time>2024-07-08T13:33:31.000Z</time></trkpt>
        <trkpt lat="45.99665757268667" lon="6.9268337823450565"><ele>1418.5999755859375</ele><time>2024-07-08T13:33:34.000Z</time></trkpt>
        <trkpt lat="45.996637623757124" lon="6.926879547536373"><ele>1418.5999755859375</ele><time>2024-07-08T13:33:38.000Z</time></trkpt>
        <trkpt lat="45.996595211327076" lon="6.926944758743048"><ele>1417.800048828125</ele><time>2024-07-08T13:33:44.000Z</time></trkpt>
        <trkpt lat="45.996531676501036" lon="6.92700837738812"><ele>1416.5999755859375</ele><time>2024-07-08T13:33:52.000Z</time></trkpt>
        <trkpt lat="45.996484234929085" lon="6.927091525867581"><ele>1415.199951171875</ele><time>2024-07-08T13:33:57.000Z</time></trkpt>
        <trkpt lat="45.99647828377783" lon="6.927109379321337"><ele>1415</ele><time>2024-07-08T13:33:58.000Z</time></trkpt>
        <trkpt lat="45.99646721966565" lon="6.92712371237576"><ele>1414.800048828125</ele><time>2024-07-08T13:33:59.000Z</time></trkpt>
        <trkpt lat="45.99642287939787" lon="6.927151791751385"><ele>1414</ele><time>2024-07-08T13:34:03.000Z</time></trkpt>
        <trkpt lat="45.9963833168149" lon="6.927156904712319"><ele>1413.4000244140625</ele><time>2024-07-08T13:34:05.000Z</time></trkpt>
        <trkpt lat="45.99637124687433" lon="6.92715841345489"><ele>1413.199951171875</ele><time>2024-07-08T13:34:06.000Z</time></trkpt>
        <trkpt lat="45.99631265737116" lon="6.927206022664905"><ele>1411.5999755859375</ele><time>2024-07-08T13:34:11.000Z</time></trkpt>
        <trkpt lat="45.99623328074813" lon="6.927237790077925"><ele>1409.800048828125</ele><time>2024-07-08T13:34:19.000Z</time></trkpt>
        <trkpt lat="45.99612548947334" lon="6.9272499438375235"><ele>1408.800048828125</ele><time>2024-07-08T13:34:29.000Z</time></trkpt>
        <trkpt lat="45.996086513623595" lon="6.927253967151046"><ele>1408.4000244140625</ele><time>2024-07-08T13:34:32.000Z</time></trkpt>
        <trkpt lat="45.99606346338987" lon="6.927265366539359"><ele>1408</ele><time>2024-07-08T13:34:35.000Z</time></trkpt>
        <trkpt lat="45.99604384973645" lon="6.92728984169662"><ele>1407.4000244140625</ele><time>2024-07-08T13:34:37.000Z</time></trkpt>
        <trkpt lat="45.99595097824931" lon="6.927386736497283"><ele>1405.4000244140625</ele><time>2024-07-08T13:34:48.000Z</time></trkpt>
        <trkpt lat="45.995945781469345" lon="6.9273968786001205"><ele>1405.4000244140625</ele><time>2024-07-08T13:34:49.000Z</time></trkpt>
        <trkpt lat="45.995892053470016" lon="6.927443649619818"><ele>1404.5999755859375</ele><time>2024-07-08T13:34:54.000Z</time></trkpt>
        <trkpt lat="45.995805049315095" lon="6.927497293800116"><ele>1403.800048828125</ele><time>2024-07-08T13:35:02.000Z</time></trkpt>
        <trkpt lat="45.99571787752211" lon="6.927517158910632"><ele>1403.199951171875</ele><time>2024-07-08T13:35:09.000Z</time></trkpt>
        <trkpt lat="45.995688205584884" lon="6.927535515278578"><ele>1403</ele><time>2024-07-08T13:35:12.000Z</time></trkpt>
        <trkpt lat="45.995584689080715" lon="6.927588656544685"><ele>1402.5999755859375</ele><time>2024-07-08T13:35:21.000Z</time></trkpt>
        <trkpt lat="45.995457116514444" lon="6.927660405635834"><ele>1401.800048828125</ele><time>2024-07-08T13:35:32.000Z</time></trkpt>
        <trkpt lat="45.99544764496386" lon="6.927668116986752"><ele>1401.800048828125</ele><time>2024-07-08T13:35:33.000Z</time></trkpt>
        <trkpt lat="45.99533432163298" lon="6.927723437547684"><ele>1401.5999755859375</ele><time>2024-07-08T13:35:43.000Z</time></trkpt>
        <trkpt lat="45.995180513709784" lon="6.92773207090795"><ele>1402</ele><time>2024-07-08T13:35:54.000Z</time></trkpt>
        <trkpt lat="45.99515821784735" lon="6.927715139463544"><ele>1402.199951171875</ele><time>2024-07-08T13:36:00.000Z</time></trkpt>
        <trkpt lat="45.99514715373516" lon="6.927718408405781"><ele>1402.199951171875</ele><time>2024-07-08T13:36:07.000Z</time></trkpt>
        <trkpt lat="45.99514748901129" lon="6.927717989310622"><ele>1402.199951171875</ele><time>2024-07-08T13:36:14.000Z</time></trkpt>
        <trkpt lat="45.99514556117356" lon="6.92771933041513"><ele>1402.199951171875</ele><time>2024-07-08T13:36:27.000Z</time></trkpt>
        <trkpt lat="45.995144387707114" lon="6.927720503881574"><ele>1402.199951171875</ele><time>2024-07-08T13:36:32.000Z</time></trkpt>
        <trkpt lat="45.99514304660261" lon="6.927720587700605"><ele>1402.199951171875</ele><time>2024-07-08T13:36:44.000Z</time></trkpt>
        <trkpt lat="45.995141034945846" lon="6.927720587700605"><ele>1402.199951171875</ele><time>2024-07-08T13:36:54.000Z</time></trkpt>
        <trkpt lat="45.99514187313616" lon="6.927734753116965"><ele>1402.199951171875</ele><time>2024-07-08T13:37:29.000Z</time></trkpt>
        <trkpt lat="45.99513919092715" lon="6.927720168605447"><ele>1402.199951171875</ele><time>2024-07-08T13:38:14.000Z</time></trkpt>
        <trkpt lat="45.99514061585069" lon="6.927715642377734"><ele>1402.199951171875</ele><time>2024-07-08T13:39:03.000Z</time></trkpt>
        <trkpt lat="45.995083870366216" lon="6.927679684013128"><ele>1402.199951171875</ele><time>2024-07-08T13:39:09.000Z</time></trkpt>
        <trkpt lat="45.995020251721144" lon="6.927652191370726"><ele>1402</ele><time>2024-07-08T13:39:13.000Z</time></trkpt>
        <trkpt lat="45.99499695003033" lon="6.927630063146353"><ele>1402</ele><time>2024-07-08T13:39:15.000Z</time></trkpt>
        <trkpt lat="45.99498932249844" lon="6.927617657929659"><ele>1402</ele><time>2024-07-08T13:39:16.000Z</time></trkpt>
        <trkpt lat="45.99495738744736" lon="6.927590500563383"><ele>1402</ele><time>2024-07-08T13:39:19.000Z</time></trkpt>
        <trkpt lat="45.99488521926105" lon="6.927561331540346"><ele>1401.5999755859375</ele><time>2024-07-08T13:39:25.000Z</time></trkpt>
        <trkpt lat="45.99479762837291" lon="6.927558314055204"><ele>1401</ele><time>2024-07-08T13:39:34.000Z</time></trkpt>
        <trkpt lat="45.99467759951949" lon="6.927552195265889"><ele>1400.5999755859375</ele><time>2024-07-08T13:39:43.000Z</time></trkpt>
        <trkpt lat="45.994629403576255" lon="6.927558314055204"><ele>1400.4000244140625</ele><time>2024-07-08T13:39:47.000Z</time></trkpt>
        <trkpt lat="45.99461758509278" lon="6.9275591522455215"><ele>1400.4000244140625</ele><time>2024-07-08T13:39:48.000Z</time></trkpt>
        <trkpt lat="45.994516080245376" lon="6.927562337368727"><ele>1400.199951171875</ele><time>2024-07-08T13:39:56.000Z</time></trkpt>
        <trkpt lat="45.99440057761967" lon="6.927529061213136"><ele>1400</ele><time>2024-07-08T13:40:06.000Z</time></trkpt>
        <trkpt lat="45.99435196258128" lon="6.927524786442518"><ele>1399.800048828125</ele><time>2024-07-08T13:40:10.000Z</time></trkpt>
        <trkpt lat="45.99429882131517" lon="6.927512884140015"><ele>1399.800048828125</ele><time>2024-07-08T13:40:14.000Z</time></trkpt>
        <trkpt lat="45.99421734921634" lon="6.927486564964056"><ele>1400</ele><time>2024-07-08T13:40:21.000Z</time></trkpt>
        <trkpt lat="45.9941765293479" lon="6.927453791722655"><ele>1400.199951171875</ele><time>2024-07-08T13:40:25.000Z</time></trkpt>
        <trkpt lat="45.99414576776326" lon="6.927428562194109"><ele>1400.4000244140625</ele><time>2024-07-08T13:40:28.000Z</time></trkpt>
        <trkpt lat="45.994017189368606" lon="6.927334433421493"><ele>1401</ele><time>2024-07-08T13:40:39.000Z</time></trkpt>
        <trkpt lat="45.993993636220694" lon="6.927319010719657"><ele>1401.199951171875</ele><time>2024-07-08T13:40:41.000Z</time></trkpt>
        <trkpt lat="45.9939727652818" lon="6.92730350419879"><ele>1401.199951171875</ele><time>2024-07-08T13:40:43.000Z</time></trkpt>
        <trkpt lat="45.993929179385304" lon="6.927265617996454"><ele>1401.5999755859375</ele><time>2024-07-08T13:40:48.000Z</time></trkpt>
        <trkpt lat="45.9939191211015" lon="6.927258409559727"><ele>1401.800048828125</ele><time>2024-07-08T13:40:49.000Z</time></trkpt>
        <trkpt lat="45.993887186050415" lon="6.92724340595305"><ele>1401.800048828125</ele><time>2024-07-08T13:40:52.000Z</time></trkpt>
        <trkpt lat="45.99378190934658" lon="6.92722144536674"><ele>1401.4000244140625</ele><time>2024-07-08T13:41:01.000Z</time></trkpt>
        <trkpt lat="45.993733797222376" lon="6.9272081181406975"><ele>1401.199951171875</ele><time>2024-07-08T13:41:05.000Z</time></trkpt>
        <trkpt lat="45.99367470480502" lon="6.927205603569746"><ele>1400.5999755859375</ele><time>2024-07-08T13:41:09.000Z</time></trkpt>
        <trkpt lat="45.993625251576304" lon="6.927194707095623"><ele>1400.4000244140625</ele><time>2024-07-08T13:41:13.000Z</time></trkpt>
        <trkpt lat="45.99352726712823" lon="6.927190013229847"><ele>1399.5999755859375</ele><time>2024-07-08T13:41:21.000Z</time></trkpt>
        <trkpt lat="45.993502121418715" lon="6.927201161161065"><ele>1399.199951171875</ele><time>2024-07-08T13:41:23.000Z</time></trkpt>
        <trkpt lat="45.99340179003775" lon="6.9272293243557215"><ele>1397.800048828125</ele><time>2024-07-08T13:41:31.000Z</time></trkpt>
        <trkpt lat="45.99336105398834" lon="6.927227731794119"><ele>1397.4000244140625</ele><time>2024-07-08T13:41:34.000Z</time></trkpt>
        <trkpt lat="45.993310175836086" lon="6.9272219482809305"><ele>1397.199951171875</ele><time>2024-07-08T13:41:38.000Z</time></trkpt>
        <trkpt lat="45.993286119773984" lon="6.927223037928343"><ele>1397</ele><time>2024-07-08T13:41:40.000Z</time></trkpt>
        <trkpt lat="45.993167934939265" lon="6.92719747312367"><ele>1396</ele><time>2024-07-08T13:41:49.000Z</time></trkpt>
        <trkpt lat="45.993096604943275" lon="6.927176434546709"><ele>1394.800048828125</ele><time>2024-07-08T13:41:55.000Z</time></trkpt>
        <trkpt lat="45.993056455627084" lon="6.927177524194121"><ele>1393.800048828125</ele><time>2024-07-08T13:41:58.000Z</time></trkpt>
        <trkpt lat="45.992948999628425" lon="6.9272172544151545"><ele>1390.5999755859375</ele><time>2024-07-08T13:42:07.000Z</time></trkpt>
        <trkpt lat="45.99283802323043" lon="6.927214153110981"><ele>1388.800048828125</ele><time>2024-07-08T13:42:15.000Z</time></trkpt>
        <trkpt lat="45.99282452836633" lon="6.927228653803468"><ele>1388.4000244140625</ele><time>2024-07-08T13:42:17.000Z</time></trkpt>
        <trkpt lat="45.99281824193895" lon="6.927235526964068"><ele>1388.199951171875</ele><time>2024-07-08T13:42:18.000Z</time></trkpt>
        <trkpt lat="45.992792593315244" lon="6.927268635481596"><ele>1386.5999755859375</ele><time>2024-07-08T13:42:21.000Z</time></trkpt>
        <trkpt lat="45.992750180885196" lon="6.927296295762062"><ele>1384.5999755859375</ele><time>2024-07-08T13:42:25.000Z</time></trkpt>
        <trkpt lat="45.9927464928478" lon="6.92732353694737"><ele>1383.5999755859375</ele><time>2024-07-08T13:42:27.000Z</time></trkpt>
        <trkpt lat="45.99268983118236" lon="6.927456641569734"><ele>1380.800048828125</ele><time>2024-07-08T13:42:36.000Z</time></trkpt>
        <trkpt lat="45.99265613593161" lon="6.9275435619056225"><ele>1379.199951171875</ele><time>2024-07-08T13:42:41.000Z</time></trkpt>
        <trkpt lat="45.99263300187886" lon="6.927560828626156"><ele>1378.4000244140625</ele><time>2024-07-08T13:42:43.000Z</time></trkpt>
        <trkpt lat="45.992601150646806" lon="6.927591422572732"><ele>1377.4000244140625</ele><time>2024-07-08T13:42:47.000Z</time></trkpt>
        <trkpt lat="45.99257793277502" lon="6.927629895508289"><ele>1376.800048828125</ele><time>2024-07-08T13:42:50.000Z</time></trkpt>
        <trkpt lat="45.992541052401066" lon="6.92767440341413"><ele>1376.199951171875</ele><time>2024-07-08T13:42:54.000Z</time></trkpt>
        <trkpt lat="45.99251833744347" lon="6.927692424505949"><ele>1375.800048828125</ele><time>2024-07-08T13:42:56.000Z</time></trkpt>
        <trkpt lat="45.992412557825446" lon="6.927772052586079"><ele>1374.800048828125</ele><time>2024-07-08T13:43:05.000Z</time></trkpt>
        <trkpt lat="45.992403756827116" lon="6.927790492773056"><ele>1375</ele><time>2024-07-08T13:43:06.000Z</time></trkpt>
        <trkpt lat="45.99235941655934" lon="6.927861236035824"><ele>1375.4000244140625</ele><time>2024-07-08T13:43:12.000Z</time></trkpt>
        <trkpt lat="45.9922993183136" lon="6.927904738113284"><ele>1374.199951171875</ele><time>2024-07-08T13:43:20.000Z</time></trkpt>
        <trkpt lat="45.99222086369991" lon="6.927987718954682"><ele>1372.5999755859375</ele><time>2024-07-08T13:43:28.000Z</time></trkpt>
        <trkpt lat="45.99222748540342" lon="6.928037758916616"><ele>1373.199951171875</ele><time>2024-07-08T13:43:31.000Z</time></trkpt>
        <trkpt lat="45.992211643606424" lon="6.928052427247167"><ele>1373</ele><time>2024-07-08T13:43:33.000Z</time></trkpt>
        <trkpt lat="45.9921888448298" lon="6.9279959332197905"><ele>1371.5999755859375</ele><time>2024-07-08T13:43:37.000Z</time></trkpt>
        <trkpt lat="45.99219010211527" lon="6.927973721176386"><ele>1371.4000244140625</ele><time>2024-07-08T13:43:38.000Z</time></trkpt>
        <trkpt lat="45.99221776239574" lon="6.9279037322849035"><ele>1371.5999755859375</ele><time>2024-07-08T13:43:44.000Z</time></trkpt>
        <trkpt lat="45.99222128279507" lon="6.927882442250848"><ele>1371.5999755859375</ele><time>2024-07-08T13:43:50.000Z</time></trkpt>
        <trkpt lat="45.99218063056469" lon="6.927903983741999"><ele>1370.4000244140625</ele><time>2024-07-08T13:43:57.000Z</time></trkpt>
        <trkpt lat="45.99215338937938" lon="6.927955700084567"><ele>1370</ele><time>2024-07-08T13:44:04.000Z</time></trkpt>
        <trkpt lat="45.992116341367364" lon="6.928035160526633"><ele>1370.4000244140625</ele><time>2024-07-08T13:44:12.000Z</time></trkpt>
        <trkpt lat="45.992059763520956" lon="6.928081093356013"><ele>1369.5999755859375</ele><time>2024-07-08T13:44:17.000Z</time></trkpt>
        <trkpt lat="45.9920022636652" lon="6.928106155246496"><ele>1367.800048828125</ele><time>2024-07-08T13:44:22.000Z</time></trkpt>
        <trkpt lat="45.99196270108223" lon="6.928121829405427"><ele>1365.5999755859375</ele><time>2024-07-08T13:44:28.000Z</time></trkpt>
        <trkpt lat="45.99191006273031" lon="6.92817815579474"><ele>1362.800048828125</ele><time>2024-07-08T13:44:34.000Z</time></trkpt>
        <trkpt lat="45.99185708910227" lon="6.928220149129629"><ele>1360</ele><time>2024-07-08T13:44:41.000Z</time></trkpt>
        <trkpt lat="45.99182548932731" lon="6.928262477740645"><ele>1359.199951171875</ele><time>2024-07-08T13:44:46.000Z</time></trkpt>
        <trkpt lat="45.99179405719042" lon="6.928332801908255"><ele>1359</ele><time>2024-07-08T13:44:52.000Z</time></trkpt>
        <trkpt lat="45.99174091592431" lon="6.92839415743947"><ele>1357.800048828125</ele><time>2024-07-08T13:44:58.000Z</time></trkpt>
        <trkpt lat="45.99168207496405" lon="6.928429864346981"><ele>1355.5999755859375</ele><time>2024-07-08T13:45:05.000Z</time></trkpt>
        <trkpt lat="45.991606302559376" lon="6.928474539890885"><ele>1352.5999755859375</ele><time>2024-07-08T13:45:12.000Z</time></trkpt>
        <trkpt lat="45.99155911244452" lon="6.928503708913922"><ele>1350.800048828125</ele><time>2024-07-08T13:45:16.000Z</time></trkpt>
        <trkpt lat="45.99152944050729" lon="6.928513515740633"><ele>1349.4000244140625</ele><time>2024-07-08T13:45:18.000Z</time></trkpt>
        <trkpt lat="45.99152063950896" lon="6.928527597337961"><ele>1349</ele><time>2024-07-08T13:45:19.000Z</time></trkpt>
        <trkpt lat="45.991510497406125" lon="6.928548971191049"><ele>1348.5999755859375</ele><time>2024-07-08T13:45:22.000Z</time></trkpt>
        <trkpt lat="45.99143614992499" lon="6.928620468825102"><ele>1345.4000244140625</ele><time>2024-07-08T13:45:29.000Z</time></trkpt>
        <trkpt lat="45.991419553756714" lon="6.928610326722264"><ele>1344.5999755859375</ele><time>2024-07-08T13:45:30.000Z</time></trkpt>
        <trkpt lat="45.99142265506089" lon="6.928558107465506"><ele>1344.5999755859375</ele><time>2024-07-08T13:45:34.000Z</time></trkpt>
        <trkpt lat="45.99142483435571" lon="6.928544780239463"><ele>1344.5999755859375</ele><time>2024-07-08T13:45:35.000Z</time></trkpt>
        <trkpt lat="45.99144998006523" lon="6.928469510748982"><ele>1345.5999755859375</ele><time>2024-07-08T13:45:42.000Z</time></trkpt>
        <trkpt lat="45.99142634309828" lon="6.928485184907913"><ele>1344.4000244140625</ele><time>2024-07-08T13:45:46.000Z</time></trkpt>
        <trkpt lat="45.99139851517975" lon="6.928514186292887"><ele>1343.199951171875</ele><time>2024-07-08T13:45:51.000Z</time></trkpt>
        <trkpt lat="45.991391809657216" lon="6.928520388901234"><ele>1343</ele><time>2024-07-08T13:45:52.000Z</time></trkpt>
        <trkpt lat="45.991321820765734" lon="6.928596077486873"><ele>1340.199951171875</ele><time>2024-07-08T13:46:01.000Z</time></trkpt>
        <trkpt lat="45.99129558540881" lon="6.928610075265169"><ele>1339.199951171875</ele><time>2024-07-08T13:46:03.000Z</time></trkpt>
        <trkpt lat="45.99128535948694" lon="6.928645195439458"><ele>1339</ele><time>2024-07-08T13:46:06.000Z</time></trkpt>
        <trkpt lat="45.99123808555305" lon="6.9287368934601545"><ele>1337.4000244140625</ele><time>2024-07-08T13:46:15.000Z</time></trkpt>
        <trkpt lat="45.99119257181883" lon="6.928788106888533"><ele>1334.5999755859375</ele><time>2024-07-08T13:46:22.000Z</time></trkpt>
        <trkpt lat="45.99116088822484" lon="6.928899502381682"><ele>1332.199951171875</ele><time>2024-07-08T13:46:31.000Z</time></trkpt>
        <trkpt lat="45.991122582927346" lon="6.928866226226091"><ele>1330.199951171875</ele><time>2024-07-08T13:46:38.000Z</time></trkpt>
        <trkpt lat="45.9911369998008" lon="6.92884610965848"><ele>1331.199951171875</ele><time>2024-07-08T13:46:40.000Z</time></trkpt>
        <trkpt lat="45.991133311763406" lon="6.928764218464494"><ele>1331.5999755859375</ele><time>2024-07-08T13:46:45.000Z</time></trkpt>
        <trkpt lat="45.99110866896808" lon="6.928630610927939"><ele>1331.5999755859375</ele><time>2024-07-08T13:46:53.000Z</time></trkpt>
        <trkpt lat="45.991092743352056" lon="6.928583504632115"><ele>1331.199951171875</ele><time>2024-07-08T13:46:56.000Z</time></trkpt>
        <trkpt lat="45.99107497371733" lon="6.928541427478194"><ele>1330.4000244140625</ele><time>2024-07-08T13:46:59.000Z</time></trkpt>
        <trkpt lat="45.991059970110655" lon="6.928531872108579"><ele>1329.800048828125</ele><time>2024-07-08T13:47:02.000Z</time></trkpt>
        <trkpt lat="45.99104655906558" lon="6.928544361144304"><ele>1329.199951171875</ele><time>2024-07-08T13:47:05.000Z</time></trkpt>
        <trkpt lat="45.99100498482585" lon="6.928604627028108"><ele>1326.199951171875</ele><time>2024-07-08T13:47:13.000Z</time></trkpt>
        <trkpt lat="45.99099425598979" lon="6.928633209317923"><ele>1325.4000244140625</ele><time>2024-07-08T13:47:15.000Z</time></trkpt>
        <trkpt lat="45.99095452576876" lon="6.928690038621426"><ele>1323</ele><time>2024-07-08T13:47:20.000Z</time></trkpt>
        <trkpt lat="45.990948574617505" lon="6.928702192381024"><ele>1322.800048828125</ele><time>2024-07-08T13:47:21.000Z</time></trkpt>
        <trkpt lat="45.99088151939213" lon="6.928817359730601"><ele>1320.199951171875</ele><time>2024-07-08T13:47:31.000Z</time></trkpt>
        <trkpt lat="45.99085930734873" lon="6.928870668634772"><ele>1319.4000244140625</ele><time>2024-07-08T13:47:36.000Z</time></trkpt>
        <trkpt lat="45.99085746333003" lon="6.928886426612735"><ele>1319.199951171875</ele><time>2024-07-08T13:47:37.000Z</time></trkpt>
        <trkpt lat="45.99085788242519" lon="6.928913332521915"><ele>1319</ele><time>2024-07-08T13:47:39.000Z</time></trkpt>
        <trkpt lat="45.990843968465924" lon="6.929018273949623"><ele>1317.4000244140625</ele><time>2024-07-08T13:47:48.000Z</time></trkpt>
        <trkpt lat="45.990818655118346" lon="6.92911047488451"><ele>1315.4000244140625</ele><time>2024-07-08T13:47:55.000Z</time></trkpt>
        <trkpt lat="45.99080163985491" lon="6.929177530109882"><ele>1314.199951171875</ele><time>2024-07-08T13:48:00.000Z</time></trkpt>
        <trkpt lat="45.990794682875276" lon="6.929189348593354"><ele>1313.800048828125</ele><time>2024-07-08T13:48:01.000Z</time></trkpt>
        <trkpt lat="45.99079384468496" lon="6.929204855114222"><ele>1313.5999755859375</ele><time>2024-07-08T13:48:02.000Z</time></trkpt>
        <trkpt lat="45.990794096142054" lon="6.929231928661466"><ele>1313.199951171875</ele><time>2024-07-08T13:48:04.000Z</time></trkpt>
        <trkpt lat="45.99078621715307" lon="6.929278280586004"><ele>1312.4000244140625</ele><time>2024-07-08T13:48:08.000Z</time></trkpt>
        <trkpt lat="45.99074791185558" lon="6.929341731593013"><ele>1310.5999755859375</ele><time>2024-07-08T13:48:14.000Z</time></trkpt>
        <trkpt lat="45.990737937390804" lon="6.929333098232746"><ele>1310.4000244140625</ele><time>2024-07-08T13:48:15.000Z</time></trkpt>
        <trkpt lat="45.99073081277311" lon="6.9293206091970205"><ele>1310.199951171875</ele><time>2024-07-08T13:48:16.000Z</time></trkpt>
        <trkpt lat="45.99072561599314" lon="6.929299738258123"><ele>1310.199951171875</ele><time>2024-07-08T13:48:18.000Z</time></trkpt>
        <trkpt lat="45.990712540224195" lon="6.929265707731247"><ele>1310</ele><time>2024-07-08T13:48:21.000Z</time></trkpt>
        <trkpt lat="45.99068990908563" lon="6.929235281422734"><ele>1309.5999755859375</ele><time>2024-07-08T13:48:24.000Z</time></trkpt>
        <trkpt lat="45.99063232541084" lon="6.929210890084505"><ele>1308.5999755859375</ele><time>2024-07-08T13:48:30.000Z</time></trkpt>
        <trkpt lat="45.99059033207595" lon="6.929211895912886"><ele>1307.800048828125</ele><time>2024-07-08T13:48:34.000Z</time></trkpt>
        <trkpt lat="45.99057164043188" lon="6.929223798215389"><ele>1307.4000244140625</ele><time>2024-07-08T13:48:36.000Z</time></trkpt>
        <trkpt lat="45.99054406397045" lon="6.929239723831415"><ele>1307</ele><time>2024-07-08T13:48:39.000Z</time></trkpt>
        <trkpt lat="45.99048472009599" lon="6.929239723831415"><ele>1306.199951171875</ele><time>2024-07-08T13:48:44.000Z</time></trkpt>
        <trkpt lat="45.99040693603456" lon="6.929266378283501"><ele>1305</ele><time>2024-07-08T13:48:51.000Z</time></trkpt>
        <trkpt lat="45.990324122831225" lon="6.929282890632749"><ele>1304.800048828125</ele><time>2024-07-08T13:48:58.000Z</time></trkpt>
        <trkpt lat="45.990236112847924" lon="6.9292787835001945"><ele>1304.4000244140625</ele><time>2024-07-08T13:49:05.000Z</time></trkpt>
        <trkpt lat="45.99014391191304" lon="6.929260930046439"><ele>1304.199951171875</ele><time>2024-07-08T13:49:13.000Z</time></trkpt>
        <trkpt lat="45.99006193690002" lon="6.929165543988347"><ele>1305.800048828125</ele><time>2024-07-08T13:49:21.000Z</time></trkpt>
        <trkpt lat="45.98999412730336" lon="6.929099410772324"><ele>1307</ele><time>2024-07-08T13:49:28.000Z</time></trkpt>
        <trkpt lat="45.989960599690676" lon="6.92908407188952"><ele>1307.4000244140625</ele><time>2024-07-08T13:49:31.000Z</time></trkpt>
        <trkpt lat="45.98994165658951" lon="6.929080719128251"><ele>1307.5999755859375</ele><time>2024-07-08T13:49:33.000Z</time></trkpt>
        <trkpt lat="45.98989672958851" lon="6.929068565368652"><ele>1308.199951171875</ele><time>2024-07-08T13:49:37.000Z</time></trkpt>
        <trkpt lat="45.98980360664427" lon="6.9290384743362665"><ele>1308.800048828125</ele><time>2024-07-08T13:49:46.000Z</time></trkpt>
        <trkpt lat="45.989742670208216" lon="6.9290402345359325"><ele>1308.800048828125</ele><time>2024-07-08T13:49:50.000Z</time></trkpt>
        <trkpt lat="45.98973252810538" lon="6.929042581468821"><ele>1308.800048828125</ele><time>2024-07-08T13:49:52.000Z</time></trkpt>
        <trkpt lat="45.98963974043727" lon="6.928975693881512"><ele>1309.800048828125</ele><time>2024-07-08T13:49:59.000Z</time></trkpt>
        <trkpt lat="45.98951619118452" lon="6.928968150168657"><ele>1309.199951171875</ele><time>2024-07-08T13:50:08.000Z</time></trkpt>
        <trkpt lat="45.9894500579685" lon="6.928957337513566"><ele>1308.199951171875</ele><time>2024-07-08T13:50:13.000Z</time></trkpt>
        <trkpt lat="45.98943488672376" lon="6.928950464352965"><ele>1308.199951171875</ele><time>2024-07-08T13:50:15.000Z</time></trkpt>
        <trkpt lat="45.989424576982856" lon="6.9289415795356035"><ele>1308.4000244140625</ele><time>2024-07-08T13:50:16.000Z</time></trkpt>
        <trkpt lat="45.989387864246964" lon="6.928940070793033"><ele>1307.800048828125</ele><time>2024-07-08T13:50:19.000Z</time></trkpt>
        <trkpt lat="45.9893567673862" lon="6.928925821557641"><ele>1307.5999755859375</ele><time>2024-07-08T13:50:22.000Z</time></trkpt>
        <trkpt lat="45.98933388479054" lon="6.928924899548292"><ele>1307.199951171875</ele><time>2024-07-08T13:50:24.000Z</time></trkpt>
        <trkpt lat="45.98925115540624" lon="6.928963037207723"><ele>1304.4000244140625</ele><time>2024-07-08T13:50:30.000Z</time></trkpt>
        <trkpt lat="45.989194829016924" lon="6.928964797407389"><ele>1303.800048828125</ele><time>2024-07-08T13:50:34.000Z</time></trkpt>
        <trkpt lat="45.989149399101734" lon="6.928972424939275"><ele>1303.199951171875</ele><time>2024-07-08T13:50:38.000Z</time></trkpt>
        <trkpt lat="45.98906599916518" lon="6.928970832377672"><ele>1302.199951171875</ele><time>2024-07-08T13:50:45.000Z</time></trkpt>
        <trkpt lat="45.98904429003596" lon="6.928986003622413"><ele>1301.5999755859375</ele><time>2024-07-08T13:50:47.000Z</time></trkpt>
        <trkpt lat="45.98903255537152" lon="6.9290252309292555"><ele>1301.199951171875</ele><time>2024-07-08T13:50:49.000Z</time></trkpt>
        <trkpt lat="45.98903582431376" lon="6.929036881774664"><ele>1301.4000244140625</ele><time>2024-07-08T13:50:51.000Z</time></trkpt>
        <trkpt lat="45.98911042325199" lon="6.929032607004046"><ele>1302.199951171875</ele><time>2024-07-08T13:50:57.000Z</time></trkpt>
        <trkpt lat="45.989120146259665" lon="6.929040988907218"><ele>1302.199951171875</ele><time>2024-07-08T13:50:58.000Z</time></trkpt>
        <trkpt lat="45.98919273354113" lon="6.92907040938735"><ele>1303.199951171875</ele><time>2024-07-08T13:51:05.000Z</time></trkpt>
        <trkpt lat="45.989189967513084" lon="6.929085245355964"><ele>1303.4000244140625</ele><time>2024-07-08T13:51:06.000Z</time></trkpt>
        <trkpt lat="45.989178819581866" lon="6.92912170663476"><ele>1303.4000244140625</ele><time>2024-07-08T13:51:09.000Z</time></trkpt>
        <trkpt lat="45.98914780654013" lon="6.929182223975658"><ele>1303.5999755859375</ele><time>2024-07-08T13:51:13.000Z</time></trkpt>
        <trkpt lat="45.989068849012256" lon="6.929198568686843"><ele>1302.800048828125</ele><time>2024-07-08T13:51:21.000Z</time></trkpt>
        <trkpt lat="45.98897622898221" lon="6.9292301684618"><ele>1302</ele><time>2024-07-08T13:51:29.000Z</time></trkpt>
        <trkpt lat="45.98888008855283" lon="6.929216422140598"><ele>1301</ele><time>2024-07-08T13:51:38.000Z</time></trkpt>
        <trkpt lat="45.98874966613948" lon="6.929278029128909"><ele>1300</ele><time>2024-07-08T13:51:48.000Z</time></trkpt>
        <trkpt lat="45.98872954957187" lon="6.929273335263133"><ele>1299.800048828125</ele><time>2024-07-08T13:51:50.000Z</time></trkpt>
        <trkpt lat="45.988678839057684" lon="6.929267048835754"><ele>1299</ele><time>2024-07-08T13:51:54.000Z</time></trkpt>
        <trkpt lat="45.98856677301228" lon="6.9292819686234"><ele>1296.800048828125</ele><time>2024-07-08T13:52:02.000Z</time></trkpt>
        <trkpt lat="45.98855009302497" lon="6.929280962795019"><ele>1296.4000244140625</ele><time>2024-07-08T13:52:03.000Z</time></trkpt>
        <trkpt lat="45.98850726149976" lon="6.929236371070147"><ele>1296</ele><time>2024-07-08T13:52:06.000Z</time></trkpt>
        <trkpt lat="45.988492760807276" lon="6.929229414090514"><ele>1295.800048828125</ele><time>2024-07-08T13:52:07.000Z</time></trkpt>
        <trkpt lat="45.98845579661429" lon="6.929241064935923"><ele>1295.199951171875</ele><time>2024-07-08T13:52:10.000Z</time></trkpt>
        <trkpt lat="45.9883239492774" lon="6.929272161796689"><ele>1293.5999755859375</ele><time>2024-07-08T13:52:21.000Z</time></trkpt>
        <trkpt lat="45.98821942694485" lon="6.929300241172314"><ele>1292.5999755859375</ele><time>2024-07-08T13:52:31.000Z</time></trkpt>
        <trkpt lat="45.988207859918475" lon="6.92930250428617"><ele>1292.5999755859375</ele><time>2024-07-08T13:52:32.000Z</time></trkpt>
        <trkpt lat="45.98809629678726" lon="6.929367212578654"><ele>1291.800048828125</ele><time>2024-07-08T13:52:42.000Z</time></trkpt>
        <trkpt lat="45.9880855679512" lon="6.929378276690841"><ele>1291.800048828125</ele><time>2024-07-08T13:52:43.000Z</time></trkpt>
        <trkpt lat="45.98797492682934" lon="6.929455138742924"><ele>1291.4000244140625</ele><time>2024-07-08T13:52:51.000Z</time></trkpt>
        <trkpt lat="45.98796335980296" lon="6.9294770155102015"><ele>1291.5999755859375</ele><time>2024-07-08T13:52:52.000Z</time></trkpt>
        <trkpt lat="45.987882893532515" lon="6.929524205625057"><ele>1291.4000244140625</ele><time>2024-07-08T13:52:57.000Z</time></trkpt>
        <trkpt lat="45.98782028071582" lon="6.929500233381987"><ele>1290.800048828125</ele><time>2024-07-08T13:53:03.000Z</time></trkpt>
        <trkpt lat="45.98777468316257" lon="6.929488917812705"><ele>1290.199951171875</ele><time>2024-07-08T13:53:06.000Z</time></trkpt>
        <trkpt lat="45.98771751858294" lon="6.929499730467796"><ele>1289.5999755859375</ele><time>2024-07-08T13:53:12.000Z</time></trkpt>
        <trkpt lat="45.9876228030771" lon="6.929546082392335"><ele>1288.5999755859375</ele><time>2024-07-08T13:53:20.000Z</time></trkpt>
        <trkpt lat="45.98759086802602" lon="6.929557817056775"><ele>1288.199951171875</ele><time>2024-07-08T13:53:23.000Z</time></trkpt>
        <trkpt lat="45.98753856495023" lon="6.929558990523219"><ele>1287.199951171875</ele><time>2024-07-08T13:53:27.000Z</time></trkpt>
        <trkpt lat="45.98744770511985" lon="6.929590422660112"><ele>1285.800048828125</ele><time>2024-07-08T13:53:35.000Z</time></trkpt>
        <trkpt lat="45.98736899904907" lon="6.929627051576972"><ele>1284.199951171875</ele><time>2024-07-08T13:53:43.000Z</time></trkpt>
        <trkpt lat="45.9872897900641" lon="6.929683713242412"><ele>1282.5999755859375</ele><time>2024-07-08T13:53:51.000Z</time></trkpt>
        <trkpt lat="45.98725810647011" lon="6.929696369916201"><ele>1281.800048828125</ele><time>2024-07-08T13:53:53.000Z</time></trkpt>
        <trkpt lat="45.98722826689482" lon="6.929713049903512"><ele>1281.199951171875</ele><time>2024-07-08T13:53:55.000Z</time></trkpt>
        <trkpt lat="45.98718300461769" lon="6.929732244461775"><ele>1280.4000244140625</ele><time>2024-07-08T13:53:59.000Z</time></trkpt>
        <trkpt lat="45.98714713007212" lon="6.929741380736232"><ele>1279.800048828125</ele><time>2024-07-08T13:54:02.000Z</time></trkpt>
        <trkpt lat="45.98704118281603" lon="6.929784044623375"><ele>1278.199951171875</ele><time>2024-07-08T13:54:10.000Z</time></trkpt>
        <trkpt lat="45.98693339154124" lon="6.929793348535895"><ele>1276.4000244140625</ele><time>2024-07-08T13:54:19.000Z</time></trkpt>
        <trkpt lat="45.98680766299367" lon="6.929769208654761"><ele>1274.199951171875</ele><time>2024-07-08T13:54:29.000Z</time></trkpt>
        <trkpt lat="45.986686209216714" lon="6.929750684648752"><ele>1273.199951171875</ele><time>2024-07-08T13:54:39.000Z</time></trkpt>
        <trkpt lat="45.986628541722894" lon="6.92975009791553"><ele>1272.800048828125</ele><time>2024-07-08T13:54:44.000Z</time></trkpt>
        <trkpt lat="45.986578753218055" lon="6.929740542545915"><ele>1272.4000244140625</ele><time>2024-07-08T13:54:48.000Z</time></trkpt>
        <trkpt lat="45.98656810820103" lon="6.929741045460105"><ele>1272.4000244140625</ele><time>2024-07-08T13:54:49.000Z</time></trkpt>
        <trkpt lat="45.986556792631745" lon="6.929741716012359"><ele>1272.199951171875</ele><time>2024-07-08T13:54:50.000Z</time></trkpt>
        <trkpt lat="45.986473225057125" lon="6.929736267775297"><ele>1272</ele><time>2024-07-08T13:54:57.000Z</time></trkpt>
        <trkpt lat="45.986418994143605" lon="6.929731657728553"><ele>1272</ele><time>2024-07-08T13:55:01.000Z</time></trkpt>
        <trkpt lat="45.98631547763944" lon="6.929713049903512"><ele>1272.199951171875</ele><time>2024-07-08T13:55:10.000Z</time></trkpt>
        <trkpt lat="45.986185390502214" lon="6.929693017154932"><ele>1272.4000244140625</ele><time>2024-07-08T13:55:21.000Z</time></trkpt>
        <trkpt lat="45.986035354435444" lon="6.929656555876136"><ele>1272.4000244140625</ele><time>2024-07-08T13:55:34.000Z</time></trkpt>
        <trkpt lat="45.98589453846216" lon="6.929580448195338"><ele>1272.4000244140625</ele><time>2024-07-08T13:55:46.000Z</time></trkpt>
        <trkpt lat="45.98575632087886" lon="6.929582543671131"><ele>1272.800048828125</ele><time>2024-07-08T13:55:57.000Z</time></trkpt>
        <trkpt lat="45.9857318457216" lon="6.9295865669846535"><ele>1273</ele><time>2024-07-08T13:55:59.000Z</time></trkpt>
        <trkpt lat="45.985692366957664" lon="6.929590590298176"><ele>1273.199951171875</ele><time>2024-07-08T13:56:02.000Z</time></trkpt>
        <trkpt lat="45.985607793554664" lon="6.92959813401103"><ele>1273.199951171875</ele><time>2024-07-08T13:56:08.000Z</time></trkpt>
        <trkpt lat="45.98551282659173" lon="6.929589249193668"><ele>1273.199951171875</ele><time>2024-07-08T13:56:16.000Z</time></trkpt>
        <trkpt lat="45.98546639084816" lon="6.929561588913202"><ele>1273</ele><time>2024-07-08T13:56:20.000Z</time></trkpt>
        <trkpt lat="45.98545557819307" lon="6.929556643590331"><ele>1273</ele><time>2024-07-08T13:56:21.000Z</time></trkpt>
        <trkpt lat="45.98541911691427" lon="6.929531833156943"><ele>1272.800048828125</ele><time>2024-07-08T13:56:24.000Z</time></trkpt>
        <trkpt lat="45.98538567312062" lon="6.929508615285158"><ele>1272.4000244140625</ele><time>2024-07-08T13:56:27.000Z</time></trkpt>
        <trkpt lat="45.98527872003615" lon="6.929421024397016"><ele>1271</ele><time>2024-07-08T13:56:37.000Z</time></trkpt>
        <trkpt lat="45.98518945276737" lon="6.929351035505533"><ele>1269.800048828125</ele><time>2024-07-08T13:56:45.000Z</time></trkpt>
        <trkpt lat="45.98517897538841" lon="6.929341563954949"><ele>1269.5999755859375</ele><time>2024-07-08T13:56:46.000Z</time></trkpt>
        <trkpt lat="45.98509800620377" lon="6.929295044392347"><ele>1268.800048828125</ele><time>2024-07-08T13:56:53.000Z</time></trkpt>
        <trkpt lat="45.98505701869726" lon="6.929252548143268"><ele>1268.4000244140625</ele><time>2024-07-08T13:56:57.000Z</time></trkpt>
        <trkpt lat="45.98503011278808" lon="6.929202592000365"><ele>1268</ele><time>2024-07-08T13:57:01.000Z</time></trkpt>
        <trkpt lat="45.98494470119476" lon="6.9290906097739935"><ele>1267</ele><time>2024-07-08T13:57:11.000Z</time></trkpt>
        <trkpt lat="45.984810842201114" lon="6.9290523044765"><ele>1266.199951171875</ele><time>2024-07-08T13:57:23.000Z</time></trkpt>
        <trkpt lat="45.98475409671664" lon="6.929064206779003"><ele>1266.199951171875</ele><time>2024-07-08T13:57:27.000Z</time></trkpt>
        <trkpt lat="45.9847198985517" lon="6.929077114909887"><ele>1266.199951171875</ele><time>2024-07-08T13:57:30.000Z</time></trkpt>
        <trkpt lat="45.984685365110636" lon="6.929081305861473"><ele>1266.199951171875</ele><time>2024-07-08T13:57:33.000Z</time></trkpt>
        <trkpt lat="45.98459215834737" lon="6.929073007777333"><ele>1265.800048828125</ele><time>2024-07-08T13:57:41.000Z</time></trkpt>
        <trkpt lat="45.984518649056554" lon="6.929063955321908"><ele>1265.199951171875</ele><time>2024-07-08T13:57:48.000Z</time></trkpt>
        <trkpt lat="45.98451219499111" lon="6.929071079939604"><ele>1265</ele><time>2024-07-08T13:57:49.000Z</time></trkpt>
        <trkpt lat="45.984507501125336" lon="6.929085329174995"><ele>1265</ele><time>2024-07-08T13:57:50.000Z</time></trkpt>
        <trkpt lat="45.98447212949395" lon="6.929124305024743"><ele>1264.4000244140625</ele><time>2024-07-08T13:57:53.000Z</time></trkpt>
        <trkpt lat="45.984390741214156" lon="6.929230419918895"><ele>1263.5999755859375</ele><time>2024-07-08T13:58:01.000Z</time></trkpt>
        <trkpt lat="45.98428789526224" lon="6.929275598376989"><ele>1263</ele><time>2024-07-08T13:58:09.000Z</time></trkpt>
        <trkpt lat="45.984226958826184" lon="6.929187253117561"><ele>1262.4000244140625</ele><time>2024-07-08T13:58:16.000Z</time></trkpt>
        <trkpt lat="45.984177086502314" lon="6.929021375253797"><ele>1262.199951171875</ele><time>2024-07-08T13:58:26.000Z</time></trkpt>
        <trkpt lat="45.98416275344789" lon="6.928967731073499"><ele>1261.800048828125</ele><time>2024-07-08T13:58:29.000Z</time></trkpt>
        <trkpt lat="45.98415923304856" lon="6.928858263418078"><ele>1261</ele><time>2024-07-08T13:58:35.000Z</time></trkpt>
        <trkpt lat="45.98417641595006" lon="6.928699174895883"><ele>1260.5999755859375</ele><time>2024-07-08T13:58:44.000Z</time></trkpt>
        <trkpt lat="45.98417918197811" lon="6.928672939538956"><ele>1260.4000244140625</ele><time>2024-07-08T13:58:46.000Z</time></trkpt>
        <trkpt lat="45.984181612730026" lon="6.928626084700227"><ele>1260.4000244140625</ele><time>2024-07-08T13:58:49.000Z</time></trkpt>
        <trkpt lat="45.98416116088629" lon="6.928403042256832"><ele>1258.4000244140625</ele><time>2024-07-08T13:59:02.000Z</time></trkpt>
        <trkpt lat="45.98415789194405" lon="6.928263232111931"><ele>1257</ele><time>2024-07-08T13:59:10.000Z</time></trkpt>
        <trkpt lat="45.98415428772569" lon="6.928243199363351"><ele>1257</ele><time>2024-07-08T13:59:11.000Z</time></trkpt>
        <trkpt lat="45.98414179868996" lon="6.928025688976049"><ele>1255.199951171875</ele><time>2024-07-08T13:59:25.000Z</time></trkpt>
        <trkpt lat="45.98414816893637" lon="6.927919154986739"><ele>1254.5999755859375</ele><time>2024-07-08T13:59:31.000Z</time></trkpt>
        <trkpt lat="45.98414967767894" lon="6.927864169701934"><ele>1254.4000244140625</ele><time>2024-07-08T13:59:34.000Z</time></trkpt>
        <trkpt lat="45.98414456471801" lon="6.927807591855526"><ele>1254.5999755859375</ele><time>2024-07-08T13:59:38.000Z</time></trkpt>
        <trkpt lat="45.98413333296776" lon="6.927789822220802"><ele>1254.5999755859375</ele><time>2024-07-08T13:59:40.000Z</time></trkpt>
        <trkpt lat="45.98412084393203" lon="6.9277832843363285"><ele>1254.4000244140625</ele><time>2024-07-08T13:59:42.000Z</time></trkpt>
        <trkpt lat="45.98402503877878" lon="6.927823852747679"><ele>1253.199951171875</ele><time>2024-07-08T13:59:51.000Z</time></trkpt>
        <trkpt lat="45.983917750418186" lon="6.927837934345007"><ele>1252.4000244140625</ele><time>2024-07-08T14:00:01.000Z</time></trkpt>
        <trkpt lat="45.983845833688974" lon="6.9278498366475105"><ele>1251.800048828125</ele><time>2024-07-08T14:00:07.000Z</time></trkpt>
        <trkpt lat="45.98381616175175" lon="6.927864588797092"><ele>1251.5999755859375</ele><time>2024-07-08T14:00:10.000Z</time></trkpt>
        <trkpt lat="45.98368674516678" lon="6.927930051460862"><ele>1250.4000244140625</ele><time>2024-07-08T14:00:20.000Z</time></trkpt>
        <trkpt lat="45.98357358947396" lon="6.927949832752347"><ele>1249.5999755859375</ele><time>2024-07-08T14:00:29.000Z</time></trkpt>
        <trkpt lat="45.983561519533396" lon="6.927958969026804"><ele>1249.4000244140625</ele><time>2024-07-08T14:00:30.000Z</time></trkpt>
        <trkpt lat="45.983507623896" lon="6.9280091766268015"><ele>1249.199951171875</ele><time>2024-07-08T14:00:35.000Z</time></trkpt>
        <trkpt lat="45.983421793207526" lon="6.928064581006765"><ele>1249</ele><time>2024-07-08T14:00:42.000Z</time></trkpt>
        <trkpt lat="45.9833868406713" lon="6.928083188831806"><ele>1249</ele><time>2024-07-08T14:00:45.000Z</time></trkpt>
        <trkpt lat="45.983363119885325" lon="6.928097270429134"><ele>1249</ele><time>2024-07-08T14:00:47.000Z</time></trkpt>
        <trkpt lat="45.983248287811875" lon="6.928142448887229"><ele>1248.4000244140625</ele><time>2024-07-08T14:00:57.000Z</time></trkpt>
        <trkpt lat="45.98316069692373" lon="6.928173126652837"><ele>1248</ele><time>2024-07-08T14:01:04.000Z</time></trkpt>
        <trkpt lat="45.98313119262457" lon="6.928182262927294"><ele>1247.800048828125</ele><time>2024-07-08T14:01:07.000Z</time></trkpt>
        <trkpt lat="45.98310596309602" lon="6.928189136087894"><ele>1247.5999755859375</ele><time>2024-07-08T14:01:09.000Z</time></trkpt>
        <trkpt lat="45.9830173663795" lon="6.928240852430463"><ele>1247.4000244140625</ele><time>2024-07-08T14:01:17.000Z</time></trkpt>
        <trkpt lat="45.98294645547867" lon="6.9282877910882235"><ele>1247.4000244140625</ele><time>2024-07-08T14:01:23.000Z</time></trkpt>
        <trkpt lat="45.98287235945463" lon="6.928322911262512"><ele>1247.4000244140625</ele><time>2024-07-08T14:01:29.000Z</time></trkpt>
        <trkpt lat="45.9828479681164" lon="6.928327353671193"><ele>1247.4000244140625</ele><time>2024-07-08T14:01:31.000Z</time></trkpt>
        <trkpt lat="45.982790384441614" lon="6.928361551836133"><ele>1247.199951171875</ele><time>2024-07-08T14:01:36.000Z</time></trkpt>
        <trkpt lat="45.982778146862984" lon="6.928369095548987"><ele>1247.199951171875</ele><time>2024-07-08T14:01:37.000Z</time></trkpt>
        <trkpt lat="45.982769932597876" lon="6.928374543786049"><ele>1247.199951171875</ele><time>2024-07-08T14:01:38.000Z</time></trkpt>
        <trkpt lat="45.98265736363828" lon="6.928441934287548"><ele>1247</ele><time>2024-07-08T14:01:48.000Z</time></trkpt>
        <trkpt lat="45.982554936781526" lon="6.92850605584681"><ele>1247</ele><time>2024-07-08T14:01:57.000Z</time></trkpt>
        <trkpt lat="45.982449324801564" lon="6.92846255376935"><ele>1246.4000244140625</ele><time>2024-07-08T14:02:06.000Z</time></trkpt>
        <trkpt lat="45.98242920823395" lon="6.928351325914264"><ele>1245.800048828125</ele><time>2024-07-08T14:02:12.000Z</time></trkpt>
        <trkpt lat="45.98242568783462" lon="6.9283331371843815"><ele>1245.800048828125</ele><time>2024-07-08T14:02:13.000Z</time></trkpt>
        <trkpt lat="45.982383443042636" lon="6.928097186610103"><ele>1245</ele><time>2024-07-08T14:02:26.000Z</time></trkpt>
        <trkpt lat="45.98234547302127" lon="6.927943713963032"><ele>1245</ele><time>2024-07-08T14:02:35.000Z</time></trkpt>
        <trkpt lat="45.98234505392611" lon="6.927928039804101"><ele>1245</ele><time>2024-07-08T14:02:36.000Z</time></trkpt>
        <trkpt lat="45.982327703386545" lon="6.927844136953354"><ele>1245</ele><time>2024-07-08T14:02:41.000Z</time></trkpt>
        <trkpt lat="45.982309682294726" lon="6.927757803350687"><ele>1245</ele><time>2024-07-08T14:02:46.000Z</time></trkpt>
        <trkpt lat="45.98230758681893" lon="6.927741123363376"><ele>1245</ele><time>2024-07-08T14:02:47.000Z</time></trkpt>
        <trkpt lat="45.98229191266" lon="6.927669122815132"><ele>1245</ele><time>2024-07-08T14:02:51.000Z</time></trkpt>
        <trkpt lat="45.98224430344999" lon="6.927468040958047"><ele>1245.5999755859375</ele><time>2024-07-08T14:03:04.000Z</time></trkpt>
        <trkpt lat="45.982229467481375" lon="6.927237790077925"><ele>1246.800048828125</ele><time>2024-07-08T14:03:18.000Z</time></trkpt>
        <trkpt lat="45.982250422239304" lon="6.92707828246057"><ele>1247.4000244140625</ele><time>2024-07-08T14:03:29.000Z</time></trkpt>
        <trkpt lat="45.982276909053326" lon="6.926874183118343"><ele>1246.5999755859375</ele><time>2024-07-08T14:03:42.000Z</time></trkpt>
        <trkpt lat="45.98228059709072" lon="6.926760608330369"><ele>1246.199951171875</ele><time>2024-07-08T14:03:48.000Z</time></trkpt>
        <trkpt lat="45.982269616797566" lon="6.926695480942726"><ele>1246</ele><time>2024-07-08T14:03:52.000Z</time></trkpt>
        <trkpt lat="45.98226115107536" lon="6.926675112918019"><ele>1246</ele><time>2024-07-08T14:03:54.000Z</time></trkpt>
        <trkpt lat="45.98221614025533" lon="6.926593892276287"><ele>1245.800048828125</ele><time>2024-07-08T14:04:00.000Z</time></trkpt>
        <trkpt lat="45.98217406310141" lon="6.92645232193172"><ele>1245.5999755859375</ele><time>2024-07-08T14:04:09.000Z</time></trkpt>
        <trkpt lat="45.982185043394566" lon="6.926400940865278"><ele>1245.5999755859375</ele><time>2024-07-08T14:04:12.000Z</time></trkpt>
        <trkpt lat="45.98216903395951" lon="6.926268171519041"><ele>1245.800048828125</ele><time>2024-07-08T14:04:21.000Z</time></trkpt>
        <trkpt lat="45.98213751800358" lon="6.926079913973808"><ele>1246</ele><time>2024-07-08T14:04:32.000Z</time></trkpt>
        <trkpt lat="45.98213165067136" lon="6.9260618928819895"><ele>1246</ele><time>2024-07-08T14:04:33.000Z</time></trkpt>
        <trkpt lat="45.98210499621928" lon="6.925990646705031"><ele>1246</ele><time>2024-07-08T14:04:39.000Z</time></trkpt>
        <trkpt lat="45.98204246722162" lon="6.92591923289001"><ele>1245.5999755859375</ele><time>2024-07-08T14:04:47.000Z</time></trkpt>
        <trkpt lat="45.98199913278222" lon="6.925876569002867"><ele>1245.199951171875</ele><time>2024-07-08T14:04:51.000Z</time></trkpt>
        <trkpt lat="45.98195378668606" lon="6.925843795761466"><ele>1244.800048828125</ele><time>2024-07-08T14:04:58.000Z</time></trkpt>
        <trkpt lat="45.98193475976586" lon="6.925827283412218"><ele>1244.5999755859375</ele><time>2024-07-08T14:05:04.000Z</time></trkpt>
        <trkpt lat="45.981930401176214" lon="6.925825020298362"><ele>1244.4000244140625</ele><time>2024-07-08T14:05:11.000Z</time></trkpt>
        <trkpt lat="45.98193014971912" lon="6.925825020298362"><ele>1244.4000244140625</ele><time>2024-07-08T14:05:12.000Z</time></trkpt>
        <trkpt lat="45.98193014971912" lon="6.925825020298362"><ele>1244.4000244140625</ele><time>2024-07-08T14:05:14.000Z</time></trkpt>
    </trkseg>
  </trk>
</gpx>